word,freq_zipf,language,source,n_density,old20
aa,4.01,en,wordfreq,49,1.0
aaa,3.77,en,wordfreq,19,1.0
aac,3.0,en,wordfreq,22,1.0
aap,3.47,en,wordfreq,21,1.0
aaron,4.23,en,wordfreq,3,1.8
ab,4.06,en,wordfreq,46,1.0
aba,3.32,en,wordfreq,25,1.0
ababa,2.96,en,wordfreq,0,1.9
aback,2.99,en,wordfreq,0,1.95
abandon,4.02,en,wordfreq,0,2.7
abandoned,4.4,en,wordfreq,0,3.55
abandoning,3.51,en,wordfreq,0,3.75
abandonment,3.4,en,wordfreq,0,4.55
abandons,2.96,en,wordfreq,0,3.15
abba,3.15,en,wordfreq,2,1.75
abbas,3.41,en,wordfreq,0,1.95
abbey,3.88,en,wordfreq,0,2.25
abbot,3.43,en,wordfreq,0,2.05
abbott,3.78,en,wordfreq,0,2.8
abbreviated,3.19,en,wordfreq,0,4.45
abbreviation,3.14,en,wordfreq,0,4.3
abbreviations,3.04,en,wordfreq,0,4.65
abby,3.56,en,wordfreq,1,1.85
abc,4.24,en,wordfreq,23,1.0
abd,3.14,en,wordfreq,16,1.05
abdel,3.11,en,wordfreq,1,1.9
abdomen,3.56,en,wordfreq,0,3.0
abdominal,3.58,en,wordfreq,0,3.85
abducted,3.56,en,wordfreq,0,2.85
abduction,3.43,en,wordfreq,0,2.7
abdul,3.66,en,wordfreq,1,2.55
abdullah,3.54,en,wordfreq,0,3.9
abe,3.62,en,wordfreq,21,1.0
abel,3.48,en,wordfreq,1,1.7
abercrombie,2.97,en,wordfreq,0,5.85
aberdeen,3.81,en,wordfreq,0,3.7
aberration,2.98,en,wordfreq,0,3.25
abhorrent,2.97,en,wordfreq,0,3.95
abi,3.3,en,wordfreq,19,1.0
abide,3.59,en,wordfreq,2,1.85
abiding,3.45,en,wordfreq,0,2.0
abigail,3.38,en,wordfreq,0,3.55
abilities,4.21,en,wordfreq,0,3.15
ability,4.96,en,wordfreq,1,2.4
abject,3.0,en,wordfreq,1,2.5
able,5.43,en,wordfreq,1,1.6
abnormal,3.71,en,wordfreq,0,3.45
abnormalities,3.31,en,wordfreq,0,5.4
abnormally,3.07,en,wordfreq,0,4.0
aboard,4.14,en,wordfreq,0,2.3
abode,3.13,en,wordfreq,2,1.85
abolish,3.48,en,wordfreq,0,2.85
abolished,3.62,en,wordfreq,0,3.55
abolishing,3.1,en,wordfreq,0,3.65
abolition,3.51,en,wordfreq,0,2.95
abomination,3.13,en,wordfreq,0,3.35
aboriginal,3.78,en,wordfreq,0,4.2
aborigines,2.95,en,wordfreq,0,4.1
abort,3.27,en,wordfreq,1,1.95
aborted,3.18,en,wordfreq,0,2.3
abortion,4.24,en,wordfreq,0,2.65
abortions,3.53,en,wordfreq,0,2.9
abound,3.27,en,wordfreq,1,1.95
about,6.4,en,wordfreq,1,1.9
above,5.2,en,wordfreq,1,1.95
abraham,3.98,en,wordfreq,0,3.25
abrams,3.39,en,wordfreq,0,2.45
abrasive,3.22,en,wordfreq,0,3.4
abreast,2.95,en,wordfreq,0,2.65
abridged,3.01,en,wordfreq,0,2.85
abroad,4.39,en,wordfreq,0,2.65
abrupt,3.38,en,wordfreq,0,2.8
abruptly,3.56,en,wordfreq,0,3.75
abs,3.86,en,wordfreq,29,1.0
absence,4.34,en,wordfreq,0,2.7
absences,3.01,en,wordfreq,0,2.9
absent,3.98,en,wordfreq,1,2.05
absentee,3.17,en,wordfreq,0,3.5
absolute,4.54,en,wordfreq,0,3.45
absolutely,4.98,en,wordfreq,0,4.55
absorb,3.81,en,wordfreq,0,2.75
absorbed,3.92,en,wordfreq,0,2.8
absorbing,3.5,en,wordfreq,0,3.4
absorbs,3.18,en,wordfreq,0,2.85
absorption,3.66,en,wordfreq,0,3.5
abstain,3.07,en,wordfreq,0,2.75
abstinence,3.18,en,wordfreq,0,4.4
abstract,4.14,en,wordfreq,0,2.75
abstraction,3.3,en,wordfreq,0,3.05
abstracts,3.11,en,wordfreq,0,3.2
absurd,3.95,en,wordfreq,0,2.7
absurdity,3.21,en,wordfreq,0,3.8
absurdly,2.95,en,wordfreq,0,3.7
abt,3.24,en,wordfreq,17,1.0
abu,4.01,en,wordfreq,10,1.3
abuja,3.15,en,wordfreq,0,2.6
abundance,3.86,en,wordfreq,0,3.5
abundant,3.77,en,wordfreq,0,3.45
abundantly,3.11,en,wordfreq,0,4.7
abuse,4.66,en,wordfreq,1,1.8
abused,4.0,en,wordfreq,3,1.85
abuser,3.14,en,wordfreq,2,2.25
abusers,3.25,en,wordfreq,0,2.55
abuses,3.69,en,wordfreq,2,1.75
abusing,3.62,en,wordfreq,1,2.3
abusive,3.87,en,wordfreq,0,2.8
abv,2.95,en,wordfreq,10,1.35
abyss,3.4,en,wordfreq,0,2.55
ac,4.25,en,wordfreq,47,1.0
aca,3.48,en,wordfreq,25,1.0
acacia,3.01,en,wordfreq,0,2.8
academia,3.54,en,wordfreq,1,3.4
academic,4.57,en,wordfreq,1,3.3
academically,3.18,en,wordfreq,0,4.65
academics,3.78,en,wordfreq,1,3.5
academies,3.34,en,wordfreq,1,3.6
academy,4.57,en,wordfreq,0,3.1
acc,3.67,en,wordfreq,23,1.0
accelerate,3.66,en,wordfreq,0,3.4
accelerated,3.75,en,wordfreq,1,3.5
accelerates,2.97,en,wordfreq,1,3.85
accelerating,3.46,en,wordfreq,0,4.05
acceleration,3.73,en,wordfreq,0,3.6
accelerator,3.42,en,wordfreq,0,4.15
accent,4.14,en,wordfreq,2,1.85
accents,3.57,en,wordfreq,1,2.35
accept,4.85,en,wordfreq,1,2.45
acceptable,4.27,en,wordfreq,0,3.65
acceptance,4.16,en,wordfreq,0,3.95
accepted,4.67,en,wordfreq,0,2.85
accepting,4.18,en,wordfreq,0,2.95
accepts,3.88,en,wordfreq,1,2.65
access,5.05,en,wordfreq,0,2.15
accessed,3.89,en,wordfreq,0,2.75
accessibility,3.51,en,wordfreq,0,5.15
accessible,4.18,en,wordfreq,0,3.9
accessing,3.48,en,wordfreq,0,2.8
accession,3.4,en,wordfreq,0,2.75
accessories,3.95,en,wordfreq,0,4.5
accessory,3.63,en,wordfreq,0,3.45
accident,4.71,en,wordfreq,0,2.75
accidental,3.82,en,wordfreq,0,3.75
accidentally,4.22,en,wordfreq,0,4.7
accidents,4.16,en,wordfreq,0,3.1
acclaim,3.29,en,wordfreq,0,3.15
acclaimed,3.7,en,wordfreq,0,3.5
accolades,3.17,en,wordfreq,0,3.9
accommodate,4.02,en,wordfreq,0,4.4
accommodated,3.16,en,wordfreq,0,4.5
accommodating,3.25,en,wordfreq,0,4.55
accommodation,4.06,en,wordfreq,0,4.25
accommodations,3.48,en,wordfreq,0,4.75
accompanied,4.25,en,wordfreq,1,3.75
accompanies,3.2,en,wordfreq,1,3.65
accompaniment,3.22,en,wordfreq,0,4.55
accompany,3.81,en,wordfreq,0,3.75
accompanying,3.85,en,wordfreq,0,4.35
accomplice,3.22,en,wordfreq,0,3.75
accomplices,3.03,en,wordfreq,0,3.95
accomplish,4.05,en,wordfreq,0,4.05
accomplished,4.15,en,wordfreq,0,4.2
accomplishing,3.23,en,wordfreq,0,4.55
accomplishment,3.69,en,wordfreq,0,5.05
accomplishments,3.75,en,wordfreq,0,5.45
accord,3.81,en,wordfreq,0,2.45
accordance,4.13,en,wordfreq,0,3.85
accorded,3.02,en,wordfreq,0,2.75
according,5.28,en,wordfreq,0,2.85
accordingly,4.02,en,wordfreq,0,4.6
accordion,3.09,en,wordfreq,0,3.55
accords,3.14,en,wordfreq,0,2.6
account,5.21,en,wordfreq,0,2.65
accountability,3.91,en,wordfreq,0,5.6
accountable,3.9,en,wordfreq,0,4.15
accountancy,3.1,en,wordfreq,0,4.1
accountant,3.76,en,wordfreq,0,3.6
accountants,3.47,en,wordfreq,0,4.05
accounted,3.82,en,wordfreq,0,2.85
accounting,4.29,en,wordfreq,0,2.85
accounts,4.73,en,wordfreq,0,2.65
accra,3.04,en,wordfreq,0,2.3
accreditation,3.54,en,wordfreq,0,4.8
accredited,3.71,en,wordfreq,0,3.8
accrued,3.14,en,wordfreq,0,2.9
accumulate,3.48,en,wordfreq,0,3.85
accumulated,3.7,en,wordfreq,0,4.05
accumulating,3.23,en,wordfreq,0,4.2
accumulation,3.59,en,wordfreq,0,3.9
accuracy,4.24,en,wordfreq,0,3.75
accurate,4.57,en,wordfreq,0,3.0
accurately,3.99,en,wordfreq,0,4.1
accusation,3.6,en,wordfreq,0,3.15
accusations,3.85,en,wordfreq,0,3.5
accuse,3.71,en,wordfreq,0,2.4
accused,4.46,en,wordfreq,2,2.3
accuser,2.99,en,wordfreq,2,2.65
accuses,3.42,en,wordfreq,2,2.45
accusing,3.74,en,wordfreq,0,2.75
accustomed,3.64,en,wordfreq,0,4.1
ace,4.11,en,wordfreq,21,1.0
acer,3.13,en,wordfreq,2,1.8
aces,3.39,en,wordfreq,7,1.15
acetate,3.15,en,wordfreq,0,3.0
ach,2.95,en,wordfreq,12,1.0
ache,3.43,en,wordfreq,3,1.6
aches,3.28,en,wordfreq,2,1.75
achievable,3.21,en,wordfreq,0,4.0
achieve,4.57,en,wordfreq,0,2.7
achieved,4.49,en,wordfreq,1,2.9
achievement,4.36,en,wordfreq,0,4.55
achievements,4.06,en,wordfreq,0,4.7
achieves,3.33,en,wordfreq,1,2.7
achieving,4.03,en,wordfreq,0,3.25
achilles,3.47,en,wordfreq,0,2.8
aching,3.29,en,wordfreq,1,1.9
acid,4.45,en,wordfreq,3,1.7
acidic,3.34,en,wordfreq,0,2.75
acidity,3.2,en,wordfreq,0,2.7
acids,3.85,en,wordfreq,0,1.9
acknowledge,4.18,en,wordfreq,0,4.8
acknowledged,4.08,en,wordfreq,1,4.95
acknowledgement,3.32,en,wordfreq,0,6.45
acknowledges,3.53,en,wordfreq,1,4.85
acknowledging,3.65,en,wordfreq,0,5.4
acknowledgment,3.11,en,wordfreq,0,5.85
acl,3.37,en,wordfreq,14,1.1
aclu,3.24,en,wordfreq,0,1.95
acm,3.14,en,wordfreq,12,1.25
acne,3.66,en,wordfreq,3,1.8
acorn,3.08,en,wordfreq,2,1.85
acosta,3.04,en,wordfreq,0,2.8
acoustic,3.98,en,wordfreq,0,3.15
acoustics,3.1,en,wordfreq,0,3.7
acquaintance,3.55,en,wordfreq,0,5.4
acquaintances,3.4,en,wordfreq,0,5.65
acquainted,3.51,en,wordfreq,0,3.85
acquire,4.13,en,wordfreq,0,2.55
acquired,4.4,en,wordfreq,1,2.65
acquires,3.29,en,wordfreq,1,2.75
acquiring,3.8,en,wordfreq,0,3.15
acquisition,4.26,en,wordfreq,0,4.1
acquisitions,3.69,en,wordfreq,0,4.45
acquittal,3.04,en,wordfreq,0,4.35
acquitted,3.44,en,wordfreq,0,3.55
acre,3.93,en,wordfreq,2,1.75
acreage,3.05,en,wordfreq,0,2.9
acres,4.17,en,wordfreq,2,1.75
acronym,3.38,en,wordfreq,0,3.4
across,5.25,en,wordfreq,0,2.25
acrylic,3.42,en,wordfreq,0,3.45
acs,3.13,en,wordfreq,26,1.0
act,5.3,en,wordfreq,19,1.0
acted,4.28,en,wordfreq,0,2.0
actin,3.14,en,wordfreq,1,1.85
acting,4.82,en,wordfreq,1,1.9
action,5.25,en,wordfreq,0,1.75
actionable,3.0,en,wordfreq,0,3.8
actions,4.82,en,wordfreq,0,1.85
activate,3.76,en,wordfreq,0,2.6
activated,4.01,en,wordfreq,1,2.65
activates,3.18,en,wordfreq,1,2.9
activating,3.26,en,wordfreq,0,3.35
activation,3.83,en,wordfreq,0,2.85
active,4.93,en,wordfreq,0,2.05
actively,4.23,en,wordfreq,0,3.25
activision,2.95,en,wordfreq,0,3.65
activism,3.67,en,wordfreq,1,3.25
activist,4.13,en,wordfreq,1,3.15
activists,4.13,en,wordfreq,0,3.35
activities,4.91,en,wordfreq,0,3.25
activity,4.86,en,wordfreq,0,2.55
acton,2.97,en,wordfreq,5,1.7
actor,4.65,en,wordfreq,1,1.85
actors,4.4,en,wordfreq,0,1.9
actress,4.45,en,wordfreq,0,2.6
actresses,3.49,en,wordfreq,0,3.2
acts,4.64,en,wordfreq,3,1.6
actual,4.85,en,wordfreq,0,2.65
actuality,3.1,en,wordfreq,0,3.45
actually,5.49,en,wordfreq,0,2.8
acupuncture,3.04,en,wordfreq,0,4.9
acute,4.0,en,wordfreq,0,1.95
acutely,3.13,en,wordfreq,0,2.95
ad,4.76,en,wordfreq,47,1.0
ada,3.71,en,wordfreq,28,1.0
adage,2.95,en,wordfreq,0,2.0
adam,4.57,en,wordfreq,1,1.7
adamant,3.28,en,wordfreq,0,3.0
adams,4.25,en,wordfreq,0,1.9
adapt,3.98,en,wordfreq,2,1.9
adaptable,3.12,en,wordfreq,0,3.55
adaptation,4.01,en,wordfreq,0,3.45
adaptations,3.38,en,wordfreq,0,3.7
adapted,4.17,en,wordfreq,2,2.65
adapter,3.6,en,wordfreq,1,2.75
adapting,3.5,en,wordfreq,1,2.75
adaptive,3.61,en,wordfreq,1,2.75
adc,3.03,en,wordfreq,22,1.0
add,5.09,en,wordfreq,18,1.0
added,5.16,en,wordfreq,1,1.9
addict,3.68,en,wordfreq,0,2.5
addicted,3.82,en,wordfreq,0,2.7
addiction,4.14,en,wordfreq,0,2.6
addictions,3.1,en,wordfreq,0,2.7
addictive,3.61,en,wordfreq,0,2.85
addicts,3.5,en,wordfreq,0,2.7
adding,4.67,en,wordfreq,1,1.9
addis,3.09,en,wordfreq,0,1.95
addison,3.47,en,wordfreq,0,2.65
addition,5.01,en,wordfreq,1,2.25
additional,4.98,en,wordfreq,0,3.35
additionally,4.2,en,wordfreq,0,4.45
additions,3.8,en,wordfreq,1,2.4
additive,3.33,en,wordfreq,0,2.85
additives,3.25,en,wordfreq,0,3.2
address,4.91,en,wordfreq,0,2.55
addressed,4.26,en,wordfreq,1,2.85
addresses,4.13,en,wordfreq,1,3.1
addressing,4.06,en,wordfreq,0,3.3
adds,4.38,en,wordfreq,2,1.75
ade,2.98,en,wordfreq,23,1.0
adelaide,3.99,en,wordfreq,0,3.7
adele,3.45,en,wordfreq,0,2.0
aden,3.1,en,wordfreq,2,1.55
adept,3.33,en,wordfreq,2,1.85
adequate,4.05,en,wordfreq,0,3.4
adequately,3.64,en,wordfreq,0,4.25
adhd,3.49,en,wordfreq,0,1.95
adhere,3.57,en,wordfreq,0,2.3
adhered,3.12,en,wordfreq,0,2.6
adherence,3.34,en,wordfreq,0,3.35
adherents,3.13,en,wordfreq,0,3.6
adhering,3.13,en,wordfreq,0,2.85
adhesion,3.14,en,wordfreq,0,3.2
adhesive,3.37,en,wordfreq,0,3.3
adi,3.04,en,wordfreq,17,1.0
adidas,3.57,en,wordfreq,0,2.5
aditya,2.98,en,wordfreq,0,2.95
adjacent,4.12,en,wordfreq,0,3.55
adjective,3.34,en,wordfreq,0,2.75
adjectives,3.18,en,wordfreq,0,3.45
adjoining,3.5,en,wordfreq,0,3.25
adjourned,3.34,en,wordfreq,0,3.7
adjunct,3.3,en,wordfreq,0,3.3
adjust,4.07,en,wordfreq,0,2.55
adjustable,3.6,en,wordfreq,0,3.9
adjusted,4.11,en,wordfreq,0,2.85
adjusting,3.71,en,wordfreq,0,2.95
adjustment,3.88,en,wordfreq,0,3.75
adjustments,3.82,en,wordfreq,0,4.3
adjusts,3.03,en,wordfreq,0,2.8
adjutant,3.12,en,wordfreq,0,3.55
adler,3.36,en,wordfreq,0,2.0
adm,3.18,en,wordfreq,15,1.05
admin,3.92,en,wordfreq,2,1.8
administer,3.54,en,wordfreq,0,3.45
administered,3.96,en,wordfreq,0,4.5
administering,3.3,en,wordfreq,0,4.65
administers,3.0,en,wordfreq,0,3.7
administration,4.93,en,wordfreq,0,4.65
administrations,3.35,en,wordfreq,0,4.9
administrative,4.45,en,wordfreq,0,5.25
administrator,4.07,en,wordfreq,0,4.9
administrators,3.85,en,wordfreq,0,5.15
admins,3.04,en,wordfreq,1,2.15
admirable,3.48,en,wordfreq,0,3.05
admiral,4.0,en,wordfreq,0,2.7
admiralty,3.44,en,wordfreq,0,3.95
admiration,3.59,en,wordfreq,0,2.9
admire,3.97,en,wordfreq,0,2.0
admired,3.72,en,wordfreq,2,2.3
admirer,3.19,en,wordfreq,2,2.5
admirers,3.17,en,wordfreq,0,2.65
admires,2.96,en,wordfreq,2,2.3
admiring,3.3,en,wordfreq,0,2.75
admission,4.15,en,wordfreq,0,2.8
admissions,3.76,en,wordfreq,0,3.1
admit,4.58,en,wordfreq,1,1.85
admits,3.94,en,wordfreq,1,2.1
admitted,4.49,en,wordfreq,0,2.75
admittedly,3.54,en,wordfreq,0,4.5
admitting,3.8,en,wordfreq,0,2.9
adnan,3.14,en,wordfreq,0,2.0
ado,3.2,en,wordfreq,12,1.2
adobe,3.53,en,wordfreq,1,1.95
adolescence,3.36,en,wordfreq,0,4.6
adolescent,3.58,en,wordfreq,0,4.15
adolescents,3.53,en,wordfreq,0,4.5
adolf,3.37,en,wordfreq,0,2.05
adopt,4.19,en,wordfreq,2,1.85
adopted,4.51,en,wordfreq,1,2.5
adopting,3.78,en,wordfreq,1,2.7
adoption,4.17,en,wordfreq,0,2.7
adoptive,3.22,en,wordfreq,1,2.95
adopts,3.26,en,wordfreq,0,2.6
adorable,4.06,en,wordfreq,0,2.75
adoration,3.11,en,wordfreq,0,2.75
adore,3.7,en,wordfreq,2,1.85
adored,3.32,en,wordfreq,0,2.0
adorn,3.01,en,wordfreq,2,1.9
adorned,3.37,en,wordfreq,0,2.55
adp,3.03,en,wordfreq,19,1.0
adrenal,2.99,en,wordfreq,0,2.8
adrenaline,3.52,en,wordfreq,0,4.1
adrian,3.95,en,wordfreq,0,2.1
adriana,3.07,en,wordfreq,0,2.7
adrift,3.06,en,wordfreq,0,2.55
ads,4.32,en,wordfreq,29,1.0
adult,4.8,en,wordfreq,0,1.95
adultery,3.41,en,wordfreq,0,3.4
adulthood,3.6,en,wordfreq,0,4.55
adults,4.59,en,wordfreq,0,2.5
adv,3.04,en,wordfreq,11,1.3
advance,4.65,en,wordfreq,0,2.6
advanced,4.71,en,wordfreq,1,2.75
advancement,3.81,en,wordfreq,0,4.0
advancements,3.12,en,wordfreq,0,4.3
advances,4.08,en,wordfreq,1,2.75
advancing,3.86,en,wordfreq,0,3.4
advantage,4.78,en,wordfreq,0,3.5
advantageous,3.33,en,wordfreq,0,5.0
advantages,4.1,en,wordfreq,0,3.55
advent,3.67,en,wordfreq,1,2.0
adventure,4.46,en,wordfreq,0,3.0
adventurer,3.18,en,wordfreq,1,3.3
adventurers,3.18,en,wordfreq,0,3.75
adventures,4.15,en,wordfreq,1,3.15
adventurous,3.48,en,wordfreq,0,4.4
adversaries,3.21,en,wordfreq,0,4.65
adversary,3.29,en,wordfreq,0,3.6
adverse,3.89,en,wordfreq,0,2.4
adversely,3.27,en,wordfreq,0,3.5
adversity,3.38,en,wordfreq,0,3.2
advert,3.46,en,wordfreq,1,2.0
advertise,3.66,en,wordfreq,0,2.9
advertised,3.75,en,wordfreq,1,3.35
advertisement,3.84,en,wordfreq,0,5.15
advertisements,3.75,en,wordfreq,0,5.4
advertiser,3.38,en,wordfreq,1,3.3
advertisers,3.58,en,wordfreq,0,3.55
advertising,4.54,en,wordfreq,0,3.75
adverts,3.26,en,wordfreq,0,2.6
advice,4.88,en,wordfreq,1,2.35
advisable,3.26,en,wordfreq,0,3.2
advise,4.09,en,wordfreq,1,2.2
advised,4.18,en,wordfreq,2,2.4
adviser,3.94,en,wordfreq,3,2.3
advisers,3.6,en,wordfreq,1,2.45
advises,3.43,en,wordfreq,2,2.35
advising,3.57,en,wordfreq,0,2.85
advisor,4.01,en,wordfreq,1,2.4
advisors,3.63,en,wordfreq,2,2.95
advisory,4.18,en,wordfreq,1,3.05
advocacy,3.9,en,wordfreq,0,3.75
advocate,4.21,en,wordfreq,0,2.9
advocated,3.6,en,wordfreq,1,2.95
advocates,3.95,en,wordfreq,1,3.45
advocating,3.63,en,wordfreq,0,3.45
ae,3.49,en,wordfreq,48,1.0
aegis,3.06,en,wordfreq,1,1.95
aerial,3.91,en,wordfreq,2,1.9
aero,3.33,en,wordfreq,5,1.75
aerobic,3.19,en,wordfreq,0,2.8
aerodynamic,3.19,en,wordfreq,0,5.5
aeronautical,3.09,en,wordfreq,0,5.2
aeronautics,3.1,en,wordfreq,0,4.75
aeroplane,3.18,en,wordfreq,0,3.75
aerosol,3.03,en,wordfreq,0,3.3
aerospace,3.73,en,wordfreq,0,3.9
aes,3.0,en,wordfreq,25,1.0
aesthetic,4.02,en,wordfreq,0,3.35
aesthetically,3.19,en,wordfreq,0,4.7
aesthetics,3.59,en,wordfreq,0,3.85
af,3.97,en,wordfreq,42,1.0
afar,3.35,en,wordfreq,1,1.9
afb,3.02,en,wordfreq,5,1.6
afc,3.7,en,wordfreq,20,1.0
affair,4.3,en,wordfreq,0,2.55
affairs,4.67,en,wordfreq,0,2.75
affect,4.59,en,wordfreq,1,2.45
affected,4.64,en,wordfreq,1,2.6
affecting,4.07,en,wordfreq,0,2.8
affection,3.92,en,wordfreq,0,2.7
affectionate,3.35,en,wordfreq,0,4.55
affectionately,3.11,en,wordfreq,0,5.6
affections,3.07,en,wordfreq,0,2.8
affective,3.0,en,wordfreq,1,2.7
affects,4.16,en,wordfreq,1,2.6
affidavit,3.38,en,wordfreq,0,4.9
affiliate,3.99,en,wordfreq,0,3.5
affiliated,3.96,en,wordfreq,1,3.5
affiliates,3.6,en,wordfreq,1,3.75
affiliation,3.63,en,wordfreq,0,3.45
affiliations,3.13,en,wordfreq,0,3.95
affinity,3.61,en,wordfreq,0,3.3
affirm,3.2,en,wordfreq,0,2.65
affirmation,3.24,en,wordfreq,0,3.35
affirmative,3.57,en,wordfreq,0,4.35
affirmed,3.36,en,wordfreq,0,2.8
affirming,3.15,en,wordfreq,0,3.05
affirms,2.96,en,wordfreq,0,2.7
affleck,3.23,en,wordfreq,0,3.25
afflicted,3.29,en,wordfreq,0,3.25
affliction,3.11,en,wordfreq,0,3.3
affluent,3.37,en,wordfreq,0,3.75
afford,4.57,en,wordfreq,0,2.25
affordability,3.16,en,wordfreq,0,5.55
affordable,4.22,en,wordfreq,0,4.0
afforded,3.46,en,wordfreq,0,2.8
affords,3.05,en,wordfreq,0,2.7
afghan,3.83,en,wordfreq,0,2.8
afghanistan,4.23,en,wordfreq,0,5.5
afghans,2.96,en,wordfreq,0,3.2
afield,3.0,en,wordfreq,0,2.2
afl,3.8,en,wordfreq,13,1.2
afloat,3.33,en,wordfreq,0,2.7
aforementioned,3.54,en,wordfreq,0,6.5
afp,3.35,en,wordfreq,11,1.3
afraid,4.7,en,wordfreq,0,2.7
africa,4.92,en,wordfreq,0,2.55
african,4.82,en,wordfreq,0,2.65
africans,3.77,en,wordfreq,0,2.8
afro,3.43,en,wordfreq,2,1.85
aft,3.39,en,wordfreq,13,1.05
after,6.11,en,wordfreq,1,1.95
afterlife,3.36,en,wordfreq,0,4.0
aftermarket,3.03,en,wordfreq,0,4.95
aftermath,3.9,en,wordfreq,0,4.05
afternoon,4.72,en,wordfreq,0,3.85
afternoons,3.27,en,wordfreq,0,4.5
afterward,3.83,en,wordfreq,0,3.65
afterwards,4.42,en,wordfreq,0,3.9
ag,3.95,en,wordfreq,45,1.0
aga,3.08,en,wordfreq,18,1.0
again,5.7,en,wordfreq,1,1.9
against,5.68,en,wordfreq,0,2.9
agar,3.02,en,wordfreq,1,1.8
agatha,3.16,en,wordfreq,0,2.95
age,5.32,en,wordfreq,15,1.0
aged,4.5,en,wordfreq,1,1.7
ageing,3.44,en,wordfreq,0,1.95
agencies,4.54,en,wordfreq,0,3.0
agency,4.87,en,wordfreq,0,2.65
agenda,4.3,en,wordfreq,0,2.3
agendas,3.27,en,wordfreq,0,2.75
agent,4.81,en,wordfreq,1,1.85
agents,4.55,en,wordfreq,0,1.9
ages,4.53,en,wordfreq,6,1.35
aggravated,3.47,en,wordfreq,0,3.95
aggravating,3.12,en,wordfreq,0,4.5
aggregate,3.94,en,wordfreq,0,3.55
aggregated,3.04,en,wordfreq,1,3.45
aggregates,3.07,en,wordfreq,1,3.7
aggregation,3.25,en,wordfreq,0,3.6
aggression,3.9,en,wordfreq,0,3.3
aggressive,4.32,en,wordfreq,0,3.35
aggressively,3.63,en,wordfreq,0,4.45
aggressor,3.01,en,wordfreq,0,3.85
agile,3.41,en,wordfreq,0,2.0
agility,3.33,en,wordfreq,1,2.7
aging,4.04,en,wordfreq,0,1.8
agitated,3.35,en,wordfreq,0,2.95
agitation,3.19,en,wordfreq,0,2.7
agm,3.01,en,wordfreq,9,1.4
agnes,3.57,en,wordfreq,0,1.95
agnostic,3.02,en,wordfreq,0,3.55
ago,5.42,en,wordfreq,7,1.35
agonizing,2.99,en,wordfreq,0,3.9
agony,3.6,en,wordfreq,0,2.0
agrarian,3.2,en,wordfreq,0,3.1
agree,4.97,en,wordfreq,0,1.9
agreeable,3.19,en,wordfreq,0,3.95
agreed,4.84,en,wordfreq,1,2.1
agreeing,3.83,en,wordfreq,0,2.85
agreement,4.88,en,wordfreq,0,3.5
agreements,4.12,en,wordfreq,0,3.7
agrees,4.08,en,wordfreq,1,1.9
agricultural,4.34,en,wordfreq,0,5.35
agriculture,4.37,en,wordfreq,0,4.6
agro,2.96,en,wordfreq,2,1.85
aguero,3.11,en,wordfreq,0,2.9
aguilera,2.95,en,wordfreq,0,3.85
ah,4.63,en,wordfreq,42,1.0
aha,3.56,en,wordfreq,22,1.0
ahead,5.01,en,wordfreq,1,1.9
ahem,3.25,en,wordfreq,2,1.85
ahh,3.86,en,wordfreq,9,1.4
ahhh,3.47,en,wordfreq,3,1.8
ahl,3.09,en,wordfreq,10,1.3
ahmad,3.64,en,wordfreq,2,1.95
ahmed,3.83,en,wordfreq,3,1.85
ahmedabad,3.08,en,wordfreq,0,4.8
ahn,3.07,en,wordfreq,6,1.5
ai,4.23,en,wordfreq,49,1.0
aid,4.75,en,wordfreq,22,1.0
aidan,3.27,en,wordfreq,1,1.95
aide,3.69,en,wordfreq,7,1.25
aided,3.74,en,wordfreq,6,1.6
aiden,3.06,en,wordfreq,8,1.45
aides,3.41,en,wordfreq,8,1.5
aiding,3.44,en,wordfreq,7,1.55
aids,4.25,en,wordfreq,8,1.2
aiken,3.08,en,wordfreq,1,1.95
ailing,3.08,en,wordfreq,5,1.35
ailment,2.98,en,wordfreq,0,2.65
ailments,3.22,en,wordfreq,0,2.8
aim,4.51,en,wordfreq,17,1.0
aimed,4.25,en,wordfreq,6,1.7
aimee,2.99,en,wordfreq,1,1.95
aiming,3.89,en,wordfreq,5,1.75
aims,4.21,en,wordfreq,6,1.55
ain,3.46,en,wordfreq,24,1.0
aint,3.34,en,wordfreq,6,1.35
air,5.37,en,wordfreq,13,1.0
airbnb,3.32,en,wordfreq,0,2.9
airborne,3.67,en,wordfreq,0,3.6
airbus,3.33,en,wordfreq,0,2.65
aircraft,4.64,en,wordfreq,0,3.8
aired,3.85,en,wordfreq,7,1.55
aires,3.55,en,wordfreq,7,1.55
airfield,3.29,en,wordfreq,0,2.9
airflow,3.08,en,wordfreq,0,3.45
airing,3.58,en,wordfreq,7,1.6
airline,4.04,en,wordfreq,0,2.3
airliner,3.07,en,wordfreq,1,2.75
airlines,4.19,en,wordfreq,1,2.7
airmen,3.02,en,wordfreq,0,2.2
airplane,3.92,en,wordfreq,0,3.0
airplanes,3.51,en,wordfreq,0,3.45
airport,4.84,en,wordfreq,0,2.85
airports,3.93,en,wordfreq,0,3.25
airs,3.51,en,wordfreq,3,1.45
airspace,3.28,en,wordfreq,0,3.6
airstrike,2.98,en,wordfreq,0,3.75
airstrikes,3.15,en,wordfreq,0,3.8
airtight,2.95,en,wordfreq,0,3.15
airtime,2.96,en,wordfreq,0,2.8
airwaves,2.98,en,wordfreq,0,3.4
airway,3.19,en,wordfreq,0,2.5
airways,3.72,en,wordfreq,0,2.65
airy,3.2,en,wordfreq,1,1.75
ais,3.06,en,wordfreq,28,1.0
aisha,3.02,en,wordfreq,0,2.0
aisle,3.72,en,wordfreq,0,1.9
aisles,3.15,en,wordfreq,0,1.9
aj,3.59,en,wordfreq,39,1.0
ajax,3.48,en,wordfreq,1,1.9
ajay,3.05,en,wordfreq,2,1.85
ak,3.73,en,wordfreq,43,1.0
aka,4.15,en,wordfreq,15,1.1
akbar,3.29,en,wordfreq,0,2.3
akin,3.7,en,wordfreq,2,1.7
akira,3.2,en,wordfreq,0,1.95
akron,3.35,en,wordfreq,2,1.85
al,5.16,en,wordfreq,45,1.0
ala,3.53,en,wordfreq,26,1.0
alabama,4.26,en,wordfreq,0,2.95
aladdin,3.16,en,wordfreq,0,2.9
alain,3.23,en,wordfreq,4,1.75
alam,3.1,en,wordfreq,7,1.4
alameda,3.02,en,wordfreq,0,2.85
alamo,3.08,en,wordfreq,0,1.95
alan,4.45,en,wordfreq,5,1.55
alarm,4.28,en,wordfreq,0,1.9
alarmed,3.48,en,wordfreq,0,2.15
alarming,3.53,en,wordfreq,0,2.3
alarms,3.57,en,wordfreq,0,2.0
alas,3.67,en,wordfreq,3,1.6
alaska,4.19,en,wordfreq,0,2.65
alaskan,3.2,en,wordfreq,0,2.85
alastair,3.06,en,wordfreq,1,3.3
alba,3.33,en,wordfreq,5,1.65
albania,3.35,en,wordfreq,0,2.8
albanian,3.25,en,wordfreq,0,3.0
albans,2.95,en,wordfreq,1,1.95
albany,3.81,en,wordfreq,1,2.65
albeit,3.91,en,wordfreq,1,2.7
albert,4.24,en,wordfreq,1,1.8
alberta,3.86,en,wordfreq,1,2.55
alberto,3.47,en,wordfreq,1,2.6
albino,3.05,en,wordfreq,0,2.6
albion,3.39,en,wordfreq,0,2.5
album,5.02,en,wordfreq,0,2.3
albums,4.19,en,wordfreq,0,2.6
albuquerque,3.5,en,wordfreq,0,6.2
alchemist,3.07,en,wordfreq,0,3.75
alchemy,3.21,en,wordfreq,0,3.05
alcohol,4.61,en,wordfreq,0,3.55
alcoholic,3.91,en,wordfreq,0,4.15
alcoholics,3.18,en,wordfreq,0,4.3
alcoholism,3.45,en,wordfreq,0,4.5
alden,3.17,en,wordfreq,5,1.65
alder,2.97,en,wordfreq,4,1.75
alderman,3.16,en,wordfreq,0,3.0
aldi,2.96,en,wordfreq,3,1.75
aldo,3.17,en,wordfreq,3,1.75
aldrich,3.0,en,wordfreq,0,2.95
aldridge,3.0,en,wordfreq,0,3.5
ale,3.68,en,wordfreq,20,1.0
alec,3.65,en,wordfreq,2,1.85
alejandro,3.28,en,wordfreq,0,4.1
aleppo,3.56,en,wordfreq,0,3.0
alert,4.33,en,wordfreq,1,1.85
alerted,3.32,en,wordfreq,1,2.4
alerting,2.98,en,wordfreq,0,2.65
alerts,3.56,en,wordfreq,0,2.05
alessandro,3.19,en,wordfreq,0,4.5
alex,4.62,en,wordfreq,4,1.65
alexa,3.52,en,wordfreq,0,1.95
alexander,4.4,en,wordfreq,0,3.25
alexandra,3.53,en,wordfreq,1,3.5
alexandre,3.07,en,wordfreq,1,3.55
alexandria,3.77,en,wordfreq,0,4.35
alexei,3.13,en,wordfreq,0,2.8
alexis,3.74,en,wordfreq,0,2.55
alf,3.1,en,wordfreq,10,1.2
alfa,3.07,en,wordfreq,4,1.7
alfie,3.2,en,wordfreq,1,1.95
alfonso,3.19,en,wordfreq,0,2.85
alfred,3.99,en,wordfreq,0,2.35
alfredo,3.27,en,wordfreq,0,3.0
algae,3.54,en,wordfreq,0,2.0
algebra,3.77,en,wordfreq,0,3.05
algebraic,3.19,en,wordfreq,0,4.45
algeria,3.62,en,wordfreq,0,2.75
algerian,3.26,en,wordfreq,0,2.8
algiers,3.02,en,wordfreq,0,2.75
algorithm,4.02,en,wordfreq,0,4.6
algorithms,3.81,en,wordfreq,0,4.8
ali,4.31,en,wordfreq,15,1.0
alia,3.12,en,wordfreq,6,1.55
alias,3.46,en,wordfreq,2,1.8
alibaba,2.96,en,wordfreq,0,3.1
alibi,3.1,en,wordfreq,0,2.2
alice,4.26,en,wordfreq,3,1.75
alicia,3.64,en,wordfreq,0,2.6
alien,4.29,en,wordfreq,3,1.75
alienate,3.03,en,wordfreq,0,2.85
alienated,3.29,en,wordfreq,0,3.0
alienating,3.0,en,wordfreq,0,3.35
alienation,3.16,en,wordfreq,0,2.85
aliens,4.03,en,wordfreq,0,1.95
alight,3.0,en,wordfreq,4,1.7
align,3.63,en,wordfreq,1,1.95
aligned,3.8,en,wordfreq,0,2.75
aligning,3.02,en,wordfreq,0,2.8
alignment,3.78,en,wordfreq,0,3.3
alike,4.13,en,wordfreq,2,1.85
alimony,3.09,en,wordfreq,0,2.9
alison,3.76,en,wordfreq,0,1.95
alistair,3.25,en,wordfreq,1,3.6
alive,4.76,en,wordfreq,4,1.75
alkaline,3.25,en,wordfreq,0,3.5
all,6.52,en,wordfreq,15,1.0
allah,3.89,en,wordfreq,1,1.95
allan,3.8,en,wordfreq,2,1.85
allegation,3.5,en,wordfreq,0,2.9
allegations,4.08,en,wordfreq,0,3.2
allege,3.18,en,wordfreq,0,2.35
alleged,4.37,en,wordfreq,1,2.55
allegedly,4.06,en,wordfreq,0,3.7
alleges,3.32,en,wordfreq,1,2.6
allegheny,3.09,en,wordfreq,0,3.85
allegiance,3.69,en,wordfreq,0,3.65
alleging,3.47,en,wordfreq,0,2.8
allegory,3.07,en,wordfreq,0,3.35
allen,4.38,en,wordfreq,5,1.7
allergic,3.78,en,wordfreq,0,3.45
allergies,3.63,en,wordfreq,0,3.35
allergy,3.6,en,wordfreq,0,2.75
alleviate,3.52,en,wordfreq,0,3.65
alley,3.87,en,wordfreq,2,1.7
alleys,3.06,en,wordfreq,1,1.85
alliance,4.4,en,wordfreq,0,2.7
alliances,3.57,en,wordfreq,0,3.2
allie,3.14,en,wordfreq,3,1.7
allied,4.07,en,wordfreq,1,1.85
allies,4.27,en,wordfreq,1,1.85
alligator,3.32,en,wordfreq,0,3.8
allison,3.78,en,wordfreq,1,2.7
allocate,3.31,en,wordfreq,0,2.75
allocated,3.83,en,wordfreq,0,2.75
allocating,2.96,en,wordfreq,0,3.2
allocation,3.74,en,wordfreq,0,2.75
allocations,3.02,en,wordfreq,0,3.2
allotment,3.13,en,wordfreq,0,3.75
allotted,3.28,en,wordfreq,0,2.8
allow,5.01,en,wordfreq,1,1.9
allowable,2.97,en,wordfreq,0,3.7
allowance,3.85,en,wordfreq,0,3.35
allowances,3.36,en,wordfreq,0,3.65
allowed,5.03,en,wordfreq,0,2.4
allowing,4.62,en,wordfreq,0,2.55
allows,4.67,en,wordfreq,1,1.85
alloy,3.61,en,wordfreq,2,1.8
alloys,3.2,en,wordfreq,2,2.05
alluded,3.11,en,wordfreq,0,2.65
alluding,2.99,en,wordfreq,1,2.8
allure,3.15,en,wordfreq,0,2.65
alluring,3.02,en,wordfreq,1,2.7
ally,4.1,en,wordfreq,0,1.65
alma,3.57,en,wordfreq,4,1.7
almanac,3.06,en,wordfreq,0,3.0
almighty,3.72,en,wordfreq,0,3.15
almond,3.53,en,wordfreq,0,2.1
almonds,3.28,en,wordfreq,0,2.75
almost,5.39,en,wordfreq,0,2.65
aloe,3.06,en,wordfreq,1,1.85
aloft,3.08,en,wordfreq,0,1.9
aloha,3.09,en,wordfreq,1,1.95
alone,5.16,en,wordfreq,2,1.75
along,5.38,en,wordfreq,2,1.85
alongside,4.45,en,wordfreq,0,3.95
alonso,3.49,en,wordfreq,1,2.6
alonzo,2.98,en,wordfreq,1,2.75
aloof,2.99,en,wordfreq,0,2.0
alot,3.93,en,wordfreq,5,1.6
aloud,3.51,en,wordfreq,1,1.9
alp,3.07,en,wordfreq,15,1.05
alpha,4.25,en,wordfreq,1,2.25
alphabet,3.7,en,wordfreq,0,3.9
alphabetical,3.22,en,wordfreq,0,5.45
alphabetically,3.03,en,wordfreq,0,5.55
alpine,3.62,en,wordfreq,0,2.15
alps,3.56,en,wordfreq,3,1.65
already,5.55,en,wordfreq,0,2.95
alright,4.42,en,wordfreq,0,2.3
als,3.37,en,wordfreq,23,1.0
also,6.19,en,wordfreq,2,1.85
alt,3.81,en,wordfreq,15,1.0
alta,3.12,en,wordfreq,6,1.45
altar,3.8,en,wordfreq,1,1.9
alter,4.05,en,wordfreq,3,1.75
alteration,3.33,en,wordfreq,0,2.65
alterations,3.54,en,wordfreq,0,2.9
altercation,3.12,en,wordfreq,0,3.4
altered,4.02,en,wordfreq,0,2.25
altering,3.59,en,wordfreq,0,2.55
alternate,4.11,en,wordfreq,0,3.3
alternately,3.22,en,wordfreq,0,3.9
alternating,3.5,en,wordfreq,0,3.4
alternative,4.71,en,wordfreq,0,3.35
alternatively,3.81,en,wordfreq,0,4.65
alternatives,4.04,en,wordfreq,0,4.1
alters,3.11,en,wordfreq,0,1.9
although,5.3,en,wordfreq,0,3.55
altitude,3.92,en,wordfreq,2,2.95
altitudes,3.16,en,wordfreq,1,3.35
altman,2.96,en,wordfreq,0,2.35
alto,3.47,en,wordfreq,4,1.7
altogether,4.07,en,wordfreq,0,4.75
alton,3.18,en,wordfreq,4,1.65
altruistic,2.95,en,wordfreq,0,4.2
alum,3.25,en,wordfreq,3,1.8
aluminium,3.73,en,wordfreq,0,4.1
aluminum,4.01,en,wordfreq,0,3.7
alumni,3.89,en,wordfreq,0,2.95
alvarez,3.4,en,wordfreq,0,3.0
alves,3.09,en,wordfreq,1,1.8
alvin,3.4,en,wordfreq,1,1.9
always,5.76,en,wordfreq,0,2.2
alyssa,3.17,en,wordfreq,0,2.9
am,5.78,en,wordfreq,47,1.0
ama,3.48,en,wordfreq,27,1.0
amalgamated,2.95,en,wordfreq,0,4.9
amalgamation,3.08,en,wordfreq,0,4.75
amanda,4.0,en,wordfreq,0,2.2
amassed,3.24,en,wordfreq,0,2.3
amateur,4.22,en,wordfreq,0,2.85
amateurs,3.4,en,wordfreq,0,3.0
amaze,3.19,en,wordfreq,0,1.85
amazed,3.91,en,wordfreq,1,2.4
amazement,3.0,en,wordfreq,0,3.3
amazes,3.08,en,wordfreq,1,2.35
amazing,5.1,en,wordfreq,0,2.45
amazingly,3.64,en,wordfreq,0,3.8
amazon,4.55,en,wordfreq,0,2.6
ambassador,4.35,en,wordfreq,0,4.9
ambassadors,3.55,en,wordfreq,0,5.4
amber,3.97,en,wordfreq,1,1.9
ambient,3.62,en,wordfreq,0,2.9
ambiguity,3.37,en,wordfreq,0,4.05
ambiguous,3.57,en,wordfreq,0,4.1
ambition,3.91,en,wordfreq,0,2.75
ambitions,3.64,en,wordfreq,1,2.7
ambitious,3.95,en,wordfreq,1,3.5
ambivalent,3.01,en,wordfreq,0,4.7
ambrose,3.47,en,wordfreq,0,2.95
ambulance,4.06,en,wordfreq,0,3.5
ambulances,3.07,en,wordfreq,0,3.6
ambush,3.55,en,wordfreq,0,2.7
ambushed,3.21,en,wordfreq,0,2.85
amc,3.38,en,wordfreq,23,1.0
amd,3.52,en,wordfreq,15,1.05
ame,2.97,en,wordfreq,22,1.0
amelia,3.55,en,wordfreq,0,2.45
amen,3.93,en,wordfreq,6,1.5
amend,3.55,en,wordfreq,0,1.85
amended,3.78,en,wordfreq,0,2.45
amending,3.0,en,wordfreq,0,2.3
amendment,4.38,en,wordfreq,0,3.55
amendments,3.79,en,wordfreq,0,3.8
amends,3.32,en,wordfreq,0,1.95
amenities,3.53,en,wordfreq,0,3.5
amer,3.03,en,wordfreq,6,1.45
america,5.22,en,wordfreq,0,2.55
american,5.49,en,wordfreq,1,2.5
americana,3.21,en,wordfreq,1,3.15
americans,4.83,en,wordfreq,1,3.05
americas,3.74,en,wordfreq,1,2.65
ames,3.42,en,wordfreq,11,1.05
amethyst,3.01,en,wordfreq,0,3.95
amex,2.97,en,wordfreq,5,1.65
amg,3.0,en,wordfreq,14,1.15
amherst,3.24,en,wordfreq,0,2.95
ami,3.3,en,wordfreq,17,1.0
amicable,2.97,en,wordfreq,0,2.95
amid,3.95,en,wordfreq,6,1.45
amidst,3.56,en,wordfreq,0,2.6
amin,3.17,en,wordfreq,5,1.45
amino,3.72,en,wordfreq,0,1.95
amir,3.4,en,wordfreq,6,1.5
amish,3.27,en,wordfreq,0,1.95
amit,3.01,en,wordfreq,5,1.6
amman,3.08,en,wordfreq,0,2.0
ammo,3.48,en,wordfreq,0,2.0
ammonia,3.36,en,wordfreq,0,2.85
ammonium,3.03,en,wordfreq,0,3.85
ammunition,3.91,en,wordfreq,0,3.75
amnesia,3.34,en,wordfreq,0,3.0
amnesty,3.63,en,wordfreq,0,2.9
among,5.31,en,wordfreq,1,1.9
amongst,4.31,en,wordfreq,0,2.9
amor,3.16,en,wordfreq,3,1.7
amorphous,2.95,en,wordfreq,0,4.0
amortization,2.97,en,wordfreq,0,4.15
amos,3.48,en,wordfreq,3,1.7
amount,5.13,en,wordfreq,0,2.1
amounted,3.53,en,wordfreq,0,2.65
amounting,3.11,en,wordfreq,0,2.8
amounts,4.41,en,wordfreq,0,2.5
amour,3.03,en,wordfreq,0,1.9
amp,3.8,en,wordfreq,18,1.0
amphibious,3.06,en,wordfreq,0,4.65
ample,3.71,en,wordfreq,1,1.9
amplification,3.12,en,wordfreq,0,3.7
amplified,3.34,en,wordfreq,1,3.35
amplifier,3.45,en,wordfreq,1,3.55
amplifiers,3.13,en,wordfreq,0,3.95
amplify,3.16,en,wordfreq,0,3.05
amplitude,3.28,en,wordfreq,0,3.7
amps,3.15,en,wordfreq,4,1.45
amputation,3.02,en,wordfreq,0,3.1
ams,3.11,en,wordfreq,29,1.0
amsterdam,4.03,en,wordfreq,0,3.9
amtrak,3.09,en,wordfreq,0,2.85
amulet,2.99,en,wordfreq,0,2.6
amuse,3.12,en,wordfreq,1,1.85
amused,3.53,en,wordfreq,1,1.9
amusement,3.74,en,wordfreq,0,3.5
amusing,3.76,en,wordfreq,1,2.5
amy,4.2,en,wordfreq,9,1.35
an,6.53,en,wordfreq,41,1.0
ana,3.89,en,wordfreq,29,1.0
anaconda,2.97,en,wordfreq,0,3.85
anaerobic,2.97,en,wordfreq,0,4.15
anaheim,3.46,en,wordfreq,0,3.6
anakin,3.04,en,wordfreq,0,2.6
anal,3.94,en,wordfreq,1,1.85
analog,3.73,en,wordfreq,0,2.6
analogous,3.36,en,wordfreq,0,3.8
analogue,3.28,en,wordfreq,0,3.1
analogy,3.71,en,wordfreq,0,2.75
analyse,3.47,en,wordfreq,2,2.35
analysed,3.48,en,wordfreq,2,2.55
analyses,3.79,en,wordfreq,4,2.4
analysing,3.22,en,wordfreq,1,3.2
analysis,4.91,en,wordfreq,2,2.55
analyst,4.03,en,wordfreq,1,2.55
analysts,3.84,en,wordfreq,2,2.65
analytic,3.31,en,wordfreq,0,2.8
analytical,3.73,en,wordfreq,0,3.8
analytics,3.77,en,wordfreq,0,3.2
analyze,3.84,en,wordfreq,1,2.45
analyzed,3.9,en,wordfreq,3,2.55
analyzer,3.06,en,wordfreq,2,2.95
analyzes,3.19,en,wordfreq,3,2.55
analyzing,3.71,en,wordfreq,1,3.25
anand,3.1,en,wordfreq,0,2.0
anarchism,3.02,en,wordfreq,1,3.7
anarchist,3.36,en,wordfreq,1,3.6
anarchists,3.17,en,wordfreq,0,4.2
anarchy,3.52,en,wordfreq,0,2.95
anastasia,3.21,en,wordfreq,0,4.05
anatomical,3.21,en,wordfreq,0,3.95
anatomy,3.94,en,wordfreq,0,3.1
anc,3.45,en,wordfreq,25,1.0
ancestor,3.49,en,wordfreq,0,2.95
ancestors,3.98,en,wordfreq,0,3.25
ancestral,3.43,en,wordfreq,0,3.6
ancestry,3.5,en,wordfreq,0,3.35
anchor,4.02,en,wordfreq,0,2.5
anchorage,3.42,en,wordfreq,0,3.75
anchored,3.46,en,wordfreq,0,2.85
anchoring,2.97,en,wordfreq,0,3.15
anchors,3.43,en,wordfreq,0,2.65
ancient,4.68,en,wordfreq,0,2.65
ancients,3.12,en,wordfreq,0,2.75
ancillary,3.06,en,wordfreq,0,3.85
and,7.41,en,wordfreq,20,1.0
anders,3.4,en,wordfreq,0,1.85
andersen,3.27,en,wordfreq,1,2.8
anderson,4.36,en,wordfreq,1,2.7
andes,3.14,en,wordfreq,1,1.85
andhra,3.2,en,wordfreq,0,2.65
andi,3.03,en,wordfreq,4,1.65
andre,3.85,en,wordfreq,0,1.8
andrea,3.88,en,wordfreq,3,2.2
andreas,3.48,en,wordfreq,1,2.3
andrei,3.23,en,wordfreq,3,2.3
andres,3.14,en,wordfreq,3,1.65
andrew,4.57,en,wordfreq,3,2.25
andrews,3.93,en,wordfreq,1,2.4
android,4.42,en,wordfreq,0,2.9
andromeda,3.18,en,wordfreq,0,3.9
andy,4.43,en,wordfreq,2,1.5
anecdotal,3.17,en,wordfreq,0,4.3
anecdote,3.2,en,wordfreq,0,3.65
anecdotes,3.36,en,wordfreq,0,3.85
anemia,3.17,en,wordfreq,0,2.85
anesthesia,3.39,en,wordfreq,0,4.45
anesthetic,3.06,en,wordfreq,0,4.05
aneurysm,3.08,en,wordfreq,0,4.0
anew,3.2,en,wordfreq,1,1.9
anfield,3.1,en,wordfreq,2,2.4
ang,3.52,en,wordfreq,19,1.0
ange,2.97,en,wordfreq,2,1.5
angel,4.45,en,wordfreq,2,1.7
angela,4.02,en,wordfreq,3,2.0
angeles,4.73,en,wordfreq,0,2.35
angelic,3.13,en,wordfreq,0,2.55
angelica,3.09,en,wordfreq,1,2.85
angelina,3.48,en,wordfreq,1,2.7
angelo,3.54,en,wordfreq,2,2.25
angels,4.26,en,wordfreq,2,1.8
anger,4.42,en,wordfreq,1,1.65
angered,3.29,en,wordfreq,0,2.45
angie,3.35,en,wordfreq,2,1.85
angle,4.38,en,wordfreq,3,1.65
angled,3.27,en,wordfreq,1,1.85
anglers,2.97,en,wordfreq,1,2.15
angles,3.9,en,wordfreq,2,1.75
anglia,3.06,en,wordfreq,0,2.25
anglican,3.36,en,wordfreq,0,3.45
angling,3.01,en,wordfreq,0,2.3
anglo,3.81,en,wordfreq,1,1.9
angola,3.34,en,wordfreq,1,2.5
angrily,3.34,en,wordfreq,0,2.95
angry,4.66,en,wordfreq,0,2.0
angst,3.26,en,wordfreq,0,2.0
anguish,3.37,en,wordfreq,0,2.9
angular,3.51,en,wordfreq,0,2.75
angus,3.63,en,wordfreq,1,1.9
ani,3.2,en,wordfreq,18,1.0
anil,3.01,en,wordfreq,1,1.8
animal,4.81,en,wordfreq,0,2.35
animals,4.84,en,wordfreq,0,2.75
animate,3.14,en,wordfreq,0,2.5
animated,4.07,en,wordfreq,0,2.85
animation,4.18,en,wordfreq,0,2.75
animations,3.36,en,wordfreq,0,3.3
anime,4.26,en,wordfreq,0,2.0
animosity,3.17,en,wordfreq,0,4.0
aniston,2.97,en,wordfreq,0,2.7
anita,3.63,en,wordfreq,0,2.0
ankara,3.36,en,wordfreq,0,2.8
ankle,3.97,en,wordfreq,1,1.9
ankles,3.5,en,wordfreq,1,2.0
ann,4.35,en,wordfreq,15,1.0
anna,4.37,en,wordfreq,2,1.7
annals,3.37,en,wordfreq,0,2.45
annapolis,3.23,en,wordfreq,0,4.35
anne,4.32,en,wordfreq,4,1.65
annette,3.24,en,wordfreq,0,3.0
annex,3.5,en,wordfreq,0,1.95
annexation,3.42,en,wordfreq,0,3.65
annexed,3.5,en,wordfreq,0,2.75
annie,3.94,en,wordfreq,1,1.85
annihilated,2.97,en,wordfreq,0,4.15
annihilation,3.22,en,wordfreq,0,4.2
anniversary,4.53,en,wordfreq,0,4.75
annotated,3.28,en,wordfreq,0,3.3
annotations,2.99,en,wordfreq,0,3.3
announce,4.26,en,wordfreq,0,2.6
announced,4.96,en,wordfreq,2,2.5
announcement,4.31,en,wordfreq,0,4.3
announcements,3.7,en,wordfreq,0,4.75
announcer,3.58,en,wordfreq,2,2.95
announcers,3.18,en,wordfreq,0,3.4
announces,3.94,en,wordfreq,2,2.95
announcing,3.87,en,wordfreq,0,3.4
annoy,3.46,en,wordfreq,0,1.95
annoyance,3.33,en,wordfreq,0,3.5
annoyed,3.95,en,wordfreq,0,2.8
annoying,4.4,en,wordfreq,0,2.95
annoys,3.32,en,wordfreq,0,2.65
annual,4.94,en,wordfreq,0,2.6
annually,4.16,en,wordfreq,0,2.9
annuities,3.03,en,wordfreq,0,3.5
annuity,3.35,en,wordfreq,0,2.95
annulled,2.95,en,wordfreq,0,3.35
annum,3.23,en,wordfreq,0,2.3
ano,2.96,en,wordfreq,14,1.0
anointed,3.1,en,wordfreq,0,2.85
anomalies,3.28,en,wordfreq,0,3.85
anomaly,3.47,en,wordfreq,0,2.9
anon,3.33,en,wordfreq,2,1.65
anonymity,3.39,en,wordfreq,0,4.4
anonymous,4.17,en,wordfreq,0,3.6
anonymously,3.41,en,wordfreq,0,4.45
anorexia,3.16,en,wordfreq,0,3.85
another,5.74,en,wordfreq,0,2.7
ans,3.31,en,wordfreq,27,1.0
answer,5.17,en,wordfreq,0,2.6
answered,4.32,en,wordfreq,0,2.8
answering,4.07,en,wordfreq,0,3.0
answers,4.6,en,wordfreq,0,2.65
ant,3.86,en,wordfreq,22,1.0
antagonist,3.32,en,wordfreq,0,4.1
antagonistic,3.02,en,wordfreq,0,4.95
antagonists,3.07,en,wordfreq,0,4.4
antarctic,3.56,en,wordfreq,0,3.6
antarctica,3.53,en,wordfreq,0,4.15
ante,3.33,en,wordfreq,5,1.6
antelope,3.08,en,wordfreq,0,3.65
antenna,3.77,en,wordfreq,0,2.75
antennae,3.01,en,wordfreq,1,3.4
antennas,3.27,en,wordfreq,1,3.2
anterior,3.51,en,wordfreq,1,2.8
anthem,3.91,en,wordfreq,0,2.55
anthems,2.95,en,wordfreq,0,2.75
anthology,3.48,en,wordfreq,0,3.4
anthony,4.41,en,wordfreq,0,2.85
anthrax,3.15,en,wordfreq,0,3.2
anthropological,3.09,en,wordfreq,0,5.3
anthropologist,3.16,en,wordfreq,0,5.75
anthropologists,3.02,en,wordfreq,0,6.05
anthropology,3.65,en,wordfreq,0,4.75
anti,5.01,en,wordfreq,3,1.75
antibiotic,3.5,en,wordfreq,0,4.25
antibiotics,3.74,en,wordfreq,0,4.6
antibodies,3.56,en,wordfreq,0,4.2
antibody,3.46,en,wordfreq,0,3.6
antichrist,3.05,en,wordfreq,0,4.4
anticipate,3.73,en,wordfreq,0,3.3
anticipated,4.08,en,wordfreq,1,3.2
anticipates,2.99,en,wordfreq,1,3.45
anticipating,3.39,en,wordfreq,0,3.95
anticipation,3.74,en,wordfreq,0,3.5
antics,3.38,en,wordfreq,0,2.45
antidepressants,3.16,en,wordfreq,0,7.7
antidote,3.25,en,wordfreq,0,3.45
antifa,3.2,en,wordfreq,0,2.8
antigen,3.21,en,wordfreq,0,2.95
antigua,3.08,en,wordfreq,0,3.0
antimicrobial,3.01,en,wordfreq,0,6.5
antioch,3.06,en,wordfreq,0,2.95
antioxidants,2.95,en,wordfreq,0,5.75
antiquated,3.06,en,wordfreq,0,3.6
antique,3.86,en,wordfreq,0,2.75
antiques,3.48,en,wordfreq,0,3.05
antiquities,3.26,en,wordfreq,0,3.9
antiquity,3.43,en,wordfreq,0,3.6
antisemitic,2.97,en,wordfreq,0,4.65
antisemitism,3.15,en,wordfreq,0,5.6
antisocial,3.13,en,wordfreq,0,4.7
antithesis,2.96,en,wordfreq,0,4.45
antitrust,3.37,en,wordfreq,0,3.95
antlers,2.95,en,wordfreq,1,2.4
antoine,3.39,en,wordfreq,0,2.85
antoinette,2.98,en,wordfreq,0,4.65
anton,3.59,en,wordfreq,3,1.7
antonia,2.97,en,wordfreq,1,2.6
antonio,4.17,en,wordfreq,1,2.8
antony,3.38,en,wordfreq,0,2.1
antrim,3.05,en,wordfreq,0,2.65
ants,3.72,en,wordfreq,5,1.4
antwerp,3.2,en,wordfreq,0,2.85
anu,2.95,en,wordfreq,13,1.1
anus,3.25,en,wordfreq,3,1.6
anvil,3.04,en,wordfreq,0,1.95
anwar,3.15,en,wordfreq,0,2.0
anxieties,3.13,en,wordfreq,0,3.7
anxiety,4.45,en,wordfreq,0,3.0
anxious,4.09,en,wordfreq,0,2.9
anxiously,3.09,en,wordfreq,0,3.6
any,6.07,en,wordfreq,11,1.15
anya,3.02,en,wordfreq,2,1.75
anybody,4.56,en,wordfreq,0,3.1
anyhow,3.48,en,wordfreq,0,2.95
anymore,4.94,en,wordfreq,0,2.95
anyone,5.38,en,wordfreq,0,2.4
anything,5.55,en,wordfreq,0,2.95
anytime,4.19,en,wordfreq,0,2.85
anyway,4.91,en,wordfreq,0,2.7
anyways,4.04,en,wordfreq,0,2.9
anywhere,4.71,en,wordfreq,0,3.5
anzac,3.04,en,wordfreq,0,2.55
ao,3.38,en,wordfreq,47,1.0
aoc,3.0,en,wordfreq,19,1.0
aol,3.24,en,wordfreq,14,1.15
aortic,3.07,en,wordfreq,0,2.65
ap,4.4,en,wordfreq,47,1.0
apa,3.32,en,wordfreq,27,1.0
apache,3.54,en,wordfreq,0,2.75
apart,4.78,en,wordfreq,0,1.95
apartheid,3.61,en,wordfreq,0,3.85
apartment,4.65,en,wordfreq,0,3.0
apartments,4.01,en,wordfreq,0,3.4
apathy,3.26,en,wordfreq,0,2.5
apc,3.24,en,wordfreq,22,1.0
ape,3.48,en,wordfreq,19,1.0
aperture,3.47,en,wordfreq,0,2.95
apes,3.45,en,wordfreq,8,1.25
apex,3.71,en,wordfreq,3,1.8
api,3.68,en,wordfreq,17,1.0
apiece,3.24,en,wordfreq,0,2.65
apis,3.1,en,wordfreq,3,1.7
apnea,3.0,en,wordfreq,0,2.1
apocalypse,3.71,en,wordfreq,0,4.85
apocalyptic,3.43,en,wordfreq,0,5.4
apollo,3.82,en,wordfreq,0,2.75
apologetic,2.99,en,wordfreq,0,4.4
apologies,3.85,en,wordfreq,0,3.2
apologise,3.66,en,wordfreq,1,3.25
apologised,3.06,en,wordfreq,1,3.4
apologize,4.16,en,wordfreq,1,3.25
apologized,3.63,en,wordfreq,2,3.55
apologizes,3.16,en,wordfreq,1,3.45
apologizing,3.37,en,wordfreq,0,4.25
apology,4.05,en,wordfreq,0,2.7
apoptosis,2.99,en,wordfreq,0,4.45
apostle,3.46,en,wordfreq,0,2.9
apostles,3.47,en,wordfreq,0,3.15
apostolic,3.21,en,wordfreq,0,3.85
app,4.86,en,wordfreq,17,1.0
appalachian,3.25,en,wordfreq,0,5.45
appalled,3.24,en,wordfreq,0,2.9
appalling,3.46,en,wordfreq,0,3.1
apparatus,3.78,en,wordfreq,0,3.85
apparel,3.72,en,wordfreq,0,2.9
apparent,4.32,en,wordfreq,0,3.15
apparently,4.8,en,wordfreq,0,4.2
appeal,4.67,en,wordfreq,1,2.55
appealed,3.83,en,wordfreq,1,2.65
appealing,3.95,en,wordfreq,1,2.8
appeals,4.22,en,wordfreq,1,2.65
appear,4.85,en,wordfreq,1,2.35
appearance,4.69,en,wordfreq,0,3.65
appearances,4.09,en,wordfreq,0,4.2
appeared,4.83,en,wordfreq,1,2.7
appearing,4.15,en,wordfreq,1,2.9
appears,4.84,en,wordfreq,1,2.45
appease,3.2,en,wordfreq,0,2.6
appellate,3.34,en,wordfreq,0,3.85
appendix,3.51,en,wordfreq,0,3.95
appetite,3.87,en,wordfreq,0,3.45
applaud,3.46,en,wordfreq,0,2.85
applauded,3.21,en,wordfreq,0,3.5
applause,3.83,en,wordfreq,0,3.3
apple,4.76,en,wordfreq,2,1.85
apples,3.96,en,wordfreq,0,2.05
appleton,3.12,en,wordfreq,0,3.6
appliance,3.35,en,wordfreq,0,3.35
appliances,3.71,en,wordfreq,0,3.55
applicable,4.13,en,wordfreq,0,3.8
applicant,3.64,en,wordfreq,0,3.55
applicants,3.94,en,wordfreq,0,3.6
application,4.86,en,wordfreq,0,3.15
applications,4.64,en,wordfreq,0,3.4
applied,4.67,en,wordfreq,1,2.5
applies,4.23,en,wordfreq,1,2.55
apply,4.81,en,wordfreq,2,2.15
applying,4.24,en,wordfreq,0,2.8
appoint,3.7,en,wordfreq,0,2.8
appointed,4.59,en,wordfreq,0,2.95
appointees,3.0,en,wordfreq,0,3.55
appointing,3.33,en,wordfreq,0,3.3
appointment,4.49,en,wordfreq,0,3.85
appointments,3.95,en,wordfreq,0,4.25
appoints,3.17,en,wordfreq,0,2.8
appraisal,3.43,en,wordfreq,0,3.95
appreciate,4.74,en,wordfreq,0,3.4
appreciated,4.16,en,wordfreq,1,3.45
appreciates,3.38,en,wordfreq,1,3.85
appreciating,3.23,en,wordfreq,0,4.0
appreciation,4.12,en,wordfreq,0,3.35
appreciative,3.24,en,wordfreq,0,4.15
apprehend,3.02,en,wordfreq,0,3.7
apprehended,3.31,en,wordfreq,0,4.4
apprehension,3.09,en,wordfreq,0,4.5
apprehensive,3.03,en,wordfreq,0,4.4
apprentice,3.7,en,wordfreq,0,3.7
apprentices,3.15,en,wordfreq,0,4.4
apprenticeship,3.47,en,wordfreq,0,6.9
approach,4.93,en,wordfreq,0,3.35
approached,4.16,en,wordfreq,1,3.55
approaches,4.25,en,wordfreq,1,3.65
approaching,4.17,en,wordfreq,0,3.9
appropriate,4.67,en,wordfreq,0,3.95
appropriated,3.14,en,wordfreq,0,4.0
appropriately,3.74,en,wordfreq,0,4.65
appropriation,3.39,en,wordfreq,0,4.25
appropriations,3.36,en,wordfreq,0,4.6
approval,4.5,en,wordfreq,0,3.2
approvals,3.13,en,wordfreq,0,3.45
approve,4.08,en,wordfreq,0,2.6
approved,4.64,en,wordfreq,1,2.65
approves,3.42,en,wordfreq,1,2.6
approving,3.34,en,wordfreq,0,3.0
approx,3.51,en,wordfreq,0,2.9
approximate,3.64,en,wordfreq,0,4.25
approximately,4.64,en,wordfreq,0,5.05
approximation,3.32,en,wordfreq,0,4.45
apps,4.35,en,wordfreq,4,1.7
apr,4.02,en,wordfreq,14,1.15
apricot,2.98,en,wordfreq,0,3.0
april,5.19,en,wordfreq,0,2.0
apron,3.36,en,wordfreq,2,1.85
aps,3.12,en,wordfreq,31,1.0
apt,3.69,en,wordfreq,16,1.0
aptitude,3.2,en,wordfreq,2,2.95
aptly,3.12,en,wordfreq,1,2.3
aq,2.99,en,wordfreq,30,1.0
aqua,3.43,en,wordfreq,0,2.0
aquaculture,3.05,en,wordfreq,0,5.05
aquaman,2.95,en,wordfreq,0,3.25
aquarium,3.56,en,wordfreq,1,3.65
aquarius,3.06,en,wordfreq,1,3.5
aquatic,3.62,en,wordfreq,0,2.95
aqueous,3.15,en,wordfreq,0,3.4
aquinas,3.02,en,wordfreq,0,2.95
aquino,3.03,en,wordfreq,0,2.65
ar,4.06,en,wordfreq,48,1.0
ara,3.21,en,wordfreq,31,1.0
arab,4.39,en,wordfreq,3,1.75
arabia,4.12,en,wordfreq,1,2.4
arabian,3.53,en,wordfreq,0,2.7
arabic,4.03,en,wordfreq,1,2.5
arable,2.96,en,wordfreq,0,1.95
arabs,3.76,en,wordfreq,2,1.85
arbiter,2.98,en,wordfreq,0,2.95
arbitrarily,3.22,en,wordfreq,0,4.95
arbitrary,3.85,en,wordfreq,0,3.75
arbitration,3.72,en,wordfreq,0,3.45
arbitrator,2.98,en,wordfreq,0,4.4
arbor,3.49,en,wordfreq,1,1.9
arc,4.21,en,wordfreq,28,1.0
arcade,3.73,en,wordfreq,1,2.4
arcadia,3.08,en,wordfreq,0,2.8
arcane,2.99,en,wordfreq,1,2.35
arch,4.02,en,wordfreq,2,1.75
archaeological,3.68,en,wordfreq,0,4.85
archaeologist,3.12,en,wordfreq,0,5.25
archaeologists,3.37,en,wordfreq,0,5.55
archaeology,3.57,en,wordfreq,0,4.65
archaic,3.36,en,wordfreq,0,2.85
archangel,2.98,en,wordfreq,0,3.35
archbishop,3.82,en,wordfreq,0,5.2
archdiocese,3.08,en,wordfreq,0,5.15
arched,3.24,en,wordfreq,2,1.85
archer,3.81,en,wordfreq,2,1.8
archers,3.29,en,wordfreq,1,2.4
archery,3.25,en,wordfreq,1,2.6
arches,3.45,en,wordfreq,2,1.75
archetype,2.96,en,wordfreq,0,4.35
archibald,3.24,en,wordfreq,0,3.95
archie,3.59,en,wordfreq,0,2.2
archipelago,3.33,en,wordfreq,0,5.5
architect,4.08,en,wordfreq,0,3.6
architects,3.91,en,wordfreq,0,3.95
architectural,3.96,en,wordfreq,0,5.75
architecture,4.42,en,wordfreq,0,5.05
architectures,3.02,en,wordfreq,0,5.3
archival,3.28,en,wordfreq,0,3.2
archive,3.98,en,wordfreq,0,2.5
archived,3.4,en,wordfreq,1,2.55
archives,4.1,en,wordfreq,1,2.55
arcs,3.26,en,wordfreq,5,1.6
arctic,4.03,en,wordfreq,0,2.4
ard,3.07,en,wordfreq,18,1.0
arden,3.09,en,wordfreq,2,1.65
ardent,3.28,en,wordfreq,0,1.9
arduous,3.18,en,wordfreq,0,3.25
are,6.74,en,wordfreq,29,1.0
area,5.46,en,wordfreq,3,1.6
areas,5.15,en,wordfreq,1,1.8
arena,4.33,en,wordfreq,1,1.85
arenas,3.28,en,wordfreq,0,2.15
arent,3.52,en,wordfreq,4,1.65
ares,3.09,en,wordfreq,12,1.0
arg,2.97,en,wordfreq,15,1.0
argentina,4.22,en,wordfreq,1,3.35
argentine,3.62,en,wordfreq,1,3.25
argentinian,3.1,en,wordfreq,0,4.65
argh,2.95,en,wordfreq,2,1.85
argo,2.99,en,wordfreq,2,1.55
argos,3.04,en,wordfreq,1,1.9
arguably,3.9,en,wordfreq,0,3.8
argue,4.46,en,wordfreq,1,1.85
argued,4.36,en,wordfreq,1,2.4
argues,4.04,en,wordfreq,1,2.05
arguing,4.25,en,wordfreq,0,2.7
argument,4.64,en,wordfreq,0,2.8
arguments,4.33,en,wordfreq,0,3.0
argus,3.05,en,wordfreq,3,1.8
argyle,2.96,en,wordfreq,0,2.75
ari,3.53,en,wordfreq,24,1.0
aria,3.39,en,wordfreq,6,1.45
ariana,3.15,en,wordfreq,0,1.9
arias,3.1,en,wordfreq,3,1.8
arid,3.37,en,wordfreq,6,1.5
ariel,3.54,en,wordfreq,1,1.95
aries,3.13,en,wordfreq,6,1.5
arise,3.93,en,wordfreq,1,1.75
arisen,3.2,en,wordfreq,1,1.85
arises,3.61,en,wordfreq,2,1.75
arising,3.72,en,wordfreq,0,1.95
aristocracy,3.21,en,wordfreq,0,4.9
aristocrat,2.99,en,wordfreq,0,4.4
aristocratic,3.23,en,wordfreq,0,5.0
aristocrats,2.96,en,wordfreq,0,4.55
aristotle,3.41,en,wordfreq,0,3.9
arithmetic,3.4,en,wordfreq,0,4.2
ariz,3.11,en,wordfreq,3,1.8
arizona,4.38,en,wordfreq,0,2.95
arjun,3.03,en,wordfreq,0,2.3
ark,3.75,en,wordfreq,12,1.05
arkansas,4.05,en,wordfreq,0,3.8
arkham,3.1,en,wordfreq,0,2.8
arlene,2.96,en,wordfreq,1,2.15
arlington,3.73,en,wordfreq,0,2.7
arm,4.73,en,wordfreq,17,1.0
armada,3.12,en,wordfreq,0,2.55
armageddon,3.11,en,wordfreq,0,5.0
armament,3.04,en,wordfreq,0,2.8
armaments,2.95,en,wordfreq,0,3.05
armand,2.98,en,wordfreq,1,1.95
armani,3.06,en,wordfreq,1,2.35
armchair,3.21,en,wordfreq,0,3.75
armed,4.59,en,wordfreq,2,1.75
armenia,3.56,en,wordfreq,0,2.6
armenian,3.6,en,wordfreq,0,2.75
armenians,3.14,en,wordfreq,0,3.45
armies,3.9,en,wordfreq,0,1.95
armin,2.96,en,wordfreq,1,1.85
arming,3.14,en,wordfreq,1,1.75
armistice,3.22,en,wordfreq,0,3.8
armor,3.97,en,wordfreq,1,1.8
armored,3.62,en,wordfreq,0,2.6
armory,3.22,en,wordfreq,0,2.35
armour,3.75,en,wordfreq,0,2.25
armoured,3.34,en,wordfreq,0,2.75
armpit,3.0,en,wordfreq,0,2.85
arms,4.82,en,wordfreq,6,1.35
armstrong,3.9,en,wordfreq,0,3.9
army,5.06,en,wordfreq,2,1.8
arnold,4.0,en,wordfreq,0,2.95
aroma,3.23,en,wordfreq,0,1.95
aromatic,3.32,en,wordfreq,0,2.85
aron,3.04,en,wordfreq,5,1.45
arose,3.73,en,wordfreq,2,1.8
around,5.77,en,wordfreq,2,1.85
arousal,3.12,en,wordfreq,0,2.9
aroused,3.35,en,wordfreq,0,2.15
arr,3.0,en,wordfreq,16,1.0
arrange,4.0,en,wordfreq,0,2.5
arranged,4.31,en,wordfreq,0,2.75
arrangement,4.25,en,wordfreq,0,3.95
arrangements,4.23,en,wordfreq,0,4.35
arranging,3.55,en,wordfreq,0,2.95
array,4.1,en,wordfreq,0,1.95
arrays,3.29,en,wordfreq,0,2.2
arrears,3.05,en,wordfreq,0,2.8
arrest,4.55,en,wordfreq,0,1.95
arrested,4.64,en,wordfreq,0,2.7
arresting,3.5,en,wordfreq,0,2.9
arrests,3.74,en,wordfreq,0,2.6
arrival,4.44,en,wordfreq,0,2.5
arrivals,3.48,en,wordfreq,0,2.8
arrive,4.38,en,wordfreq,0,2.2
arrived,4.79,en,wordfreq,1,2.5
arrives,4.11,en,wordfreq,1,2.2
arriving,4.16,en,wordfreq,0,2.75
arrogance,3.55,en,wordfreq,0,3.7
arrogant,3.74,en,wordfreq,0,3.8
arrow,4.13,en,wordfreq,0,1.75
arrows,3.8,en,wordfreq,0,1.9
arroyo,2.95,en,wordfreq,0,2.8
ars,3.22,en,wordfreq,30,1.0
arse,3.57,en,wordfreq,1,1.7
arsenal,4.31,en,wordfreq,0,2.7
arsene,3.12,en,wordfreq,1,2.0
arsenic,3.23,en,wordfreq,0,2.85
arson,3.4,en,wordfreq,1,1.8
art,5.29,en,wordfreq,19,1.0
arte,2.98,en,wordfreq,4,1.55
artefacts,3.19,en,wordfreq,1,3.6
artemis,3.05,en,wordfreq,0,2.95
arterial,3.25,en,wordfreq,0,2.75
arteries,3.46,en,wordfreq,0,2.85
artery,3.65,en,wordfreq,0,2.25
arthritis,3.61,en,wordfreq,0,3.9
arthur,4.41,en,wordfreq,0,2.75
article,5.09,en,wordfreq,0,2.7
articles,4.71,en,wordfreq,0,2.75
articulate,3.54,en,wordfreq,0,3.35
articulated,3.39,en,wordfreq,0,3.45
articulation,3.09,en,wordfreq,0,3.8
artie,3.14,en,wordfreq,0,1.95
artifact,3.41,en,wordfreq,0,3.5
artifacts,3.72,en,wordfreq,1,3.55
artificial,4.24,en,wordfreq,0,4.2
artificially,3.44,en,wordfreq,0,4.75
artillery,3.96,en,wordfreq,0,3.7
artisan,3.26,en,wordfreq,0,2.55
artisans,3.25,en,wordfreq,0,2.7
artist,4.8,en,wordfreq,0,2.25
artistic,4.17,en,wordfreq,1,2.7
artistry,3.12,en,wordfreq,0,3.2
artists,4.67,en,wordfreq,0,2.45
arts,4.7,en,wordfreq,7,1.15
arturo,3.1,en,wordfreq,0,2.85
artwork,4.11,en,wordfreq,0,2.9
artworks,3.38,en,wordfreq,0,3.5
arty,2.99,en,wordfreq,3,1.7
arun,2.96,en,wordfreq,1,1.85
arundel,2.98,en,wordfreq,0,3.0
arya,3.11,en,wordfreq,3,1.75
aryan,3.21,en,wordfreq,1,1.85
as,6.77,en,wordfreq,48,1.0
asa,3.44,en,wordfreq,33,1.0
asap,3.81,en,wordfreq,0,1.8
asbestos,3.54,en,wordfreq,0,3.5
asc,2.97,en,wordfreq,24,1.0
ascend,3.24,en,wordfreq,1,2.25
ascended,3.3,en,wordfreq,0,2.75
ascending,3.31,en,wordfreq,0,2.75
ascension,3.34,en,wordfreq,0,3.25
ascent,3.42,en,wordfreq,3,1.75
ascertain,3.29,en,wordfreq,0,3.6
ascot,3.06,en,wordfreq,0,1.9
ascribed,3.04,en,wordfreq,0,2.85
asd,3.05,en,wordfreq,20,1.0
asean,3.3,en,wordfreq,1,1.9
ash,4.16,en,wordfreq,14,1.0
ashamed,4.06,en,wordfreq,0,2.5
ashby,2.96,en,wordfreq,0,2.55
ashe,3.11,en,wordfreq,1,1.75
asher,3.18,en,wordfreq,2,1.75
ashes,3.93,en,wordfreq,3,1.65
asheville,3.12,en,wordfreq,0,3.7
ashford,2.97,en,wordfreq,0,2.9
ashland,3.07,en,wordfreq,0,2.95
ashley,4.11,en,wordfreq,0,2.75
ashore,3.52,en,wordfreq,0,1.95
ashraf,2.97,en,wordfreq,0,2.85
ashton,3.72,en,wordfreq,0,2.6
asia,4.65,en,wordfreq,2,1.75
asian,4.69,en,wordfreq,2,1.8
asians,3.46,en,wordfreq,0,2.05
asiatic,3.09,en,wordfreq,0,2.9
aside,4.59,en,wordfreq,1,1.85
ask,5.34,en,wordfreq,12,1.05
asked,5.3,en,wordfreq,0,1.9
asking,4.96,en,wordfreq,0,1.95
asks,4.44,en,wordfreq,1,1.75
asl,3.0,en,wordfreq,16,1.05
asleep,4.36,en,wordfreq,0,2.55
asp,3.05,en,wordfreq,21,1.0
asparagus,3.25,en,wordfreq,0,4.0
aspect,4.41,en,wordfreq,0,2.05
aspects,4.5,en,wordfreq,0,2.5
aspen,3.43,en,wordfreq,0,2.0
asphalt,3.53,en,wordfreq,0,3.0
aspiration,3.3,en,wordfreq,0,2.7
aspirations,3.66,en,wordfreq,0,3.25
aspire,3.47,en,wordfreq,0,1.95
aspirin,3.34,en,wordfreq,0,2.8
aspiring,3.56,en,wordfreq,0,2.55
ass,5.0,en,wordfreq,27,1.0
assad,3.63,en,wordfreq,2,1.9
assailant,3.09,en,wordfreq,0,3.9
assam,3.29,en,wordfreq,2,1.9
assange,3.36,en,wordfreq,0,2.85
assassin,3.66,en,wordfreq,0,3.5
assassinate,3.2,en,wordfreq,0,4.25
assassinated,3.39,en,wordfreq,0,4.4
assassination,3.82,en,wordfreq,0,4.55
assassinations,2.99,en,wordfreq,0,5.0
assassins,3.42,en,wordfreq,0,3.65
assault,4.44,en,wordfreq,0,2.85
assaulted,3.75,en,wordfreq,0,3.3
assaulting,3.36,en,wordfreq,0,3.55
assaults,3.48,en,wordfreq,0,3.0
assay,3.28,en,wordfreq,3,1.8
assays,2.99,en,wordfreq,1,2.25
assemble,3.64,en,wordfreq,1,2.95
assembled,3.96,en,wordfreq,0,3.1
assemblies,3.48,en,wordfreq,0,3.8
assembling,3.33,en,wordfreq,0,3.4
assembly,4.61,en,wordfreq,1,3.55
assent,3.03,en,wordfreq,3,1.8
assert,3.62,en,wordfreq,1,1.85
asserted,3.59,en,wordfreq,1,2.45
asserting,3.35,en,wordfreq,0,2.6
assertion,3.63,en,wordfreq,0,2.75
assertions,3.27,en,wordfreq,0,3.3
assertive,3.19,en,wordfreq,0,3.4
asserts,3.38,en,wordfreq,0,2.15
asses,3.79,en,wordfreq,2,1.7
assess,4.07,en,wordfreq,1,2.15
assessed,3.9,en,wordfreq,0,2.7
assessing,3.74,en,wordfreq,0,2.65
assessment,4.46,en,wordfreq,0,3.65
assessments,3.79,en,wordfreq,0,4.1
asset,4.23,en,wordfreq,1,1.8
assets,4.56,en,wordfreq,1,2.0
asshole,4.34,en,wordfreq,0,2.85
assholes,3.71,en,wordfreq,0,3.15
assign,3.66,en,wordfreq,0,2.4
assigned,4.39,en,wordfreq,0,2.6
assigning,3.28,en,wordfreq,0,2.85
assignment,4.18,en,wordfreq,0,3.5
assignments,3.88,en,wordfreq,0,3.95
assigns,3.23,en,wordfreq,0,2.55
assimilate,3.05,en,wordfreq,0,3.65
assimilated,3.07,en,wordfreq,0,3.6
assimilation,3.19,en,wordfreq,0,3.7
assist,4.42,en,wordfreq,0,2.2
assistance,4.59,en,wordfreq,0,3.45
assistant,4.72,en,wordfreq,0,3.2
assistants,3.68,en,wordfreq,0,3.6
assisted,4.1,en,wordfreq,0,2.6
assisting,3.79,en,wordfreq,0,2.7
assists,4.03,en,wordfreq,0,2.4
assn,3.03,en,wordfreq,0,1.95
associate,4.39,en,wordfreq,0,3.45
associated,4.89,en,wordfreq,1,3.35
associates,4.14,en,wordfreq,1,3.45
associating,3.13,en,wordfreq,0,3.5
association,5.01,en,wordfreq,0,3.5
associations,4.02,en,wordfreq,0,3.85
assorted,3.28,en,wordfreq,1,2.55
assortment,3.26,en,wordfreq,0,3.75
assume,4.57,en,wordfreq,1,2.4
assumed,4.39,en,wordfreq,2,2.45
assumes,3.78,en,wordfreq,2,2.45
assuming,4.23,en,wordfreq,1,2.8
assumption,4.07,en,wordfreq,0,3.55
assumptions,3.95,en,wordfreq,0,3.85
assurance,3.81,en,wordfreq,0,3.25
assurances,3.32,en,wordfreq,0,3.6
assure,4.06,en,wordfreq,1,1.9
assured,4.07,en,wordfreq,2,2.25
assures,3.23,en,wordfreq,2,2.35
assuring,3.12,en,wordfreq,1,2.6
assyrian,2.96,en,wordfreq,0,3.2
ast,3.08,en,wordfreq,25,1.0
asterisk,3.05,en,wordfreq,0,3.2
asteroid,3.56,en,wordfreq,0,3.05
asteroids,3.2,en,wordfreq,0,3.4
asthma,3.73,en,wordfreq,0,2.95
aston,3.66,en,wordfreq,3,1.7
astonished,3.27,en,wordfreq,0,4.05
astonishing,3.67,en,wordfreq,0,4.25
astoria,3.1,en,wordfreq,0,2.7
astounding,3.45,en,wordfreq,0,3.2
astra,3.04,en,wordfreq,1,1.85
astral,3.13,en,wordfreq,1,2.15
astray,3.13,en,wordfreq,1,1.95
astrid,2.99,en,wordfreq,0,2.35
astro,3.23,en,wordfreq,1,1.85
astrology,3.38,en,wordfreq,0,3.55
astronaut,3.6,en,wordfreq,0,3.8
astronauts,3.46,en,wordfreq,0,4.3
astronomer,3.16,en,wordfreq,0,4.0
astronomers,3.4,en,wordfreq,0,4.35
astronomical,3.49,en,wordfreq,0,5.25
astronomy,3.63,en,wordfreq,0,3.55
astrophysics,2.99,en,wordfreq,0,5.7
astros,3.35,en,wordfreq,0,2.5
astute,3.1,en,wordfreq,0,2.7
asu,3.04,en,wordfreq,18,1.0
asus,3.23,en,wordfreq,2,1.7
aswell,3.21,en,wordfreq,0,2.05
asylum,3.99,en,wordfreq,0,2.9
asymmetric,3.14,en,wordfreq,0,4.3
asymmetrical,3.05,en,wordfreq,0,5.0
at,6.7,en,wordfreq,48,1.0
ata,3.04,en,wordfreq,31,1.0
atari,2.98,en,wordfreq,0,2.0
atc,3.09,en,wordfreq,28,1.0
ate,4.34,en,wordfreq,27,1.0
atf,3.05,en,wordfreq,15,1.1
ath,2.96,en,wordfreq,15,1.0
atheism,3.45,en,wordfreq,1,2.8
atheist,3.62,en,wordfreq,1,2.55
atheists,3.34,en,wordfreq,0,2.85
athena,3.25,en,wordfreq,1,2.6
athenian,3.03,en,wordfreq,0,3.25
athens,3.92,en,wordfreq,1,2.05
athlete,4.11,en,wordfreq,0,2.85
athletes,4.34,en,wordfreq,0,3.1
athletic,4.12,en,wordfreq,0,3.05
athleticism,2.98,en,wordfreq,0,4.6
athletics,3.82,en,wordfreq,0,3.35
atk,3.01,en,wordfreq,13,1.2
atkins,3.3,en,wordfreq,0,2.3
atkinson,3.42,en,wordfreq,0,3.4
atl,3.16,en,wordfreq,18,1.0
atlanta,4.37,en,wordfreq,0,2.9
atlantic,4.39,en,wordfreq,1,2.95
atlantis,3.43,en,wordfreq,1,3.6
atlas,3.8,en,wordfreq,0,1.95
atleast,3.54,en,wordfreq,0,2.75
atletico,3.09,en,wordfreq,0,3.6
atm,3.85,en,wordfreq,16,1.0
atmosphere,4.46,en,wordfreq,0,4.7
atmospheric,3.84,en,wordfreq,0,5.5
atms,2.95,en,wordfreq,2,1.7
atom,3.72,en,wordfreq,1,1.8
atomic,3.98,en,wordfreq,0,2.6
atoms,3.75,en,wordfreq,0,1.85
atonement,3.09,en,wordfreq,0,3.6
atop,3.63,en,wordfreq,2,1.8
atp,3.51,en,wordfreq,19,1.0
atrial,2.96,en,wordfreq,1,2.0
atrium,3.12,en,wordfreq,0,2.85
atrocious,3.14,en,wordfreq,0,3.65
atrocities,3.53,en,wordfreq,0,3.85
atrocity,3.03,en,wordfreq,0,3.6
atrophy,2.97,en,wordfreq,0,3.35
ats,3.01,en,wordfreq,31,1.0
att,3.22,en,wordfreq,21,1.0
atta,2.99,en,wordfreq,1,1.85
attach,3.75,en,wordfreq,1,2.45
attached,4.52,en,wordfreq,2,2.55
attaches,3.11,en,wordfreq,1,2.6
attaching,3.26,en,wordfreq,1,2.75
attachment,3.88,en,wordfreq,0,3.45
attachments,3.38,en,wordfreq,0,4.05
attack,5.09,en,wordfreq,1,2.3
attacked,4.52,en,wordfreq,2,2.4
attacker,3.59,en,wordfreq,1,2.55
attackers,3.51,en,wordfreq,0,2.85
attacking,4.29,en,wordfreq,1,2.7
attacks,4.68,en,wordfreq,0,2.5
attain,3.6,en,wordfreq,0,2.15
attainable,3.1,en,wordfreq,0,3.8
attained,3.57,en,wordfreq,0,2.55
attaining,3.18,en,wordfreq,0,2.65
attainment,3.15,en,wordfreq,0,3.7
attempt,4.85,en,wordfreq,0,2.8
attempted,4.42,en,wordfreq,0,3.3
attempting,4.27,en,wordfreq,0,3.6
attempts,4.5,en,wordfreq,0,3.3
attend,4.55,en,wordfreq,0,2.3
attendance,4.17,en,wordfreq,0,3.7
attendant,3.6,en,wordfreq,0,3.15
attendants,3.32,en,wordfreq,0,3.5
attended,4.47,en,wordfreq,0,2.5
attendees,3.55,en,wordfreq,0,3.5
attending,4.31,en,wordfreq,0,2.65
attends,3.49,en,wordfreq,0,2.5
attention,5.11,en,wordfreq,0,2.75
attentive,3.3,en,wordfreq,0,3.3
attest,3.25,en,wordfreq,0,2.35
attested,3.16,en,wordfreq,0,2.75
attic,3.63,en,wordfreq,0,2.0
attire,3.49,en,wordfreq,0,2.5
attitude,4.58,en,wordfreq,2,2.9
attitudes,4.01,en,wordfreq,1,3.35
attorney,4.69,en,wordfreq,0,3.4
attorneys,4.01,en,wordfreq,0,3.85
attract,4.2,en,wordfreq,0,2.45
attracted,4.31,en,wordfreq,0,2.7
attracting,3.69,en,wordfreq,0,2.9
attraction,4.11,en,wordfreq,0,2.6
attractions,3.9,en,wordfreq,0,3.15
attractive,4.53,en,wordfreq,0,3.4
attractiveness,3.25,en,wordfreq,0,6.15
attracts,3.63,en,wordfreq,0,2.65
attributable,3.31,en,wordfreq,0,4.85
attribute,3.77,en,wordfreq,0,3.25
attributed,4.05,en,wordfreq,1,3.4
attributes,3.92,en,wordfreq,1,3.35
attribution,3.36,en,wordfreq,0,3.75
attrition,3.16,en,wordfreq,0,2.85
atv,3.12,en,wordfreq,15,1.1
atwood,3.04,en,wordfreq,0,2.85
atypical,3.12,en,wordfreq,0,3.35
au,4.02,en,wordfreq,49,1.0
aubrey,3.31,en,wordfreq,1,2.8
auburn,3.72,en,wordfreq,0,2.85
auckland,3.7,en,wordfreq,0,3.65
auction,4.27,en,wordfreq,1,1.95
auctioned,3.04,en,wordfreq,0,3.0
auctioneer,3.15,en,wordfreq,0,4.3
auctions,3.45,en,wordfreq,0,2.3
aud,3.16,en,wordfreq,16,1.0
audacious,2.95,en,wordfreq,0,3.55
audacity,3.27,en,wordfreq,0,3.5
audi,3.66,en,wordfreq,2,1.65
audible,3.45,en,wordfreq,0,2.95
audience,4.73,en,wordfreq,0,3.25
audiences,4.02,en,wordfreq,0,3.65
audio,4.47,en,wordfreq,1,1.9
audiobook,3.1,en,wordfreq,0,4.5
audit,4.04,en,wordfreq,1,1.85
audited,3.13,en,wordfreq,0,2.6
auditing,3.26,en,wordfreq,0,2.75
audition,3.77,en,wordfreq,1,2.35
auditioning,2.96,en,wordfreq,0,3.9
auditions,3.4,en,wordfreq,1,2.4
auditor,3.48,en,wordfreq,0,2.45
auditorium,3.51,en,wordfreq,0,4.4
auditors,3.25,en,wordfreq,1,2.6
auditory,3.25,en,wordfreq,1,2.9
audits,3.29,en,wordfreq,0,1.95
audrey,3.55,en,wordfreq,1,2.55
audubon,2.95,en,wordfreq,0,3.55
auf,3.09,en,wordfreq,7,1.5
aug,4.33,en,wordfreq,18,1.0
augment,3.19,en,wordfreq,0,2.6
augmentation,3.05,en,wordfreq,0,4.0
augmented,3.5,en,wordfreq,0,3.35
august,5.1,en,wordfreq,0,2.6
augusta,3.59,en,wordfreq,0,3.05
augustine,3.51,en,wordfreq,0,3.65
augustus,3.43,en,wordfreq,0,3.65
aung,2.97,en,wordfreq,11,1.35
aunt,4.16,en,wordfreq,5,1.5
auntie,3.3,en,wordfreq,0,2.3
aunts,3.21,en,wordfreq,3,1.65
aunty,3.16,en,wordfreq,1,1.9
aur,2.95,en,wordfreq,15,1.05
aura,3.52,en,wordfreq,0,1.85
aurora,3.73,en,wordfreq,0,2.75
aus,3.57,en,wordfreq,26,1.0
auschwitz,3.32,en,wordfreq,0,4.85
auspices,3.22,en,wordfreq,0,2.85
auspicious,3.09,en,wordfreq,1,3.45
aussie,3.55,en,wordfreq,0,2.5
aussies,3.06,en,wordfreq,1,2.65
austen,3.3,en,wordfreq,1,2.15
austere,3.0,en,wordfreq,0,2.65
austerity,3.41,en,wordfreq,0,3.6
austin,4.36,en,wordfreq,3,1.9
australia,5.06,en,wordfreq,0,3.55
australian,4.93,en,wordfreq,0,3.6
australians,3.63,en,wordfreq,0,4.35
austria,4.07,en,wordfreq,0,2.65
austrian,3.8,en,wordfreq,0,2.75
auth,2.95,en,wordfreq,2,1.85
authentic,4.04,en,wordfreq,0,3.65
authentication,3.35,en,wordfreq,0,5.4
authenticity,3.6,en,wordfreq,0,5.5
author,4.95,en,wordfreq,1,2.3
authored,3.49,en,wordfreq,0,2.75
authorisation,3.03,en,wordfreq,1,4.45
authorised,3.61,en,wordfreq,1,3.35
authoritarian,3.59,en,wordfreq,0,5.1
authoritative,3.4,en,wordfreq,0,5.1
authorities,4.63,en,wordfreq,0,3.65
authority,4.81,en,wordfreq,0,3.5
authorization,3.74,en,wordfreq,1,4.25
authorize,3.38,en,wordfreq,0,3.3
authorized,4.12,en,wordfreq,1,3.25
authorizing,3.12,en,wordfreq,0,4.2
authors,4.49,en,wordfreq,0,2.6
authorship,3.15,en,wordfreq,0,4.3
autism,3.97,en,wordfreq,0,2.85
autistic,3.43,en,wordfreq,1,2.9
auto,4.48,en,wordfreq,2,1.85
autobiography,3.63,en,wordfreq,0,5.25
autograph,3.49,en,wordfreq,0,3.85
autographs,3.12,en,wordfreq,0,4.05
autoimmune,3.17,en,wordfreq,0,4.8
automate,3.08,en,wordfreq,0,3.2
automated,3.91,en,wordfreq,0,3.15
automatic,4.36,en,wordfreq,0,3.4
automatically,4.52,en,wordfreq,0,5.0
automation,3.8,en,wordfreq,0,3.25
automobile,3.94,en,wordfreq,0,4.4
automobiles,3.49,en,wordfreq,0,4.65
automotive,3.93,en,wordfreq,0,3.95
autonomous,3.85,en,wordfreq,0,4.55
autonomy,3.86,en,wordfreq,0,3.65
autopilot,3.16,en,wordfreq,0,4.7
autopsy,3.57,en,wordfreq,0,3.15
autos,3.12,en,wordfreq,0,1.95
autumn,4.26,en,wordfreq,0,2.95
aux,3.44,en,wordfreq,6,1.5
auxiliary,3.74,en,wordfreq,0,3.9
av,3.63,en,wordfreq,43,1.0
ava,3.49,en,wordfreq,20,1.0
avail,3.59,en,wordfreq,0,1.95
availability,4.13,en,wordfreq,0,4.35
available,5.28,en,wordfreq,0,3.35
avalanche,3.48,en,wordfreq,0,3.9
avalon,3.19,en,wordfreq,0,2.65
avant,3.36,en,wordfreq,0,2.0
avatar,3.69,en,wordfreq,0,2.75
avatars,2.96,en,wordfreq,0,2.9
ave,4.04,en,wordfreq,17,1.0
avec,3.03,en,wordfreq,1,1.9
avenge,3.25,en,wordfreq,1,2.3
avenged,2.96,en,wordfreq,1,2.45
avenger,3.09,en,wordfreq,1,2.35
avengers,3.78,en,wordfreq,0,2.75
avenue,4.43,en,wordfreq,1,2.4
avenues,3.5,en,wordfreq,0,2.45
average,5.16,en,wordfreq,0,2.5
averaged,3.85,en,wordfreq,1,2.65
averages,3.64,en,wordfreq,1,2.75
averaging,3.73,en,wordfreq,0,3.3
averse,3.06,en,wordfreq,0,1.9
aversion,3.25,en,wordfreq,0,2.75
avert,3.14,en,wordfreq,3,1.75
averted,3.07,en,wordfreq,1,2.15
avery,3.6,en,wordfreq,2,1.85
avg,3.37,en,wordfreq,7,1.5
avi,3.18,en,wordfreq,11,1.15
avian,3.14,en,wordfreq,1,1.95
aviation,4.17,en,wordfreq,0,2.55
aviator,2.97,en,wordfreq,0,2.7
avid,3.5,en,wordfreq,4,1.55
aviv,3.53,en,wordfreq,1,1.9
avocado,3.45,en,wordfreq,0,3.55
avoid,4.87,en,wordfreq,0,2.0
avoidable,2.97,en,wordfreq,0,3.25
avoidance,3.54,en,wordfreq,0,3.6
avoided,4.07,en,wordfreq,0,2.8
avoiding,4.07,en,wordfreq,0,2.85
avoids,3.5,en,wordfreq,0,2.6
avon,3.45,en,wordfreq,2,1.85
aw,4.13,en,wordfreq,44,1.0
await,3.63,en,wordfreq,0,1.9
awaited,3.58,en,wordfreq,0,2.4
awaiting,3.75,en,wordfreq,0,2.4
awaits,3.55,en,wordfreq,0,2.25
awake,4.14,en,wordfreq,2,1.8
awaken,3.35,en,wordfreq,0,2.25
awakened,3.3,en,wordfreq,0,3.15
awakening,3.72,en,wordfreq,0,3.3
awakens,3.22,en,wordfreq,0,2.7
award,4.88,en,wordfreq,1,1.85
awarded,4.35,en,wordfreq,0,2.3
awarding,3.4,en,wordfreq,0,2.35
awards,4.71,en,wordfreq,0,1.9
aware,4.78,en,wordfreq,2,1.85
awareness,4.44,en,wordfreq,0,3.45
away,5.62,en,wordfreq,2,1.85
awe,3.8,en,wordfreq,16,1.05
awesome,4.92,en,wordfreq,0,3.3
awesomeness,2.96,en,wordfreq,0,5.0
awful,4.46,en,wordfreq,0,2.75
awfully,3.41,en,wordfreq,0,2.8
awhile,3.89,en,wordfreq,0,2.6
awkward,4.29,en,wordfreq,0,2.85
awkwardly,3.25,en,wordfreq,0,4.15
awkwardness,3.0,en,wordfreq,0,4.8
awoke,3.15,en,wordfreq,1,1.9
aws,3.17,en,wordfreq,15,1.0
aww,3.67,en,wordfreq,3,1.7
awww,3.11,en,wordfreq,0,2.25
ax,3.34,en,wordfreq,36,1.0
axe,3.79,en,wordfreq,12,1.15
axel,3.28,en,wordfreq,2,1.85
axes,3.41,en,wordfreq,8,1.4
axial,3.15,en,wordfreq,0,2.0
axiom,3.02,en,wordfreq,0,2.7
axis,4.02,en,wordfreq,2,1.8
axle,3.49,en,wordfreq,1,1.8
axles,2.98,en,wordfreq,0,1.9
ay,3.61,en,wordfreq,39,1.0
aye,3.89,en,wordfreq,20,1.0
ayn,2.96,en,wordfreq,7,1.55
ayr,2.97,en,wordfreq,6,1.55
ayrshire,3.05,en,wordfreq,0,3.55
az,3.68,en,wordfreq,30,1.0
azalea,3.05,en,wordfreq,0,3.0
azerbaijan,3.48,en,wordfreq,0,4.9
aziz,3.23,en,wordfreq,1,1.95
aztec,3.1,en,wordfreq,0,2.45
azure,3.35,en,wordfreq,0,2.0
ba,4.13,en,wordfreq,46,1.0
bab,3.0,en,wordfreq,25,1.0
baba,3.58,en,wordfreq,6,1.55
babcock,3.1,en,wordfreq,0,3.1
babe,4.11,en,wordfreq,10,1.3
babes,3.39,en,wordfreq,3,1.75
babies,4.45,en,wordfreq,1,1.9
babu,2.98,en,wordfreq,4,1.7
baby,5.26,en,wordfreq,3,1.75
babylon,3.54,en,wordfreq,0,2.95
babylonian,3.01,en,wordfreq,0,4.7
babysit,3.03,en,wordfreq,0,3.25
babysitter,3.21,en,wordfreq,0,4.6
babysitting,3.21,en,wordfreq,0,4.5
bac,3.1,en,wordfreq,27,1.0
bach,3.53,en,wordfreq,6,1.45
bachelor,3.97,en,wordfreq,0,3.6
bachelorette,3.18,en,wordfreq,0,5.75
bachelors,3.19,en,wordfreq,0,3.8
back,6.04,en,wordfreq,16,1.0
backbone,3.53,en,wordfreq,0,3.55
backdoor,3.03,en,wordfreq,0,3.55
backdrop,3.58,en,wordfreq,0,3.7
backed,4.26,en,wordfreq,8,1.5
backer,3.0,en,wordfreq,6,1.6
backers,3.23,en,wordfreq,3,1.75
backfire,3.11,en,wordfreq,0,3.25
backfired,3.04,en,wordfreq,0,3.6
background,4.77,en,wordfreq,0,4.35
backgrounds,3.79,en,wordfreq,0,4.65
backing,4.23,en,wordfreq,7,1.6
backlash,3.66,en,wordfreq,0,3.4
backlog,3.21,en,wordfreq,0,2.95
backpack,3.78,en,wordfreq,0,3.45
backpacking,3.0,en,wordfreq,0,4.55
backpacks,3.07,en,wordfreq,0,3.6
backs,4.1,en,wordfreq,9,1.45
backseat,3.19,en,wordfreq,0,3.25
backside,3.2,en,wordfreq,0,3.25
backstage,3.6,en,wordfreq,0,3.75
backstory,3.14,en,wordfreq,0,3.75
backup,4.21,en,wordfreq,0,2.55
backups,3.12,en,wordfreq,0,2.75
backward,3.71,en,wordfreq,1,2.7
backwards,4.04,en,wordfreq,0,3.4
backyard,3.87,en,wordfreq,1,3.05
bacon,4.15,en,wordfreq,3,1.8
bacteria,4.19,en,wordfreq,0,2.85
bacterial,3.73,en,wordfreq,0,3.15
bacterium,3.05,en,wordfreq,0,3.7
bad,5.53,en,wordfreq,30,1.0
badass,3.71,en,wordfreq,0,2.7
baden,3.52,en,wordfreq,3,1.8
bader,2.99,en,wordfreq,5,1.7
badge,4.02,en,wordfreq,2,1.8
badger,3.48,en,wordfreq,2,1.75
badgers,3.25,en,wordfreq,0,1.9
badges,3.5,en,wordfreq,2,1.8
badly,4.44,en,wordfreq,2,1.9
badminton,3.28,en,wordfreq,0,3.8
bae,3.58,en,wordfreq,25,1.0
baek,2.99,en,wordfreq,3,1.8
baffled,3.36,en,wordfreq,0,2.7
baffling,3.13,en,wordfreq,0,2.9
bafta,3.09,en,wordfreq,1,1.95
bag,4.79,en,wordfreq,29,1.0
bagel,3.18,en,wordfreq,1,1.9
bagels,3.03,en,wordfreq,0,1.95
baggage,3.74,en,wordfreq,0,2.85
bagged,3.18,en,wordfreq,8,1.6
bagging,3.0,en,wordfreq,6,1.65
baggy,3.16,en,wordfreq,1,1.95
baghdad,3.64,en,wordfreq,0,3.55
bags,4.43,en,wordfreq,12,1.25
bah,3.12,en,wordfreq,22,1.0
bahamas,3.53,en,wordfreq,0,2.85
bahrain,3.59,en,wordfreq,0,2.9
bai,3.18,en,wordfreq,30,1.0
bail,4.01,en,wordfreq,14,1.15
bailed,3.33,en,wordfreq,9,1.55
bailey,4.06,en,wordfreq,4,1.8
bailiff,3.0,en,wordfreq,0,2.95
bailing,2.98,en,wordfreq,9,1.5
bailout,3.16,en,wordfreq,0,2.9
bain,3.23,en,wordfreq,12,1.1
baines,3.01,en,wordfreq,3,1.85
baird,3.36,en,wordfreq,1,1.85
bait,3.85,en,wordfreq,8,1.45
baiting,3.01,en,wordfreq,3,1.8
baja,3.1,en,wordfreq,3,1.85
bake,3.91,en,wordfreq,16,1.0
baked,3.92,en,wordfreq,4,1.65
baker,4.23,en,wordfreq,7,1.35
bakers,3.17,en,wordfreq,5,1.6
bakersfield,3.12,en,wordfreq,0,4.6
bakery,3.67,en,wordfreq,1,1.9
baking,3.92,en,wordfreq,8,1.4
baku,2.99,en,wordfreq,2,1.9
bal,3.13,en,wordfreq,28,1.0
balance,4.76,en,wordfreq,0,2.4
balanced,4.18,en,wordfreq,1,2.7
balances,3.62,en,wordfreq,1,2.65
balancing,3.8,en,wordfreq,0,2.95
balboa,2.95,en,wordfreq,0,2.75
balconies,3.04,en,wordfreq,0,3.6
balcony,3.78,en,wordfreq,0,2.85
bald,3.83,en,wordfreq,7,1.55
baldwin,3.79,en,wordfreq,0,3.0
bale,3.61,en,wordfreq,20,1.0
bales,2.97,en,wordfreq,8,1.55
balfour,3.16,en,wordfreq,0,2.95
bali,3.69,en,wordfreq,7,1.5
balkan,3.19,en,wordfreq,0,2.5
balkans,3.25,en,wordfreq,0,2.8
ball,5.04,en,wordfreq,16,1.05
ballad,3.42,en,wordfreq,0,2.0
ballads,3.16,en,wordfreq,0,2.55
ballard,3.25,en,wordfreq,0,2.55
ballast,3.16,en,wordfreq,0,2.45
ballerina,3.1,en,wordfreq,0,3.6
ballet,3.95,en,wordfreq,5,1.75
ballistic,3.48,en,wordfreq,0,3.6
balloon,3.9,en,wordfreq,0,2.5
balloons,3.66,en,wordfreq,0,2.75
ballot,4.06,en,wordfreq,1,1.9
ballots,3.64,en,wordfreq,0,2.2
ballpark,3.3,en,wordfreq,0,3.6
ballroom,3.52,en,wordfreq,0,3.4
balls,4.52,en,wordfreq,9,1.5
balm,3.25,en,wordfreq,7,1.5
balochistan,3.05,en,wordfreq,0,5.55
baltic,3.57,en,wordfreq,0,2.7
baltimore,4.22,en,wordfreq,0,4.0
bam,3.64,en,wordfreq,33,1.0
bama,3.17,en,wordfreq,7,1.5
bambi,2.96,en,wordfreq,0,2.0
bamboo,3.65,en,wordfreq,0,2.8
ban,4.55,en,wordfreq,36,1.0
banana,4.0,en,wordfreq,0,2.25
bananas,3.7,en,wordfreq,0,2.85
banco,3.03,en,wordfreq,1,1.9
bancroft,2.99,en,wordfreq,0,3.8
band,4.92,en,wordfreq,14,1.0
banda,3.0,en,wordfreq,3,1.8
bandage,3.24,en,wordfreq,1,2.35
bandages,3.06,en,wordfreq,0,2.7
banded,3.13,en,wordfreq,6,1.65
bandit,3.37,en,wordfreq,0,2.25
bandits,3.39,en,wordfreq,0,2.7
bands,4.37,en,wordfreq,9,1.4
bandwagon,3.26,en,wordfreq,0,3.9
bandwidth,3.62,en,wordfreq,0,4.3
bane,3.26,en,wordfreq,20,1.0
bang,4.32,en,wordfreq,19,1.0
bangalore,3.69,en,wordfreq,0,3.75
banged,3.42,en,wordfreq,7,1.65
banger,3.02,en,wordfreq,10,1.45
banging,3.68,en,wordfreq,5,1.75
bangkok,3.84,en,wordfreq,0,3.0
bangladesh,3.96,en,wordfreq,0,4.4
bangladeshi,3.12,en,wordfreq,0,5.3
bangor,3.18,en,wordfreq,1,1.95
bangs,3.45,en,wordfreq,5,1.6
banish,3.07,en,wordfreq,2,1.9
banished,3.39,en,wordfreq,1,2.65
banjo,3.27,en,wordfreq,1,1.95
bank,5.16,en,wordfreq,14,1.15
banked,3.0,en,wordfreq,7,1.6
banker,3.78,en,wordfreq,8,1.5
bankers,3.77,en,wordfreq,5,1.65
banking,4.35,en,wordfreq,5,1.7
bankrupt,3.73,en,wordfreq,0,3.65
bankruptcy,4.11,en,wordfreq,0,5.35
banks,4.69,en,wordfreq,8,1.45
banned,4.41,en,wordfreq,8,1.6
banner,4.12,en,wordfreq,7,1.6
banners,3.6,en,wordfreq,2,1.85
banning,3.8,en,wordfreq,6,1.7
bannon,3.12,en,wordfreq,1,1.95
banquet,3.59,en,wordfreq,0,2.9
bans,3.69,en,wordfreq,19,1.0
banter,3.48,en,wordfreq,6,1.7
bantu,3.03,en,wordfreq,0,2.0
bao,3.13,en,wordfreq,27,1.0
baptism,3.55,en,wordfreq,1,2.75
baptist,3.86,en,wordfreq,1,2.5
baptiste,2.98,en,wordfreq,1,3.0
baptists,2.98,en,wordfreq,1,2.65
baptized,3.46,en,wordfreq,0,3.25
bar,4.94,en,wordfreq,29,1.0
barack,3.96,en,wordfreq,0,2.4
barb,3.31,en,wordfreq,9,1.4
barbados,3.5,en,wordfreq,0,3.5
barbara,4.2,en,wordfreq,0,2.8
barbarian,3.28,en,wordfreq,0,3.2
barbarians,3.3,en,wordfreq,0,3.65
barbaric,3.27,en,wordfreq,0,3.3
barbecue,3.62,en,wordfreq,0,3.75
barbed,3.27,en,wordfreq,2,1.9
barber,3.81,en,wordfreq,3,1.85
barbershop,2.99,en,wordfreq,0,4.85
barbie,3.56,en,wordfreq,1,1.95
barbour,3.04,en,wordfreq,1,2.55
barca,3.41,en,wordfreq,0,2.0
barcelona,4.23,en,wordfreq,0,3.95
barclay,3.19,en,wordfreq,0,2.7
barclays,3.23,en,wordfreq,0,3.4
bard,3.34,en,wordfreq,16,1.0
bare,4.18,en,wordfreq,20,1.0
barefoot,3.39,en,wordfreq,0,3.9
barely,4.49,en,wordfreq,1,1.95
bargain,3.95,en,wordfreq,0,2.7
bargaining,3.64,en,wordfreq,0,3.45
bargains,3.29,en,wordfreq,0,2.8
barge,3.5,en,wordfreq,4,1.7
barges,3.06,en,wordfreq,2,1.85
baring,2.97,en,wordfreq,5,1.5
barista,3.02,en,wordfreq,0,2.85
baritone,2.98,en,wordfreq,0,2.9
bark,3.85,en,wordfreq,14,1.15
barker,3.59,en,wordfreq,7,1.6
barking,3.51,en,wordfreq,5,1.65
barkley,3.33,en,wordfreq,0,2.05
barks,3.01,en,wordfreq,5,1.65
barley,3.49,en,wordfreq,6,1.65
barlow,3.36,en,wordfreq,2,1.9
barn,3.99,en,wordfreq,15,1.05
barnard,3.15,en,wordfreq,1,2.6
barnes,3.94,en,wordfreq,3,1.8
barnett,3.43,en,wordfreq,3,2.2
barney,3.54,en,wordfreq,3,1.85
barns,3.14,en,wordfreq,4,1.55
barnsley,3.0,en,wordfreq,0,2.75
barometer,3.18,en,wordfreq,0,3.55
baron,3.88,en,wordfreq,4,1.55
baroness,3.38,en,wordfreq,0,2.75
barons,3.17,en,wordfreq,0,1.9
baroque,3.32,en,wordfreq,0,2.95
barr,3.46,en,wordfreq,12,1.2
barracks,3.67,en,wordfreq,0,2.95
barrage,3.39,en,wordfreq,0,2.4
barre,3.08,en,wordfreq,2,1.6
barred,3.71,en,wordfreq,4,1.75
barrel,4.17,en,wordfreq,2,1.8
barrels,3.83,en,wordfreq,0,2.2
barren,3.4,en,wordfreq,5,1.7
barrett,3.64,en,wordfreq,3,2.15
barricade,3.09,en,wordfreq,0,3.5
barricades,3.0,en,wordfreq,0,3.65
barrie,3.12,en,wordfreq,2,1.8
barrier,4.15,en,wordfreq,1,1.85
barriers,4.01,en,wordfreq,1,2.45
barring,3.44,en,wordfreq,4,1.75
barrister,3.37,en,wordfreq,0,3.2
barron,3.15,en,wordfreq,3,1.8
barrow,3.38,en,wordfreq,7,1.6
barry,4.26,en,wordfreq,8,1.55
bars,4.45,en,wordfreq,20,1.0
bart,3.67,en,wordfreq,18,1.0
bartender,3.5,en,wordfreq,0,3.1
barter,3.05,en,wordfreq,7,1.65
bartholomew,3.12,en,wordfreq,0,5.65
bartlett,3.39,en,wordfreq,0,3.0
barton,3.61,en,wordfreq,4,1.7
bas,3.24,en,wordfreq,35,1.0
basal,3.4,en,wordfreq,3,1.8
basalt,3.02,en,wordfreq,0,2.65
base,5.05,en,wordfreq,11,1.2
baseball,4.54,en,wordfreq,0,3.4
based,5.51,en,wordfreq,4,1.65
basel,3.42,en,wordfreq,5,1.7
baseless,3.09,en,wordfreq,0,2.75
baseline,3.7,en,wordfreq,0,2.9
baseman,3.19,en,wordfreq,1,2.65
basement,4.18,en,wordfreq,0,2.9
bases,4.18,en,wordfreq,10,1.35
bash,3.81,en,wordfreq,14,1.1
bashed,3.1,en,wordfreq,6,1.65
bashing,3.45,en,wordfreq,5,1.7
bashir,3.02,en,wordfreq,0,2.4
basic,4.89,en,wordfreq,3,1.8
basically,4.63,en,wordfreq,0,3.15
basics,3.82,en,wordfreq,1,2.35
basil,3.65,en,wordfreq,5,1.65
basilica,3.08,en,wordfreq,0,3.6
basin,4.08,en,wordfreq,3,1.7
basing,3.23,en,wordfreq,5,1.65
basins,3.26,en,wordfreq,2,1.8
basis,4.81,en,wordfreq,5,1.6
basket,4.07,en,wordfreq,2,1.85
basketball,4.56,en,wordfreq,0,4.45
baskets,3.45,en,wordfreq,0,2.2
basque,3.18,en,wordfreq,0,2.7
bass,4.28,en,wordfreq,14,1.05
bassett,3.08,en,wordfreq,0,2.5
bassist,3.2,en,wordfreq,0,2.65
bastard,3.89,en,wordfreq,0,2.65
bastards,3.63,en,wordfreq,0,2.9
bastille,3.04,en,wordfreq,0,2.95
bastion,3.31,en,wordfreq,0,2.25
bat,4.3,en,wordfreq,34,1.0
batch,3.91,en,wordfreq,8,1.5
batches,3.23,en,wordfreq,6,1.7
bateman,3.07,en,wordfreq,2,2.65
bates,3.64,en,wordfreq,14,1.25
bath,4.44,en,wordfreq,9,1.25
bathe,3.22,en,wordfreq,1,1.85
bathed,3.13,en,wordfreq,2,1.85
bathing,3.68,en,wordfreq,2,1.9
bathroom,4.54,en,wordfreq,0,3.5
bathrooms,3.67,en,wordfreq,0,3.7
baths,3.67,en,wordfreq,4,1.7
bathtub,3.45,en,wordfreq,0,3.5
bathurst,3.11,en,wordfreq,0,3.45
batman,4.22,en,wordfreq,0,1.9
baton,3.64,en,wordfreq,4,1.75
bats,3.82,en,wordfreq,18,1.0
batsman,3.4,en,wordfreq,2,2.65
batsmen,2.99,en,wordfreq,1,2.8
battalion,3.81,en,wordfreq,0,3.7
battalions,3.17,en,wordfreq,0,3.8
batted,3.19,en,wordfreq,2,1.85
batter,3.56,en,wordfreq,10,1.4
battered,3.41,en,wordfreq,1,2.0
batteries,4.06,en,wordfreq,0,2.85
batters,3.1,en,wordfreq,2,1.85
battery,4.52,en,wordfreq,1,1.9
batting,3.84,en,wordfreq,3,1.8
battle,4.94,en,wordfreq,3,1.75
battled,3.27,en,wordfreq,3,2.0
battlefield,3.93,en,wordfreq,0,4.7
battleground,3.07,en,wordfreq,0,5.6
battles,4.18,en,wordfreq,2,1.95
battleship,3.15,en,wordfreq,0,4.5
battleships,2.95,en,wordfreq,0,4.65
battling,3.69,en,wordfreq,2,2.35
bauer,3.51,en,wordfreq,3,1.85
baum,2.97,en,wordfreq,1,1.85
bautista,2.96,en,wordfreq,0,3.25
bavaria,3.18,en,wordfreq,0,2.85
bavarian,3.12,en,wordfreq,0,2.8
baxter,3.56,en,wordfreq,3,1.85
bay,4.73,en,wordfreq,32,1.0
bayer,3.26,en,wordfreq,8,1.55
bayern,3.75,en,wordfreq,0,2.0
bayesian,2.95,en,wordfreq,0,3.5
bayley,2.98,en,wordfreq,3,1.85
baylor,3.43,en,wordfreq,1,2.3
bayonet,3.15,en,wordfreq,0,3.0
bayou,3.14,en,wordfreq,0,2.05
bays,3.32,en,wordfreq,17,1.05
bazaar,3.37,en,wordfreq,0,3.0
bb,3.84,en,wordfreq,43,1.0
bbb,2.98,en,wordfreq,10,1.45
bbc,4.57,en,wordfreq,13,1.25
bbl,3.05,en,wordfreq,7,1.55
bbq,3.66,en,wordfreq,5,1.7
bbs,2.99,en,wordfreq,20,1.0
bbw,3.18,en,wordfreq,8,1.5
bc,4.49,en,wordfreq,44,1.0
bce,3.1,en,wordfreq,6,1.55
bcs,3.26,en,wordfreq,14,1.1
bd,3.49,en,wordfreq,44,1.0
bds,3.06,en,wordfreq,14,1.0
bdsm,3.33,en,wordfreq,0,1.9
be,6.79,en,wordfreq,45,1.0
bea,3.34,en,wordfreq,21,1.0
beach,4.92,en,wordfreq,6,1.5
beaches,3.96,en,wordfreq,4,1.75
beacon,3.74,en,wordfreq,1,1.95
beacons,3.12,en,wordfreq,0,2.5
bead,3.44,en,wordfreq,14,1.0
beaded,3.06,en,wordfreq,2,1.85
beads,3.69,en,wordfreq,8,1.4
beagle,3.06,en,wordfreq,0,2.25
beak,3.3,en,wordfreq,11,1.3
beal,2.99,en,wordfreq,17,1.0
beale,3.19,en,wordfreq,1,1.8
beam,4.14,en,wordfreq,9,1.4
beamed,3.0,en,wordfreq,3,1.85
beaming,3.03,en,wordfreq,4,1.8
beams,3.76,en,wordfreq,6,1.65
bean,3.98,en,wordfreq,17,1.0
beanie,2.99,en,wordfreq,1,2.1
beans,4.14,en,wordfreq,8,1.5
bear,4.71,en,wordfreq,20,1.0
beard,4.07,en,wordfreq,3,1.65
bearded,3.34,en,wordfreq,1,1.9
beards,3.29,en,wordfreq,1,1.8
bearer,3.43,en,wordfreq,4,1.75
bearers,3.12,en,wordfreq,1,1.9
bearing,4.22,en,wordfreq,10,1.4
bearings,3.54,en,wordfreq,2,1.85
bears,4.34,en,wordfreq,14,1.1
beasley,3.01,en,wordfreq,0,2.45
beast,4.29,en,wordfreq,5,1.5
beasts,3.7,en,wordfreq,3,1.7
beat,5.01,en,wordfreq,21,1.0
beaten,4.21,en,wordfreq,1,1.9
beater,3.09,en,wordfreq,6,1.65
beating,4.43,en,wordfreq,7,1.55
beatings,3.02,en,wordfreq,1,1.95
beatles,3.88,en,wordfreq,1,2.0
beatrice,3.41,en,wordfreq,0,3.0
beats,4.22,en,wordfreq,13,1.1
beatty,3.19,en,wordfreq,1,1.9
beau,3.58,en,wordfreq,7,1.55
beaufort,3.06,en,wordfreq,0,3.7
beaumont,3.31,en,wordfreq,0,3.55
beauties,3.39,en,wordfreq,0,2.9
beautiful,5.22,en,wordfreq,0,3.85
beautifully,3.92,en,wordfreq,0,4.65
beauty,4.75,en,wordfreq,1,2.4
beaver,3.61,en,wordfreq,3,1.8
beavers,3.06,en,wordfreq,2,1.85
bebe,2.97,en,wordfreq,1,1.9
became,5.15,en,wordfreq,1,2.25
because,6.03,en,wordfreq,0,2.9
becca,3.12,en,wordfreq,1,2.3
beck,3.71,en,wordfreq,7,1.6
becker,3.48,en,wordfreq,2,1.9
beckett,3.42,en,wordfreq,0,2.75
beckham,3.51,en,wordfreq,0,3.2
becky,3.63,en,wordfreq,1,1.9
become,5.4,en,wordfreq,1,2.45
becomes,4.83,en,wordfreq,0,2.65
becoming,4.81,en,wordfreq,0,2.55
bed,5.07,en,wordfreq,23,1.0
bedding,3.4,en,wordfreq,5,1.75
bedford,3.6,en,wordfreq,0,2.9
bedrock,3.28,en,wordfreq,0,2.9
bedroom,4.46,en,wordfreq,0,2.8
bedrooms,3.72,en,wordfreq,0,3.45
beds,4.17,en,wordfreq,10,1.25
bedside,3.35,en,wordfreq,0,2.65
bedtime,3.56,en,wordfreq,0,2.9
bee,4.09,en,wordfreq,27,1.0
beech,3.27,en,wordfreq,3,1.85
beef,4.29,en,wordfreq,6,1.65
been,6.27,en,wordfreq,14,1.2
beep,3.45,en,wordfreq,10,1.4
beer,4.7,en,wordfreq,11,1.35
beers,3.9,en,wordfreq,3,1.75
bees,3.96,en,wordfreq,14,1.1
beet,3.05,en,wordfreq,14,1.1
beethoven,3.41,en,wordfreq,0,4.1
beetle,3.53,en,wordfreq,0,2.0
beetles,3.34,en,wordfreq,1,2.5
beets,3.07,en,wordfreq,5,1.6
before,5.93,en,wordfreq,0,2.7
beforehand,3.62,en,wordfreq,0,4.7
befriended,2.95,en,wordfreq,0,3.95
beg,4.05,en,wordfreq,19,1.0
began,5.07,en,wordfreq,5,1.65
beggar,3.17,en,wordfreq,0,2.45
beggars,3.23,en,wordfreq,0,2.8
begged,3.58,en,wordfreq,5,1.75
begging,3.93,en,wordfreq,2,1.9
begin,4.84,en,wordfreq,3,1.75
beginner,3.52,en,wordfreq,0,2.9
beginners,3.52,en,wordfreq,0,3.15
beginning,5.0,en,wordfreq,0,2.9
beginnings,3.64,en,wordfreq,0,3.6
begins,4.62,en,wordfreq,0,1.95
begs,3.38,en,wordfreq,8,1.55
begun,4.36,en,wordfreq,2,1.9
behalf,4.42,en,wordfreq,0,2.75
behave,4.0,en,wordfreq,0,2.3
behaved,3.59,en,wordfreq,1,2.45
behaves,3.25,en,wordfreq,1,2.5
behaving,3.51,en,wordfreq,0,2.55
behavior,4.69,en,wordfreq,0,3.05
behavioral,3.86,en,wordfreq,0,4.2
behaviors,3.89,en,wordfreq,0,3.3
behaviour,4.36,en,wordfreq,0,3.35
behavioural,3.32,en,wordfreq,0,4.85
behaviours,3.33,en,wordfreq,0,3.7
beheaded,3.22,en,wordfreq,0,2.85
beheading,2.95,en,wordfreq,0,2.9
behemoth,2.97,en,wordfreq,0,3.9
behest,2.99,en,wordfreq,0,2.6
behind,5.29,en,wordfreq,0,2.3
behold,3.76,en,wordfreq,0,2.7
bei,3.1,en,wordfreq,19,1.0
beige,3.3,en,wordfreq,0,2.0
beijing,4.12,en,wordfreq,0,2.25
bein,3.2,en,wordfreq,9,1.2
being,5.95,en,wordfreq,2,1.7
beings,4.19,en,wordfreq,1,1.9
beirut,3.55,en,wordfreq,0,2.9
beit,2.99,en,wordfreq,9,1.4
bel,3.42,en,wordfreq,18,1.0
belarus,3.46,en,wordfreq,0,2.9
belated,3.02,en,wordfreq,1,1.9
belfast,3.88,en,wordfreq,0,2.85
belgian,3.82,en,wordfreq,0,2.75
belgium,4.15,en,wordfreq,0,3.15
belgrade,3.32,en,wordfreq,0,3.5
belief,4.46,en,wordfreq,1,2.45
beliefs,4.25,en,wordfreq,0,2.65
believable,3.29,en,wordfreq,0,3.7
believe,5.51,en,wordfreq,1,2.2
believed,4.75,en,wordfreq,3,2.35
believer,3.67,en,wordfreq,3,2.35
believers,3.66,en,wordfreq,0,2.75
believes,4.43,en,wordfreq,2,2.4
believing,4.15,en,wordfreq,1,2.9
belinda,3.11,en,wordfreq,1,2.7
belize,3.24,en,wordfreq,0,2.25
bell,4.59,en,wordfreq,15,1.0
bella,3.74,en,wordfreq,7,1.55
bellamy,3.3,en,wordfreq,0,2.9
belle,3.79,en,wordfreq,5,1.65
bellevue,3.22,en,wordfreq,0,3.65
belligerent,3.04,en,wordfreq,0,4.95
bello,3.02,en,wordfreq,6,1.65
bellows,3.07,en,wordfreq,1,2.2
bells,3.9,en,wordfreq,14,1.25
belly,4.1,en,wordfreq,10,1.45
belmont,3.33,en,wordfreq,0,2.85
belong,4.38,en,wordfreq,0,2.0
belonged,4.01,en,wordfreq,0,2.8
belonging,4.05,en,wordfreq,0,2.8
belongings,3.56,en,wordfreq,0,3.65
belongs,4.24,en,wordfreq,0,2.65
beloved,4.17,en,wordfreq,0,2.7
below,5.05,en,wordfreq,0,1.95
belt,4.42,en,wordfreq,10,1.35
belts,3.74,en,wordfreq,6,1.6
ben,4.69,en,wordfreq,26,1.0
bench,4.39,en,wordfreq,3,1.85
benches,3.47,en,wordfreq,2,2.15
benchmark,3.6,en,wordfreq,0,4.25
benchmarks,3.27,en,wordfreq,0,4.6
bend,4.13,en,wordfreq,12,1.15
bender,3.4,en,wordfreq,7,1.6
bending,3.68,en,wordfreq,8,1.5
bends,3.34,en,wordfreq,7,1.45
beneath,4.24,en,wordfreq,0,2.95
benedict,3.7,en,wordfreq,0,3.3
benefactor,3.09,en,wordfreq,0,4.05
beneficial,4.08,en,wordfreq,0,4.1
beneficiaries,3.45,en,wordfreq,0,6.05
beneficiary,3.37,en,wordfreq,0,4.8
benefit,4.82,en,wordfreq,0,2.75
benefited,3.67,en,wordfreq,0,3.5
benefiting,3.32,en,wordfreq,0,3.65
benefits,4.84,en,wordfreq,0,3.15
benefitted,2.98,en,wordfreq,0,3.8
benevolent,3.34,en,wordfreq,0,4.8
benfica,2.97,en,wordfreq,0,3.0
bengal,3.68,en,wordfreq,0,2.1
bengali,3.21,en,wordfreq,1,2.75
bengals,3.38,en,wordfreq,1,2.7
bengaluru,2.96,en,wordfreq,0,4.45
benghazi,3.6,en,wordfreq,0,3.75
benign,3.51,en,wordfreq,0,2.35
benin,3.03,en,wordfreq,2,1.75
benjamin,4.16,en,wordfreq,0,3.8
benji,3.09,en,wordfreq,0,2.25
benn,3.03,en,wordfreq,10,1.35
bennet,3.1,en,wordfreq,1,1.9
bennett,4.03,en,wordfreq,0,2.65
benny,3.6,en,wordfreq,6,1.65
benoit,2.99,en,wordfreq,0,2.65
benson,3.6,en,wordfreq,2,1.9
bent,3.99,en,wordfreq,21,1.0
bentley,3.59,en,wordfreq,0,2.65
benton,3.36,en,wordfreq,3,1.85
benz,3.59,en,wordfreq,3,1.8
bequeathed,3.02,en,wordfreq,0,3.85
bereavement,2.96,en,wordfreq,0,4.65
berg,3.32,en,wordfreq,3,1.8
bergen,3.32,en,wordfreq,1,1.95
berger,3.35,en,wordfreq,3,1.85
bergman,3.0,en,wordfreq,0,2.65
berkeley,3.93,en,wordfreq,0,3.3
berkshire,3.51,en,wordfreq,0,3.8
berlin,4.38,en,wordfreq,1,1.95
berman,3.16,en,wordfreq,2,1.85
bermuda,3.52,en,wordfreq,0,3.55
bern,3.14,en,wordfreq,11,1.4
bernadette,3.12,en,wordfreq,0,4.65
bernard,4.02,en,wordfreq,1,2.55
bernardino,3.19,en,wordfreq,0,4.1
bernardo,3.19,en,wordfreq,0,3.0
bernie,3.99,en,wordfreq,2,1.85
bernstein,3.43,en,wordfreq,0,3.65
berries,3.57,en,wordfreq,1,2.3
berry,3.97,en,wordfreq,9,1.55
berserk,3.01,en,wordfreq,0,2.95
bert,3.5,en,wordfreq,12,1.25
berth,3.44,en,wordfreq,2,1.75
bertha,3.15,en,wordfreq,0,2.45
bertie,3.08,en,wordfreq,1,1.95
bertram,2.96,en,wordfreq,0,2.85
bertrand,3.17,en,wordfreq,0,3.05
berwick,3.01,en,wordfreq,0,2.8
beset,3.08,en,wordfreq,1,1.85
beside,4.19,en,wordfreq,1,1.95
besides,4.63,en,wordfreq,1,2.35
besieged,3.35,en,wordfreq,0,2.95
bespoke,3.2,en,wordfreq,0,2.95
bess,3.06,en,wordfreq,13,1.3
bessie,3.05,en,wordfreq,1,2.3
best,5.84,en,wordfreq,18,1.0
bestow,2.98,en,wordfreq,0,2.65
bestowed,3.39,en,wordfreq,0,2.9
bestseller,3.34,en,wordfreq,0,4.55
bestselling,3.23,en,wordfreq,0,4.15
bet,4.79,en,wordfreq,26,1.0
beta,4.2,en,wordfreq,5,1.6
beth,3.87,en,wordfreq,6,1.55
bethany,3.32,en,wordfreq,0,2.8
bethel,3.11,en,wordfreq,0,2.3
bethesda,3.39,en,wordfreq,0,3.85
bethlehem,3.4,en,wordfreq,0,4.6
betray,3.42,en,wordfreq,0,2.25
betrayal,3.68,en,wordfreq,0,3.6
betrayed,3.76,en,wordfreq,0,2.8
betraying,3.13,en,wordfreq,0,3.0
betrays,3.0,en,wordfreq,0,2.75
bets,3.85,en,wordfreq,17,1.0
betsy,3.42,en,wordfreq,1,1.85
bette,3.15,en,wordfreq,3,1.8
better,5.76,en,wordfreq,6,1.65
betterment,3.02,en,wordfreq,0,3.8
betting,4.0,en,wordfreq,8,1.6
betts,3.04,en,wordfreq,6,1.65
betty,3.92,en,wordfreq,6,1.65
between,5.77,en,wordfreq,0,3.2
beverage,3.69,en,wordfreq,1,2.65
beverages,3.6,en,wordfreq,0,3.2
beverley,2.98,en,wordfreq,0,2.9
beverly,3.87,en,wordfreq,0,2.6
beware,3.7,en,wordfreq,0,2.25
bewildered,3.1,en,wordfreq,0,4.05
bey,3.31,en,wordfreq,17,1.0
beyonce,3.49,en,wordfreq,0,2.95
beyond,4.98,en,wordfreq,0,2.6
bezos,2.98,en,wordfreq,0,2.0
bf,3.79,en,wordfreq,39,1.0
bff,2.95,en,wordfreq,2,1.75
bg,3.32,en,wordfreq,42,1.0
bh,3.03,en,wordfreq,39,1.0
bhai,3.13,en,wordfreq,2,1.8
bharat,3.13,en,wordfreq,0,2.65
bhp,2.97,en,wordfreq,4,1.65
bhutan,3.09,en,wordfreq,0,2.85
bi,4.04,en,wordfreq,46,1.0
bianca,3.37,en,wordfreq,1,2.45
bias,4.18,en,wordfreq,5,1.65
biased,3.76,en,wordfreq,1,1.9
biases,3.32,en,wordfreq,1,1.9
bib,2.97,en,wordfreq,14,1.1
bibi,2.99,en,wordfreq,0,1.95
bible,4.54,en,wordfreq,0,1.9
bibles,3.04,en,wordfreq,0,1.95
biblical,3.92,en,wordfreq,0,3.75
bibliography,3.82,en,wordfreq,0,5.2
biceps,3.06,en,wordfreq,0,2.8
bickering,3.01,en,wordfreq,1,2.8
bicycle,3.98,en,wordfreq,0,2.85
bicycles,3.4,en,wordfreq,0,3.35
bid,4.4,en,wordfreq,23,1.0
bidder,3.48,en,wordfreq,1,1.9
bidders,3.33,en,wordfreq,0,2.55
bidding,3.81,en,wordfreq,4,1.8
biden,3.86,en,wordfreq,3,1.8
bids,3.87,en,wordfreq,10,1.2
bieber,3.7,en,wordfreq,0,2.2
bien,3.1,en,wordfreq,2,1.75
biennial,3.25,en,wordfreq,0,3.65
big,5.67,en,wordfreq,21,1.0
bigfoot,3.16,en,wordfreq,0,3.6
bigger,4.74,en,wordfreq,3,1.85
biggest,4.93,en,wordfreq,0,2.75
biggie,3.18,en,wordfreq,0,2.4
biggs,3.05,en,wordfreq,2,1.85
bigot,3.18,en,wordfreq,0,1.95
bigoted,3.05,en,wordfreq,0,2.65
bigotry,3.42,en,wordfreq,0,2.85
bigots,3.03,en,wordfreq,0,2.1
bihar,3.28,en,wordfreq,0,2.3
bike,4.53,en,wordfreq,8,1.45
biker,3.37,en,wordfreq,2,1.8
bikers,3.25,en,wordfreq,2,1.8
bikes,3.89,en,wordfreq,5,1.65
biking,3.41,en,wordfreq,6,1.7
bikini,3.7,en,wordfreq,1,2.55
bikinis,2.96,en,wordfreq,0,2.8
bilateral,3.72,en,wordfreq,0,3.7
bile,3.21,en,wordfreq,10,1.45
bilingual,3.52,en,wordfreq,0,4.0
bill,5.15,en,wordfreq,15,1.05
billboard,3.87,en,wordfreq,0,3.75
billboards,3.29,en,wordfreq,0,4.4
billed,3.59,en,wordfreq,3,1.85
billie,3.46,en,wordfreq,2,1.9
billing,3.59,en,wordfreq,4,1.75
billings,3.26,en,wordfreq,1,2.35
billion,4.75,en,wordfreq,2,2.25
billionaire,3.76,en,wordfreq,1,4.3
billionaires,3.44,en,wordfreq,1,4.7
billions,3.97,en,wordfreq,1,2.5
bills,4.52,en,wordfreq,11,1.35
billy,4.33,en,wordfreq,9,1.5
bin,4.22,en,wordfreq,28,1.0
binary,3.95,en,wordfreq,0,2.7
bind,3.75,en,wordfreq,11,1.2
binder,3.32,en,wordfreq,7,1.65
binding,4.14,en,wordfreq,6,1.65
binds,3.38,en,wordfreq,8,1.4
bing,3.63,en,wordfreq,16,1.0
binge,3.6,en,wordfreq,2,1.85
bingham,3.12,en,wordfreq,0,3.05
bingo,3.71,en,wordfreq,3,1.8
binoculars,3.1,en,wordfreq,0,4.8
bins,3.43,en,wordfreq,14,1.1
bio,4.07,en,wordfreq,14,1.1
biochemical,3.21,en,wordfreq,0,4.5
biochemistry,3.36,en,wordfreq,0,5.6
biodiversity,3.47,en,wordfreq,0,5.45
biographer,3.09,en,wordfreq,0,4.45
biographical,3.38,en,wordfreq,0,4.45
biographies,3.23,en,wordfreq,0,4.5
biography,3.89,en,wordfreq,0,3.5
biological,4.31,en,wordfreq,0,3.1
biologically,3.23,en,wordfreq,0,4.25
biologist,3.35,en,wordfreq,0,3.4
biologists,3.24,en,wordfreq,0,3.7
biology,4.22,en,wordfreq,0,2.8
biomass,3.38,en,wordfreq,0,3.0
biomedical,3.47,en,wordfreq,0,4.2
biometric,2.99,en,wordfreq,0,3.8
bionic,2.96,en,wordfreq,1,2.55
biopic,3.03,en,wordfreq,1,2.75
biopsy,3.31,en,wordfreq,0,2.85
bios,3.26,en,wordfreq,7,1.45
biotech,3.16,en,wordfreq,0,2.95
biotechnology,3.42,en,wordfreq,0,5.75
bipartisan,3.37,en,wordfreq,0,4.25
bipolar,3.62,en,wordfreq,0,3.1
birch,3.5,en,wordfreq,2,1.9
bird,4.63,en,wordfreq,3,1.7
birdie,3.26,en,wordfreq,0,2.45
birds,4.6,en,wordfreq,1,1.85
birmingham,4.18,en,wordfreq,0,4.5
birth,4.77,en,wordfreq,3,1.8
birthday,4.76,en,wordfreq,0,3.7
birthdays,3.48,en,wordfreq,0,4.05
birthplace,3.37,en,wordfreq,0,4.55
birthright,3.02,en,wordfreq,0,4.6
births,3.64,en,wordfreq,0,2.35
bis,3.34,en,wordfreq,25,1.0
biscuit,3.45,en,wordfreq,0,3.2
biscuits,3.6,en,wordfreq,0,3.35
bisexual,3.7,en,wordfreq,0,3.85
bishop,4.38,en,wordfreq,0,2.75
bishops,3.8,en,wordfreq,0,2.85
bismarck,3.17,en,wordfreq,0,3.9
bison,3.26,en,wordfreq,0,2.0
bistro,3.05,en,wordfreq,0,2.7
bit,5.37,en,wordfreq,23,1.0
bitch,4.76,en,wordfreq,9,1.45
bitches,3.84,en,wordfreq,4,1.8
bitching,3.19,en,wordfreq,2,2.0
bitchy,3.08,en,wordfreq,0,2.2
bitcoin,4.24,en,wordfreq,0,2.85
bitcoins,3.38,en,wordfreq,0,3.1
bite,4.31,en,wordfreq,11,1.35
bites,3.79,en,wordfreq,8,1.5
biting,3.77,en,wordfreq,2,1.85
bits,4.18,en,wordfreq,15,1.0
bitten,3.49,en,wordfreq,2,1.9
bitter,4.21,en,wordfreq,9,1.55
bitterly,3.29,en,wordfreq,0,2.8
bitterness,3.45,en,wordfreq,0,3.85
bittersweet,3.24,en,wordfreq,0,4.95
biz,3.27,en,wordfreq,10,1.45
bizarre,4.02,en,wordfreq,0,3.0
bj,3.28,en,wordfreq,36,1.0
bjp,3.54,en,wordfreq,3,1.7
bk,3.43,en,wordfreq,40,1.0
bl,3.37,en,wordfreq,42,1.0
bla,3.01,en,wordfreq,11,1.25
black,5.46,en,wordfreq,4,1.65
blackberry,3.65,en,wordfreq,0,4.05
blackboard,3.02,en,wordfreq,0,3.75
blackburn,3.48,en,wordfreq,0,3.85
blacked,3.26,en,wordfreq,1,1.85
blackened,2.99,en,wordfreq,0,3.4
blackhawks,3.34,en,wordfreq,0,4.45
blackjack,3.16,en,wordfreq,0,3.75
blacklist,3.13,en,wordfreq,0,3.6
blacklisted,2.99,en,wordfreq,0,4.45
blackmail,3.44,en,wordfreq,0,3.85
blackness,3.09,en,wordfreq,0,3.2
blackout,3.58,en,wordfreq,0,3.05
blackpool,3.39,en,wordfreq,0,3.7
blacks,4.15,en,wordfreq,2,1.75
blacksmith,3.26,en,wordfreq,0,4.65
blackstone,3.1,en,wordfreq,0,3.8
blackwater,3.02,en,wordfreq,0,4.0
blackwell,3.31,en,wordfreq,0,3.7
blackwood,2.97,en,wordfreq,0,3.4
bladder,3.62,en,wordfreq,0,2.25
blade,4.19,en,wordfreq,4,1.75
blades,3.87,en,wordfreq,1,1.9
blah,3.88,en,wordfreq,1,1.85
blaine,3.28,en,wordfreq,1,1.95
blair,4.0,en,wordfreq,2,1.85
blake,4.16,en,wordfreq,6,1.6
blame,4.63,en,wordfreq,4,1.65
blamed,3.9,en,wordfreq,2,1.85
blames,3.55,en,wordfreq,3,1.8
blaming,3.88,en,wordfreq,4,1.8
blanc,3.42,en,wordfreq,2,1.8
blanca,2.99,en,wordfreq,2,1.9
blanchard,3.15,en,wordfreq,0,3.85
blanche,3.38,en,wordfreq,0,2.55
blanco,3.06,en,wordfreq,1,1.9
bland,3.5,en,wordfreq,7,1.55
blank,4.14,en,wordfreq,6,1.6
blanket,4.07,en,wordfreq,0,2.3
blankets,3.67,en,wordfreq,0,2.65
blanks,3.26,en,wordfreq,3,1.75
blaring,2.95,en,wordfreq,4,1.75
blasphemy,3.3,en,wordfreq,0,4.3
blast,4.32,en,wordfreq,2,1.8
blasted,3.49,en,wordfreq,2,1.85
blaster,3.08,en,wordfreq,3,1.85
blasting,3.55,en,wordfreq,1,1.9
blasts,3.49,en,wordfreq,2,1.8
blatant,3.45,en,wordfreq,0,2.9
blatantly,3.2,en,wordfreq,0,3.7
blaze,3.69,en,wordfreq,4,1.75
blazer,3.27,en,wordfreq,0,1.9
blazers,3.34,en,wordfreq,0,2.4
blazing,3.48,en,wordfreq,3,1.85
bleach,3.51,en,wordfreq,1,1.9
bleached,3.03,en,wordfreq,1,2.55
bleaching,3.04,en,wordfreq,1,2.7
bleak,3.43,en,wordfreq,1,1.85
bled,3.21,en,wordfreq,5,1.55
bleed,3.72,en,wordfreq,3,1.75
bleeding,4.08,en,wordfreq,2,2.1
bleeds,3.04,en,wordfreq,2,1.8
bleep,3.08,en,wordfreq,2,1.85
blend,3.95,en,wordfreq,4,1.6
blended,3.5,en,wordfreq,2,1.9
blender,3.43,en,wordfreq,3,1.75
blending,3.44,en,wordfreq,2,1.8
blends,3.34,en,wordfreq,2,1.75
bless,4.17,en,wordfreq,1,1.85
blessed,4.23,en,wordfreq,0,2.3
blessing,4.06,en,wordfreq,0,2.35
blessings,3.75,en,wordfreq,0,2.85
blew,4.12,en,wordfreq,5,1.7
blight,3.24,en,wordfreq,5,1.7
blind,4.52,en,wordfreq,5,1.65
blinded,3.47,en,wordfreq,2,1.9
blindfolded,3.06,en,wordfreq,0,5.25
blinding,3.2,en,wordfreq,2,1.85
blindly,3.32,en,wordfreq,0,2.75
blindness,3.44,en,wordfreq,0,3.4
blinds,3.3,en,wordfreq,1,1.85
bling,3.21,en,wordfreq,7,1.55
blink,3.73,en,wordfreq,4,1.75
blinked,3.0,en,wordfreq,1,2.15
blinking,3.3,en,wordfreq,1,2.0
blip,2.97,en,wordfreq,3,1.8
bliss,3.78,en,wordfreq,1,1.95
blissful,3.0,en,wordfreq,0,3.9
blister,3.0,en,wordfreq,1,1.85
blistering,2.98,en,wordfreq,0,2.9
blisters,3.07,en,wordfreq,0,2.55
blitz,3.57,en,wordfreq,0,2.0
blizzard,3.53,en,wordfreq,0,3.8
blm,3.38,en,wordfreq,8,1.4
bloated,3.33,en,wordfreq,1,1.95
blob,3.07,en,wordfreq,5,1.65
bloc,3.6,en,wordfreq,4,1.7
block,4.88,en,wordfreq,5,1.6
blockade,3.57,en,wordfreq,1,3.05
blockage,3.0,en,wordfreq,1,3.1
blockbuster,3.48,en,wordfreq,0,4.7
blockchain,3.66,en,wordfreq,0,4.75
blocked,4.31,en,wordfreq,3,1.8
blocker,3.2,en,wordfreq,1,1.85
blockers,3.13,en,wordfreq,0,2.35
blocking,4.12,en,wordfreq,0,2.05
blocks,4.43,en,wordfreq,3,1.75
blog,4.73,en,wordfreq,5,1.6
blogger,3.85,en,wordfreq,0,2.5
bloggers,3.76,en,wordfreq,0,2.85
blogging,3.71,en,wordfreq,0,2.2
blogs,3.95,en,wordfreq,1,1.85
bloke,3.55,en,wordfreq,2,1.85
blokes,3.06,en,wordfreq,0,1.95
blond,3.55,en,wordfreq,4,1.7
blonde,4.04,en,wordfreq,0,1.85
blondes,3.0,en,wordfreq,0,2.1
blondie,3.03,en,wordfreq,0,2.65
blood,5.1,en,wordfreq,4,1.7
bloodbath,3.0,en,wordfreq,0,4.5
blooded,3.34,en,wordfreq,1,1.95
bloodline,2.98,en,wordfreq,0,3.75
bloods,3.03,en,wordfreq,3,1.8
bloodshed,3.29,en,wordfreq,0,3.75
bloodstream,3.16,en,wordfreq,0,5.2
bloody,4.28,en,wordfreq,1,1.95
bloom,3.93,en,wordfreq,3,1.7
bloomberg,3.56,en,wordfreq,0,3.75
bloomfield,3.04,en,wordfreq,0,4.5
blooming,3.33,en,wordfreq,0,2.05
bloomington,3.22,en,wordfreq,0,4.4
blooms,3.33,en,wordfreq,1,1.8
blossom,3.62,en,wordfreq,0,2.8
blossoms,3.34,en,wordfreq,0,3.3
blot,3.03,en,wordfreq,9,1.45
blount,2.97,en,wordfreq,0,2.3
blouse,3.38,en,wordfreq,0,2.0
blow,4.59,en,wordfreq,10,1.25
blower,3.27,en,wordfreq,2,1.8
blowing,4.2,en,wordfreq,3,1.8
blowjob,3.35,en,wordfreq,0,3.45
blown,4.21,en,wordfreq,4,1.75
blowout,3.2,en,wordfreq,0,3.0
blows,4.04,en,wordfreq,5,1.6
blu,3.75,en,wordfreq,4,1.55
blue,5.13,en,wordfreq,3,1.75
blueberries,3.08,en,wordfreq,0,4.7
blueberry,3.3,en,wordfreq,0,3.7
bluegrass,3.16,en,wordfreq,0,4.35
blueprint,3.48,en,wordfreq,0,3.75
blueprints,3.14,en,wordfreq,0,4.2
blues,4.34,en,wordfreq,1,1.9
bluetooth,3.75,en,wordfreq,0,4.8
bluff,3.58,en,wordfreq,1,1.85
bluffs,3.0,en,wordfreq,0,2.35
blunder,3.13,en,wordfreq,2,1.9
blunt,3.9,en,wordfreq,1,1.9
bluntly,3.07,en,wordfreq,0,2.85
blur,3.55,en,wordfreq,2,1.85
blurred,3.47,en,wordfreq,0,2.7
blurring,2.96,en,wordfreq,0,2.7
blurry,3.27,en,wordfreq,1,2.35
blush,3.56,en,wordfreq,4,1.7
blushing,3.08,en,wordfreq,2,2.15
blvd,3.55,en,wordfreq,1,1.95
bm,3.36,en,wordfreq,44,1.0
bmc,3.0,en,wordfreq,11,1.3
bmi,3.43,en,wordfreq,8,1.45
bmw,3.92,en,wordfreq,6,1.55
bmx,2.98,en,wordfreq,4,1.7
bn,3.35,en,wordfreq,38,1.0
bnp,3.0,en,wordfreq,4,1.65
bo,4.0,en,wordfreq,44,1.0
boa,3.18,en,wordfreq,23,1.0
boar,3.3,en,wordfreq,5,1.55
board,5.24,en,wordfreq,2,1.7
boarded,3.47,en,wordfreq,1,1.95
boarding,3.96,en,wordfreq,1,2.05
boardroom,2.96,en,wordfreq,0,3.8
boards,4.31,en,wordfreq,1,1.9
boardwalk,3.28,en,wordfreq,0,4.25
boast,3.51,en,wordfreq,6,1.6
boasted,3.22,en,wordfreq,4,1.8
boasting,3.28,en,wordfreq,3,1.8
boasts,3.61,en,wordfreq,4,1.7
boat,4.71,en,wordfreq,9,1.3
boating,3.33,en,wordfreq,2,1.85
boats,4.25,en,wordfreq,6,1.45
bob,4.63,en,wordfreq,26,1.0
bobby,4.22,en,wordfreq,4,1.8
bobcats,2.96,en,wordfreq,0,2.95
bobo,3.01,en,wordfreq,4,1.7
boca,3.21,en,wordfreq,3,1.8
bod,3.05,en,wordfreq,29,1.0
bode,3.03,en,wordfreq,8,1.45
bodied,3.48,en,wordfreq,1,1.95
bodies,4.69,en,wordfreq,1,1.95
bodily,3.78,en,wordfreq,0,2.45
body,5.4,en,wordfreq,4,1.65
bodybuilding,3.14,en,wordfreq,0,5.55
bodyguard,3.38,en,wordfreq,0,4.45
bodyguards,3.14,en,wordfreq,0,4.65
boeing,3.8,en,wordfreq,4,1.75
boer,3.03,en,wordfreq,2,1.65
bog,3.34,en,wordfreq,25,1.0
bogged,2.99,en,wordfreq,5,1.75
boggling,3.03,en,wordfreq,0,2.4
bogus,3.43,en,wordfreq,1,1.95
bohemia,3.07,en,wordfreq,0,3.65
bohemian,3.5,en,wordfreq,0,3.3
boi,3.4,en,wordfreq,22,1.0
boil,3.83,en,wordfreq,7,1.5
boiled,3.68,en,wordfreq,5,1.7
boiler,3.71,en,wordfreq,2,1.85
boilers,3.35,en,wordfreq,1,1.85
boiling,3.75,en,wordfreq,2,1.9
boils,3.29,en,wordfreq,3,1.7
bois,3.35,en,wordfreq,7,1.35
boise,3.36,en,wordfreq,2,1.8
bok,2.96,en,wordfreq,17,1.0
boko,3.29,en,wordfreq,3,1.75
bold,4.26,en,wordfreq,11,1.35
bolder,2.95,en,wordfreq,5,1.65
boldly,3.28,en,wordfreq,0,2.0
bolivia,3.53,en,wordfreq,0,2.8
bolivian,3.03,en,wordfreq,0,3.35
bollocks,3.09,en,wordfreq,0,3.05
bollywood,3.58,en,wordfreq,1,4.05
bologna,3.25,en,wordfreq,0,2.95
bolshevik,2.97,en,wordfreq,0,4.8
bolster,3.31,en,wordfreq,2,1.9
bolt,4.04,en,wordfreq,9,1.45
bolted,3.25,en,wordfreq,1,1.95
bolton,3.65,en,wordfreq,2,1.9
bolts,3.62,en,wordfreq,6,1.6
bom,3.34,en,wordfreq,27,1.0
bomb,4.6,en,wordfreq,4,1.65
bombarded,3.17,en,wordfreq,0,3.45
bombardment,3.34,en,wordfreq,0,4.55
bombay,3.65,en,wordfreq,0,2.6
bombed,3.62,en,wordfreq,1,1.95
bomber,3.88,en,wordfreq,2,1.85
bombers,3.79,en,wordfreq,0,2.0
bombing,4.09,en,wordfreq,1,1.95
bombings,3.52,en,wordfreq,0,2.75
bombs,4.15,en,wordfreq,3,1.8
bombshell,3.15,en,wordfreq,0,4.65
bon,3.71,en,wordfreq,33,1.0
bona,3.25,en,wordfreq,9,1.45
bonanza,3.05,en,wordfreq,0,2.95
bonaparte,3.07,en,wordfreq,0,4.7
bond,4.59,en,wordfreq,13,1.05
bondage,3.46,en,wordfreq,1,2.8
bonded,3.52,en,wordfreq,1,1.9
bondi,2.96,en,wordfreq,1,1.9
bonding,3.68,en,wordfreq,2,1.9
bonds,4.27,en,wordfreq,7,1.55
bone,4.47,en,wordfreq,18,1.0
boner,3.21,en,wordfreq,6,1.55
bones,4.32,en,wordfreq,8,1.5
bonfire,3.33,en,wordfreq,0,2.85
bong,3.5,en,wordfreq,23,1.0
bonkers,3.1,en,wordfreq,2,1.9
bonn,3.11,en,wordfreq,10,1.45
bonner,2.96,en,wordfreq,3,1.8
bonnet,3.35,en,wordfreq,3,1.85
bonnie,3.66,en,wordfreq,3,1.85
bono,3.37,en,wordfreq,9,1.4
bonus,4.45,en,wordfreq,3,1.8
bonuses,3.79,en,wordfreq,0,2.65
bony,3.25,en,wordfreq,10,1.35
boo,3.92,en,wordfreq,35,1.0
boob,3.41,en,wordfreq,7,1.45
boobies,2.99,en,wordfreq,1,2.35
boobs,3.9,en,wordfreq,5,1.65
booby,2.98,en,wordfreq,3,1.8
booed,3.09,en,wordfreq,3,1.75
boogie,3.55,en,wordfreq,0,2.25
booing,3.13,en,wordfreq,4,1.7
book,5.43,en,wordfreq,11,1.2
booked,4.05,en,wordfreq,5,1.7
booker,3.55,en,wordfreq,5,1.75
bookies,2.95,en,wordfreq,3,2.0
booking,3.86,en,wordfreq,4,1.7
bookings,3.33,en,wordfreq,0,2.4
bookkeeping,2.99,en,wordfreq,0,4.85
booklet,3.53,en,wordfreq,0,2.8
bookmark,3.04,en,wordfreq,0,3.85
books,5.15,en,wordfreq,6,1.5
bookshop,3.11,en,wordfreq,0,3.7
bookstore,3.42,en,wordfreq,0,3.65
bookstores,3.03,en,wordfreq,0,4.25
boolean,2.95,en,wordfreq,0,3.0
boom,4.33,en,wordfreq,10,1.2
boomer,3.28,en,wordfreq,1,1.9
boomerang,3.06,en,wordfreq,0,3.7
boomers,3.42,en,wordfreq,0,2.15
booming,3.43,en,wordfreq,2,1.8
booms,3.0,en,wordfreq,5,1.6
boon,3.45,en,wordfreq,17,1.0
boone,3.42,en,wordfreq,3,1.75
boos,3.03,en,wordfreq,13,1.0
boost,4.41,en,wordfreq,2,1.75
boosted,3.48,en,wordfreq,2,1.85
booster,3.56,en,wordfreq,3,1.8
boosters,3.07,en,wordfreq,1,2.15
boosting,3.52,en,wordfreq,1,2.1
boosts,3.41,en,wordfreq,1,1.85
boot,4.19,en,wordfreq,16,1.0
booted,3.2,en,wordfreq,5,1.65
booth,4.1,en,wordfreq,4,1.65
booths,3.28,en,wordfreq,0,1.9
bootleg,3.07,en,wordfreq,0,2.75
boots,4.33,en,wordfreq,9,1.3
booty,3.59,en,wordfreq,4,1.75
booze,3.65,en,wordfreq,1,1.95
bop,3.36,en,wordfreq,25,1.0
bor,3.02,en,wordfreq,22,1.0
bora,3.11,en,wordfreq,10,1.3
bordeaux,3.36,en,wordfreq,0,3.7
borden,2.99,en,wordfreq,2,1.9
border,4.7,en,wordfreq,2,1.8
bordered,3.16,en,wordfreq,0,2.5
bordering,3.39,en,wordfreq,0,2.6
borderlands,2.98,en,wordfreq,0,4.4
borderline,3.34,en,wordfreq,0,3.75
borders,4.26,en,wordfreq,0,1.9
bore,3.93,en,wordfreq,16,1.0
bored,4.2,en,wordfreq,3,1.75
boredom,3.46,en,wordfreq,0,2.95
borg,3.26,en,wordfreq,5,1.6
boring,4.43,en,wordfreq,5,1.7
boris,3.87,en,wordfreq,1,1.9
born,5.09,en,wordfreq,14,1.15
borne,3.67,en,wordfreq,3,1.6
borneo,3.09,en,wordfreq,0,1.95
borough,3.83,en,wordfreq,0,2.65
boroughs,3.22,en,wordfreq,0,3.1
borrow,4.0,en,wordfreq,4,2.0
borrowed,3.91,en,wordfreq,1,2.75
borrower,3.25,en,wordfreq,1,2.7
borrowers,3.38,en,wordfreq,0,3.0
borrowing,3.75,en,wordfreq,0,2.9
borussia,3.06,en,wordfreq,0,3.65
bos,3.07,en,wordfreq,35,1.0
bosch,3.3,en,wordfreq,1,1.95
bose,3.21,en,wordfreq,12,1.3
bosnia,3.57,en,wordfreq,0,2.75
bosnian,3.19,en,wordfreq,0,2.9
bosom,3.05,en,wordfreq,0,1.95
boss,4.76,en,wordfreq,15,1.1
bosses,3.9,en,wordfreq,1,1.95
bossy,2.97,en,wordfreq,0,1.95
boston,4.67,en,wordfreq,1,1.95
bot,3.82,en,wordfreq,32,1.0
botanic,3.04,en,wordfreq,0,2.8
botanical,3.49,en,wordfreq,0,3.85
botany,3.38,en,wordfreq,0,2.75
botched,3.21,en,wordfreq,1,2.05
both,5.79,en,wordfreq,7,1.5
bother,4.39,en,wordfreq,1,1.8
bothered,3.96,en,wordfreq,0,2.65
bothering,3.63,en,wordfreq,0,2.9
bothers,3.55,en,wordfreq,1,1.8
botox,3.11,en,wordfreq,0,2.0
bots,3.42,en,wordfreq,13,1.0
botswana,3.24,en,wordfreq,0,3.9
bottle,4.57,en,wordfreq,1,1.85
bottled,3.49,en,wordfreq,2,2.05
bottleneck,2.97,en,wordfreq,0,4.8
bottles,4.19,en,wordfreq,2,2.3
bottling,3.16,en,wordfreq,1,2.35
bottom,4.84,en,wordfreq,0,2.35
bottomless,2.96,en,wordfreq,0,4.1
bottoms,3.53,en,wordfreq,0,2.75
bought,4.91,en,wordfreq,2,1.8
boulder,3.71,en,wordfreq,0,1.9
boulders,3.17,en,wordfreq,0,2.45
boulevard,3.7,en,wordfreq,0,4.0
bounce,4.02,en,wordfreq,2,1.7
bounced,3.46,en,wordfreq,3,1.9
bouncer,3.12,en,wordfreq,2,2.0
bounces,3.17,en,wordfreq,2,2.2
bouncing,3.6,en,wordfreq,0,2.5
bouncy,3.17,en,wordfreq,2,2.15
bound,4.46,en,wordfreq,7,1.5
boundaries,4.25,en,wordfreq,0,3.9
boundary,4.13,en,wordfreq,0,2.95
bounded,3.5,en,wordfreq,6,1.65
boundless,3.04,en,wordfreq,0,3.05
bounds,3.68,en,wordfreq,6,1.6
bounty,3.74,en,wordfreq,2,1.9
bouquet,3.41,en,wordfreq,0,2.95
bourbon,3.6,en,wordfreq,0,2.95
bourgeois,3.4,en,wordfreq,0,3.6
bourgeoisie,3.03,en,wordfreq,0,5.2
bourke,2.95,en,wordfreq,1,2.5
bourne,3.35,en,wordfreq,1,1.9
bournemouth,3.39,en,wordfreq,0,5.0
bout,4.05,en,wordfreq,6,1.45
boutique,3.54,en,wordfreq,0,3.55
bouts,3.21,en,wordfreq,3,1.7
bovine,3.01,en,wordfreq,0,2.0
bow,4.3,en,wordfreq,30,1.0
bowed,3.33,en,wordfreq,8,1.5
bowel,3.55,en,wordfreq,5,1.65
bowels,3.08,en,wordfreq,3,1.75
bowen,3.51,en,wordfreq,3,1.8
bower,3.0,en,wordfreq,12,1.15
bowers,3.11,en,wordfreq,5,1.65
bowie,3.54,en,wordfreq,1,1.95
bowing,3.15,en,wordfreq,8,1.45
bowl,4.63,en,wordfreq,4,1.6
bowled,3.23,en,wordfreq,3,1.8
bowler,3.48,en,wordfreq,5,1.65
bowlers,3.13,en,wordfreq,1,1.8
bowles,3.04,en,wordfreq,2,1.8
bowling,4.05,en,wordfreq,3,1.8
bowls,3.75,en,wordfreq,1,1.7
bowman,3.46,en,wordfreq,0,2.3
bows,3.5,en,wordfreq,10,1.25
bowser,3.03,en,wordfreq,1,1.85
box,5.04,en,wordfreq,21,1.0
boxed,3.34,en,wordfreq,5,1.75
boxer,3.74,en,wordfreq,5,1.65
boxers,3.41,en,wordfreq,1,1.85
boxes,4.34,en,wordfreq,4,1.75
boxing,4.17,en,wordfreq,4,1.8
boy,5.17,en,wordfreq,24,1.0
boyce,3.08,en,wordfreq,4,1.8
boycott,3.81,en,wordfreq,0,3.3
boycotting,3.03,en,wordfreq,0,3.9
boyd,3.83,en,wordfreq,4,1.7
boyer,2.95,en,wordfreq,6,1.65
boyfriend,4.59,en,wordfreq,0,3.95
boyfriends,3.45,en,wordfreq,0,4.5
boyhood,3.09,en,wordfreq,0,3.35
boyle,3.52,en,wordfreq,2,1.9
boys,5.03,en,wordfreq,11,1.35
boyz,3.07,en,wordfreq,2,1.85
bp,3.83,en,wordfreq,44,1.0
bpd,3.1,en,wordfreq,7,1.5
bpm,2.96,en,wordfreq,7,1.5
br,3.89,en,wordfreq,45,1.0
bra,3.85,en,wordfreq,13,1.0
brace,3.72,en,wordfreq,7,1.5
braced,3.03,en,wordfreq,3,1.75
bracelet,3.7,en,wordfreq,0,3.1
bracelets,3.37,en,wordfreq,0,3.45
braces,3.49,en,wordfreq,5,1.65
bracing,3.12,en,wordfreq,2,1.85
bracket,3.84,en,wordfreq,0,1.9
brackets,3.59,en,wordfreq,0,2.2
brad,4.12,en,wordfreq,9,1.15
bradbury,2.97,en,wordfreq,0,3.75
bradford,3.75,en,wordfreq,0,3.2
bradley,4.01,en,wordfreq,0,2.4
bradshaw,3.21,en,wordfreq,0,3.9
brady,3.97,en,wordfreq,2,1.75
brag,3.49,en,wordfreq,8,1.4
bragg,3.19,en,wordfreq,0,1.95
bragging,3.44,en,wordfreq,1,2.05
brah,3.0,en,wordfreq,8,1.4
braid,3.24,en,wordfreq,2,1.75
braided,3.08,en,wordfreq,1,1.9
braids,3.01,en,wordfreq,2,1.8
braille,3.01,en,wordfreq,0,2.9
brain,4.94,en,wordfreq,5,1.55
brainer,3.19,en,wordfreq,1,2.15
brains,4.07,en,wordfreq,5,1.65
brainwashed,3.26,en,wordfreq,0,4.85
brake,3.95,en,wordfreq,5,1.6
brakes,3.9,en,wordfreq,2,1.85
braking,3.4,en,wordfreq,1,1.8
bran,3.3,en,wordfreq,12,1.0
branch,4.58,en,wordfreq,1,1.9
branched,3.18,en,wordfreq,1,2.55
branches,4.21,en,wordfreq,1,2.3
branching,3.24,en,wordfreq,0,2.75
brand,4.83,en,wordfreq,3,1.4
branded,3.84,en,wordfreq,1,1.9
brandi,2.97,en,wordfreq,4,1.75
branding,3.77,en,wordfreq,0,2.0
brando,2.96,en,wordfreq,4,1.7
brandon,4.01,en,wordfreq,2,1.95
brands,4.32,en,wordfreq,5,1.65
brandt,3.21,en,wordfreq,4,1.75
brandy,3.51,en,wordfreq,4,1.65
branson,3.14,en,wordfreq,2,2.15
bras,3.38,en,wordfreq,10,1.25
brash,2.95,en,wordfreq,4,1.6
brasil,3.16,en,wordfreq,1,2.0
brass,4.05,en,wordfreq,3,1.75
brat,3.45,en,wordfreq,11,1.3
braun,3.35,en,wordfreq,1,1.9
brave,4.33,en,wordfreq,5,1.65
bravely,3.27,en,wordfreq,2,2.4
bravery,3.59,en,wordfreq,1,2.3
braves,3.56,en,wordfreq,3,1.75
bravest,3.0,en,wordfreq,0,2.45
bravo,3.77,en,wordfreq,1,1.95
brawl,3.53,en,wordfreq,1,1.95
braxton,2.99,en,wordfreq,1,2.45
bray,3.31,en,wordfreq,11,1.25
brazen,3.1,en,wordfreq,0,2.0
brazil,4.58,en,wordfreq,1,2.4
brazilian,4.23,en,wordfreq,0,3.8
brazilians,3.08,en,wordfreq,0,4.0
brb,3.0,en,wordfreq,7,1.45
breach,4.13,en,wordfreq,3,1.75
breached,3.36,en,wordfreq,4,1.85
breaches,3.35,en,wordfreq,2,1.8
breaching,2.98,en,wordfreq,3,2.3
bread,4.5,en,wordfreq,5,1.5
breads,2.95,en,wordfreq,2,1.75
breadth,3.47,en,wordfreq,0,2.5
break,5.18,en,wordfreq,3,1.75
breakaway,3.19,en,wordfreq,0,3.95
breakdown,4.1,en,wordfreq,0,3.65
breakdowns,3.19,en,wordfreq,0,4.05
breaker,3.6,en,wordfreq,0,1.95
breakers,3.42,en,wordfreq,0,2.3
breakfast,4.61,en,wordfreq,0,3.5
breakfasts,2.96,en,wordfreq,0,4.1
breaking,4.74,en,wordfreq,1,1.9
breakout,3.49,en,wordfreq,0,3.4
breaks,4.46,en,wordfreq,2,1.85
breakthrough,3.83,en,wordfreq,0,5.55
breakthroughs,3.05,en,wordfreq,0,6.05
breakup,3.64,en,wordfreq,0,2.8
breast,4.35,en,wordfreq,0,1.85
breasted,3.0,en,wordfreq,0,2.4
breastfeeding,3.5,en,wordfreq,0,5.7
breasts,3.94,en,wordfreq,0,1.95
breath,4.52,en,wordfreq,2,1.75
breathe,4.26,en,wordfreq,1,2.15
breathed,3.22,en,wordfreq,3,2.1
breather,3.02,en,wordfreq,2,2.0
breathes,3.3,en,wordfreq,3,2.1
breathing,4.28,en,wordfreq,1,2.5
breathless,3.19,en,wordfreq,0,3.45
breaths,3.29,en,wordfreq,1,1.95
breathtaking,3.6,en,wordfreq,0,4.75
bred,3.79,en,wordfreq,6,1.45
bree,3.11,en,wordfreq,7,1.5
breed,4.08,en,wordfreq,6,1.45
breeder,3.35,en,wordfreq,0,2.2
breeders,3.46,en,wordfreq,0,2.6
breeding,4.08,en,wordfreq,1,1.95
breeds,3.68,en,wordfreq,2,1.75
brees,2.98,en,wordfreq,4,1.6
breeze,3.86,en,wordfreq,2,2.15
breezy,3.12,en,wordfreq,1,2.4
breitbart,3.05,en,wordfreq,0,4.25
bremen,2.99,en,wordfreq,0,2.25
brenda,3.52,en,wordfreq,0,1.95
brendan,3.69,en,wordfreq,2,2.65
brendon,3.02,en,wordfreq,2,2.3
brennan,3.65,en,wordfreq,1,2.75
brenner,2.97,en,wordfreq,0,2.3
brent,3.69,en,wordfreq,4,1.65
brentwood,3.03,en,wordfreq,0,3.75
bret,3.27,en,wordfreq,7,1.45
brethren,3.51,en,wordfreq,0,3.1
breton,3.06,en,wordfreq,0,2.0
brett,3.86,en,wordfreq,2,1.85
brew,3.64,en,wordfreq,8,1.55
brewed,3.15,en,wordfreq,1,1.9
brewer,3.54,en,wordfreq,1,1.85
breweries,3.27,en,wordfreq,0,3.25
brewers,3.52,en,wordfreq,1,1.95
brewery,3.66,en,wordfreq,1,2.6
brewing,3.76,en,wordfreq,0,2.0
brews,2.99,en,wordfreq,3,1.8
brewster,3.24,en,wordfreq,0,2.85
brexit,3.79,en,wordfreq,0,2.55
brian,4.47,en,wordfreq,1,1.9
bribe,3.5,en,wordfreq,4,1.65
bribed,3.05,en,wordfreq,1,1.9
bribery,3.4,en,wordfreq,0,2.75
bribes,3.3,en,wordfreq,3,1.8
brice,2.98,en,wordfreq,8,1.5
brick,4.25,en,wordfreq,8,1.5
bricks,3.81,en,wordfreq,2,1.85
bridal,3.5,en,wordfreq,0,2.25
bride,4.08,en,wordfreq,4,1.6
brides,3.37,en,wordfreq,1,1.8
bridesmaid,3.08,en,wordfreq,0,4.75
bridesmaids,3.11,en,wordfreq,0,5.35
bridge,4.77,en,wordfreq,1,1.75
bridgeport,3.09,en,wordfreq,0,4.7
bridges,4.1,en,wordfreq,1,2.1
bridget,3.43,en,wordfreq,1,2.3
bridgewater,3.15,en,wordfreq,0,4.85
bridging,3.25,en,wordfreq,1,2.55
brie,3.08,en,wordfreq,5,1.5
brief,4.52,en,wordfreq,1,1.85
briefcase,3.09,en,wordfreq,0,3.95
briefed,3.19,en,wordfreq,0,2.7
briefing,3.74,en,wordfreq,0,2.65
briefings,3.14,en,wordfreq,0,3.2
briefly,4.22,en,wordfreq,0,2.8
briefs,3.31,en,wordfreq,0,1.95
brig,3.32,en,wordfreq,4,1.65
brigade,3.9,en,wordfreq,0,2.75
brigades,3.29,en,wordfreq,0,2.8
brigadier,3.3,en,wordfreq,0,3.7
briggs,3.52,en,wordfreq,1,1.95
brigham,3.16,en,wordfreq,0,2.9
bright,4.61,en,wordfreq,3,1.8
brighten,3.25,en,wordfreq,3,2.45
brighter,3.73,en,wordfreq,1,2.4
brightest,3.55,en,wordfreq,0,3.05
brightly,3.44,en,wordfreq,0,2.5
brightness,3.57,en,wordfreq,0,3.5
brighton,3.85,en,wordfreq,1,2.55
brill,3.06,en,wordfreq,2,1.85
brilliance,3.39,en,wordfreq,0,3.75
brilliant,4.55,en,wordfreq,0,3.25
brilliantly,3.46,en,wordfreq,0,4.65
brim,3.06,en,wordfreq,6,1.65
brine,3.07,en,wordfreq,6,1.65
bring,5.27,en,wordfreq,4,1.5
bringing,4.71,en,wordfreq,1,1.9
brings,4.61,en,wordfreq,2,1.8
brink,3.51,en,wordfreq,6,1.65
brisbane,3.97,en,wordfreq,0,3.55
brisk,3.2,en,wordfreq,2,1.85
bristol,4.03,en,wordfreq,0,2.85
brit,3.59,en,wordfreq,9,1.4
britain,4.72,en,wordfreq,0,2.8
britannia,3.18,en,wordfreq,0,4.05
british,5.18,en,wordfreq,0,2.9
britney,3.39,en,wordfreq,0,2.9
britons,3.15,en,wordfreq,0,2.6
brits,3.54,en,wordfreq,1,1.85
britt,3.18,en,wordfreq,2,1.85
brittany,3.53,en,wordfreq,0,3.2
brittle,3.28,en,wordfreq,0,2.7
britton,2.98,en,wordfreq,1,2.25
brixton,2.99,en,wordfreq,2,2.6
bro,4.4,en,wordfreq,7,1.35
broad,4.53,en,wordfreq,2,1.75
broadband,3.69,en,wordfreq,0,3.75
broadcast,4.39,en,wordfreq,0,3.35
broadcaster,3.63,en,wordfreq,0,4.15
broadcasters,3.48,en,wordfreq,0,4.55
broadcasting,4.02,en,wordfreq,0,4.3
broadcasts,3.5,en,wordfreq,0,3.5
broaden,3.3,en,wordfreq,1,2.5
broadened,3.04,en,wordfreq,0,3.6
broadening,3.06,en,wordfreq,0,3.75
broader,4.01,en,wordfreq,1,2.15
broadest,2.97,en,wordfreq,0,2.8
broadly,3.82,en,wordfreq,0,2.5
broadway,4.08,en,wordfreq,0,3.05
broccoli,3.5,en,wordfreq,0,3.85
brochure,3.37,en,wordfreq,0,3.45
brochures,3.08,en,wordfreq,0,3.6
brock,3.71,en,wordfreq,4,1.75
brodie,3.22,en,wordfreq,0,2.0
brody,3.33,en,wordfreq,1,1.9
broke,4.85,en,wordfreq,2,1.75
broken,4.88,en,wordfreq,1,1.9
broker,3.89,en,wordfreq,2,1.8
brokerage,3.37,en,wordfreq,0,3.8
brokers,3.67,en,wordfreq,0,1.95
brom,2.98,en,wordfreq,6,1.5
bromley,2.98,en,wordfreq,0,2.75
bromwich,3.03,en,wordfreq,0,3.85
bronco,2.99,en,wordfreq,0,2.15
broncos,3.8,en,wordfreq,0,2.85
bronson,3.09,en,wordfreq,1,2.55
bronx,3.65,en,wordfreq,0,2.0
bronze,4.2,en,wordfreq,0,2.15
brooch,3.04,en,wordfreq,0,2.15
brood,3.25,en,wordfreq,4,1.8
brooding,3.11,en,wordfreq,0,2.2
brook,3.74,en,wordfreq,4,1.6
brooke,3.76,en,wordfreq,1,1.85
brookfield,2.95,en,wordfreq,0,4.35
brookings,3.0,en,wordfreq,0,2.8
brooklyn,4.25,en,wordfreq,0,3.7
brooks,4.04,en,wordfreq,2,1.8
broom,3.42,en,wordfreq,4,1.65
bros,4.08,en,wordfreq,7,1.45
broth,3.39,en,wordfreq,1,1.85
brothel,3.26,en,wordfreq,1,2.6
brothels,3.02,en,wordfreq,1,2.7
brother,5.11,en,wordfreq,1,2.15
brotherhood,3.85,en,wordfreq,0,4.55
brothers,4.69,en,wordfreq,1,2.4
brought,5.16,en,wordfreq,2,2.1
brow,3.55,en,wordfreq,6,1.45
broward,2.98,en,wordfreq,0,2.7
brown,5.01,en,wordfreq,6,1.55
browne,3.42,en,wordfreq,2,1.8
brownie,3.21,en,wordfreq,0,2.3
brownies,3.19,en,wordfreq,0,2.65
browning,3.41,en,wordfreq,3,1.9
brownish,3.13,en,wordfreq,0,2.95
browns,3.86,en,wordfreq,2,1.8
brows,3.34,en,wordfreq,5,1.45
browse,3.59,en,wordfreq,1,1.85
browser,3.89,en,wordfreq,0,2.1
browsers,3.19,en,wordfreq,0,2.45
browsing,3.6,en,wordfreq,1,2.1
bruce,4.34,en,wordfreq,5,1.75
bruh,3.51,en,wordfreq,1,1.9
bruins,3.57,en,wordfreq,1,1.9
bruise,3.18,en,wordfreq,1,1.85
bruised,3.39,en,wordfreq,1,2.35
bruises,3.43,en,wordfreq,2,2.0
bruising,3.18,en,wordfreq,1,2.55
brunch,3.46,en,wordfreq,2,1.85
brunei,3.19,en,wordfreq,0,2.5
brunette,3.4,en,wordfreq,0,3.4
bruno,3.81,en,wordfreq,1,1.95
brunswick,3.61,en,wordfreq,0,4.55
brunt,3.12,en,wordfreq,4,1.8
brush,4.23,en,wordfreq,3,1.7
brushed,3.57,en,wordfreq,2,2.05
brushes,3.58,en,wordfreq,2,2.15
brushing,3.5,en,wordfreq,2,2.25
brussels,3.99,en,wordfreq,0,2.75
brutal,4.1,en,wordfreq,0,2.65
brutality,3.6,en,wordfreq,0,3.2
brutally,3.59,en,wordfreq,0,3.1
brute,3.42,en,wordfreq,1,1.95
brutus,3.09,en,wordfreq,0,2.6
bryan,3.98,en,wordfreq,2,1.7
bryant,3.84,en,wordfreq,0,2.2
bryce,3.53,en,wordfreq,4,1.8
bryn,2.98,en,wordfreq,1,1.9
bryson,3.03,en,wordfreq,0,2.3
bs,4.02,en,wordfreq,45,1.0
bsa,2.96,en,wordfreq,16,1.05
bsc,3.03,en,wordfreq,10,1.35
bst,3.19,en,wordfreq,15,1.0
bt,3.88,en,wordfreq,45,1.0
btc,3.43,en,wordfreq,12,1.25
bts,3.27,en,wordfreq,16,1.0
btw,4.06,en,wordfreq,5,1.6
bu,3.53,en,wordfreq,46,1.0
bubba,3.3,en,wordfreq,0,2.4
bubble,4.16,en,wordfreq,4,1.85
bubbles,3.79,en,wordfreq,0,2.5
bubbling,3.23,en,wordfreq,0,2.75
bubbly,3.2,en,wordfreq,1,2.35
buccaneers,2.97,en,wordfreq,0,4.5
buchanan,3.52,en,wordfreq,0,4.0
bucharest,3.18,en,wordfreq,0,3.85
buck,4.01,en,wordfreq,13,1.2
bucket,4.07,en,wordfreq,0,1.95
buckets,3.5,en,wordfreq,0,2.0
buckeyes,3.02,en,wordfreq,0,3.3
buckingham,3.52,en,wordfreq,0,4.25
buckinghamshire,3.03,en,wordfreq,0,8.1
buckle,3.5,en,wordfreq,0,2.1
buckley,3.46,en,wordfreq,0,2.7
bucks,4.19,en,wordfreq,5,1.65
bucky,3.12,en,wordfreq,4,1.75
bucs,2.98,en,wordfreq,6,1.55
bud,4.08,en,wordfreq,15,1.05
budapest,3.55,en,wordfreq,0,3.55
buddha,3.79,en,wordfreq,0,2.95
buddhism,3.63,en,wordfreq,1,3.55
buddhist,3.85,en,wordfreq,1,3.5
buddhists,3.13,en,wordfreq,0,4.0
buddies,3.81,en,wordfreq,0,2.7
budding,3.28,en,wordfreq,3,1.85
buddy,4.4,en,wordfreq,3,1.85
budge,3.23,en,wordfreq,5,1.7
budget,4.82,en,wordfreq,0,1.9
budgetary,3.16,en,wordfreq,0,3.7
budgeted,3.0,en,wordfreq,0,3.25
budgeting,3.25,en,wordfreq,0,3.1
budgets,3.74,en,wordfreq,0,2.35
buds,3.63,en,wordfreq,7,1.5
buena,2.96,en,wordfreq,0,2.0
buenos,3.61,en,wordfreq,0,2.7
buff,3.59,en,wordfreq,6,1.5
buffalo,4.14,en,wordfreq,0,3.45
buffer,3.78,en,wordfreq,2,1.85
buffers,3.02,en,wordfreq,1,2.2
buffet,3.54,en,wordfreq,1,2.4
buffett,3.18,en,wordfreq,0,2.75
buffs,3.02,en,wordfreq,3,1.75
buffy,3.42,en,wordfreq,3,1.8
bug,4.2,en,wordfreq,19,1.0
bugged,3.09,en,wordfreq,6,1.7
bugger,3.0,en,wordfreq,3,1.85
bugging,3.14,en,wordfreq,4,1.8
buggy,3.32,en,wordfreq,1,1.95
bugs,4.04,en,wordfreq,10,1.4
buick,3.17,en,wordfreq,2,1.85
build,5.04,en,wordfreq,2,1.85
builder,3.85,en,wordfreq,0,2.3
builders,3.8,en,wordfreq,0,2.7
building,5.29,en,wordfreq,0,2.35
buildings,4.69,en,wordfreq,0,2.85
builds,3.95,en,wordfreq,1,2.05
buildup,3.37,en,wordfreq,0,3.35
built,5.07,en,wordfreq,3,1.85
bulb,3.66,en,wordfreq,2,1.85
bulbs,3.55,en,wordfreq,1,1.9
bulgaria,3.9,en,wordfreq,0,3.6
bulgarian,3.81,en,wordfreq,0,3.55
bulge,3.24,en,wordfreq,1,1.95
bulging,3.03,en,wordfreq,1,1.95
bulk,4.19,en,wordfreq,5,1.7
bulky,3.3,en,wordfreq,2,1.85
bull,4.34,en,wordfreq,13,1.25
bulldog,3.38,en,wordfreq,0,2.85
bulldogs,3.64,en,wordfreq,0,3.15
bullet,4.24,en,wordfreq,2,1.85
bulletin,3.79,en,wordfreq,0,3.1
bulletins,3.04,en,wordfreq,0,3.45
bulletproof,3.25,en,wordfreq,0,5.65
bullets,4.02,en,wordfreq,0,2.2
bullied,3.69,en,wordfreq,1,2.4
bullies,3.47,en,wordfreq,1,2.25
bullion,3.18,en,wordfreq,1,2.5
bullish,3.14,en,wordfreq,0,2.75
bullock,3.41,en,wordfreq,0,2.8
bullpen,3.33,en,wordfreq,0,2.7
bulls,3.97,en,wordfreq,7,1.6
bullshit,4.47,en,wordfreq,0,3.8
bully,3.87,en,wordfreq,8,1.55
bullying,3.97,en,wordfreq,0,2.6
bum,3.75,en,wordfreq,20,1.0
bumble,2.97,en,wordfreq,5,1.75
bummed,3.13,en,wordfreq,3,1.95
bummer,3.2,en,wordfreq,3,1.85
bump,3.98,en,wordfreq,8,1.4
bumped,3.49,en,wordfreq,5,1.75
bumper,3.69,en,wordfreq,3,1.8
bumpers,2.95,en,wordfreq,1,2.15
bumping,3.29,en,wordfreq,3,1.9
bumps,3.6,en,wordfreq,5,1.65
bumpy,3.18,en,wordfreq,1,1.9
bums,3.18,en,wordfreq,9,1.4
bun,3.56,en,wordfreq,24,1.0
bunch,4.57,en,wordfreq,7,1.6
bunches,2.96,en,wordfreq,3,1.9
bundesliga,3.25,en,wordfreq,0,4.95
bundle,3.93,en,wordfreq,0,1.95
bundled,3.32,en,wordfreq,1,2.45
bundles,3.52,en,wordfreq,1,2.25
bundy,3.2,en,wordfreq,2,1.9
bungalow,3.34,en,wordfreq,0,3.7
bunk,3.45,en,wordfreq,10,1.45
bunker,3.67,en,wordfreq,1,1.9
bunkers,3.09,en,wordfreq,2,1.85
bunnies,3.21,en,wordfreq,0,2.55
bunny,3.88,en,wordfreq,4,1.8
buns,3.39,en,wordfreq,13,1.2
bunting,3.04,en,wordfreq,2,1.9
buoy,3.0,en,wordfreq,2,1.8
buoyancy,2.95,en,wordfreq,0,3.8
buoyant,2.98,en,wordfreq,0,2.9
burbank,3.17,en,wordfreq,0,2.85
burberry,3.11,en,wordfreq,0,3.25
burden,4.23,en,wordfreq,1,1.9
burdened,3.13,en,wordfreq,0,2.7
burdens,3.3,en,wordfreq,0,2.4
bureau,4.41,en,wordfreq,0,2.75
bureaucracy,3.55,en,wordfreq,0,5.5
bureaucratic,3.4,en,wordfreq,0,5.65
bureaucrats,3.18,en,wordfreq,0,5.15
burgeoning,3.12,en,wordfreq,0,3.85
burger,4.07,en,wordfreq,3,1.8
burgers,3.72,en,wordfreq,2,1.85
burgess,3.53,en,wordfreq,1,2.45
burglar,3.34,en,wordfreq,0,2.75
burglars,2.95,en,wordfreq,1,3.25
burglary,3.44,en,wordfreq,1,3.15
burgundy,3.46,en,wordfreq,0,3.7
burial,3.9,en,wordfreq,0,2.25
burials,3.04,en,wordfreq,0,2.75
buried,4.4,en,wordfreq,1,1.95
burke,3.87,en,wordfreq,0,1.95
burkina,3.15,en,wordfreq,0,2.8
burlesque,3.1,en,wordfreq,0,4.4
burlington,3.5,en,wordfreq,0,3.35
burma,3.57,en,wordfreq,0,2.0
burmese,3.27,en,wordfreq,0,2.95
burn,4.53,en,wordfreq,7,1.45
burned,4.31,en,wordfreq,3,1.85
burner,3.54,en,wordfreq,3,1.8
burners,3.03,en,wordfreq,1,1.9
burnett,3.32,en,wordfreq,1,2.4
burnham,3.18,en,wordfreq,0,2.9
burning,4.5,en,wordfreq,2,1.9
burnley,3.39,en,wordfreq,0,2.55
burnout,3.15,en,wordfreq,1,2.75
burns,4.24,en,wordfreq,3,1.75
burnt,4.03,en,wordfreq,2,1.8
burr,3.36,en,wordfreq,4,1.8
burrell,3.02,en,wordfreq,0,2.6
burrito,3.26,en,wordfreq,0,3.0
burroughs,3.08,en,wordfreq,0,3.7
burrow,3.1,en,wordfreq,2,2.15
burrows,3.29,en,wordfreq,0,2.6
burst,4.15,en,wordfreq,2,1.75
bursting,3.49,en,wordfreq,0,2.3
bursts,3.5,en,wordfreq,0,1.9
burt,3.43,en,wordfreq,10,1.35
burton,3.8,en,wordfreq,2,1.9
burundi,2.96,en,wordfreq,0,2.85
bury,3.89,en,wordfreq,7,1.6
burying,3.35,en,wordfreq,1,1.9
bus,4.83,en,wordfreq,21,1.0
busan,3.05,en,wordfreq,1,1.95
busch,3.3,en,wordfreq,3,1.8
buses,4.02,en,wordfreq,4,1.65
bush,4.49,en,wordfreq,9,1.3
bushes,3.58,en,wordfreq,2,1.8
bushy,2.98,en,wordfreq,2,1.8
busiest,3.42,en,wordfreq,0,2.8
business,5.56,en,wordfreq,0,2.9
businesses,4.66,en,wordfreq,0,4.05
businessman,3.95,en,wordfreq,1,4.95
businessmen,3.56,en,wordfreq,1,5.0
businesswoman,2.95,en,wordfreq,0,6.3
bust,4.04,en,wordfreq,11,1.1
busted,3.77,en,wordfreq,3,1.85
buster,3.47,en,wordfreq,5,1.75
busting,3.44,en,wordfreq,2,1.8
bustle,2.98,en,wordfreq,1,1.95
bustling,3.16,en,wordfreq,0,2.6
busts,3.17,en,wordfreq,4,1.7
busty,3.07,en,wordfreq,4,1.7
busy,4.75,en,wordfreq,4,1.6
but,6.63,en,wordfreq,19,1.0
butch,3.37,en,wordfreq,6,1.7
butcher,3.75,en,wordfreq,0,2.25
butchered,3.01,en,wordfreq,0,3.4
butchers,3.07,en,wordfreq,0,2.55
butler,4.08,en,wordfreq,2,1.9
butt,4.28,en,wordfreq,3,1.7
butte,3.09,en,wordfreq,2,1.8
butter,4.4,en,wordfreq,8,1.5
butterflies,3.69,en,wordfreq,0,4.75
butterfly,3.93,en,wordfreq,0,3.6
buttermilk,2.95,en,wordfreq,0,4.55
buttocks,3.15,en,wordfreq,0,3.4
button,4.56,en,wordfreq,5,1.7
buttons,3.98,en,wordfreq,0,2.45
butts,3.53,en,wordfreq,3,1.8
buy,5.32,en,wordfreq,10,1.2
buyer,4.03,en,wordfreq,2,1.85
buyers,4.16,en,wordfreq,0,1.95
buying,4.75,en,wordfreq,0,1.95
buyout,3.15,en,wordfreq,0,2.7
buys,3.93,en,wordfreq,8,1.5
buzz,4.05,en,wordfreq,1,1.95
buzzed,3.02,en,wordfreq,1,2.45
buzzer,3.4,en,wordfreq,1,2.25
buzzfeed,3.32,en,wordfreq,0,3.8
buzzing,3.65,en,wordfreq,0,2.45
bv,3.0,en,wordfreq,40,1.0
bw,3.23,en,wordfreq,41,1.0
by,6.66,en,wordfreq,36,1.0
bye,4.39,en,wordfreq,10,1.3
bylaws,3.02,en,wordfreq,0,2.75
bypass,3.76,en,wordfreq,0,2.7
bypassed,2.95,en,wordfreq,0,2.9
bypassing,3.01,en,wordfreq,0,3.35
byproduct,3.03,en,wordfreq,0,4.1
byrd,3.24,en,wordfreq,2,1.9
byrne,3.48,en,wordfreq,1,1.95
byron,3.68,en,wordfreq,1,1.95
bystander,3.02,en,wordfreq,0,3.65
bystanders,3.03,en,wordfreq,0,3.7
byte,3.15,en,wordfreq,1,1.85
bytes,3.26,en,wordfreq,2,1.85
byu,3.18,en,wordfreq,4,1.65
byzantine,3.35,en,wordfreq,0,4.0
ca,4.67,en,wordfreq,48,1.0
caa,2.96,en,wordfreq,23,1.0
cab,3.95,en,wordfreq,21,1.0
cabal,3.04,en,wordfreq,1,1.95
cabaret,3.24,en,wordfreq,0,2.95
cabbage,3.55,en,wordfreq,0,2.9
cabin,4.13,en,wordfreq,0,1.9
cabinet,4.49,en,wordfreq,0,2.55
cabinets,3.46,en,wordfreq,0,2.85
cabins,3.39,en,wordfreq,0,1.95
cable,4.54,en,wordfreq,4,1.7
cables,3.87,en,wordfreq,2,1.85
cabo,2.97,en,wordfreq,4,1.65
cabot,3.01,en,wordfreq,0,1.95
cabrera,3.04,en,wordfreq,0,2.9
cabs,3.19,en,wordfreq,12,1.1
cache,3.63,en,wordfreq,0,1.95
cactus,3.4,en,wordfreq,0,2.6
cad,3.41,en,wordfreq,25,1.0
caddy,2.96,en,wordfreq,4,1.8
cade,2.96,en,wordfreq,16,1.0
cadence,3.12,en,wordfreq,0,2.85
cadet,3.35,en,wordfreq,0,1.9
cadets,3.3,en,wordfreq,0,1.95
cadillac,3.48,en,wordfreq,0,3.55
cadre,3.04,en,wordfreq,1,1.85
caesar,3.8,en,wordfreq,0,2.55
caesars,2.99,en,wordfreq,0,2.8
cafe,4.09,en,wordfreq,11,1.4
cafes,3.33,en,wordfreq,7,1.6
cafeteria,3.44,en,wordfreq,0,3.85
caffeine,3.67,en,wordfreq,0,3.45
cage,4.13,en,wordfreq,16,1.05
caged,3.06,en,wordfreq,5,1.65
cages,3.43,en,wordfreq,11,1.35
cahill,3.18,en,wordfreq,0,2.3
cai,2.95,en,wordfreq,29,1.0
cain,3.54,en,wordfreq,10,1.2
caine,3.06,en,wordfreq,2,1.75
cairns,3.29,en,wordfreq,0,2.0
cairo,3.84,en,wordfreq,0,1.95
caitlin,3.31,en,wordfreq,1,2.75
caitlyn,2.99,en,wordfreq,1,2.85
cajun,2.99,en,wordfreq,0,2.6
cake,4.53,en,wordfreq,20,1.0
cakes,3.85,en,wordfreq,12,1.35
cal,4.01,en,wordfreq,27,1.0
calais,3.31,en,wordfreq,0,2.0
calamity,3.22,en,wordfreq,0,3.3
calcium,3.82,en,wordfreq,0,2.95
calculate,3.87,en,wordfreq,0,2.95
calculated,4.1,en,wordfreq,1,3.2
calculates,3.1,en,wordfreq,1,3.15
calculating,3.57,en,wordfreq,0,3.4
calculation,3.76,en,wordfreq,0,3.05
calculations,3.87,en,wordfreq,0,3.3
calculator,3.56,en,wordfreq,0,3.35
calculators,2.98,en,wordfreq,0,3.95
calculus,3.6,en,wordfreq,0,3.35
calcutta,3.52,en,wordfreq,0,3.85
calder,3.1,en,wordfreq,3,1.8
caldwell,3.43,en,wordfreq,0,3.55
caleb,3.52,en,wordfreq,1,1.95
caledonia,2.95,en,wordfreq,0,3.6
caledonian,2.96,en,wordfreq,0,3.85
calendar,4.3,en,wordfreq,0,3.2
calendars,3.3,en,wordfreq,0,3.6
calf,3.71,en,wordfreq,4,1.65
calgary,3.78,en,wordfreq,1,2.75
calhoun,3.23,en,wordfreq,0,2.95
cali,3.33,en,wordfreq,7,1.45
caliber,3.65,en,wordfreq,0,2.75
calibrated,3.17,en,wordfreq,0,3.45
calibration,3.34,en,wordfreq,0,3.4
calibre,3.21,en,wordfreq,0,2.95
calif,3.83,en,wordfreq,0,1.9
california,5.0,en,wordfreq,0,4.3
californian,3.12,en,wordfreq,0,4.45
californians,2.97,en,wordfreq,0,5.2
caliphate,3.21,en,wordfreq,0,3.75
call,5.51,en,wordfreq,15,1.1
callahan,3.17,en,wordfreq,0,3.7
called,5.59,en,wordfreq,3,1.85
caller,3.61,en,wordfreq,5,1.7
callers,3.1,en,wordfreq,0,1.95
callie,2.97,en,wordfreq,1,1.9
calligraphy,3.06,en,wordfreq,0,4.95
calling,4.96,en,wordfreq,2,1.9
callous,3.07,en,wordfreq,0,2.4
calls,4.91,en,wordfreq,7,1.6
callum,3.05,en,wordfreq,0,2.45
calm,4.54,en,wordfreq,5,1.6
calmed,3.26,en,wordfreq,2,1.9
calmer,3.05,en,wordfreq,4,1.8
calming,3.35,en,wordfreq,1,1.95
calmly,3.56,en,wordfreq,0,2.3
calms,2.98,en,wordfreq,2,1.8
caloric,2.98,en,wordfreq,1,2.8
calorie,3.59,en,wordfreq,1,2.5
calories,4.03,en,wordfreq,0,2.7
calvary,2.99,en,wordfreq,1,2.65
calvert,3.1,en,wordfreq,0,2.15
calves,3.32,en,wordfreq,2,1.8
calvin,3.82,en,wordfreq,0,1.95
cam,4.1,en,wordfreq,29,1.0
camaraderie,2.99,en,wordfreq,0,5.6
camaro,3.09,en,wordfreq,0,2.45
cambodia,3.71,en,wordfreq,0,3.55
cambodian,3.25,en,wordfreq,0,3.6
cambrian,2.97,en,wordfreq,0,2.9
cambridge,4.39,en,wordfreq,0,3.5
cambridgeshire,3.09,en,wordfreq,0,7.15
camden,3.53,en,wordfreq,0,2.0
came,5.5,en,wordfreq,21,1.0
camel,3.64,en,wordfreq,1,1.8
camelot,2.97,en,wordfreq,0,2.75
camels,3.3,en,wordfreq,0,1.95
cameo,3.48,en,wordfreq,1,1.85
camera,4.87,en,wordfreq,0,1.95
cameraman,3.3,en,wordfreq,0,3.65
cameras,4.34,en,wordfreq,0,2.55
cameron,4.26,en,wordfreq,0,2.55
cameroon,3.53,en,wordfreq,0,2.95
camila,2.95,en,wordfreq,0,2.25
camilla,3.24,en,wordfreq,1,2.6
camille,3.32,en,wordfreq,1,2.8
camo,3.16,en,wordfreq,7,1.5
camouflage,3.42,en,wordfreq,0,4.8
camp,4.79,en,wordfreq,8,1.25
campaign,5.0,en,wordfreq,0,2.8
campaigned,3.39,en,wordfreq,1,3.25
campaigner,3.0,en,wordfreq,1,3.45
campaigners,2.95,en,wordfreq,0,4.05
campaigning,3.62,en,wordfreq,0,3.75
campaigns,4.21,en,wordfreq,0,3.05
campbell,4.23,en,wordfreq,0,3.65
camped,3.27,en,wordfreq,2,1.85
camper,3.26,en,wordfreq,3,1.8
campers,3.25,en,wordfreq,0,1.95
campfire,3.1,en,wordfreq,0,2.95
campground,3.04,en,wordfreq,0,4.4
camping,4.0,en,wordfreq,1,1.95
camps,4.19,en,wordfreq,2,1.5
campsite,3.09,en,wordfreq,0,2.95
campus,4.51,en,wordfreq,0,1.95
campuses,3.57,en,wordfreq,0,2.9
camry,2.97,en,wordfreq,1,1.9
cams,3.34,en,wordfreq,13,1.0
can,6.46,en,wordfreq,32,1.0
canaan,3.04,en,wordfreq,0,2.25
canada,4.97,en,wordfreq,0,2.25
canadian,4.7,en,wordfreq,0,2.75
canadians,3.86,en,wordfreq,1,3.4
canadiens,3.07,en,wordfreq,1,3.55
canal,4.22,en,wordfreq,1,1.8
canals,3.48,en,wordfreq,0,1.95
canary,3.44,en,wordfreq,0,2.0
canberra,3.64,en,wordfreq,0,3.65
cancel,4.18,en,wordfreq,1,1.9
canceled,3.9,en,wordfreq,0,2.7
canceling,3.2,en,wordfreq,0,2.75
cancellation,3.76,en,wordfreq,0,3.75
cancellations,3.09,en,wordfreq,0,4.25
cancelled,4.22,en,wordfreq,0,3.0
cancelling,3.31,en,wordfreq,0,3.35
cancels,3.12,en,wordfreq,1,2.0
cancer,4.93,en,wordfreq,2,1.85
cancerous,3.15,en,wordfreq,0,3.5
cancers,3.6,en,wordfreq,2,1.85
candace,3.02,en,wordfreq,1,2.75
candice,3.12,en,wordfreq,1,2.65
candid,3.45,en,wordfreq,0,2.45
candidacy,3.41,en,wordfreq,0,3.65
candidate,4.66,en,wordfreq,0,3.25
candidates,4.56,en,wordfreq,0,3.65
candies,3.14,en,wordfreq,1,2.1
candle,3.88,en,wordfreq,1,1.9
candlelight,3.01,en,wordfreq,0,5.15
candles,3.82,en,wordfreq,2,1.85
candy,4.29,en,wordfreq,7,1.6
cane,3.76,en,wordfreq,23,1.0
canes,3.11,en,wordfreq,10,1.25
canine,3.33,en,wordfreq,1,1.9
canister,3.09,en,wordfreq,0,2.65
canisters,2.95,en,wordfreq,0,2.8
cannabis,4.03,en,wordfreq,0,3.6
canned,3.62,en,wordfreq,5,1.7
cannes,3.5,en,wordfreq,2,1.85
cannibal,3.05,en,wordfreq,1,2.95
cannibalism,3.01,en,wordfreq,0,4.55
canning,3.31,en,wordfreq,5,1.65
cannon,4.02,en,wordfreq,4,1.7
cannons,3.44,en,wordfreq,1,2.2
cannot,5.11,en,wordfreq,1,2.2
canoe,3.5,en,wordfreq,1,1.85
canoes,3.01,en,wordfreq,2,1.8
canon,4.11,en,wordfreq,1,1.7
canonical,3.32,en,wordfreq,0,3.4
canons,3.09,en,wordfreq,1,1.8
canopy,3.52,en,wordfreq,0,2.65
cans,3.8,en,wordfreq,18,1.0
cant,4.35,en,wordfreq,12,1.15
canteen,3.17,en,wordfreq,0,2.9
canterbury,3.74,en,wordfreq,0,4.55
canton,3.55,en,wordfreq,4,1.7
cantonese,3.07,en,wordfreq,0,3.6
cantor,3.14,en,wordfreq,2,1.9
canucks,3.37,en,wordfreq,0,2.95
canvas,3.96,en,wordfreq,0,2.35
canyon,3.96,en,wordfreq,2,1.8
canyons,3.04,en,wordfreq,1,2.4
cao,3.2,en,wordfreq,26,1.0
cap,4.51,en,wordfreq,26,1.0
capabilities,4.11,en,wordfreq,0,4.35
capability,4.07,en,wordfreq,0,3.4
capable,4.61,en,wordfreq,0,2.6
capacities,3.44,en,wordfreq,0,3.6
capacitor,3.17,en,wordfreq,0,3.65
capacitors,3.0,en,wordfreq,0,3.65
capacity,4.71,en,wordfreq,0,3.1
capcom,3.07,en,wordfreq,0,3.0
cape,4.3,en,wordfreq,16,1.05
capes,3.0,en,wordfreq,9,1.4
capita,3.82,en,wordfreq,0,2.55
capital,5.01,en,wordfreq,1,2.65
capitalism,3.97,en,wordfreq,1,3.45
capitalist,3.79,en,wordfreq,1,3.35
capitalists,3.31,en,wordfreq,0,3.9
capitalization,3.12,en,wordfreq,0,4.8
capitalize,3.34,en,wordfreq,0,3.65
capitalized,3.16,en,wordfreq,0,3.9
capitals,3.6,en,wordfreq,0,2.7
capitol,4.0,en,wordfreq,1,2.8
capped,3.67,en,wordfreq,3,1.8
capping,3.08,en,wordfreq,5,1.7
capri,3.06,en,wordfreq,0,2.0
capricorn,3.01,en,wordfreq,0,3.9
caps,4.15,en,wordfreq,17,1.0
capsule,3.7,en,wordfreq,0,2.75
capsules,3.33,en,wordfreq,0,2.8
capt,3.71,en,wordfreq,5,1.6
captain,4.89,en,wordfreq,0,2.5
captaincy,2.98,en,wordfreq,0,3.7
captains,3.62,en,wordfreq,0,2.7
caption,3.72,en,wordfreq,1,2.15
captioned,2.95,en,wordfreq,1,2.95
captions,3.19,en,wordfreq,1,2.2
captivated,3.01,en,wordfreq,0,3.3
captivating,3.17,en,wordfreq,0,3.7
captive,3.7,en,wordfreq,0,2.65
captives,3.21,en,wordfreq,0,2.75
captivity,3.56,en,wordfreq,0,3.4
captors,2.95,en,wordfreq,1,2.25
capture,4.42,en,wordfreq,1,2.2
captured,4.44,en,wordfreq,1,2.5
captures,3.72,en,wordfreq,1,2.45
capturing,3.76,en,wordfreq,0,2.9
car,5.45,en,wordfreq,32,1.0
cara,3.43,en,wordfreq,21,1.0
caracas,3.29,en,wordfreq,0,2.8
caramel,3.48,en,wordfreq,0,2.7
carat,3.15,en,wordfreq,0,1.9
caravan,3.62,en,wordfreq,0,2.7
caravans,2.99,en,wordfreq,0,3.1
carb,3.33,en,wordfreq,13,1.2
carbide,2.98,en,wordfreq,0,2.8
carbohydrate,3.17,en,wordfreq,0,5.7
carbohydrates,3.3,en,wordfreq,0,6.35
carbon,4.55,en,wordfreq,2,1.9
carbonate,3.22,en,wordfreq,0,3.85
carbs,3.36,en,wordfreq,3,1.7
carcass,3.21,en,wordfreq,0,2.75
carcinoma,3.15,en,wordfreq,0,4.0
card,5.04,en,wordfreq,16,1.0
cardboard,3.66,en,wordfreq,0,3.75
cardiac,3.84,en,wordfreq,0,2.75
cardiff,3.92,en,wordfreq,0,2.85
cardigan,3.21,en,wordfreq,0,3.0
cardinal,3.9,en,wordfreq,0,2.6
cardinals,3.77,en,wordfreq,0,3.2
cardio,3.44,en,wordfreq,0,2.15
cardiology,3.07,en,wordfreq,0,4.0
cardiovascular,3.68,en,wordfreq,0,7.15
cards,4.76,en,wordfreq,6,1.6
care,5.56,en,wordfreq,29,1.0
cared,4.11,en,wordfreq,8,1.4
career,5.07,en,wordfreq,2,1.85
careers,4.08,en,wordfreq,0,1.9
carefree,3.19,en,wordfreq,0,3.65
careful,4.59,en,wordfreq,0,2.8
carefully,4.46,en,wordfreq,0,3.5
caregiver,3.11,en,wordfreq,0,3.55
caregivers,3.24,en,wordfreq,0,3.75
careless,3.6,en,wordfreq,0,2.55
carers,3.16,en,wordfreq,1,1.85
cares,4.4,en,wordfreq,18,1.0
caretaker,3.45,en,wordfreq,0,3.6
carey,3.73,en,wordfreq,6,1.55
cargo,4.19,en,wordfreq,4,1.7
caribbean,4.12,en,wordfreq,0,4.05
caribou,2.97,en,wordfreq,0,2.95
caricature,3.19,en,wordfreq,0,4.25
caring,4.2,en,wordfreq,4,1.7
carl,4.24,en,wordfreq,15,1.0
carla,3.44,en,wordfreq,2,1.8
carleton,3.02,en,wordfreq,0,2.7
carlin,3.07,en,wordfreq,1,1.95
carlisle,3.46,en,wordfreq,0,3.0
carlo,3.69,en,wordfreq,3,1.7
carlos,4.09,en,wordfreq,0,1.95
carlson,3.4,en,wordfreq,1,2.05
carlton,3.67,en,wordfreq,1,1.9
carly,3.37,en,wordfreq,6,1.6
carlyle,3.22,en,wordfreq,0,2.8
carmel,3.22,en,wordfreq,2,1.75
carmelo,2.98,en,wordfreq,0,2.4
carmen,3.63,en,wordfreq,1,1.95
carmichael,3.24,en,wordfreq,0,4.3
carmine,2.98,en,wordfreq,0,2.05
carnage,3.3,en,wordfreq,0,2.45
carnal,2.97,en,wordfreq,0,1.95
carnegie,3.61,en,wordfreq,0,3.7
carney,3.14,en,wordfreq,1,1.9
carnival,3.86,en,wordfreq,0,2.8
caro,2.97,en,wordfreq,13,1.05
carol,4.02,en,wordfreq,0,1.85
carole,3.26,en,wordfreq,1,1.9
carolina,4.52,en,wordfreq,1,2.75
caroline,4.01,en,wordfreq,1,2.6
carolyn,3.46,en,wordfreq,0,2.6
carousel,3.21,en,wordfreq,0,2.95
carp,3.18,en,wordfreq,15,1.15
carpenter,3.81,en,wordfreq,0,3.25
carpenters,3.06,en,wordfreq,0,3.4
carpentry,2.97,en,wordfreq,0,3.55
carpet,4.18,en,wordfreq,0,1.95
carpets,3.37,en,wordfreq,0,2.35
carr,3.7,en,wordfreq,14,1.15
carriage,3.85,en,wordfreq,1,2.45
carriages,3.37,en,wordfreq,1,2.65
carrick,3.15,en,wordfreq,0,2.6
carrie,3.77,en,wordfreq,2,1.75
carried,4.77,en,wordfreq,3,1.8
carrier,4.29,en,wordfreq,4,1.7
carriers,4.02,en,wordfreq,1,2.3
carries,4.23,en,wordfreq,3,1.75
carrington,3.14,en,wordfreq,2,3.2
carroll,3.8,en,wordfreq,0,2.65
carrot,3.62,en,wordfreq,1,1.9
carrots,3.63,en,wordfreq,1,2.4
carry,4.89,en,wordfreq,10,1.4
carrying,4.61,en,wordfreq,1,2.35
cars,4.89,en,wordfreq,25,1.0
carson,3.91,en,wordfreq,3,1.75
cart,3.98,en,wordfreq,23,1.0
carte,3.16,en,wordfreq,3,1.55
cartel,3.58,en,wordfreq,2,1.8
cartels,3.17,en,wordfreq,0,2.1
carter,4.35,en,wordfreq,6,1.5
carthage,3.06,en,wordfreq,0,2.9
cartier,3.08,en,wordfreq,1,1.9
cartilage,3.26,en,wordfreq,0,3.6
carton,3.19,en,wordfreq,5,1.65
cartoon,4.08,en,wordfreq,0,2.3
cartoonist,3.07,en,wordfreq,0,4.45
cartoons,3.74,en,wordfreq,0,2.7
cartridge,3.57,en,wordfreq,1,3.1
cartridges,3.41,en,wordfreq,0,3.45
carts,3.45,en,wordfreq,10,1.25
cartwright,3.21,en,wordfreq,0,4.35
carve,3.41,en,wordfreq,2,1.7
carved,3.88,en,wordfreq,2,1.75
carver,3.33,en,wordfreq,3,1.8
carving,3.51,en,wordfreq,1,1.85
carvings,3.0,en,wordfreq,0,2.45
cary,3.42,en,wordfreq,15,1.0
cas,3.51,en,wordfreq,39,1.0
casa,3.54,en,wordfreq,7,1.45
casablanca,3.07,en,wordfreq,0,4.8
cascade,3.47,en,wordfreq,0,2.8
cascades,2.99,en,wordfreq,0,2.9
case,5.55,en,wordfreq,18,1.0
cases,5.04,en,wordfreq,12,1.1
casey,3.96,en,wordfreq,2,1.85
cash,4.92,en,wordfreq,14,1.1
cashed,3.1,en,wordfreq,5,1.65
cashier,3.57,en,wordfreq,0,2.4
cashing,3.08,en,wordfreq,6,1.6
cashmere,3.12,en,wordfreq,0,3.35
casing,3.35,en,wordfreq,4,1.6
casino,4.16,en,wordfreq,1,1.9
casinos,3.47,en,wordfreq,0,2.7
cask,2.99,en,wordfreq,7,1.55
casket,3.26,en,wordfreq,2,1.9
casper,3.2,en,wordfreq,3,1.85
caspian,3.03,en,wordfreq,0,2.95
cass,3.51,en,wordfreq,17,1.0
cassandra,3.25,en,wordfreq,0,4.0
casserole,3.07,en,wordfreq,0,3.8
cassette,3.4,en,wordfreq,0,3.1
cassidy,3.48,en,wordfreq,0,2.85
cassie,3.29,en,wordfreq,0,2.05
cassius,2.95,en,wordfreq,0,2.75
cast,4.79,en,wordfreq,17,1.0
caste,3.6,en,wordfreq,6,1.4
caster,3.1,en,wordfreq,8,1.45
castes,3.06,en,wordfreq,3,1.65
castillo,3.14,en,wordfreq,0,3.15
casting,4.15,en,wordfreq,6,1.65
castle,4.45,en,wordfreq,1,1.85
castles,3.46,en,wordfreq,0,2.25
castor,3.18,en,wordfreq,3,1.85
castro,3.73,en,wordfreq,0,1.95
casts,3.58,en,wordfreq,5,1.5
casual,4.23,en,wordfreq,0,2.25
casually,3.66,en,wordfreq,1,2.7
casualties,3.93,en,wordfreq,0,4.0
casualty,3.61,en,wordfreq,1,3.25
cat,4.78,en,wordfreq,32,1.0
catalan,3.42,en,wordfreq,0,2.8
catalina,3.07,en,wordfreq,0,2.8
catalog,3.91,en,wordfreq,0,2.75
catalogs,3.08,en,wordfreq,0,3.15
catalogue,3.91,en,wordfreq,0,3.45
catalogues,3.05,en,wordfreq,0,3.9
catalonia,3.35,en,wordfreq,0,3.45
catalyst,3.76,en,wordfreq,0,3.2
catalysts,3.1,en,wordfreq,0,3.4
catalytic,3.22,en,wordfreq,0,3.65
catapult,3.01,en,wordfreq,0,3.9
cataract,2.97,en,wordfreq,0,3.3
catastrophe,3.56,en,wordfreq,0,5.45
catastrophic,3.58,en,wordfreq,0,6.0
catch,4.87,en,wordfreq,6,1.65
catcher,3.54,en,wordfreq,2,1.9
catches,3.93,en,wordfreq,6,1.7
catching,4.2,en,wordfreq,3,1.9
catchment,3.02,en,wordfreq,0,3.5
catchy,3.49,en,wordfreq,0,2.2
cate,3.09,en,wordfreq,25,1.0
categorically,3.03,en,wordfreq,0,5.25
categories,4.31,en,wordfreq,0,3.8
categorized,3.31,en,wordfreq,0,4.6
category,4.57,en,wordfreq,0,3.65
cater,3.55,en,wordfreq,5,1.5
catered,3.1,en,wordfreq,1,1.95
catering,3.64,en,wordfreq,1,2.15
caterpillar,3.38,en,wordfreq,0,4.8
caterpillars,2.97,en,wordfreq,0,5.45
caters,3.09,en,wordfreq,4,1.7
catfish,3.35,en,wordfreq,0,3.0
cathedral,3.99,en,wordfreq,0,3.95
catherine,4.11,en,wordfreq,1,3.15
catheter,3.24,en,wordfreq,0,3.0
cathode,3.03,en,wordfreq,0,3.0
catholic,4.55,en,wordfreq,0,3.6
catholicism,3.37,en,wordfreq,0,5.15
catholics,3.84,en,wordfreq,0,3.75
cathy,3.54,en,wordfreq,1,1.9
cato,3.05,en,wordfreq,8,1.5
cats,4.46,en,wordfreq,19,1.0
cattle,4.15,en,wordfreq,3,1.85
catwalk,2.99,en,wordfreq,0,3.2
caucasian,3.44,en,wordfreq,0,3.75
caucasus,3.35,en,wordfreq,0,3.5
caucus,3.58,en,wordfreq,0,2.5
caught,4.9,en,wordfreq,2,2.2
cauldron,3.06,en,wordfreq,0,3.5
cauliflower,3.2,en,wordfreq,0,5.5
causal,3.33,en,wordfreq,0,2.4
causation,3.1,en,wordfreq,0,2.85
cause,5.35,en,wordfreq,1,1.75
caused,4.88,en,wordfreq,2,1.85
causes,4.63,en,wordfreq,2,1.75
causeway,3.04,en,wordfreq,0,3.65
causing,4.53,en,wordfreq,1,1.9
caustic,2.97,en,wordfreq,0,2.8
caution,3.97,en,wordfreq,1,2.15
cautionary,2.95,en,wordfreq,0,3.55
cautioned,3.08,en,wordfreq,1,3.05
cautions,2.96,en,wordfreq,2,2.3
cautious,3.79,en,wordfreq,1,2.7
cautiously,3.32,en,wordfreq,0,3.55
cavalier,3.17,en,wordfreq,0,2.85
cavaliers,3.36,en,wordfreq,0,3.5
cavalry,3.8,en,wordfreq,0,2.8
cave,4.2,en,wordfreq,21,1.0
caveat,3.15,en,wordfreq,0,2.35
caved,2.98,en,wordfreq,6,1.6
cavendish,3.16,en,wordfreq,0,4.0
cavern,3.08,en,wordfreq,1,1.9
caverns,2.98,en,wordfreq,0,2.35
caves,3.69,en,wordfreq,11,1.3
caviar,3.15,en,wordfreq,0,2.65
cavities,3.3,en,wordfreq,0,2.9
cavity,3.61,en,wordfreq,0,2.5
cavs,3.43,en,wordfreq,8,1.45
cayenne,2.95,en,wordfreq,0,2.9
cayman,3.19,en,wordfreq,0,2.4
cb,3.71,en,wordfreq,45,1.0
cba,3.31,en,wordfreq,18,1.0
cbc,3.49,en,wordfreq,15,1.05
cbd,3.65,en,wordfreq,10,1.35
cbi,3.31,en,wordfreq,15,1.1
cbn,3.01,en,wordfreq,10,1.35
cbs,4.14,en,wordfreq,28,1.0
cbt,3.0,en,wordfreq,13,1.2
cc,4.15,en,wordfreq,46,1.0
cca,2.98,en,wordfreq,16,1.05
ccc,3.15,en,wordfreq,13,1.3
ccp,3.23,en,wordfreq,7,1.55
ccs,3.01,en,wordfreq,23,1.0
cctv,3.51,en,wordfreq,0,2.0
cd,4.36,en,wordfreq,46,1.0
cdc,3.59,en,wordfreq,10,1.35
cdr,3.01,en,wordfreq,12,1.25
cds,3.63,en,wordfreq,24,1.0
cdt,2.98,en,wordfreq,11,1.3
ce,3.83,en,wordfreq,47,1.0
cease,4.03,en,wordfreq,3,1.6
ceased,3.81,en,wordfreq,4,1.7
ceasefire,3.32,en,wordfreq,0,3.9
ceases,3.25,en,wordfreq,3,1.75
cebu,3.2,en,wordfreq,0,2.0
cecil,3.51,en,wordfreq,0,2.2
cecilia,3.25,en,wordfreq,0,3.05
cedar,3.76,en,wordfreq,1,1.95
ceded,3.03,en,wordfreq,1,1.95
cedric,3.08,en,wordfreq,0,2.65
cee,2.96,en,wordfreq,21,1.0
ceiling,4.18,en,wordfreq,0,1.95
ceilings,3.45,en,wordfreq,0,2.65
celeb,3.0,en,wordfreq,1,2.05
celebrate,4.49,en,wordfreq,0,2.8
celebrated,4.24,en,wordfreq,1,2.95
celebrates,3.76,en,wordfreq,1,3.1
celebrating,4.17,en,wordfreq,0,3.35
celebration,4.29,en,wordfreq,0,2.95
celebrations,3.85,en,wordfreq,0,3.35
celebratory,3.06,en,wordfreq,0,3.85
celebrities,4.08,en,wordfreq,0,3.95
celebrity,4.29,en,wordfreq,0,3.55
celebs,3.11,en,wordfreq,0,2.6
celery,3.32,en,wordfreq,0,2.45
celeste,3.19,en,wordfreq,0,2.95
celestial,3.53,en,wordfreq,0,3.9
celia,3.2,en,wordfreq,1,1.95
celine,3.16,en,wordfreq,1,1.95
cell,4.87,en,wordfreq,13,1.2
cellar,3.6,en,wordfreq,1,1.9
cellars,3.0,en,wordfreq,1,2.4
cello,3.29,en,wordfreq,3,1.8
cellphone,3.65,en,wordfreq,0,3.6
cellphones,2.96,en,wordfreq,0,4.0
cells,4.75,en,wordfreq,8,1.55
cellular,3.89,en,wordfreq,0,3.55
cellulose,3.07,en,wordfreq,0,4.25
celsius,3.29,en,wordfreq,0,2.85
celtic,4.0,en,wordfreq,0,2.4
celtics,3.55,en,wordfreq,0,2.75
cement,3.94,en,wordfreq,0,1.95
cemented,3.25,en,wordfreq,1,2.6
cemeteries,3.22,en,wordfreq,0,3.9
cemetery,4.06,en,wordfreq,0,3.2
cena,3.28,en,wordfreq,4,1.8
censor,3.36,en,wordfreq,2,1.85
censored,3.38,en,wordfreq,0,2.7
censoring,2.97,en,wordfreq,0,2.85
censors,3.01,en,wordfreq,1,2.25
censorship,3.85,en,wordfreq,0,4.2
census,4.19,en,wordfreq,0,2.25
cent,4.83,en,wordfreq,17,1.0
centenary,3.39,en,wordfreq,0,3.75
centennial,3.36,en,wordfreq,0,3.95
center,5.19,en,wordfreq,0,1.9
centered,3.99,en,wordfreq,0,2.25
centering,2.95,en,wordfreq,0,2.55
centerpiece,3.1,en,wordfreq,0,4.6
centers,4.42,en,wordfreq,1,1.85
centimeters,3.24,en,wordfreq,0,4.45
centimetres,2.99,en,wordfreq,0,4.55
central,5.12,en,wordfreq,1,2.25
centralized,3.47,en,wordfreq,0,3.7
centrally,3.33,en,wordfreq,0,3.45
centre,4.95,en,wordfreq,1,1.85
centred,3.5,en,wordfreq,1,2.2
centres,4.1,en,wordfreq,1,2.15
centric,3.43,en,wordfreq,0,2.45
centrifugal,2.97,en,wordfreq,0,5.05
centrist,3.17,en,wordfreq,0,2.8
centro,3.01,en,wordfreq,1,2.0
cents,4.36,en,wordfreq,5,1.65
centuries,4.32,en,wordfreq,0,2.8
centurion,3.05,en,wordfreq,0,3.4
century,5.02,en,wordfreq,0,2.55
ceo,4.46,en,wordfreq,13,1.1
ceos,3.39,en,wordfreq,0,1.8
ceramic,3.74,en,wordfreq,0,2.9
ceramics,3.44,en,wordfreq,0,3.35
cereal,3.74,en,wordfreq,0,2.15
cereals,3.2,en,wordfreq,0,2.7
cerebral,3.6,en,wordfreq,0,3.2
ceremonial,3.49,en,wordfreq,0,3.8
ceremonies,3.73,en,wordfreq,0,3.85
ceremony,4.42,en,wordfreq,0,3.35
cert,3.19,en,wordfreq,5,1.7
certain,5.16,en,wordfreq,1,2.25
certainly,5.0,en,wordfreq,1,3.4
certainty,3.82,en,wordfreq,1,3.4
certificate,4.29,en,wordfreq,0,4.5
certificates,3.77,en,wordfreq,0,4.5
certification,3.97,en,wordfreq,0,3.1
certifications,3.29,en,wordfreq,0,3.6
certified,4.23,en,wordfreq,0,2.9
certify,3.08,en,wordfreq,0,2.85
cervical,3.45,en,wordfreq,0,2.85
cervix,3.01,en,wordfreq,0,2.95
ces,3.19,en,wordfreq,28,1.0
cesar,3.29,en,wordfreq,1,1.9
cessation,3.25,en,wordfreq,0,3.05
cetera,2.96,en,wordfreq,0,2.25
ceylon,3.22,en,wordfreq,0,2.6
cf,3.85,en,wordfreq,41,1.0
cfa,3.17,en,wordfreq,16,1.05
cfb,2.97,en,wordfreq,9,1.4
cfl,3.0,en,wordfreq,12,1.25
cfo,3.13,en,wordfreq,11,1.3
cfr,3.07,en,wordfreq,12,1.25
cfs,3.06,en,wordfreq,21,1.0
cg,3.31,en,wordfreq,44,1.0
cgi,3.37,en,wordfreq,5,1.6
ch,3.95,en,wordfreq,41,1.0
cha,3.7,en,wordfreq,18,1.0
chad,3.93,en,wordfreq,8,1.45
chadwick,3.2,en,wordfreq,0,3.75
chai,3.29,en,wordfreq,10,1.2
chain,4.65,en,wordfreq,1,1.7
chained,3.37,en,wordfreq,1,1.95
chains,4.11,en,wordfreq,1,1.9
chainsaw,3.2,en,wordfreq,0,3.65
chair,4.69,en,wordfreq,3,1.65
chaired,3.43,en,wordfreq,2,1.85
chairman,4.8,en,wordfreq,1,2.8
chairmanship,2.98,en,wordfreq,0,5.45
chairmen,3.14,en,wordfreq,1,2.7
chairperson,3.15,en,wordfreq,0,4.8
chairs,4.02,en,wordfreq,2,1.8
chakra,3.17,en,wordfreq,0,2.4
chalet,3.06,en,wordfreq,0,2.0
chalice,3.0,en,wordfreq,0,2.75
chalk,3.69,en,wordfreq,0,2.0
challenge,4.88,en,wordfreq,0,3.15
challenged,4.09,en,wordfreq,2,3.3
challenger,3.74,en,wordfreq,2,3.3
challengers,3.18,en,wordfreq,0,3.6
challenges,4.49,en,wordfreq,2,3.2
challenging,4.27,en,wordfreq,0,3.7
chalmers,3.2,en,wordfreq,0,2.65
chamber,4.47,en,wordfreq,0,2.35
chamberlain,3.59,en,wordfreq,0,4.7
chambers,4.06,en,wordfreq,0,2.55
chameleon,3.1,en,wordfreq,0,3.65
champ,3.9,en,wordfreq,3,1.7
champagne,3.9,en,wordfreq,0,3.5
champaign,3.08,en,wordfreq,0,3.3
champion,4.62,en,wordfreq,0,2.75
championed,3.11,en,wordfreq,0,3.55
champions,4.5,en,wordfreq,0,3.2
championship,4.54,en,wordfreq,0,5.15
championships,4.03,en,wordfreq,0,5.9
champs,3.6,en,wordfreq,2,1.75
chan,4.0,en,wordfreq,14,1.0
chance,5.26,en,wordfreq,1,1.9
chancellor,4.13,en,wordfreq,0,3.8
chances,4.51,en,wordfreq,1,1.9
chandelier,3.19,en,wordfreq,0,3.75
chandigarh,2.96,en,wordfreq,0,4.6
chandler,3.75,en,wordfreq,0,2.45
chandra,3.19,en,wordfreq,0,2.9
chanel,3.49,en,wordfreq,1,1.9
chang,3.73,en,wordfreq,6,1.5
change,5.54,en,wordfreq,2,1.7
changed,5.07,en,wordfreq,4,1.7
changer,3.46,en,wordfreq,3,1.75
changes,5.12,en,wordfreq,4,1.75
changing,4.76,en,wordfreq,3,2.05
channel,4.85,en,wordfreq,0,2.1
channeling,3.08,en,wordfreq,0,3.35
channels,4.38,en,wordfreq,0,2.65
channing,3.2,en,wordfreq,2,1.85
chant,3.6,en,wordfreq,2,1.7
chanted,2.99,en,wordfreq,3,1.85
chanting,3.62,en,wordfreq,4,1.8
chants,3.4,en,wordfreq,1,1.85
chao,3.06,en,wordfreq,9,1.35
chaos,4.27,en,wordfreq,2,1.8
chaotic,3.67,en,wordfreq,0,2.95
chap,3.61,en,wordfreq,11,1.15
chapel,4.03,en,wordfreq,1,1.95
chaplain,3.43,en,wordfreq,0,2.75
chaplin,3.23,en,wordfreq,0,2.65
chapman,3.78,en,wordfreq,0,2.7
chaps,3.12,en,wordfreq,4,1.6
chapter,4.65,en,wordfreq,2,1.85
chapters,4.1,en,wordfreq,1,2.25
char,3.47,en,wordfreq,9,1.25
character,5.11,en,wordfreq,0,3.25
characterised,3.4,en,wordfreq,1,4.85
characteristic,3.97,en,wordfreq,0,5.8
characteristics,4.28,en,wordfreq,0,6.45
characterize,3.32,en,wordfreq,0,4.9
characterized,4.01,en,wordfreq,1,5.0
characters,4.88,en,wordfreq,0,3.35
charcoal,3.58,en,wordfreq,0,3.75
chardonnay,2.98,en,wordfreq,0,4.8
charge,5.02,en,wordfreq,1,1.8
charged,4.62,en,wordfreq,6,1.65
charger,3.64,en,wordfreq,4,1.7
chargers,3.67,en,wordfreq,1,2.1
charges,4.68,en,wordfreq,4,1.7
charging,4.17,en,wordfreq,3,2.15
chariot,3.29,en,wordfreq,0,2.8
charisma,3.34,en,wordfreq,0,2.95
charismatic,3.48,en,wordfreq,0,4.7
charitable,3.91,en,wordfreq,0,3.75
charities,3.83,en,wordfreq,0,2.9
charity,4.45,en,wordfreq,1,2.4
charles,4.77,en,wordfreq,2,1.9
charleston,3.77,en,wordfreq,0,3.65
charley,3.26,en,wordfreq,1,1.9
charlie,4.43,en,wordfreq,0,2.6
charlotte,4.22,en,wordfreq,0,3.85
charlottesville,3.25,en,wordfreq,0,7.6
charlton,3.25,en,wordfreq,0,2.65
charm,4.12,en,wordfreq,2,1.75
charmed,3.25,en,wordfreq,3,1.8
charming,4.07,en,wordfreq,2,1.85
charms,3.54,en,wordfreq,1,1.85
charred,3.07,en,wordfreq,4,1.8
chart,4.47,en,wordfreq,2,1.65
charted,2.96,en,wordfreq,6,1.7
charter,4.23,en,wordfreq,4,1.7
chartered,3.66,en,wordfreq,0,2.7
charters,3.28,en,wordfreq,2,1.85
charting,3.18,en,wordfreq,4,1.8
charts,4.16,en,wordfreq,2,1.75
chas,3.0,en,wordfreq,7,1.25
chase,4.44,en,wordfreq,4,1.55
chased,3.74,en,wordfreq,4,1.75
chaser,3.13,en,wordfreq,2,1.85
chases,3.22,en,wordfreq,4,1.7
chasing,4.12,en,wordfreq,1,1.9
chasm,2.96,en,wordfreq,2,1.85
chassis,3.54,en,wordfreq,0,2.7
chastity,3.14,en,wordfreq,0,3.05
chat,4.57,en,wordfreq,12,1.05
chateau,3.3,en,wordfreq,0,2.9
chatham,3.28,en,wordfreq,0,2.9
chats,3.37,en,wordfreq,5,1.4
chattanooga,3.26,en,wordfreq,0,5.65
chatted,3.17,en,wordfreq,3,1.85
chatter,3.38,en,wordfreq,4,1.8
chatting,3.77,en,wordfreq,2,2.0
chauffeur,3.17,en,wordfreq,0,4.45
chavez,3.3,en,wordfreq,0,2.1
che,3.46,en,wordfreq,9,1.0
cheap,4.71,en,wordfreq,1,1.85
cheaper,4.22,en,wordfreq,1,1.95
cheapest,3.75,en,wordfreq,0,2.9
cheaply,3.28,en,wordfreq,0,2.75
cheat,4.06,en,wordfreq,3,1.65
cheated,3.9,en,wordfreq,2,1.85
cheater,3.23,en,wordfreq,4,1.7
cheaters,3.03,en,wordfreq,1,1.85
cheating,4.2,en,wordfreq,1,1.9
cheats,3.44,en,wordfreq,1,1.8
chechen,3.02,en,wordfreq,0,2.85
chechnya,2.97,en,wordfreq,0,3.95
check,5.31,en,wordfreq,3,1.75
checked,4.54,en,wordfreq,1,2.0
checker,3.08,en,wordfreq,1,2.05
checkers,3.1,en,wordfreq,0,2.55
checking,4.43,en,wordfreq,0,2.55
checklist,3.45,en,wordfreq,0,3.55
checkmate,2.98,en,wordfreq,0,3.9
checkout,3.64,en,wordfreq,0,3.3
checkpoint,3.39,en,wordfreq,0,4.4
checkpoints,3.13,en,wordfreq,0,4.65
checks,4.31,en,wordfreq,2,1.85
cheddar,3.29,en,wordfreq,0,2.95
cheek,3.96,en,wordfreq,3,1.75
cheeks,3.82,en,wordfreq,4,1.75
cheeky,3.51,en,wordfreq,3,2.0
cheer,4.06,en,wordfreq,2,1.75
cheered,3.38,en,wordfreq,0,2.25
cheerful,3.6,en,wordfreq,0,3.3
cheerfully,2.98,en,wordfreq,0,4.35
cheering,3.83,en,wordfreq,0,2.4
cheerleader,3.33,en,wordfreq,0,4.65
cheerleaders,3.22,en,wordfreq,0,5.2
cheerleading,3.16,en,wordfreq,0,4.75
cheers,4.13,en,wordfreq,2,1.85
cheery,3.01,en,wordfreq,4,1.75
cheese,4.57,en,wordfreq,1,1.9
cheeseburger,3.12,en,wordfreq,0,6.15
cheesecake,3.22,en,wordfreq,0,4.8
cheeses,3.23,en,wordfreq,0,2.3
cheesy,3.58,en,wordfreq,3,2.0
cheetah,3.2,en,wordfreq,0,3.0
chef,4.23,en,wordfreq,6,1.55
chefs,3.64,en,wordfreq,1,1.85
chelmsford,2.97,en,wordfreq,0,4.9
chelsea,4.35,en,wordfreq,0,2.9
cheltenham,3.34,en,wordfreq,0,4.8
chem,3.46,en,wordfreq,10,1.35
chemical,4.57,en,wordfreq,0,2.75
chemically,3.24,en,wordfreq,0,3.45
chemicals,4.17,en,wordfreq,0,3.55
chemist,3.51,en,wordfreq,0,2.55
chemistry,4.35,en,wordfreq,0,3.65
chemists,3.25,en,wordfreq,0,2.8
chemo,3.25,en,wordfreq,0,1.95
chemotherapy,3.56,en,wordfreq,0,5.75
chen,3.96,en,wordfreq,12,1.2
cheney,3.36,en,wordfreq,0,2.1
cheng,3.37,en,wordfreq,4,1.7
chennai,3.52,en,wordfreq,0,2.95
cheque,3.49,en,wordfreq,0,2.75
cheques,3.1,en,wordfreq,0,2.85
cher,3.36,en,wordfreq,9,1.4
cherish,3.52,en,wordfreq,0,2.75
cherished,3.41,en,wordfreq,0,3.65
chernobyl,3.11,en,wordfreq,0,4.45
cherokee,3.45,en,wordfreq,0,3.55
cherries,3.27,en,wordfreq,0,2.8
cherry,4.18,en,wordfreq,2,1.9
cheryl,3.58,en,wordfreq,1,2.6
chesapeake,3.34,en,wordfreq,0,4.85
cheshire,3.45,en,wordfreq,0,3.75
chess,3.94,en,wordfreq,2,1.8
chest,4.52,en,wordfreq,3,1.75
chester,3.81,en,wordfreq,1,1.9
chesterfield,3.11,en,wordfreq,0,5.15
chestnut,3.46,en,wordfreq,0,3.8
chests,3.19,en,wordfreq,1,1.85
chet,3.13,en,wordfreq,8,1.4
cheung,3.03,en,wordfreq,0,2.15
chevalier,2.96,en,wordfreq,0,3.65
chevrolet,3.62,en,wordfreq,0,4.1
chevron,3.27,en,wordfreq,0,2.9
chevy,3.53,en,wordfreq,0,2.0
chew,3.66,en,wordfreq,10,1.45
chewed,3.24,en,wordfreq,0,2.05
chewing,3.63,en,wordfreq,0,2.2
cheyenne,3.27,en,wordfreq,0,3.7
chez,2.95,en,wordfreq,6,1.65
chi,3.95,en,wordfreq,12,1.0
chia,3.02,en,wordfreq,5,1.55
chiang,3.28,en,wordfreq,0,1.9
chic,3.68,en,wordfreq,4,1.65
chicago,4.83,en,wordfreq,0,3.2
chichester,3.0,en,wordfreq,0,3.5
chick,4.08,en,wordfreq,5,1.65
chicken,4.63,en,wordfreq,0,2.45
chickens,3.82,en,wordfreq,0,2.7
chicks,3.87,en,wordfreq,2,1.8
chico,3.21,en,wordfreq,2,1.85
chief,5.11,en,wordfreq,1,1.85
chiefly,3.42,en,wordfreq,0,2.8
chiefs,4.07,en,wordfreq,0,2.1
chihuahua,3.21,en,wordfreq,0,5.1
child,5.3,en,wordfreq,3,1.8
childbirth,3.42,en,wordfreq,0,4.9
childcare,3.4,en,wordfreq,0,3.9
childhood,4.51,en,wordfreq,0,4.45
childish,3.73,en,wordfreq,0,3.35
childless,3.06,en,wordfreq,0,3.4
children,5.47,en,wordfreq,0,3.2
childrens,3.04,en,wordfreq,0,3.65
childs,3.17,en,wordfreq,1,1.9
chile,4.06,en,wordfreq,5,1.75
chilean,3.44,en,wordfreq,0,2.85
chili,3.73,en,wordfreq,3,1.8
chill,4.18,en,wordfreq,3,1.6
chilled,3.49,en,wordfreq,0,2.0
chilli,3.29,en,wordfreq,2,2.05
chilling,3.69,en,wordfreq,1,2.15
chills,3.42,en,wordfreq,3,1.75
chilly,3.5,en,wordfreq,3,1.75
chime,3.14,en,wordfreq,3,1.8
chimes,3.06,en,wordfreq,1,1.9
chimney,3.55,en,wordfreq,0,2.7
chimneys,3.01,en,wordfreq,0,3.1
chimp,2.95,en,wordfreq,2,1.85
chimpanzee,2.96,en,wordfreq,0,4.65
chimpanzees,2.97,en,wordfreq,0,4.95
chin,4.0,en,wordfreq,11,1.2
china,5.1,en,wordfreq,2,1.8
chinatown,3.32,en,wordfreq,0,4.0
chinese,5.01,en,wordfreq,0,2.8
ching,3.37,en,wordfreq,8,1.45
chino,3.02,en,wordfreq,4,1.75
chip,4.31,en,wordfreq,9,1.35
chipotle,3.13,en,wordfreq,0,3.8
chipped,3.25,en,wordfreq,4,1.8
chipping,3.16,en,wordfreq,4,1.8
chips,4.21,en,wordfreq,5,1.65
chisel,2.96,en,wordfreq,0,2.3
chit,3.01,en,wordfreq,9,1.45
chivalry,3.08,en,wordfreq,0,3.6
chloe,3.75,en,wordfreq,0,2.0
chloride,3.39,en,wordfreq,1,3.0
chlorine,3.43,en,wordfreq,1,2.8
cho,3.49,en,wordfreq,12,1.0
chocolate,4.49,en,wordfreq,0,3.7
chocolates,3.4,en,wordfreq,0,3.9
choi,3.51,en,wordfreq,5,1.6
choice,5.08,en,wordfreq,0,2.1
choices,4.46,en,wordfreq,0,2.55
choir,3.88,en,wordfreq,1,1.85
choirs,2.96,en,wordfreq,1,1.9
choke,3.72,en,wordfreq,3,1.75
choked,3.53,en,wordfreq,1,1.9
choking,3.58,en,wordfreq,1,1.95
cholera,3.29,en,wordfreq,0,2.9
cholesterol,3.72,en,wordfreq,0,4.85
chomsky,3.01,en,wordfreq,0,3.0
chong,3.15,en,wordfreq,5,1.65
choo,3.28,en,wordfreq,5,1.6
choose,4.91,en,wordfreq,0,1.9
chooses,3.83,en,wordfreq,0,2.35
choosing,4.26,en,wordfreq,0,2.35
chop,3.77,en,wordfreq,9,1.35
chopped,3.78,en,wordfreq,4,1.75
chopper,3.31,en,wordfreq,2,1.9
chopping,3.37,en,wordfreq,4,1.75
chopra,3.08,en,wordfreq,0,2.4
chops,3.38,en,wordfreq,4,1.65
choral,3.22,en,wordfreq,0,2.2
chord,3.65,en,wordfreq,1,1.85
chords,3.5,en,wordfreq,2,1.8
chore,3.15,en,wordfreq,6,1.6
choreographed,3.07,en,wordfreq,1,4.9
choreographer,3.13,en,wordfreq,1,4.8
choreography,3.49,en,wordfreq,0,4.2
chores,3.54,en,wordfreq,5,1.65
chorus,3.9,en,wordfreq,2,1.9
chose,4.55,en,wordfreq,6,1.55
chosen,4.61,en,wordfreq,0,1.95
chou,2.98,en,wordfreq,6,1.55
chow,3.43,en,wordfreq,7,1.5
chris,4.81,en,wordfreq,0,1.95
chrissy,3.01,en,wordfreq,1,2.65
christ,4.79,en,wordfreq,0,1.9
christchurch,3.26,en,wordfreq,0,6.15
christensen,3.2,en,wordfreq,0,4.55
christi,3.21,en,wordfreq,1,2.45
christian,4.88,en,wordfreq,0,2.8
christianity,4.19,en,wordfreq,0,4.9
christians,4.37,en,wordfreq,0,3.2
christie,3.7,en,wordfreq,0,2.65
christina,3.82,en,wordfreq,1,2.9
christine,3.91,en,wordfreq,1,2.75
christmas,4.91,en,wordfreq,0,3.45
christophe,3.0,en,wordfreq,0,4.1
christopher,4.22,en,wordfreq,0,4.65
christy,3.33,en,wordfreq,2,2.45
chromatography,2.95,en,wordfreq,0,5.75
chrome,3.9,en,wordfreq,0,2.2
chromium,3.14,en,wordfreq,0,3.85
chromosome,3.48,en,wordfreq,0,4.5
chromosomes,3.31,en,wordfreq,0,4.75
chronic,4.2,en,wordfreq,0,2.85
chronically,3.09,en,wordfreq,0,3.65
chronicle,3.7,en,wordfreq,0,3.65
chronicles,3.64,en,wordfreq,0,3.95
chronological,3.4,en,wordfreq,0,4.7
chronology,3.22,en,wordfreq,0,4.2
chrysler,3.55,en,wordfreq,0,3.75
chu,3.5,en,wordfreq,9,1.25
chubby,3.43,en,wordfreq,0,2.75
chuck,4.17,en,wordfreq,3,1.85
chuckle,3.52,en,wordfreq,0,2.65
chuckled,3.05,en,wordfreq,1,2.75
chuckles,3.09,en,wordfreq,1,2.7
chum,2.97,en,wordfreq,2,1.75
chun,3.34,en,wordfreq,5,1.5
chung,3.42,en,wordfreq,6,1.55
chunk,3.64,en,wordfreq,2,1.7
chunks,3.48,en,wordfreq,1,1.95
chunky,3.31,en,wordfreq,1,2.25
church,5.16,en,wordfreq,0,2.6
churches,4.27,en,wordfreq,0,2.8
churchill,3.83,en,wordfreq,0,4.1
churn,3.07,en,wordfreq,0,1.95
churning,3.12,en,wordfreq,0,2.25
chute,3.19,en,wordfreq,0,1.95
ci,3.53,en,wordfreq,48,1.0
cia,4.21,en,wordfreq,26,1.0
cicero,3.18,en,wordfreq,0,2.75
cid,3.15,en,wordfreq,19,1.0
cider,3.5,en,wordfreq,2,1.85
cigar,3.57,en,wordfreq,0,1.95
cigarette,4.06,en,wordfreq,0,3.8
cigarettes,4.09,en,wordfreq,0,4.4
cigars,3.37,en,wordfreq,0,2.6
cincinnati,3.96,en,wordfreq,0,4.95
cinder,2.96,en,wordfreq,5,1.7
cinderella,3.45,en,wordfreq,0,4.85
cindy,3.58,en,wordfreq,3,1.8
cinema,4.17,en,wordfreq,0,2.85
cinemas,3.56,en,wordfreq,0,2.85
cinematic,3.6,en,wordfreq,0,3.65
cinematography,3.24,en,wordfreq,0,6.4
cinnamon,3.7,en,wordfreq,0,3.95
cio,3.29,en,wordfreq,14,1.15
cipher,3.12,en,wordfreq,0,2.25
cir,3.19,en,wordfreq,17,1.0
circa,3.57,en,wordfreq,0,2.0
circadian,2.97,en,wordfreq,0,3.75
circle,4.55,en,wordfreq,0,2.5
circled,3.17,en,wordfreq,1,2.75
circles,4.13,en,wordfreq,1,2.65
circling,3.33,en,wordfreq,0,2.9
circuit,4.47,en,wordfreq,0,2.75
circuitry,3.07,en,wordfreq,0,3.85
circuits,3.77,en,wordfreq,0,3.1
circular,3.96,en,wordfreq,0,3.05
circulate,3.17,en,wordfreq,0,3.0
circulated,3.55,en,wordfreq,0,3.15
circulating,3.56,en,wordfreq,0,3.45
circulation,3.96,en,wordfreq,0,3.35
circumcision,3.21,en,wordfreq,0,5.6
circumference,3.18,en,wordfreq,0,5.4
circumstance,3.66,en,wordfreq,0,5.15
circumstances,4.59,en,wordfreq,0,5.45
circumstantial,3.14,en,wordfreq,0,6.45
circumvent,3.15,en,wordfreq,0,4.55
circus,3.98,en,wordfreq,0,2.3
cirque,2.96,en,wordfreq,0,2.7
cis,3.59,en,wordfreq,30,1.0
cisco,3.49,en,wordfreq,1,2.05
citadel,3.33,en,wordfreq,0,3.2
citation,3.82,en,wordfreq,0,2.4
citations,3.57,en,wordfreq,0,2.65
cite,3.67,en,wordfreq,12,1.3
cited,4.29,en,wordfreq,1,1.9
cites,3.61,en,wordfreq,6,1.6
citi,3.05,en,wordfreq,2,1.9
cities,4.84,en,wordfreq,0,1.95
citing,3.94,en,wordfreq,1,1.95
citizen,4.39,en,wordfreq,0,3.2
citizens,4.72,en,wordfreq,0,3.5
citizenship,4.1,en,wordfreq,0,5.35
citrus,3.58,en,wordfreq,0,2.5
city,5.61,en,wordfreq,3,1.85
civ,3.25,en,wordfreq,9,1.4
civic,4.0,en,wordfreq,1,2.2
civil,4.93,en,wordfreq,1,2.15
civilian,4.23,en,wordfreq,0,3.0
civilians,4.1,en,wordfreq,0,3.5
civilisation,3.37,en,wordfreq,1,4.0
civilised,3.08,en,wordfreq,1,3.6
civility,3.03,en,wordfreq,0,2.9
civilization,4.01,en,wordfreq,1,3.6
civilizations,3.36,en,wordfreq,0,4.35
civilized,3.52,en,wordfreq,1,3.45
cj,3.46,en,wordfreq,38,1.0
ck,3.34,en,wordfreq,42,1.0
cl,3.85,en,wordfreq,44,1.0
clad,3.58,en,wordfreq,8,1.5
claim,4.95,en,wordfreq,1,1.85
claimant,3.14,en,wordfreq,0,2.85
claimants,3.26,en,wordfreq,0,3.55
claimed,4.64,en,wordfreq,0,2.05
claiming,4.33,en,wordfreq,0,2.45
claims,4.86,en,wordfreq,0,1.9
clair,3.28,en,wordfreq,4,1.7
claire,3.98,en,wordfreq,0,1.9
clam,3.22,en,wordfreq,10,1.25
clamp,3.45,en,wordfreq,4,1.55
clamps,3.04,en,wordfreq,2,1.7
clams,3.13,en,wordfreq,6,1.5
clan,3.97,en,wordfreq,9,1.35
clancy,3.1,en,wordfreq,0,2.1
clandestine,3.21,en,wordfreq,0,4.65
clans,3.45,en,wordfreq,5,1.6
clap,3.54,en,wordfreq,10,1.3
clapped,3.11,en,wordfreq,2,1.85
clapping,3.36,en,wordfreq,3,1.8
clara,3.8,en,wordfreq,2,1.8
clare,3.65,en,wordfreq,4,1.65
claremont,2.97,en,wordfreq,0,3.5
clarence,3.71,en,wordfreq,0,2.75
clarendon,3.05,en,wordfreq,0,3.75
clarification,3.54,en,wordfreq,0,3.55
clarified,3.49,en,wordfreq,1,2.85
clarifies,2.97,en,wordfreq,1,3.35
clarify,3.85,en,wordfreq,1,2.75
clarifying,3.21,en,wordfreq,0,3.4
clarinet,3.12,en,wordfreq,0,2.95
clarissa,2.98,en,wordfreq,0,3.15
clarity,3.9,en,wordfreq,2,2.55
clark,4.38,en,wordfreq,3,1.75
clarke,4.05,en,wordfreq,0,1.9
clarkson,3.48,en,wordfreq,0,2.8
clash,3.97,en,wordfreq,5,1.65
clashed,3.12,en,wordfreq,5,1.65
clashes,3.53,en,wordfreq,4,1.75
clasp,3.1,en,wordfreq,3,1.8
class,5.36,en,wordfreq,8,1.45
classed,3.31,en,wordfreq,2,1.9
classes,4.77,en,wordfreq,4,1.8
classic,4.72,en,wordfreq,0,2.4
classical,4.26,en,wordfreq,0,3.55
classically,2.99,en,wordfreq,0,3.75
classics,3.9,en,wordfreq,0,2.6
classification,4.18,en,wordfreq,0,4.35
classifications,3.18,en,wordfreq,0,4.75
classified,4.26,en,wordfreq,0,3.7
classify,3.39,en,wordfreq,0,2.95
classifying,2.95,en,wordfreq,0,4.25
classmate,3.34,en,wordfreq,0,3.75
classmates,3.64,en,wordfreq,0,3.75
classroom,4.15,en,wordfreq,0,3.85
classrooms,3.67,en,wordfreq,0,4.3
classy,3.72,en,wordfreq,0,1.95
claude,3.76,en,wordfreq,1,1.9
claudia,3.57,en,wordfreq,1,2.85
claudio,3.34,en,wordfreq,1,2.75
claus,3.48,en,wordfreq,5,1.7
clause,3.99,en,wordfreq,1,1.8
clauses,3.44,en,wordfreq,1,2.0
claw,3.59,en,wordfreq,6,1.6
claws,3.56,en,wordfreq,5,1.65
clay,4.29,en,wordfreq,8,1.55
clayton,3.73,en,wordfreq,0,2.6
clean,4.97,en,wordfreq,1,1.75
cleaned,4.02,en,wordfreq,3,1.75
cleaner,3.9,en,wordfreq,3,1.75
cleaners,3.46,en,wordfreq,0,2.45
cleaning,4.39,en,wordfreq,1,2.05
cleanliness,3.26,en,wordfreq,0,4.55
cleanly,3.02,en,wordfreq,1,2.45
cleans,3.24,en,wordfreq,1,1.75
cleanse,3.47,en,wordfreq,0,2.0
cleansed,2.97,en,wordfreq,1,2.25
cleanser,3.06,en,wordfreq,1,2.45
cleansing,3.56,en,wordfreq,0,2.65
cleanup,3.46,en,wordfreq,0,2.7
clear,5.25,en,wordfreq,1,1.8
clearance,3.96,en,wordfreq,0,3.45
clearances,3.07,en,wordfreq,0,3.75
cleared,4.2,en,wordfreq,2,1.9
clearer,3.73,en,wordfreq,3,1.85
clearest,3.04,en,wordfreq,0,2.7
clearing,4.04,en,wordfreq,1,1.95
clearly,4.92,en,wordfreq,1,2.2
clears,3.56,en,wordfreq,2,1.85
clearwater,3.08,en,wordfreq,0,3.9
cleary,2.95,en,wordfreq,1,1.85
cleavage,3.4,en,wordfreq,0,3.6
cleaver,3.04,en,wordfreq,2,2.0
clegg,3.23,en,wordfreq,0,2.2
clem,2.98,en,wordfreq,3,1.85
clemency,2.97,en,wordfreq,0,3.0
clemens,3.06,en,wordfreq,1,2.45
clement,3.43,en,wordfreq,2,2.3
clements,3.01,en,wordfreq,1,2.45
clemson,3.46,en,wordfreq,0,2.85
cleo,3.01,en,wordfreq,1,1.85
cleopatra,3.18,en,wordfreq,0,4.5
clergy,3.74,en,wordfreq,0,2.45
clergyman,3.17,en,wordfreq,0,4.15
cleric,3.38,en,wordfreq,0,2.45
clerical,3.35,en,wordfreq,0,2.65
clerics,3.11,en,wordfreq,0,2.7
clerk,4.0,en,wordfreq,1,1.9
clerks,3.31,en,wordfreq,0,2.1
clermont,2.99,en,wordfreq,0,2.9
cleveland,4.27,en,wordfreq,0,3.75
clever,4.21,en,wordfreq,1,1.85
cleverly,3.18,en,wordfreq,0,2.85
cliche,3.16,en,wordfreq,0,2.4
click,4.82,en,wordfreq,4,1.7
clicked,3.56,en,wordfreq,1,1.9
clicking,3.91,en,wordfreq,0,2.05
clicks,3.72,en,wordfreq,3,1.75
client,4.54,en,wordfreq,0,2.05
clientele,3.22,en,wordfreq,0,3.9
clients,4.45,en,wordfreq,0,2.7
cliff,4.1,en,wordfreq,0,1.95
clifford,3.77,en,wordfreq,0,3.5
cliffs,3.66,en,wordfreq,0,2.5
clifton,3.33,en,wordfreq,1,2.8
climate,4.71,en,wordfreq,0,2.65
climates,3.33,en,wordfreq,0,2.8
climatic,3.2,en,wordfreq,0,3.15
climax,3.6,en,wordfreq,0,2.75
climb,4.22,en,wordfreq,0,1.9
climbed,3.85,en,wordfreq,1,2.6
climber,3.17,en,wordfreq,1,2.3
climbers,3.28,en,wordfreq,0,2.6
climbing,4.12,en,wordfreq,0,2.6
climbs,3.41,en,wordfreq,0,1.9
clinch,3.29,en,wordfreq,0,2.15
clinched,3.17,en,wordfreq,0,2.8
cling,3.49,en,wordfreq,6,1.65
clinging,3.36,en,wordfreq,0,2.2
clinic,4.21,en,wordfreq,0,2.55
clinical,4.51,en,wordfreq,0,2.6
clinically,3.39,en,wordfreq,0,3.35
clinician,2.98,en,wordfreq,0,3.55
clinicians,3.27,en,wordfreq,0,3.65
clinics,3.79,en,wordfreq,0,2.7
clint,3.53,en,wordfreq,2,1.75
clinton,4.57,en,wordfreq,1,2.65
clintons,3.13,en,wordfreq,0,2.95
clip,4.26,en,wordfreq,6,1.6
clipped,3.29,en,wordfreq,5,1.75
clipper,3.06,en,wordfreq,2,2.0
clippers,3.6,en,wordfreq,1,2.55
clipping,3.19,en,wordfreq,4,1.75
clippings,3.0,en,wordfreq,0,2.7
clips,4.04,en,wordfreq,3,1.75
clique,3.15,en,wordfreq,0,2.55
clit,3.1,en,wordfreq,4,1.7
clitoris,2.95,en,wordfreq,0,3.6
clive,3.62,en,wordfreq,2,1.85
cloak,3.57,en,wordfreq,1,1.95
clock,4.43,en,wordfreq,6,1.55
clocked,3.18,en,wordfreq,2,1.85
clocks,3.58,en,wordfreq,3,1.7
clockwise,3.2,en,wordfreq,0,3.9
clockwork,3.2,en,wordfreq,0,3.9
clog,2.99,en,wordfreq,2,1.8
clogged,3.28,en,wordfreq,0,2.2
clone,3.68,en,wordfreq,2,1.7
cloned,3.07,en,wordfreq,2,1.85
clones,3.4,en,wordfreq,3,1.75
cloning,3.23,en,wordfreq,1,1.95
clooney,3.1,en,wordfreq,0,2.6
close,5.36,en,wordfreq,2,1.65
closed,4.9,en,wordfreq,4,1.75
closely,4.53,en,wordfreq,0,2.45
closeness,3.14,en,wordfreq,0,3.6
closer,4.73,en,wordfreq,4,1.7
closes,3.96,en,wordfreq,5,1.55
closest,4.21,en,wordfreq,0,2.25
closet,4.13,en,wordfreq,3,1.7
closets,3.06,en,wordfreq,0,2.2
closing,4.46,en,wordfreq,1,1.9
closure,4.11,en,wordfreq,0,2.75
closures,3.37,en,wordfreq,0,2.8
clot,3.19,en,wordfreq,6,1.45
cloth,4.03,en,wordfreq,2,1.8
clothed,3.26,en,wordfreq,1,2.35
clothes,4.72,en,wordfreq,1,2.45
clothing,4.47,en,wordfreq,0,2.65
cloths,3.09,en,wordfreq,0,1.95
clots,2.97,en,wordfreq,3,1.7
cloud,4.46,en,wordfreq,2,1.7
clouded,3.06,en,wordfreq,0,2.1
clouds,4.16,en,wordfreq,1,1.9
cloudy,3.55,en,wordfreq,1,2.3
clout,3.23,en,wordfreq,1,1.9
clover,3.36,en,wordfreq,4,1.7
cloves,3.07,en,wordfreq,4,1.75
clown,3.93,en,wordfreq,3,1.8
clowns,3.5,en,wordfreq,1,1.9
club,5.2,en,wordfreq,1,1.85
clubbing,2.99,en,wordfreq,0,2.8
clubhouse,3.41,en,wordfreq,0,4.0
clubs,4.51,en,wordfreq,1,1.85
clue,4.18,en,wordfreq,3,1.75
clueless,3.5,en,wordfreq,0,2.95
clues,3.82,en,wordfreq,2,1.8
clumsy,3.44,en,wordfreq,0,2.65
clung,2.98,en,wordfreq,3,1.8
cluster,3.99,en,wordfreq,1,1.8
clustered,3.09,en,wordfreq,0,2.75
clustering,3.03,en,wordfreq,0,2.95
clusters,3.68,en,wordfreq,0,2.5
clutch,3.88,en,wordfreq,0,2.3
clutches,3.16,en,wordfreq,1,2.55
clutching,3.17,en,wordfreq,0,2.85
clutter,3.21,en,wordfreq,2,1.85
clyde,3.72,en,wordfreq,0,2.15
cm,4.27,en,wordfreq,46,1.0
cma,3.06,en,wordfreq,16,1.0
cmc,3.09,en,wordfreq,11,1.3
cmon,3.04,en,wordfreq,1,1.85
cms,3.36,en,wordfreq,24,1.0
cn,3.38,en,wordfreq,40,1.0
cnbc,3.14,en,wordfreq,0,1.9
cnn,4.28,en,wordfreq,6,1.55
cns,3.03,en,wordfreq,19,1.0
co,5.21,en,wordfreq,46,1.0
coa,3.13,en,wordfreq,29,1.0
coach,4.96,en,wordfreq,2,1.9
coached,3.58,en,wordfreq,2,2.15
coachella,3.14,en,wordfreq,0,3.85
coaches,4.26,en,wordfreq,2,2.1
coaching,4.29,en,wordfreq,1,2.3
coal,4.49,en,wordfreq,6,1.45
coalition,4.23,en,wordfreq,0,2.75
coalitions,3.06,en,wordfreq,0,3.15
coals,2.98,en,wordfreq,4,1.7
coarse,3.41,en,wordfreq,1,1.95
coast,4.87,en,wordfreq,3,1.65
coastal,4.19,en,wordfreq,0,2.65
coaster,3.69,en,wordfreq,1,1.85
coasters,3.18,en,wordfreq,0,1.95
coastline,3.51,en,wordfreq,0,3.4
coasts,3.37,en,wordfreq,1,1.75
coat,4.36,en,wordfreq,9,1.3
coated,3.69,en,wordfreq,1,1.95
coates,3.13,en,wordfreq,2,1.8
coating,3.71,en,wordfreq,2,1.85
coatings,3.36,en,wordfreq,0,2.5
coats,3.74,en,wordfreq,6,1.45
coax,2.96,en,wordfreq,3,1.75
cob,3.04,en,wordfreq,26,1.0
cobain,2.98,en,wordfreq,0,2.0
cobalt,3.37,en,wordfreq,0,2.45
cobb,3.5,en,wordfreq,2,1.85
cobra,3.51,en,wordfreq,0,1.95
coca,3.64,en,wordfreq,7,1.5
cocaine,3.98,en,wordfreq,0,2.85
cochran,3.23,en,wordfreq,0,2.85
cochrane,3.11,en,wordfreq,0,3.4
cock,4.23,en,wordfreq,10,1.3
cockpit,3.6,en,wordfreq,0,3.15
cockroach,3.16,en,wordfreq,0,4.3
cockroaches,3.11,en,wordfreq,0,4.75
cocks,3.46,en,wordfreq,7,1.55
cocktail,3.89,en,wordfreq,0,3.6
cocktails,3.6,en,wordfreq,0,3.8
cocky,3.39,en,wordfreq,2,1.85
coco,3.49,en,wordfreq,5,1.65
cocoa,3.64,en,wordfreq,0,1.9
coconut,3.88,en,wordfreq,0,3.05
cocoon,3.08,en,wordfreq,0,2.5
cod,3.89,en,wordfreq,28,1.0
code,5.08,en,wordfreq,14,1.0
coded,3.58,en,wordfreq,3,1.8
codes,4.18,en,wordfreq,8,1.55
codex,3.18,en,wordfreq,2,1.85
codified,2.97,en,wordfreq,1,2.85
coding,3.81,en,wordfreq,2,1.9
cody,3.77,en,wordfreq,7,1.55
coe,3.15,en,wordfreq,30,1.0
coefficient,3.39,en,wordfreq,0,4.05
coefficients,3.22,en,wordfreq,0,4.4
coerced,3.11,en,wordfreq,0,2.8
coercion,3.27,en,wordfreq,0,3.2
coercive,2.98,en,wordfreq,0,3.2
coexist,3.04,en,wordfreq,0,2.8
coffee,4.86,en,wordfreq,0,2.75
coffees,3.02,en,wordfreq,0,2.75
coffin,3.8,en,wordfreq,0,2.45
coffins,3.04,en,wordfreq,0,2.6
cog,3.01,en,wordfreq,22,1.0
cognition,3.34,en,wordfreq,0,3.0
cognitive,4.11,en,wordfreq,0,3.65
cohen,3.98,en,wordfreq,1,1.85
coherence,3.09,en,wordfreq,0,3.05
coherent,3.63,en,wordfreq,0,2.85
cohesion,3.28,en,wordfreq,0,2.9
cohesive,3.31,en,wordfreq,0,3.6
cohn,3.03,en,wordfreq,5,1.65
cohort,3.4,en,wordfreq,0,2.35
cohorts,3.01,en,wordfreq,0,2.5
coil,3.73,en,wordfreq,8,1.45
coils,3.36,en,wordfreq,5,1.65
coin,4.19,en,wordfreq,10,1.3
coinage,3.04,en,wordfreq,0,2.75
coincide,3.49,en,wordfreq,0,2.7
coincided,3.35,en,wordfreq,1,3.0
coincidence,3.96,en,wordfreq,0,3.65
coincidences,2.96,en,wordfreq,0,4.05
coincidental,2.95,en,wordfreq,0,3.85
coincidentally,3.24,en,wordfreq,0,4.95
coincides,3.2,en,wordfreq,1,2.95
coined,3.39,en,wordfreq,1,1.95
coins,4.26,en,wordfreq,2,1.8
coke,4.08,en,wordfreq,13,1.2
col,3.95,en,wordfreq,27,1.0
cola,3.74,en,wordfreq,13,1.2
colbert,3.38,en,wordfreq,0,2.45
colby,3.25,en,wordfreq,2,1.9
colchester,3.13,en,wordfreq,0,3.45
cold,5.02,en,wordfreq,14,1.05
colder,3.54,en,wordfreq,5,1.7
coldest,3.22,en,wordfreq,0,2.3
coldplay,3.05,en,wordfreq,0,3.65
colds,2.97,en,wordfreq,7,1.55
cole,4.18,en,wordfreq,20,1.0
coleman,3.77,en,wordfreq,0,2.65
coles,3.15,en,wordfreq,11,1.4
coli,3.26,en,wordfreq,7,1.55
colin,4.09,en,wordfreq,2,1.75
coliseum,3.17,en,wordfreq,0,3.95
coll,3.0,en,wordfreq,16,1.15
collab,2.97,en,wordfreq,1,2.5
collaborate,3.51,en,wordfreq,0,3.75
collaborated,3.37,en,wordfreq,0,3.95
collaborating,3.42,en,wordfreq,0,4.05
collaboration,4.28,en,wordfreq,0,3.75
collaborations,3.32,en,wordfreq,0,4.05
collaborative,3.78,en,wordfreq,0,4.35
collaborator,3.16,en,wordfreq,0,4.15
collaborators,3.32,en,wordfreq,0,4.5
collage,3.35,en,wordfreq,1,2.1
collagen,3.25,en,wordfreq,0,2.75
collapse,4.18,en,wordfreq,0,2.7
collapsed,3.92,en,wordfreq,1,3.2
collapses,3.37,en,wordfreq,1,3.2
collapsing,3.39,en,wordfreq,0,3.65
collar,4.04,en,wordfreq,3,1.8
collars,3.18,en,wordfreq,2,2.0
collateral,3.66,en,wordfreq,0,4.1
colleague,3.98,en,wordfreq,0,3.45
colleagues,4.29,en,wordfreq,0,3.5
collect,4.37,en,wordfreq,0,2.45
collected,4.63,en,wordfreq,0,2.75
collectible,3.14,en,wordfreq,0,3.7
collectibles,3.11,en,wordfreq,0,4.25
collecting,4.18,en,wordfreq,0,2.75
collection,4.96,en,wordfreq,0,2.55
collections,4.21,en,wordfreq,0,2.65
collective,4.3,en,wordfreq,0,2.75
collectively,3.82,en,wordfreq,0,3.95
collector,3.91,en,wordfreq,0,2.95
collectors,3.8,en,wordfreq,0,3.15
collects,3.59,en,wordfreq,0,2.6
colleen,3.3,en,wordfreq,0,2.55
college,5.27,en,wordfreq,1,2.45
colleges,4.25,en,wordfreq,0,2.6
collegiate,3.41,en,wordfreq,0,3.9
collide,3.29,en,wordfreq,0,2.45
collided,3.26,en,wordfreq,0,2.75
colliding,2.95,en,wordfreq,0,3.0
collie,2.98,en,wordfreq,2,1.75
collier,3.37,en,wordfreq,0,2.05
colliery,2.95,en,wordfreq,0,2.85
collin,3.03,en,wordfreq,2,1.8
collingwood,3.24,en,wordfreq,0,5.15
collins,4.15,en,wordfreq,1,1.95
collision,3.95,en,wordfreq,1,2.75
collisions,3.39,en,wordfreq,0,3.25
collusion,3.43,en,wordfreq,1,2.65
colo,3.28,en,wordfreq,10,1.3
cologne,3.57,en,wordfreq,0,2.75
colombia,3.95,en,wordfreq,1,3.35
colombian,3.57,en,wordfreq,1,3.4
colombo,3.27,en,wordfreq,0,2.9
colon,3.6,en,wordfreq,2,1.7
colonel,4.41,en,wordfreq,0,2.5
colonial,4.17,en,wordfreq,0,2.85
colonialism,3.33,en,wordfreq,0,4.6
colonies,3.94,en,wordfreq,0,2.55
colonists,3.35,en,wordfreq,0,3.25
colonization,3.36,en,wordfreq,0,3.8
colonized,2.99,en,wordfreq,0,3.4
colony,4.12,en,wordfreq,0,2.15
color,4.91,en,wordfreq,2,1.75
colorado,4.46,en,wordfreq,0,3.35
coloration,3.01,en,wordfreq,0,2.9
colorectal,3.0,en,wordfreq,0,4.15
colored,4.19,en,wordfreq,0,2.35
colorful,3.8,en,wordfreq,0,3.25
coloring,3.59,en,wordfreq,0,2.5
colorless,3.02,en,wordfreq,0,3.4
colors,4.46,en,wordfreq,0,1.9
colossal,3.37,en,wordfreq,0,3.6
colossus,3.06,en,wordfreq,0,3.15
colour,4.49,en,wordfreq,0,2.05
coloured,3.92,en,wordfreq,0,2.65
colourful,3.55,en,wordfreq,0,3.65
colouring,3.22,en,wordfreq,0,2.9
colours,4.15,en,wordfreq,0,2.5
colt,3.57,en,wordfreq,14,1.15
colton,3.16,en,wordfreq,2,1.85
colts,3.61,en,wordfreq,7,1.6
columbia,4.4,en,wordfreq,1,3.2
columbian,2.99,en,wordfreq,1,3.35
columbus,4.04,en,wordfreq,0,3.2
column,4.33,en,wordfreq,0,2.55
columnist,3.58,en,wordfreq,0,3.6
columns,3.97,en,wordfreq,0,2.7
com,4.22,en,wordfreq,27,1.0
coma,3.74,en,wordfreq,11,1.25
comb,3.52,en,wordfreq,9,1.35
combat,4.56,en,wordfreq,1,2.3
combatants,3.22,en,wordfreq,0,3.9
combating,3.25,en,wordfreq,0,2.65
combination,4.61,en,wordfreq,0,2.8
combinations,3.83,en,wordfreq,0,3.5
combine,4.13,en,wordfreq,1,2.3
combined,4.68,en,wordfreq,1,2.6
combines,3.73,en,wordfreq,1,2.6
combing,3.0,en,wordfreq,2,1.85
combining,3.9,en,wordfreq,0,2.85
combo,3.8,en,wordfreq,1,1.85
combs,3.17,en,wordfreq,5,1.7
combustion,3.57,en,wordfreq,0,3.25
comcast,3.48,en,wordfreq,0,2.7
come,5.78,en,wordfreq,19,1.0
comeback,4.05,en,wordfreq,0,3.7
comedian,3.96,en,wordfreq,0,2.75
comedians,3.49,en,wordfreq,0,3.45
comedic,3.38,en,wordfreq,0,2.65
comedies,3.3,en,wordfreq,0,2.75
comedy,4.51,en,wordfreq,0,2.25
comes,5.36,en,wordfreq,11,1.35
comet,3.64,en,wordfreq,2,1.8
comets,3.19,en,wordfreq,0,1.9
comey,3.31,en,wordfreq,5,1.65
comfort,4.41,en,wordfreq,0,2.65
comfortable,4.66,en,wordfreq,1,3.85
comfortably,3.74,en,wordfreq,1,4.3
comforted,3.12,en,wordfreq,0,3.05
comforting,3.61,en,wordfreq,0,3.0
comforts,3.33,en,wordfreq,0,2.8
comfy,3.63,en,wordfreq,1,1.95
comic,4.42,en,wordfreq,1,1.85
comical,3.23,en,wordfreq,1,2.5
comics,4.17,en,wordfreq,0,2.2
comin,3.53,en,wordfreq,3,1.75
coming,5.4,en,wordfreq,3,1.75
comm,3.37,en,wordfreq,5,1.6
comma,3.27,en,wordfreq,2,1.8
command,4.7,en,wordfreq,1,2.25
commandant,3.24,en,wordfreq,0,3.4
commanded,3.77,en,wordfreq,2,2.45
commander,4.51,en,wordfreq,1,2.45
commanders,3.74,en,wordfreq,0,2.75
commanding,3.84,en,wordfreq,0,2.85
commandment,3.17,en,wordfreq,0,3.35
commandments,3.4,en,wordfreq,0,3.7
commando,3.31,en,wordfreq,1,2.55
commandos,3.03,en,wordfreq,0,2.65
commands,3.96,en,wordfreq,1,2.4
commemorate,3.49,en,wordfreq,0,4.15
commemorating,3.14,en,wordfreq,0,4.2
commemoration,3.29,en,wordfreq,0,3.95
commemorative,3.23,en,wordfreq,0,4.75
commence,3.59,en,wordfreq,1,2.3
commenced,3.78,en,wordfreq,3,2.4
commencement,3.48,en,wordfreq,0,4.45
commences,2.96,en,wordfreq,1,2.5
commencing,3.25,en,wordfreq,1,3.1
commend,3.25,en,wordfreq,2,2.2
commendable,3.07,en,wordfreq,0,4.2
commendation,3.0,en,wordfreq,0,3.5
commended,3.3,en,wordfreq,3,2.35
comment,4.88,en,wordfreq,1,1.95
commentaries,3.26,en,wordfreq,0,3.95
commentary,4.19,en,wordfreq,0,3.1
commentator,3.67,en,wordfreq,0,3.75
commentators,3.71,en,wordfreq,0,4.15
commented,4.07,en,wordfreq,3,2.05
commenter,2.96,en,wordfreq,1,2.35
commenters,2.98,en,wordfreq,0,2.6
commenting,3.83,en,wordfreq,1,2.65
comments,4.87,en,wordfreq,0,2.25
commerce,4.37,en,wordfreq,1,2.75
commercial,4.92,en,wordfreq,0,3.85
commercially,3.67,en,wordfreq,0,4.85
commercials,3.82,en,wordfreq,0,4.45
commission,4.91,en,wordfreq,0,2.7
commissioned,3.96,en,wordfreq,1,4.05
commissioner,4.43,en,wordfreq,1,4.0
commissioners,3.77,en,wordfreq,0,4.25
commissioning,3.32,en,wordfreq,0,4.7
commissions,3.82,en,wordfreq,0,2.9
commit,4.33,en,wordfreq,0,2.15
commitment,4.43,en,wordfreq,0,3.35
commitments,3.79,en,wordfreq,0,3.55
commits,3.49,en,wordfreq,0,2.5
committed,4.65,en,wordfreq,1,2.75
committee,5.01,en,wordfreq,1,3.2
committees,3.93,en,wordfreq,0,3.45
committing,3.88,en,wordfreq,0,2.9
commodities,3.73,en,wordfreq,0,4.1
commodity,3.86,en,wordfreq,0,3.55
commodore,3.37,en,wordfreq,0,3.9
common,5.2,en,wordfreq,0,1.95
commonly,4.38,en,wordfreq,0,3.05
commonplace,3.41,en,wordfreq,0,4.8
commons,4.14,en,wordfreq,0,2.15
commonwealth,4.34,en,wordfreq,0,5.65
commotion,3.13,en,wordfreq,0,3.0
comms,3.08,en,wordfreq,3,1.8
communal,3.68,en,wordfreq,0,2.95
commune,3.3,en,wordfreq,1,2.35
communicate,4.2,en,wordfreq,0,3.3
communicated,3.53,en,wordfreq,1,3.6
communicates,3.13,en,wordfreq,1,3.7
communicating,3.77,en,wordfreq,0,3.95
communication,4.68,en,wordfreq,0,3.35
communications,4.59,en,wordfreq,0,4.0
communicator,2.96,en,wordfreq,0,3.85
communion,3.6,en,wordfreq,0,2.8
communism,3.8,en,wordfreq,1,3.25
communist,4.32,en,wordfreq,1,3.0
communists,3.75,en,wordfreq,0,3.3
communities,4.71,en,wordfreq,0,3.7
community,5.34,en,wordfreq,0,2.75
commute,3.56,en,wordfreq,2,2.4
commuter,3.44,en,wordfreq,1,2.45
commuters,3.21,en,wordfreq,1,2.7
commuting,3.29,en,wordfreq,1,2.7
como,3.2,en,wordfreq,11,1.2
comp,3.85,en,wordfreq,10,1.4
compact,4.06,en,wordfreq,0,2.6
companies,5.18,en,wordfreq,0,2.75
companion,4.13,en,wordfreq,0,2.7
companions,3.79,en,wordfreq,0,3.15
companionship,3.19,en,wordfreq,0,5.45
company,5.6,en,wordfreq,0,2.7
comparable,4.08,en,wordfreq,0,3.6
comparative,3.77,en,wordfreq,0,3.55
comparatively,3.51,en,wordfreq,0,4.85
compare,4.45,en,wordfreq,0,2.4
compared,4.92,en,wordfreq,1,2.55
compares,3.75,en,wordfreq,1,2.5
comparing,4.13,en,wordfreq,0,2.7
comparison,4.51,en,wordfreq,0,3.35
comparisons,3.79,en,wordfreq,0,3.55
compartment,3.64,en,wordfreq,0,3.45
compartments,3.24,en,wordfreq,0,3.55
compass,3.74,en,wordfreq,0,2.55
compassion,3.95,en,wordfreq,0,2.9
compassionate,3.55,en,wordfreq,0,4.9
compatibility,3.59,en,wordfreq,0,5.45
compatible,3.97,en,wordfreq,0,3.75
compel,3.28,en,wordfreq,0,2.05
compelled,3.72,en,wordfreq,0,2.85
compelling,3.98,en,wordfreq,0,2.85
compendium,3.05,en,wordfreq,0,4.0
compensate,3.78,en,wordfreq,0,3.55
compensated,3.51,en,wordfreq,0,3.55
compensating,3.0,en,wordfreq,0,3.65
compensation,4.33,en,wordfreq,0,3.2
compete,4.39,en,wordfreq,1,2.0
competed,3.51,en,wordfreq,2,2.0
competence,3.58,en,wordfreq,1,3.1
competencies,2.99,en,wordfreq,0,4.35
competency,3.27,en,wordfreq,1,3.35
competent,3.92,en,wordfreq,0,2.55
competes,3.22,en,wordfreq,1,2.15
competing,4.22,en,wordfreq,1,2.35
competition,4.91,en,wordfreq,0,3.05
competitions,3.83,en,wordfreq,0,3.4
competitive,4.57,en,wordfreq,0,3.5
competitively,3.07,en,wordfreq,0,4.55
competitiveness,3.45,en,wordfreq,0,6.1
competitor,3.81,en,wordfreq,0,3.5
competitors,4.11,en,wordfreq,0,3.6
compilation,3.85,en,wordfreq,0,2.8
compile,3.38,en,wordfreq,0,2.3
compiled,3.98,en,wordfreq,1,2.25
compiler,3.37,en,wordfreq,1,2.65
compiling,3.3,en,wordfreq,0,2.55
complacency,3.05,en,wordfreq,0,4.05
complacent,3.19,en,wordfreq,0,3.05
complain,4.23,en,wordfreq,0,2.6
complainant,3.09,en,wordfreq,0,3.45
complained,3.99,en,wordfreq,0,2.9
complaining,4.12,en,wordfreq,0,3.2
complains,3.47,en,wordfreq,1,2.55
complaint,4.32,en,wordfreq,1,2.45
complaints,4.23,en,wordfreq,0,3.0
complement,3.77,en,wordfreq,1,2.55
complementary,3.56,en,wordfreq,1,4.1
complemented,3.09,en,wordfreq,1,3.25
complements,3.05,en,wordfreq,1,2.65
complete,5.1,en,wordfreq,0,2.35
completed,4.77,en,wordfreq,1,2.4
completely,5.0,en,wordfreq,0,3.2
completeness,3.13,en,wordfreq,0,4.1
completes,3.52,en,wordfreq,2,2.4
completing,4.06,en,wordfreq,0,2.75
completion,4.22,en,wordfreq,1,2.8
complex,4.86,en,wordfreq,0,2.35
complexes,3.52,en,wordfreq,1,2.65
complexion,3.29,en,wordfreq,1,3.3
complexities,3.28,en,wordfreq,0,4.0
complexity,4.02,en,wordfreq,0,3.4
compliance,4.17,en,wordfreq,0,3.75
compliant,3.42,en,wordfreq,0,2.75
complicate,3.26,en,wordfreq,0,3.2
complicated,4.47,en,wordfreq,0,3.2
complication,3.31,en,wordfreq,0,3.1
complications,3.98,en,wordfreq,0,3.5
complicit,3.19,en,wordfreq,0,2.9
complicity,3.03,en,wordfreq,0,3.35
complied,3.25,en,wordfreq,1,2.25
complies,2.96,en,wordfreq,1,2.3
compliment,3.91,en,wordfreq,1,2.65
complimentary,3.35,en,wordfreq,1,4.2
complimented,3.17,en,wordfreq,1,3.3
compliments,3.68,en,wordfreq,1,2.95
comply,4.04,en,wordfreq,0,2.25
complying,3.21,en,wordfreq,0,2.35
component,4.32,en,wordfreq,0,2.8
components,4.44,en,wordfreq,0,3.2
compose,3.46,en,wordfreq,1,2.1
composed,4.27,en,wordfreq,1,2.25
composer,3.85,en,wordfreq,1,2.5
composers,3.45,en,wordfreq,0,2.7
composing,3.44,en,wordfreq,0,2.55
composite,3.94,en,wordfreq,0,2.6
composites,3.16,en,wordfreq,0,2.85
composition,4.33,en,wordfreq,0,2.7
compositions,3.64,en,wordfreq,0,3.35
compost,3.21,en,wordfreq,1,2.55
composure,3.18,en,wordfreq,0,3.1
compound,4.18,en,wordfreq,0,2.8
compounded,3.35,en,wordfreq,0,3.5
compounding,3.09,en,wordfreq,0,3.65
compounds,3.99,en,wordfreq,0,3.25
comprehend,3.7,en,wordfreq,0,3.65
comprehension,3.57,en,wordfreq,0,4.6
comprehensive,4.36,en,wordfreq,0,4.75
comprehensively,2.96,en,wordfreq,0,6.0
compress,3.07,en,wordfreq,0,2.5
compressed,3.62,en,wordfreq,0,2.75
compression,3.82,en,wordfreq,0,2.9
compressor,3.38,en,wordfreq,0,3.7
comprise,3.62,en,wordfreq,0,2.6
comprised,3.82,en,wordfreq,1,2.55
comprises,3.85,en,wordfreq,1,2.65
comprising,3.88,en,wordfreq,0,2.95
compromise,4.15,en,wordfreq,0,3.25
compromised,3.78,en,wordfreq,1,3.25
compromises,3.28,en,wordfreq,1,3.35
compromising,3.33,en,wordfreq,0,4.05
compton,3.38,en,wordfreq,0,2.75
comptroller,3.07,en,wordfreq,0,4.4
compulsion,3.1,en,wordfreq,0,2.95
compulsive,3.29,en,wordfreq,0,3.65
compulsory,3.7,en,wordfreq,0,4.35
computation,3.35,en,wordfreq,0,2.8
computational,3.62,en,wordfreq,0,4.5
compute,3.41,en,wordfreq,2,2.15
computed,3.31,en,wordfreq,2,2.2
computer,4.97,en,wordfreq,2,2.25
computerized,3.18,en,wordfreq,0,4.75
computers,4.33,en,wordfreq,1,2.55
computing,4.07,en,wordfreq,2,2.5
comrade,3.55,en,wordfreq,0,2.75
comrades,3.63,en,wordfreq,0,2.85
con,4.28,en,wordfreq,33,1.0
conan,3.41,en,wordfreq,2,1.85
concave,3.02,en,wordfreq,0,2.85
conceal,3.52,en,wordfreq,0,2.65
concealed,3.72,en,wordfreq,0,2.65
concealing,3.1,en,wordfreq,0,2.85
concede,3.48,en,wordfreq,0,2.35
conceded,3.63,en,wordfreq,0,2.35
conceding,3.14,en,wordfreq,0,2.7
conceivable,3.17,en,wordfreq,0,4.35
conceive,3.4,en,wordfreq,0,2.7
conceived,3.87,en,wordfreq,0,2.6
concentrate,4.07,en,wordfreq,0,3.55
concentrated,3.96,en,wordfreq,1,3.5
concentrates,3.19,en,wordfreq,1,4.0
concentrating,3.55,en,wordfreq,0,3.85
concentration,4.27,en,wordfreq,0,3.5
concentrations,3.76,en,wordfreq,0,3.9
concept,4.77,en,wordfreq,1,2.15
conception,3.75,en,wordfreq,0,2.65
concepts,4.26,en,wordfreq,1,2.4
conceptual,3.62,en,wordfreq,0,3.85
concern,4.66,en,wordfreq,1,2.1
concerned,4.75,en,wordfreq,1,2.4
concerning,4.31,en,wordfreq,0,2.75
concerns,4.59,en,wordfreq,1,2.45
concert,4.55,en,wordfreq,3,1.75
concerted,3.27,en,wordfreq,2,2.1
concerto,3.26,en,wordfreq,1,2.45
concerts,3.97,en,wordfreq,4,2.05
concession,3.57,en,wordfreq,2,2.45
concessions,3.65,en,wordfreq,1,2.8
concierge,3.13,en,wordfreq,0,3.2
concise,3.46,en,wordfreq,0,2.65
conclude,3.9,en,wordfreq,0,2.7
concluded,4.35,en,wordfreq,1,2.7
concludes,3.76,en,wordfreq,1,3.15
concluding,3.54,en,wordfreq,0,3.15
conclusion,4.4,en,wordfreq,0,2.9
conclusions,4.0,en,wordfreq,0,3.25
conclusive,3.3,en,wordfreq,0,3.3
conclusively,2.98,en,wordfreq,0,4.55
concord,3.47,en,wordfreq,0,2.5
concordia,3.17,en,wordfreq,0,3.9
concrete,4.44,en,wordfreq,0,2.95
concur,3.18,en,wordfreq,0,2.15
concurrent,3.49,en,wordfreq,0,3.8
concurrently,3.26,en,wordfreq,0,4.5
concussion,3.56,en,wordfreq,1,2.75
condemn,3.72,en,wordfreq,0,2.7
condemnation,3.52,en,wordfreq,0,3.6
condemned,3.97,en,wordfreq,0,2.75
condemning,3.39,en,wordfreq,0,3.0
condemns,3.21,en,wordfreq,0,2.75
condensation,3.12,en,wordfreq,0,3.3
condensed,3.4,en,wordfreq,0,2.7
condescending,3.1,en,wordfreq,0,4.65
condition,4.86,en,wordfreq,0,2.5
conditional,3.59,en,wordfreq,0,3.2
conditioned,3.64,en,wordfreq,1,3.45
conditioner,3.39,en,wordfreq,1,3.6
conditioning,3.89,en,wordfreq,0,3.9
conditions,4.98,en,wordfreq,0,2.65
condo,3.63,en,wordfreq,3,1.7
condolences,3.58,en,wordfreq,0,4.3
condom,3.6,en,wordfreq,2,1.9
condominium,3.1,en,wordfreq,0,4.65
condominiums,3.0,en,wordfreq,0,5.3
condoms,3.57,en,wordfreq,0,2.45
condone,3.17,en,wordfreq,0,2.5
condor,2.96,en,wordfreq,3,1.75
condos,3.12,en,wordfreq,2,1.8
conducive,3.24,en,wordfreq,0,3.15
conduct,4.52,en,wordfreq,1,2.5
conducted,4.58,en,wordfreq,0,2.6
conducting,4.07,en,wordfreq,0,2.75
conduction,2.98,en,wordfreq,0,2.55
conductive,3.06,en,wordfreq,0,2.85
conductivity,3.14,en,wordfreq,0,4.4
conductor,3.8,en,wordfreq,0,2.9
conductors,3.39,en,wordfreq,0,3.25
conducts,3.48,en,wordfreq,0,2.55
conduit,3.28,en,wordfreq,1,2.8
cone,3.83,en,wordfreq,22,1.0
cones,3.39,en,wordfreq,10,1.3
coney,3.06,en,wordfreq,5,1.6
conf,3.03,en,wordfreq,5,1.7
confectionery,2.96,en,wordfreq,0,4.8
confederacy,3.23,en,wordfreq,0,4.4
confederate,3.7,en,wordfreq,0,3.65
confederates,2.97,en,wordfreq,0,4.15
confederation,3.45,en,wordfreq,0,3.6
confer,3.19,en,wordfreq,1,1.95
conference,5.01,en,wordfreq,0,2.95
conferences,4.03,en,wordfreq,0,3.35
conferred,3.38,en,wordfreq,0,2.65
confess,3.82,en,wordfreq,0,2.4
confessed,3.73,en,wordfreq,1,2.6
confesses,3.12,en,wordfreq,1,2.75
confessing,3.08,en,wordfreq,0,2.8
confession,3.88,en,wordfreq,1,2.45
confessional,3.05,en,wordfreq,0,3.6
confessions,3.53,en,wordfreq,1,2.75
confetti,3.03,en,wordfreq,0,3.0
confided,2.98,en,wordfreq,1,2.5
confidence,4.65,en,wordfreq,0,3.25
confident,4.43,en,wordfreq,0,2.9
confidential,3.9,en,wordfreq,0,4.2
confidentiality,3.45,en,wordfreq,0,6.15
confidently,3.41,en,wordfreq,0,3.85
configuration,3.97,en,wordfreq,0,4.05
configurations,3.45,en,wordfreq,0,4.35
configure,3.03,en,wordfreq,0,3.55
configured,3.22,en,wordfreq,0,3.45
confined,3.82,en,wordfreq,2,2.4
confinement,3.46,en,wordfreq,0,3.65
confines,3.24,en,wordfreq,1,2.55
confirm,4.4,en,wordfreq,1,2.65
confirmation,4.08,en,wordfreq,0,3.6
confirmed,4.67,en,wordfreq,0,2.7
confirming,3.67,en,wordfreq,1,2.95
confirms,3.84,en,wordfreq,0,2.75
confiscated,3.48,en,wordfreq,0,3.8
confiscation,2.99,en,wordfreq,0,3.65
conflict,4.64,en,wordfreq,0,2.95
conflicted,3.22,en,wordfreq,0,2.9
conflicting,3.63,en,wordfreq,0,3.35
conflicts,4.1,en,wordfreq,0,3.05
confluence,3.12,en,wordfreq,0,3.4
conform,3.53,en,wordfreq,1,2.35
conforming,3.09,en,wordfreq,1,2.75
conformity,3.2,en,wordfreq,0,3.75
confront,3.8,en,wordfreq,0,2.85
confrontation,3.72,en,wordfreq,0,3.9
confrontational,3.03,en,wordfreq,0,5.05
confrontations,2.96,en,wordfreq,0,4.25
confronted,3.84,en,wordfreq,0,3.3
confronting,3.46,en,wordfreq,0,3.45
confronts,3.2,en,wordfreq,0,3.2
confucius,3.1,en,wordfreq,0,3.7
confuse,3.67,en,wordfreq,0,2.6
confused,4.47,en,wordfreq,1,2.55
confuses,3.02,en,wordfreq,1,2.55
confusing,4.02,en,wordfreq,0,2.85
confusion,4.19,en,wordfreq,0,2.7
cong,3.24,en,wordfreq,19,1.0
congenital,3.29,en,wordfreq,0,3.9
congested,3.17,en,wordfreq,1,2.5
congestion,3.66,en,wordfreq,0,2.6
conglomerate,3.39,en,wordfreq,0,5.0
congo,3.75,en,wordfreq,2,1.85
congolese,3.03,en,wordfreq,0,3.65
congrats,4.01,en,wordfreq,0,2.85
congratulate,3.59,en,wordfreq,0,4.7
congratulated,3.21,en,wordfreq,0,4.7
congratulating,3.0,en,wordfreq,0,4.95
congratulations,4.4,en,wordfreq,0,4.85
congregation,3.82,en,wordfreq,0,3.55
congregational,3.06,en,wordfreq,0,4.4
congregations,3.28,en,wordfreq,0,3.7
congress,4.9,en,wordfreq,0,2.8
congresses,2.99,en,wordfreq,0,3.45
congressional,4.19,en,wordfreq,0,4.25
congressman,3.86,en,wordfreq,1,4.3
congressmen,3.13,en,wordfreq,1,4.1
conical,3.1,en,wordfreq,2,2.45
conjecture,3.35,en,wordfreq,0,3.8
conjunction,3.93,en,wordfreq,0,3.4
conjure,3.1,en,wordfreq,0,2.75
conley,3.03,en,wordfreq,1,1.9
conn,3.38,en,wordfreq,10,1.3
connect,4.38,en,wordfreq,0,1.95
connected,4.68,en,wordfreq,0,2.3
connecticut,4.11,en,wordfreq,0,4.15
connecting,4.16,en,wordfreq,0,2.5
connection,4.76,en,wordfreq,1,2.25
connections,4.32,en,wordfreq,0,2.55
connective,3.01,en,wordfreq,0,2.7
connectivity,3.56,en,wordfreq,0,4.25
connector,3.47,en,wordfreq,0,2.6
connectors,3.17,en,wordfreq,0,2.9
connects,3.83,en,wordfreq,0,2.2
connelly,3.04,en,wordfreq,2,2.9
conner,3.17,en,wordfreq,4,1.8
connie,3.47,en,wordfreq,3,1.95
connolly,3.36,en,wordfreq,1,3.2
connor,3.77,en,wordfreq,2,1.8
connors,3.03,en,wordfreq,0,2.1
connotations,3.09,en,wordfreq,0,3.6
conor,3.51,en,wordfreq,3,1.75
conquer,3.77,en,wordfreq,0,2.65
conquered,3.66,en,wordfreq,0,2.9
conquering,3.31,en,wordfreq,0,3.0
conqueror,3.21,en,wordfreq,0,3.55
conquest,3.77,en,wordfreq,0,2.75
conquests,3.04,en,wordfreq,0,2.85
conrad,3.63,en,wordfreq,0,2.5
conroy,2.98,en,wordfreq,1,1.95
cons,3.76,en,wordfreq,13,1.0
conscience,3.96,en,wordfreq,0,3.5
conscientious,3.24,en,wordfreq,0,4.75
conscious,4.18,en,wordfreq,0,3.3
consciously,3.5,en,wordfreq,0,4.25
consciousness,4.13,en,wordfreq,0,5.6
conscription,2.99,en,wordfreq,0,3.4
consecrated,3.17,en,wordfreq,0,3.65
consecutive,4.18,en,wordfreq,0,3.65
consensual,3.24,en,wordfreq,0,3.8
consensus,4.1,en,wordfreq,0,3.3
consent,4.36,en,wordfreq,2,1.9
consented,3.12,en,wordfreq,1,2.25
consenting,3.04,en,wordfreq,0,2.6
consequence,4.07,en,wordfreq,0,3.4
consequences,4.47,en,wordfreq,0,3.95
consequent,3.02,en,wordfreq,0,3.4
consequential,3.03,en,wordfreq,0,5.0
consequently,3.94,en,wordfreq,0,4.0
conservancy,3.05,en,wordfreq,0,4.0
conservation,4.33,en,wordfreq,0,2.8
conservatism,3.42,en,wordfreq,0,4.25
conservative,4.61,en,wordfreq,0,3.55
conservatives,4.14,en,wordfreq,0,4.1
conservatory,3.3,en,wordfreq,0,4.35
conserve,3.37,en,wordfreq,0,2.7
conserved,3.15,en,wordfreq,0,2.5
conserving,2.99,en,wordfreq,0,2.8
consider,4.99,en,wordfreq,0,2.65
considerable,4.25,en,wordfreq,1,4.25
considerably,4.0,en,wordfreq,1,4.35
considerate,3.3,en,wordfreq,0,3.35
consideration,4.28,en,wordfreq,0,3.6
considerations,3.74,en,wordfreq,0,4.15
considered,5.08,en,wordfreq,0,3.35
considering,4.64,en,wordfreq,0,3.5
considers,4.03,en,wordfreq,0,2.75
consignment,3.0,en,wordfreq,0,3.85
consist,3.94,en,wordfreq,0,2.45
consisted,3.91,en,wordfreq,0,2.55
consistency,3.99,en,wordfreq,0,3.4
consistent,4.48,en,wordfreq,0,2.7
consistently,4.24,en,wordfreq,0,3.95
consisting,4.09,en,wordfreq,0,2.75
consists,4.39,en,wordfreq,0,2.7
consolation,3.54,en,wordfreq,0,3.1
console,4.08,en,wordfreq,0,2.65
consoles,3.54,en,wordfreq,0,2.8
consolidate,3.47,en,wordfreq,0,4.15
consolidated,3.82,en,wordfreq,0,4.05
consolidating,3.16,en,wordfreq,0,4.35
consolidation,3.71,en,wordfreq,0,3.85
consonant,3.09,en,wordfreq,0,3.25
consonants,2.95,en,wordfreq,0,3.45
consort,3.2,en,wordfreq,0,2.2
consortium,3.68,en,wordfreq,0,4.15
conspicuous,3.35,en,wordfreq,0,4.45
conspiracies,3.08,en,wordfreq,0,4.7
conspiracy,4.26,en,wordfreq,0,4.15
conspirators,3.11,en,wordfreq,0,4.45
conspired,3.11,en,wordfreq,0,2.95
conspiring,3.11,en,wordfreq,0,3.15
constable,3.79,en,wordfreq,0,3.05
constables,2.97,en,wordfreq,0,3.55
constabulary,2.97,en,wordfreq,0,5.25
constance,3.3,en,wordfreq,0,2.9
constant,4.54,en,wordfreq,0,2.4
constantine,3.35,en,wordfreq,0,3.65
constantinople,3.38,en,wordfreq,0,6.3
constantly,4.53,en,wordfreq,0,3.5
constants,3.08,en,wordfreq,0,2.5
constellation,3.37,en,wordfreq,0,3.5
constellations,2.98,en,wordfreq,0,3.85
constipation,3.12,en,wordfreq,0,3.4
constituencies,3.31,en,wordfreq,0,4.9
constituency,3.69,en,wordfreq,0,4.0
constituent,3.58,en,wordfreq,0,3.35
constituents,3.73,en,wordfreq,0,3.55
constitute,3.85,en,wordfreq,0,3.0
constituted,3.58,en,wordfreq,1,3.05
constitutes,3.72,en,wordfreq,1,3.05
constituting,2.95,en,wordfreq,0,3.3
constitution,4.56,en,wordfreq,0,2.9
constitutional,4.33,en,wordfreq,0,4.25
constitutions,3.03,en,wordfreq,0,3.2
constrained,3.41,en,wordfreq,0,3.25
constraint,3.28,en,wordfreq,0,3.15
constraints,3.8,en,wordfreq,0,3.25
construct,3.98,en,wordfreq,0,2.6
constructed,4.29,en,wordfreq,0,2.85
constructing,3.59,en,wordfreq,0,3.0
construction,4.97,en,wordfreq,0,2.7
constructions,3.3,en,wordfreq,0,3.2
constructive,3.78,en,wordfreq,0,3.2
constructs,3.27,en,wordfreq,0,2.85
construed,3.29,en,wordfreq,0,2.85
consul,3.6,en,wordfreq,0,2.5
consular,3.29,en,wordfreq,0,2.75
consulate,3.56,en,wordfreq,0,3.0
consult,3.87,en,wordfreq,0,2.35
consultancy,3.46,en,wordfreq,0,3.75
consultant,4.13,en,wordfreq,0,3.1
consultants,3.74,en,wordfreq,0,3.4
consultation,4.02,en,wordfreq,0,3.25
consultations,3.39,en,wordfreq,0,3.6
consultative,3.12,en,wordfreq,0,3.95
consulted,3.63,en,wordfreq,0,2.65
consulting,4.06,en,wordfreq,0,2.7
consume,3.88,en,wordfreq,0,2.35
consumed,3.95,en,wordfreq,2,2.55
consumer,4.56,en,wordfreq,2,2.45
consumerism,2.98,en,wordfreq,0,4.3
consumers,4.39,en,wordfreq,0,2.7
consumes,3.24,en,wordfreq,2,2.45
consuming,3.89,en,wordfreq,0,2.9
consummate,3.04,en,wordfreq,0,3.85
consumption,4.35,en,wordfreq,0,3.45
cont,3.27,en,wordfreq,16,1.0
contact,4.99,en,wordfreq,0,2.15
contacted,4.0,en,wordfreq,0,2.45
contacting,3.58,en,wordfreq,0,2.65
contacts,4.14,en,wordfreq,0,2.25
contagion,3.03,en,wordfreq,0,3.15
contagious,3.58,en,wordfreq,0,3.55
contain,4.5,en,wordfreq,0,2.25
contained,4.45,en,wordfreq,1,2.4
container,4.03,en,wordfreq,1,2.65
containers,3.86,en,wordfreq,0,3.15
containing,4.43,en,wordfreq,0,2.85
containment,3.47,en,wordfreq,0,3.35
contains,4.68,en,wordfreq,0,2.4
contaminants,3.17,en,wordfreq,0,4.4
contaminated,3.7,en,wordfreq,0,3.9
contamination,3.7,en,wordfreq,0,3.8
conte,3.18,en,wordfreq,1,1.8
contemplate,3.41,en,wordfreq,0,3.9
contemplated,3.25,en,wordfreq,0,4.05
contemplating,3.52,en,wordfreq,0,4.45
contemplation,3.15,en,wordfreq,0,3.65
contemporaries,3.4,en,wordfreq,0,5.55
contemporary,4.49,en,wordfreq,0,5.0
contempt,3.74,en,wordfreq,0,2.8
contend,3.56,en,wordfreq,1,2.05
contended,3.14,en,wordfreq,2,2.25
contender,3.6,en,wordfreq,1,2.65
contenders,3.43,en,wordfreq,0,3.0
contending,3.04,en,wordfreq,0,2.75
contends,3.16,en,wordfreq,1,2.45
content,5.0,en,wordfreq,5,1.7
contented,2.96,en,wordfreq,3,2.05
contention,3.73,en,wordfreq,1,2.55
contentious,3.31,en,wordfreq,0,3.4
contentment,3.05,en,wordfreq,0,3.6
contents,4.18,en,wordfreq,3,1.85
contest,4.53,en,wordfreq,2,1.85
contestant,3.48,en,wordfreq,0,3.2
contestants,3.64,en,wordfreq,0,3.45
contested,3.77,en,wordfreq,2,2.25
contesting,3.12,en,wordfreq,0,2.55
contests,3.7,en,wordfreq,2,2.0
context,4.63,en,wordfreq,2,2.0
contexts,3.58,en,wordfreq,2,2.3
contextual,3.14,en,wordfreq,0,3.6
contiguous,3.17,en,wordfreq,1,3.55
continent,4.07,en,wordfreq,0,2.6
continental,4.02,en,wordfreq,0,3.55
continents,3.55,en,wordfreq,0,2.75
contingency,3.44,en,wordfreq,0,3.9
contingent,3.69,en,wordfreq,0,2.9
continual,3.35,en,wordfreq,0,3.05
continually,3.91,en,wordfreq,0,3.9
continuation,3.71,en,wordfreq,0,3.5
continue,5.08,en,wordfreq,0,2.65
continued,4.96,en,wordfreq,1,2.45
continues,4.79,en,wordfreq,1,2.55
continuing,4.48,en,wordfreq,0,2.8
continuity,3.77,en,wordfreq,0,3.4
continuous,4.21,en,wordfreq,1,3.1
continuously,3.97,en,wordfreq,0,4.3
continuum,3.42,en,wordfreq,0,3.3
contour,3.37,en,wordfreq,0,2.55
contours,3.11,en,wordfreq,0,2.75
contra,3.31,en,wordfreq,0,2.15
contraband,3.12,en,wordfreq,0,3.9
contraception,3.26,en,wordfreq,0,3.95
contraceptive,3.11,en,wordfreq,0,4.5
contraceptives,3.02,en,wordfreq,0,5.1
contract,4.94,en,wordfreq,1,2.25
contracted,3.89,en,wordfreq,1,2.55
contracting,3.65,en,wordfreq,1,2.6
contraction,3.46,en,wordfreq,0,2.65
contractions,3.19,en,wordfreq,0,2.75
contractor,4.08,en,wordfreq,0,2.75
contractors,4.01,en,wordfreq,0,3.0
contracts,4.4,en,wordfreq,1,2.3
contractual,3.43,en,wordfreq,0,3.6
contradict,3.35,en,wordfreq,0,3.3
contradicted,3.14,en,wordfreq,0,3.45
contradicting,3.0,en,wordfreq,0,3.6
contradiction,3.45,en,wordfreq,0,3.35
contradictions,3.28,en,wordfreq,0,3.65
contradictory,3.48,en,wordfreq,0,4.15
contradicts,3.16,en,wordfreq,0,3.25
contrary,4.17,en,wordfreq,0,2.8
contrast,4.46,en,wordfreq,1,2.45
contrasted,3.24,en,wordfreq,1,2.7
contrasting,3.46,en,wordfreq,1,3.05
contrasts,3.38,en,wordfreq,1,2.55
contribute,4.34,en,wordfreq,0,3.2
contributed,4.39,en,wordfreq,1,3.1
contributes,3.74,en,wordfreq,1,3.1
contributing,4.08,en,wordfreq,0,3.3
contribution,4.34,en,wordfreq,0,3.15
contributions,4.34,en,wordfreq,0,3.4
contributor,3.72,en,wordfreq,0,3.7
contributors,3.67,en,wordfreq,0,3.65
contrived,3.15,en,wordfreq,0,2.9
control,5.4,en,wordfreq,0,2.7
controlled,4.59,en,wordfreq,1,3.2
controller,4.13,en,wordfreq,1,3.35
controllers,3.68,en,wordfreq,0,3.75
controlling,4.17,en,wordfreq,0,3.5
controls,4.41,en,wordfreq,0,2.9
controversial,4.23,en,wordfreq,0,5.5
controversies,3.4,en,wordfreq,0,5.35
controversy,4.26,en,wordfreq,0,4.25
conundrum,3.0,en,wordfreq,0,4.45
convection,3.22,en,wordfreq,3,2.2
convene,3.04,en,wordfreq,1,2.05
convened,3.4,en,wordfreq,1,2.1
convenience,4.02,en,wordfreq,0,3.45
convenient,4.15,en,wordfreq,0,3.15
conveniently,3.58,en,wordfreq,0,4.25
convent,3.48,en,wordfreq,4,1.75
convention,4.5,en,wordfreq,2,2.35
conventional,4.25,en,wordfreq,0,3.25
conventionally,3.07,en,wordfreq,0,4.5
conventions,3.78,en,wordfreq,0,2.5
converge,3.23,en,wordfreq,1,2.5
convergence,3.46,en,wordfreq,0,3.55
conversation,4.75,en,wordfreq,0,3.05
conversational,3.11,en,wordfreq,0,4.1
conversations,4.3,en,wordfreq,0,3.45
converse,3.48,en,wordfreq,1,2.4
conversely,3.53,en,wordfreq,0,3.6
conversion,4.24,en,wordfreq,0,2.6
conversions,3.39,en,wordfreq,0,2.9
convert,4.11,en,wordfreq,2,1.8
converted,4.21,en,wordfreq,2,1.9
converter,3.41,en,wordfreq,1,2.55
converters,2.98,en,wordfreq,0,3.15
convertible,3.55,en,wordfreq,0,3.9
converting,3.73,en,wordfreq,0,2.65
converts,3.59,en,wordfreq,1,1.9
convex,3.26,en,wordfreq,1,1.95
convey,3.83,en,wordfreq,3,1.75
conveyed,3.4,en,wordfreq,1,2.5
conveying,3.18,en,wordfreq,0,2.85
conveyor,3.28,en,wordfreq,0,2.85
conveys,3.17,en,wordfreq,1,2.0
convict,3.56,en,wordfreq,0,2.45
convicted,4.2,en,wordfreq,0,2.55
conviction,4.14,en,wordfreq,1,2.55
convictions,3.71,en,wordfreq,0,2.9
convicts,3.27,en,wordfreq,0,2.5
convince,4.26,en,wordfreq,0,2.65
convinced,4.4,en,wordfreq,1,2.6
convinces,2.98,en,wordfreq,1,2.85
convincing,3.97,en,wordfreq,0,3.2
convincingly,3.1,en,wordfreq,0,4.75
convo,2.99,en,wordfreq,2,1.85
convoluted,3.05,en,wordfreq,0,3.8
convoy,3.71,en,wordfreq,2,1.9
convoys,3.03,en,wordfreq,1,2.45
conway,3.61,en,wordfreq,0,2.4
coo,3.3,en,wordfreq,38,1.0
cook,4.65,en,wordfreq,11,1.25
cookbook,3.36,en,wordfreq,0,3.95
cooke,3.38,en,wordfreq,2,1.65
cooked,4.11,en,wordfreq,6,1.6
cooker,3.34,en,wordfreq,5,1.65
cookery,3.12,en,wordfreq,0,2.5
cookie,4.07,en,wordfreq,1,1.95
cookies,4.12,en,wordfreq,2,2.05
cooking,4.45,en,wordfreq,5,1.75
cooks,3.65,en,wordfreq,6,1.6
cool,5.15,en,wordfreq,11,1.3
coolant,3.19,en,wordfreq,0,2.85
cooled,3.64,en,wordfreq,4,1.8
cooler,3.96,en,wordfreq,3,1.85
coolest,3.62,en,wordfreq,0,2.5
cooling,4.06,en,wordfreq,3,1.85
cools,3.05,en,wordfreq,6,1.65
coon,3.07,en,wordfreq,18,1.0
coop,3.41,en,wordfreq,11,1.25
cooper,4.26,en,wordfreq,4,1.8
cooperate,3.79,en,wordfreq,0,2.85
cooperated,3.08,en,wordfreq,0,3.0
cooperating,3.41,en,wordfreq,0,3.4
cooperation,4.3,en,wordfreq,0,2.85
cooperative,3.86,en,wordfreq,0,3.1
cooperatives,3.06,en,wordfreq,0,3.55
coordinate,3.82,en,wordfreq,0,3.4
coordinated,3.79,en,wordfreq,1,3.55
coordinates,3.82,en,wordfreq,1,3.6
coordinating,3.59,en,wordfreq,0,4.0
coordination,3.9,en,wordfreq,0,3.4
coordinator,3.91,en,wordfreq,0,4.0
coordinators,2.97,en,wordfreq,0,4.2
cop,4.37,en,wordfreq,26,1.0
copa,3.06,en,wordfreq,7,1.5
cope,4.04,en,wordfreq,17,1.0
copeland,3.23,en,wordfreq,0,2.95
copenhagen,3.67,en,wordfreq,0,4.7
copied,3.79,en,wordfreq,1,1.95
copies,4.43,en,wordfreq,1,1.95
coping,3.7,en,wordfreq,4,1.75
copious,3.1,en,wordfreq,0,2.85
copper,4.27,en,wordfreq,4,1.75
cops,4.42,en,wordfreq,11,1.1
copy,4.77,en,wordfreq,7,1.55
copying,3.68,en,wordfreq,0,1.95
copyright,4.24,en,wordfreq,0,3.6
copyrighted,3.19,en,wordfreq,0,4.6
copyrights,2.98,en,wordfreq,0,4.45
cor,3.32,en,wordfreq,29,1.0
cora,3.27,en,wordfreq,16,1.0
coral,3.86,en,wordfreq,1,1.65
corals,3.06,en,wordfreq,1,1.85
corbett,3.19,en,wordfreq,0,2.8
corbin,3.14,en,wordfreq,1,1.95
corbyn,3.31,en,wordfreq,1,2.45
corcoran,2.95,en,wordfreq,0,3.25
cord,3.98,en,wordfreq,12,1.15
cordial,3.1,en,wordfreq,0,2.7
cordon,3.14,en,wordfreq,1,1.95
cords,3.35,en,wordfreq,6,1.6
core,4.73,en,wordfreq,25,1.0
cores,3.52,en,wordfreq,11,1.2
corey,3.7,en,wordfreq,5,1.65
coriander,2.95,en,wordfreq,0,3.45
corinne,3.0,en,wordfreq,0,2.9
corinth,2.97,en,wordfreq,0,2.95
corinthians,3.36,en,wordfreq,0,4.65
cork,3.71,en,wordfreq,13,1.3
corn,4.19,en,wordfreq,16,1.0
cornelius,3.27,en,wordfreq,0,3.9
cornell,3.69,en,wordfreq,0,2.65
corner,4.75,en,wordfreq,2,1.8
cornerback,3.08,en,wordfreq,0,4.45
cornered,3.18,en,wordfreq,0,2.65
corners,4.06,en,wordfreq,0,1.95
cornerstone,3.39,en,wordfreq,0,4.75
cornish,3.34,en,wordfreq,0,2.85
cornwall,3.77,en,wordfreq,0,3.4
corny,3.23,en,wordfreq,2,1.8
corolla,3.15,en,wordfreq,0,2.9
corona,3.42,en,wordfreq,0,2.25
coronary,3.41,en,wordfreq,0,3.0
coronation,3.45,en,wordfreq,0,2.9
coronavirus,3.22,en,wordfreq,0,5.0
coroner,3.43,en,wordfreq,0,2.4
corp,4.27,en,wordfreq,10,1.35
corporal,3.65,en,wordfreq,0,3.25
corporate,4.64,en,wordfreq,0,3.15
corporation,4.59,en,wordfreq,0,3.05
corporations,4.17,en,wordfreq,0,3.45
corps,4.27,en,wordfreq,2,1.7
corpse,3.76,en,wordfreq,0,1.9
corpses,3.5,en,wordfreq,0,2.4
corpus,3.64,en,wordfreq,0,2.25
corral,3.06,en,wordfreq,0,2.0
correct,4.79,en,wordfreq,0,2.35
corrected,3.95,en,wordfreq,0,2.65
correcting,3.48,en,wordfreq,0,2.75
correction,3.95,en,wordfreq,0,2.5
correctional,3.43,en,wordfreq,0,3.65
corrections,3.69,en,wordfreq,0,2.65
corrective,3.29,en,wordfreq,0,3.0
correctly,4.21,en,wordfreq,0,3.25
correctness,3.39,en,wordfreq,0,4.3
corrects,3.02,en,wordfreq,0,2.65
correlate,3.2,en,wordfreq,0,3.05
correlated,3.5,en,wordfreq,1,3.05
correlates,3.07,en,wordfreq,1,3.35
correlation,3.86,en,wordfreq,0,2.95
correlations,3.09,en,wordfreq,0,3.4
correspond,3.5,en,wordfreq,0,3.65
corresponded,3.04,en,wordfreq,0,4.15
correspondence,3.85,en,wordfreq,0,5.05
correspondent,3.86,en,wordfreq,0,4.4
correspondents,3.43,en,wordfreq,0,4.65
corresponding,4.13,en,wordfreq,0,4.55
corresponds,3.54,en,wordfreq,0,4.05
corridor,3.88,en,wordfreq,0,3.3
corridors,3.43,en,wordfreq,0,3.65
corrosion,3.48,en,wordfreq,0,3.35
corrosive,3.11,en,wordfreq,0,3.7
corrugated,3.15,en,wordfreq,0,3.55
corrupt,4.14,en,wordfreq,0,2.9
corrupted,3.49,en,wordfreq,0,3.25
corruption,4.35,en,wordfreq,0,3.3
corset,3.03,en,wordfreq,1,1.95
cortex,3.59,en,wordfreq,2,1.9
cortez,3.16,en,wordfreq,1,1.95
cortical,3.06,en,wordfreq,0,2.6
cortisol,3.03,en,wordfreq,0,3.55
corvette,3.33,en,wordfreq,0,2.95
cory,3.55,en,wordfreq,15,1.0
cos,4.05,en,wordfreq,43,1.0
cosby,3.22,en,wordfreq,1,1.85
cosmetic,3.71,en,wordfreq,0,3.3
cosmetics,3.67,en,wordfreq,0,3.6
cosmic,3.78,en,wordfreq,0,2.5
cosmo,3.17,en,wordfreq,0,1.9
cosmology,2.98,en,wordfreq,0,3.8
cosmopolitan,3.36,en,wordfreq,0,5.7
cosmos,3.51,en,wordfreq,0,2.45
cosplay,3.42,en,wordfreq,0,2.8
cost,5.24,en,wordfreq,10,1.15
costa,4.15,en,wordfreq,1,1.85
costco,3.33,en,wordfreq,0,2.6
costello,3.29,en,wordfreq,0,3.35
costing,3.69,en,wordfreq,4,1.8
costly,3.93,en,wordfreq,1,2.2
costs,4.96,en,wordfreq,6,1.6
costume,4.18,en,wordfreq,0,2.75
costumes,3.89,en,wordfreq,0,2.85
cosy,3.31,en,wordfreq,6,1.55
cot,3.21,en,wordfreq,34,1.0
cote,2.97,en,wordfreq,14,1.15
cottage,4.0,en,wordfreq,0,2.4
cottages,3.41,en,wordfreq,0,2.75
cotton,4.35,en,wordfreq,1,1.95
couch,4.17,en,wordfreq,5,1.65
couches,2.95,en,wordfreq,2,2.05
cougar,3.38,en,wordfreq,0,2.65
cougars,3.2,en,wordfreq,0,2.7
cough,3.95,en,wordfreq,6,1.65
coughing,3.46,en,wordfreq,0,2.6
coughs,3.02,en,wordfreq,0,1.95
could,6.06,en,wordfreq,3,1.8
couldnt,3.43,en,wordfreq,1,2.7
coulson,3.21,en,wordfreq,0,2.6
coulter,3.14,en,wordfreq,1,2.15
council,5.08,en,wordfreq,0,2.85
councillor,3.69,en,wordfreq,0,4.1
councillors,3.51,en,wordfreq,0,4.3
councilman,3.17,en,wordfreq,0,4.55
councils,3.94,en,wordfreq,0,2.85
counsel,4.16,en,wordfreq,0,2.65
counseling,3.89,en,wordfreq,0,3.0
counselling,3.45,en,wordfreq,0,3.45
counsellor,3.32,en,wordfreq,0,3.6
counselor,3.79,en,wordfreq,0,3.3
counselors,3.36,en,wordfreq,0,3.5
count,4.83,en,wordfreq,2,1.7
countdown,3.68,en,wordfreq,0,3.75
counted,4.04,en,wordfreq,2,1.9
counter,4.56,en,wordfreq,2,1.85
counteract,3.19,en,wordfreq,0,3.3
countered,3.32,en,wordfreq,0,2.65
counterfeit,3.39,en,wordfreq,0,4.35
countering,3.06,en,wordfreq,0,2.75
counterpart,3.7,en,wordfreq,0,4.0
counterparts,3.75,en,wordfreq,0,4.4
counterpoint,3.11,en,wordfreq,0,4.55
counters,3.54,en,wordfreq,1,1.95
countess,3.53,en,wordfreq,1,2.4
counties,4.24,en,wordfreq,0,2.5
counting,4.27,en,wordfreq,2,1.9
countless,3.96,en,wordfreq,0,2.65
countries,5.13,en,wordfreq,0,2.9
country,5.48,en,wordfreq,0,2.4
countrymen,3.23,en,wordfreq,0,4.35
countryside,3.92,en,wordfreq,0,4.8
counts,4.28,en,wordfreq,3,1.75
county,5.19,en,wordfreq,2,1.8
coup,4.0,en,wordfreq,4,1.65
coupe,3.34,en,wordfreq,0,1.85
couple,5.19,en,wordfreq,0,2.15
coupled,3.97,en,wordfreq,1,2.25
couples,4.34,en,wordfreq,1,2.3
coupling,3.47,en,wordfreq,0,2.5
coupon,3.86,en,wordfreq,0,2.15
coupons,3.64,en,wordfreq,0,2.75
courage,4.32,en,wordfreq,0,2.4
courageous,3.59,en,wordfreq,0,3.75
courier,3.68,en,wordfreq,1,2.55
course,5.44,en,wordfreq,1,1.85
courses,4.46,en,wordfreq,0,1.9
coursework,3.0,en,wordfreq,0,4.2
court,5.41,en,wordfreq,1,1.85
courteous,3.2,en,wordfreq,0,3.3
courtesy,4.13,en,wordfreq,0,2.8
courthouse,3.61,en,wordfreq,0,3.95
courting,3.11,en,wordfreq,1,1.95
courtney,3.66,en,wordfreq,0,2.85
courtroom,3.58,en,wordfreq,0,3.9
courts,4.46,en,wordfreq,1,1.9
courtship,3.19,en,wordfreq,0,3.85
courtyard,3.65,en,wordfreq,0,3.9
cousin,4.41,en,wordfreq,0,2.25
cousins,3.95,en,wordfreq,0,2.55
coutinho,3.03,en,wordfreq,0,3.2
couture,3.32,en,wordfreq,0,2.55
cove,3.64,en,wordfreq,13,1.2
coven,3.0,en,wordfreq,3,1.7
covenant,3.73,en,wordfreq,0,2.85
covenants,2.99,en,wordfreq,0,3.55
covent,3.04,en,wordfreq,1,1.85
coventry,3.49,en,wordfreq,0,2.9
cover,5.08,en,wordfreq,6,1.45
coverage,4.63,en,wordfreq,0,2.75
covered,4.83,en,wordfreq,1,2.0
covering,4.45,en,wordfreq,1,2.25
coverings,2.96,en,wordfreq,0,2.85
covers,4.51,en,wordfreq,4,1.7
covert,3.54,en,wordfreq,2,1.75
coveted,3.34,en,wordfreq,1,2.6
covid,3.86,en,wordfreq,0,2.0
covington,3.04,en,wordfreq,0,3.6
cow,4.14,en,wordfreq,28,1.0
cowan,3.18,en,wordfreq,2,1.9
coward,3.67,en,wordfreq,2,1.85
cowardice,3.11,en,wordfreq,0,3.8
cowardly,3.42,en,wordfreq,0,3.3
cowards,3.33,en,wordfreq,1,2.15
cowboy,3.85,en,wordfreq,0,2.65
cowboys,4.03,en,wordfreq,0,2.85
cowell,3.05,en,wordfreq,3,1.85
coworker,3.29,en,wordfreq,0,2.8
coworkers,3.44,en,wordfreq,0,3.4
cows,3.93,en,wordfreq,6,1.55
cox,3.94,en,wordfreq,21,1.0
coy,3.1,en,wordfreq,23,1.0
coyote,3.36,en,wordfreq,0,2.7
coyotes,3.31,en,wordfreq,0,2.85
coz,3.15,en,wordfreq,17,1.0
cozy,3.64,en,wordfreq,4,1.7
cp,3.79,en,wordfreq,46,1.0
cpa,3.24,en,wordfreq,21,1.0
cpc,3.16,en,wordfreq,15,1.1
cpi,3.28,en,wordfreq,14,1.15
cpl,3.09,en,wordfreq,13,1.2
cpr,3.42,en,wordfreq,16,1.05
cps,3.41,en,wordfreq,31,1.0
cpu,3.72,en,wordfreq,9,1.4
cr,3.99,en,wordfreq,47,1.0
crab,3.76,en,wordfreq,7,1.55
crabs,3.4,en,wordfreq,3,1.75
crabtree,2.96,en,wordfreq,0,3.75
crack,4.41,en,wordfreq,3,1.75
crackdown,3.35,en,wordfreq,0,3.8
cracked,3.99,en,wordfreq,2,1.85
cracker,3.45,en,wordfreq,3,1.8
crackers,3.45,en,wordfreq,1,2.15
cracking,3.92,en,wordfreq,2,1.85
cracks,3.9,en,wordfreq,1,1.85
cradle,3.5,en,wordfreq,0,2.05
craft,4.3,en,wordfreq,4,1.65
crafted,3.65,en,wordfreq,1,1.95
crafting,3.51,en,wordfreq,1,2.15
crafts,3.73,en,wordfreq,2,1.85
craftsman,3.22,en,wordfreq,1,3.75
craftsmanship,3.1,en,wordfreq,0,6.3
craftsmen,3.2,en,wordfreq,1,3.7
crafty,3.21,en,wordfreq,1,2.15
craig,4.18,en,wordfreq,0,2.0
craigslist,3.34,en,wordfreq,0,4.85
cram,3.14,en,wordfreq,6,1.45
crammed,3.19,en,wordfreq,1,2.1
cramp,3.04,en,wordfreq,3,1.6
cramped,3.28,en,wordfreq,1,1.9
cramps,3.32,en,wordfreq,2,1.75
cranberry,3.17,en,wordfreq,0,3.8
crane,3.92,en,wordfreq,4,1.7
cranes,3.33,en,wordfreq,1,1.85
cranial,2.99,en,wordfreq,0,2.75
crank,3.61,en,wordfreq,5,1.65
cranky,3.15,en,wordfreq,0,1.95
cranston,2.98,en,wordfreq,0,2.85
crap,4.4,en,wordfreq,8,1.4
crappy,3.5,en,wordfreq,0,2.35
crash,4.55,en,wordfreq,5,1.65
crashed,4.04,en,wordfreq,4,1.75
crashes,3.87,en,wordfreq,3,1.85
crashing,3.84,en,wordfreq,1,1.9
crass,2.96,en,wordfreq,7,1.6
crate,3.47,en,wordfreq,5,1.45
crater,3.55,en,wordfreq,1,1.8
craters,3.03,en,wordfreq,0,1.85
crates,3.28,en,wordfreq,3,1.65
crave,3.47,en,wordfreq,5,1.6
craven,3.19,en,wordfreq,0,1.9
craving,3.56,en,wordfreq,0,1.9
cravings,3.27,en,wordfreq,0,2.6
crawford,3.84,en,wordfreq,0,3.25
crawl,3.77,en,wordfreq,1,1.95
crawled,3.28,en,wordfreq,1,2.25
crawley,3.14,en,wordfreq,2,2.5
crawling,3.59,en,wordfreq,0,2.35
cray,3.01,en,wordfreq,9,1.4
crayon,3.05,en,wordfreq,0,2.25
crayons,3.01,en,wordfreq,0,2.7
craze,3.35,en,wordfreq,5,1.7
crazed,3.14,en,wordfreq,0,1.95
crazier,3.09,en,wordfreq,1,2.65
craziest,3.18,en,wordfreq,0,2.9
craziness,3.1,en,wordfreq,0,3.4
crazy,5.07,en,wordfreq,1,1.9
crc,3.06,en,wordfreq,15,1.05
cream,4.62,en,wordfreq,1,1.75
creams,3.22,en,wordfreq,2,1.8
creamy,3.43,en,wordfreq,2,1.85
crease,3.31,en,wordfreq,2,1.85
create,5.02,en,wordfreq,1,1.75
created,5.05,en,wordfreq,3,1.75
creates,4.28,en,wordfreq,1,1.85
creating,4.69,en,wordfreq,2,1.9
creation,4.56,en,wordfreq,0,2.3
creations,3.53,en,wordfreq,0,2.55
creative,4.6,en,wordfreq,0,2.6
creatively,3.1,en,wordfreq,0,3.65
creativity,4.01,en,wordfreq,0,3.6
creator,4.21,en,wordfreq,0,2.2
creators,3.81,en,wordfreq,0,2.35
creature,4.16,en,wordfreq,0,2.5
creatures,4.21,en,wordfreq,0,2.7
credence,3.08,en,wordfreq,0,2.85
credentials,3.74,en,wordfreq,0,4.55
credibility,3.88,en,wordfreq,0,4.2
credible,3.77,en,wordfreq,0,2.95
credit,5.0,en,wordfreq,0,2.45
credited,3.88,en,wordfreq,0,2.55
creditor,3.1,en,wordfreq,0,2.55
creditors,3.66,en,wordfreq,0,2.85
credits,4.27,en,wordfreq,0,2.65
cree,3.02,en,wordfreq,4,1.45
creed,3.7,en,wordfreq,6,1.6
creek,4.37,en,wordfreq,4,1.7
creeks,3.08,en,wordfreq,3,1.8
creep,3.84,en,wordfreq,2,1.75
creeping,3.55,en,wordfreq,0,2.25
creeps,3.38,en,wordfreq,2,1.85
creepy,4.04,en,wordfreq,1,2.05
cremated,3.05,en,wordfreq,0,2.6
cremation,3.06,en,wordfreq,0,2.8
creme,3.12,en,wordfreq,3,1.8
creole,3.07,en,wordfreq,0,2.35
crept,3.15,en,wordfreq,2,1.9
crescent,3.57,en,wordfreq,0,2.8
crest,3.65,en,wordfreq,3,1.8
cretaceous,3.22,en,wordfreq,0,4.45
crete,3.2,en,wordfreq,3,1.75
crew,4.7,en,wordfreq,6,1.55
crewe,2.96,en,wordfreq,4,1.7
crews,3.89,en,wordfreq,3,1.75
crib,3.48,en,wordfreq,1,1.9
cricket,4.39,en,wordfreq,0,2.15
cricketer,3.25,en,wordfreq,0,3.4
cricketers,3.09,en,wordfreq,0,3.6
crickets,3.21,en,wordfreq,0,2.45
cried,4.19,en,wordfreq,5,1.75
cries,3.93,en,wordfreq,6,1.6
crime,4.89,en,wordfreq,4,1.7
crimea,3.45,en,wordfreq,1,2.1
crimean,3.25,en,wordfreq,0,2.7
crimes,4.43,en,wordfreq,4,1.7
criminal,4.75,en,wordfreq,0,2.75
criminality,2.99,en,wordfreq,0,4.1
criminally,3.12,en,wordfreq,0,3.2
criminals,4.15,en,wordfreq,0,3.3
criminology,3.0,en,wordfreq,0,4.35
crimson,3.6,en,wordfreq,0,2.85
cringe,3.54,en,wordfreq,1,1.95
cripple,3.22,en,wordfreq,0,2.6
crippled,3.5,en,wordfreq,0,2.45
crippling,3.36,en,wordfreq,0,2.6
crises,3.57,en,wordfreq,4,1.6
crisis,4.62,en,wordfreq,2,2.0
crisp,3.7,en,wordfreq,1,1.85
crisps,3.09,en,wordfreq,3,1.75
crispy,3.37,en,wordfreq,1,2.3
criss,2.98,en,wordfreq,4,1.65
cristiano,3.34,en,wordfreq,0,3.35
cristina,3.36,en,wordfreq,1,2.6
criteria,4.21,en,wordfreq,0,2.95
criterion,3.46,en,wordfreq,0,3.8
critic,3.95,en,wordfreq,0,2.4
critical,4.83,en,wordfreq,0,2.7
critically,3.88,en,wordfreq,0,3.05
criticise,3.2,en,wordfreq,2,2.95
criticised,3.66,en,wordfreq,1,3.15
criticising,3.09,en,wordfreq,1,4.15
criticism,4.49,en,wordfreq,1,3.05
criticisms,3.66,en,wordfreq,0,3.55
criticize,3.63,en,wordfreq,1,3.05
criticized,4.0,en,wordfreq,2,3.25
criticizes,3.17,en,wordfreq,1,3.2
criticizing,3.57,en,wordfreq,1,4.15
critics,4.39,en,wordfreq,0,2.55
critique,3.83,en,wordfreq,0,3.3
critiques,3.24,en,wordfreq,0,3.6
critters,2.95,en,wordfreq,0,2.65
crm,3.05,en,wordfreq,8,1.4
croatia,3.74,en,wordfreq,0,2.9
croatian,3.32,en,wordfreq,0,2.85
croc,2.95,en,wordfreq,3,1.7
crochet,3.25,en,wordfreq,0,2.7
crock,3.03,en,wordfreq,4,1.65
crocker,3.03,en,wordfreq,1,1.9
crockett,3.09,en,wordfreq,0,2.7
crocodile,3.49,en,wordfreq,0,3.8
crocodiles,3.12,en,wordfreq,0,4.1
croft,3.17,en,wordfreq,1,1.95
croix,2.99,en,wordfreq,0,2.0
cromwell,3.36,en,wordfreq,0,3.3
cronies,3.01,en,wordfreq,0,2.3
crook,3.41,en,wordfreq,2,1.75
crooked,3.63,en,wordfreq,0,1.95
crooks,3.22,en,wordfreq,1,1.85
crop,4.15,en,wordfreq,7,1.55
cropped,3.37,en,wordfreq,3,1.85
cropping,3.05,en,wordfreq,2,1.9
crops,4.05,en,wordfreq,5,1.65
crore,3.37,en,wordfreq,2,1.8
crores,3.1,en,wordfreq,1,1.85
crosby,3.54,en,wordfreq,0,2.5
cross,5.0,en,wordfreq,5,1.65
crossbow,3.05,en,wordfreq,0,3.65
crossed,4.35,en,wordfreq,2,2.1
crosses,3.86,en,wordfreq,1,2.05
crossfire,3.08,en,wordfreq,0,3.75
crossfit,3.16,en,wordfreq,0,3.5
crossing,4.33,en,wordfreq,1,2.05
crossings,3.46,en,wordfreq,0,2.8
crossover,3.66,en,wordfreq,0,3.85
crossroads,3.48,en,wordfreq,0,4.5
crossword,3.14,en,wordfreq,0,3.7
crotch,3.27,en,wordfreq,1,2.15
crouch,3.26,en,wordfreq,1,2.1
crow,3.8,en,wordfreq,6,1.4
crowd,4.7,en,wordfreq,3,1.75
crowded,3.98,en,wordfreq,1,2.25
crowdfunding,3.32,en,wordfreq,0,4.75
crowding,3.05,en,wordfreq,1,2.3
crowds,3.87,en,wordfreq,1,1.85
crowe,3.18,en,wordfreq,5,1.65
crowley,3.37,en,wordfreq,1,2.45
crown,4.56,en,wordfreq,8,1.5
crowned,3.65,en,wordfreq,3,2.0
crowning,3.09,en,wordfreq,3,2.1
crowns,3.46,en,wordfreq,3,1.75
crows,3.47,en,wordfreq,8,1.35
croydon,3.21,en,wordfreq,0,2.9
crt,3.06,en,wordfreq,10,1.2
crucial,4.28,en,wordfreq,0,2.8
crucially,2.95,en,wordfreq,0,3.45
crucible,3.23,en,wordfreq,0,3.15
crucified,3.27,en,wordfreq,0,3.5
crucifix,3.02,en,wordfreq,0,3.75
crucifixion,3.09,en,wordfreq,0,5.5
crude,4.0,en,wordfreq,0,1.95
cruel,4.12,en,wordfreq,0,2.0
cruelly,2.95,en,wordfreq,1,2.85
cruelty,3.76,en,wordfreq,1,2.8
cruise,4.22,en,wordfreq,1,1.85
cruiser,3.52,en,wordfreq,1,2.45
cruisers,3.25,en,wordfreq,0,2.65
cruises,3.42,en,wordfreq,2,1.75
cruising,3.52,en,wordfreq,1,2.4
crumb,2.97,en,wordfreq,0,1.95
crumble,3.29,en,wordfreq,0,2.25
crumbled,2.98,en,wordfreq,0,2.6
crumbling,3.29,en,wordfreq,0,2.6
crumbs,3.34,en,wordfreq,0,2.25
crunch,3.66,en,wordfreq,1,1.9
crunching,3.15,en,wordfreq,0,2.7
crunchy,3.22,en,wordfreq,0,2.85
crusade,3.59,en,wordfreq,0,2.7
crusader,3.21,en,wordfreq,1,2.8
crusaders,3.35,en,wordfreq,0,3.15
crusades,3.07,en,wordfreq,1,2.65
crush,4.17,en,wordfreq,3,1.8
crushed,4.03,en,wordfreq,4,1.9
crusher,3.11,en,wordfreq,2,2.15
crushes,3.15,en,wordfreq,4,1.8
crushing,3.83,en,wordfreq,2,2.05
crust,3.7,en,wordfreq,3,1.75
crusty,3.01,en,wordfreq,1,1.95
crutches,3.12,en,wordfreq,1,2.65
crux,3.05,en,wordfreq,1,1.95
cruz,4.07,en,wordfreq,1,1.9
cry,4.59,en,wordfreq,8,1.3
crying,4.56,en,wordfreq,3,1.85
crypt,3.1,en,wordfreq,1,2.05
cryptic,3.23,en,wordfreq,0,2.8
crypto,3.6,en,wordfreq,0,2.8
cryptocurrency,3.3,en,wordfreq,0,7.45
crystal,4.4,en,wordfreq,0,2.85
crystalline,3.24,en,wordfreq,0,4.7
crystals,3.78,en,wordfreq,0,3.7
cs,3.9,en,wordfreq,47,1.0
csa,3.15,en,wordfreq,24,1.0
csgo,3.09,en,wordfreq,0,2.0
csi,3.25,en,wordfreq,13,1.2
csr,3.19,en,wordfreq,13,1.2
css,3.42,en,wordfreq,24,1.0
cst,3.05,en,wordfreq,19,1.0
csu,3.0,en,wordfreq,14,1.15
ct,4.11,en,wordfreq,47,1.0
ctr,2.97,en,wordfreq,9,1.35
ctrl,3.22,en,wordfreq,2,1.85
cts,2.99,en,wordfreq,22,1.0
cu,3.55,en,wordfreq,48,1.0
cub,3.49,en,wordfreq,16,1.0
cuba,4.13,en,wordfreq,2,1.7
cuban,3.93,en,wordfreq,0,1.9
cubans,3.06,en,wordfreq,0,2.4
cube,3.82,en,wordfreq,6,1.55
cubes,3.43,en,wordfreq,2,1.75
cubic,3.71,en,wordfreq,1,1.95
cubicle,3.07,en,wordfreq,0,2.95
cubs,3.89,en,wordfreq,12,1.15
cuckoo,3.14,en,wordfreq,0,3.0
cucumber,3.41,en,wordfreq,0,3.35
cucumbers,3.04,en,wordfreq,0,3.65
cuddle,3.4,en,wordfreq,3,2.1
cuddles,2.96,en,wordfreq,0,2.45
cuddling,3.11,en,wordfreq,0,2.75
cuddly,3.14,en,wordfreq,1,2.45
cue,3.75,en,wordfreq,16,1.0
cues,3.53,en,wordfreq,6,1.4
cuff,3.51,en,wordfreq,6,1.65
cuffs,3.24,en,wordfreq,2,1.85
cuisine,3.81,en,wordfreq,0,2.9
cul,2.97,en,wordfreq,12,1.1
culinary,3.56,en,wordfreq,0,3.2
cull,2.96,en,wordfreq,13,1.3
cullen,3.34,en,wordfreq,1,1.95
culminated,3.23,en,wordfreq,0,3.45
culminating,3.28,en,wordfreq,0,3.5
culmination,3.26,en,wordfreq,0,3.3
culprit,3.4,en,wordfreq,0,3.2
culprits,2.99,en,wordfreq,0,3.6
cult,4.09,en,wordfreq,4,1.65
cultivate,3.42,en,wordfreq,0,3.4
cultivated,3.6,en,wordfreq,0,3.35
cultivating,3.29,en,wordfreq,0,3.65
cultivation,3.63,en,wordfreq,0,3.55
cults,3.15,en,wordfreq,2,1.8
cultural,4.75,en,wordfreq,0,3.25
culturally,3.64,en,wordfreq,0,4.05
culture,5.03,en,wordfreq,1,2.25
cultured,3.3,en,wordfreq,1,2.45
cultures,4.2,en,wordfreq,2,2.45
culver,2.96,en,wordfreq,0,2.0
cum,4.04,en,wordfreq,20,1.0
cumberland,3.45,en,wordfreq,0,4.1
cumbersome,3.16,en,wordfreq,0,4.85
cumbria,3.19,en,wordfreq,0,3.15
cumin,3.01,en,wordfreq,1,1.95
cumming,3.21,en,wordfreq,2,1.85
cummings,3.46,en,wordfreq,0,2.7
cummins,3.13,en,wordfreq,1,2.45
cumulative,3.55,en,wordfreq,0,4.15
cunning,3.45,en,wordfreq,3,1.85
cunningham,3.54,en,wordfreq,0,4.5
cunt,3.87,en,wordfreq,8,1.45
cunts,3.33,en,wordfreq,4,1.65
cuomo,3.28,en,wordfreq,0,1.95
cup,5.11,en,wordfreq,14,1.0
cupboard,3.44,en,wordfreq,0,3.45
cupcake,3.35,en,wordfreq,0,3.35
cupcakes,3.41,en,wordfreq,0,3.6
cupid,3.2,en,wordfreq,0,2.05
cups,4.11,en,wordfreq,6,1.5
curate,3.03,en,wordfreq,0,1.9
curated,3.44,en,wordfreq,0,2.1
curator,3.55,en,wordfreq,0,2.65
curators,3.05,en,wordfreq,0,2.8
curb,3.79,en,wordfreq,4,1.75
cure,4.32,en,wordfreq,10,1.25
cured,3.74,en,wordfreq,3,1.65
cures,3.34,en,wordfreq,5,1.55
curfew,3.37,en,wordfreq,0,2.4
curing,3.26,en,wordfreq,3,1.7
curiosity,3.97,en,wordfreq,0,3.85
curious,4.45,en,wordfreq,1,2.55
curiously,3.2,en,wordfreq,1,3.2
curl,3.52,en,wordfreq,6,1.5
curled,3.34,en,wordfreq,3,1.8
curling,3.51,en,wordfreq,3,1.8
curls,3.42,en,wordfreq,2,1.85
curly,3.6,en,wordfreq,4,1.75
curran,3.04,en,wordfreq,0,2.45
currencies,3.62,en,wordfreq,0,3.85
currency,4.37,en,wordfreq,0,3.1
current,5.27,en,wordfreq,0,2.5
currently,5.08,en,wordfreq,0,3.4
currents,3.64,en,wordfreq,0,2.7
curricula,3.04,en,wordfreq,0,3.8
curricular,3.06,en,wordfreq,0,4.2
curriculum,4.12,en,wordfreq,0,4.7
currie,3.08,en,wordfreq,1,2.25
curry,3.96,en,wordfreq,5,1.75
curse,4.07,en,wordfreq,3,1.65
cursed,3.77,en,wordfreq,3,1.75
curses,3.23,en,wordfreq,4,1.65
cursing,3.31,en,wordfreq,3,1.8
cursor,3.09,en,wordfreq,0,2.65
curt,3.16,en,wordfreq,10,1.35
curtail,2.98,en,wordfreq,1,2.7
curtailed,3.07,en,wordfreq,0,3.35
curtain,3.86,en,wordfreq,2,2.45
curtains,3.66,en,wordfreq,0,2.6
curtis,3.94,en,wordfreq,0,2.15
curvature,3.22,en,wordfreq,0,3.5
curve,4.14,en,wordfreq,3,1.7
curved,3.83,en,wordfreq,4,1.7
curves,3.86,en,wordfreq,2,1.8
curving,3.06,en,wordfreq,3,1.8
curvy,3.15,en,wordfreq,3,1.85
cus,3.02,en,wordfreq,29,1.0
cushing,2.97,en,wordfreq,4,1.75
cushion,3.58,en,wordfreq,0,2.75
cushions,3.19,en,wordfreq,0,2.8
cusp,3.05,en,wordfreq,0,1.9
custard,3.17,en,wordfreq,1,2.8
custer,2.99,en,wordfreq,5,1.7
custodial,3.1,en,wordfreq,1,3.7
custodian,3.12,en,wordfreq,1,3.45
custody,4.22,en,wordfreq,0,2.9
custom,4.43,en,wordfreq,0,2.6
customary,3.53,en,wordfreq,0,3.55
customer,4.61,en,wordfreq,0,2.7
customers,4.78,en,wordfreq,0,3.3
customization,3.25,en,wordfreq,0,4.55
customize,3.27,en,wordfreq,0,3.55
customized,3.44,en,wordfreq,0,3.8
customs,4.19,en,wordfreq,0,2.75
cut,5.24,en,wordfreq,21,1.0
cute,4.65,en,wordfreq,7,1.35
cutest,3.33,en,wordfreq,0,2.25
cutie,3.32,en,wordfreq,0,1.95
cutler,3.38,en,wordfreq,2,1.85
cutlery,3.01,en,wordfreq,0,2.7
cutoff,3.21,en,wordfreq,0,2.9
cuts,4.42,en,wordfreq,10,1.25
cutter,3.7,en,wordfreq,5,1.6
cutters,3.28,en,wordfreq,0,1.95
cutting,4.61,en,wordfreq,1,1.9
cuttings,3.03,en,wordfreq,0,2.6
cuz,3.89,en,wordfreq,9,1.4
cv,3.61,en,wordfreq,42,1.0
cvs,3.35,en,wordfreq,15,1.05
cw,3.54,en,wordfreq,43,1.0
cx,3.09,en,wordfreq,35,1.0
cy,3.36,en,wordfreq,38,1.0
cyanide,3.24,en,wordfreq,0,2.95
cyber,3.98,en,wordfreq,0,2.0
cybersecurity,3.35,en,wordfreq,0,6.6
cyberspace,2.99,en,wordfreq,0,4.9
cyborg,3.22,en,wordfreq,0,2.9
cycle,4.6,en,wordfreq,0,2.25
cycles,3.93,en,wordfreq,0,2.4
cyclic,3.16,en,wordfreq,0,2.7
cyclical,3.16,en,wordfreq,0,2.95
cycling,4.1,en,wordfreq,0,2.5
cyclist,3.58,en,wordfreq,0,2.75
cyclists,3.69,en,wordfreq,0,3.3
cyclone,3.51,en,wordfreq,0,2.7
cyclones,3.02,en,wordfreq,0,3.0
cyclops,3.11,en,wordfreq,0,2.9
cylinder,3.99,en,wordfreq,0,2.85
cylinders,3.46,en,wordfreq,0,3.2
cylindrical,3.34,en,wordfreq,0,4.8
cymru,2.96,en,wordfreq,0,2.85
cynical,3.59,en,wordfreq,1,2.65
cynicism,3.13,en,wordfreq,0,3.8
cynthia,3.65,en,wordfreq,0,3.6
cypress,3.25,en,wordfreq,0,2.7
cyprus,3.71,en,wordfreq,0,2.7
cyril,3.42,en,wordfreq,0,2.2
cyrus,3.83,en,wordfreq,0,1.95
cyst,3.12,en,wordfreq,2,1.85
cystic,3.07,en,wordfreq,1,2.5
cz,2.96,en,wordfreq,29,1.0
czar,3.0,en,wordfreq,1,1.9
czech,3.95,en,wordfreq,0,2.55
czechoslovakia,3.38,en,wordfreq,0,8.55
da,4.54,en,wordfreq,47,1.0
dab,3.32,en,wordfreq,25,1.0
dac,2.96,en,wordfreq,31,1.0
daca,2.98,en,wordfreq,4,1.7
dad,4.95,en,wordfreq,31,1.0
dada,3.08,en,wordfreq,7,1.55
daddy,4.36,en,wordfreq,5,1.75
dade,3.16,en,wordfreq,14,1.15
dads,3.63,en,wordfreq,8,1.45
dae,3.28,en,wordfreq,30,1.0
daft,3.44,en,wordfreq,3,1.7
dagger,3.54,en,wordfreq,3,1.8
daggers,3.02,en,wordfreq,1,2.35
dah,3.12,en,wordfreq,25,1.0
dahl,3.11,en,wordfreq,0,1.85
dai,3.27,en,wordfreq,32,1.0
daily,5.07,en,wordfreq,2,1.85
dainty,3.07,en,wordfreq,0,2.0
dairy,4.09,en,wordfreq,4,1.75
daisy,3.78,en,wordfreq,2,1.9
dak,3.14,en,wordfreq,22,1.0
dakar,2.98,en,wordfreq,0,2.0
dakota,4.09,en,wordfreq,0,2.95
dal,3.25,en,wordfreq,30,1.0
dalai,3.28,en,wordfreq,0,2.0
dale,3.98,en,wordfreq,18,1.0
daleks,2.95,en,wordfreq,0,2.2
daley,3.19,en,wordfreq,2,1.8
dallas,4.42,en,wordfreq,0,2.0
dalton,3.53,en,wordfreq,2,1.85
daly,3.45,en,wordfreq,3,1.65
dam,4.17,en,wordfreq,36,1.0
damage,4.9,en,wordfreq,0,2.2
damaged,4.39,en,wordfreq,1,2.6
damages,4.13,en,wordfreq,1,2.5
damaging,3.91,en,wordfreq,0,2.8
damascus,3.59,en,wordfreq,0,3.9
dame,3.96,en,wordfreq,18,1.0
dames,2.97,en,wordfreq,8,1.45
damian,3.39,en,wordfreq,1,2.4
damien,3.5,en,wordfreq,1,2.2
dammit,3.67,en,wordfreq,1,2.65
damn,5.09,en,wordfreq,5,1.6
damnation,2.95,en,wordfreq,0,2.9
damned,3.87,en,wordfreq,1,1.95
damning,3.2,en,wordfreq,0,2.0
damnit,3.07,en,wordfreq,1,2.6
damon,3.72,en,wordfreq,2,1.85
damp,3.62,en,wordfreq,7,1.55
dams,3.52,en,wordfreq,10,1.2
dan,4.51,en,wordfreq,38,1.0
dana,3.82,en,wordfreq,17,1.0
dance,4.93,en,wordfreq,3,1.65
danced,3.68,en,wordfreq,2,1.85
dancer,3.99,en,wordfreq,4,1.7
dancers,3.9,en,wordfreq,2,1.8
dances,3.79,en,wordfreq,2,1.75
dancing,4.5,en,wordfreq,0,2.0
dandy,3.25,en,wordfreq,7,1.6
dane,3.47,en,wordfreq,24,1.0
danes,3.2,en,wordfreq,7,1.5
dang,3.65,en,wordfreq,23,1.0
danger,4.59,en,wordfreq,6,1.6
dangerous,4.79,en,wordfreq,0,3.3
dangerously,3.47,en,wordfreq,0,4.45
dangers,3.89,en,wordfreq,4,1.75
dangling,3.29,en,wordfreq,0,2.5
dani,3.44,en,wordfreq,7,1.5
daniel,4.62,en,wordfreq,0,1.95
danielle,3.62,en,wordfreq,0,3.4
daniels,3.69,en,wordfreq,0,2.4
danish,3.91,en,wordfreq,2,1.9
dank,3.26,en,wordfreq,13,1.2
danny,4.25,en,wordfreq,6,1.7
dans,3.3,en,wordfreq,17,1.0
dante,3.61,en,wordfreq,1,1.8
danube,3.14,en,wordfreq,0,2.8
danville,3.05,en,wordfreq,0,3.2
dao,2.99,en,wordfreq,30,1.0
daphne,3.26,en,wordfreq,0,2.95
dar,3.32,en,wordfreq,33,1.0
dara,2.99,en,wordfreq,18,1.0
darby,3.17,en,wordfreq,2,1.9
darcy,3.32,en,wordfreq,2,1.9
dare,4.31,en,wordfreq,18,1.0
dared,3.52,en,wordfreq,6,1.65
daredevil,3.29,en,wordfreq,0,4.75
dares,3.22,en,wordfreq,10,1.4
darfur,2.95,en,wordfreq,0,2.9
daring,3.7,en,wordfreq,4,1.75
darius,3.4,en,wordfreq,1,1.95
dark,5.04,en,wordfreq,11,1.3
darkened,3.13,en,wordfreq,0,2.9
darker,3.93,en,wordfreq,3,1.85
darkest,3.58,en,wordfreq,0,2.4
darkly,2.97,en,wordfreq,0,2.15
darkness,4.3,en,wordfreq,0,2.8
darling,4.09,en,wordfreq,0,1.95
darlington,3.07,en,wordfreq,0,3.05
darn,3.61,en,wordfreq,10,1.4
darrell,3.2,en,wordfreq,1,2.4
darren,3.79,en,wordfreq,2,1.9
darryl,3.28,en,wordfreq,0,2.2
dart,3.52,en,wordfreq,14,1.05
darth,3.23,en,wordfreq,3,1.8
dartmouth,3.27,en,wordfreq,0,4.35
darts,3.41,en,wordfreq,7,1.55
darwin,3.76,en,wordfreq,0,2.1
daryl,3.43,en,wordfreq,0,1.95
das,3.73,en,wordfreq,40,1.0
dash,4.0,en,wordfreq,10,1.35
dashboard,3.33,en,wordfreq,0,3.85
dashed,3.28,en,wordfreq,5,1.75
dashing,3.27,en,wordfreq,4,1.8
dat,3.55,en,wordfreq,33,1.0
data,5.34,en,wordfreq,8,1.5
database,4.31,en,wordfreq,0,3.75
databases,3.62,en,wordfreq,0,3.95
dataset,3.03,en,wordfreq,0,3.05
date,5.22,en,wordfreq,17,1.0
dated,4.29,en,wordfreq,7,1.6
dates,4.54,en,wordfreq,13,1.3
dating,4.7,en,wordfreq,5,1.75
daughter,5.07,en,wordfreq,1,2.9
daughters,4.28,en,wordfreq,0,3.5
daunting,3.4,en,wordfreq,2,2.1
davao,2.97,en,wordfreq,0,2.0
dave,4.44,en,wordfreq,18,1.0
davenport,3.35,en,wordfreq,0,3.95
davey,3.34,en,wordfreq,1,1.85
david,5.13,en,wordfreq,1,1.9
davidson,3.8,en,wordfreq,0,3.4
davies,3.93,en,wordfreq,0,1.95
davis,4.49,en,wordfreq,2,1.85
davison,3.07,en,wordfreq,0,2.6
davos,3.03,en,wordfreq,1,1.95
davy,3.18,en,wordfreq,4,1.7
daw,3.11,en,wordfreq,26,1.0
dawes,3.01,en,wordfreq,4,1.8
dawg,3.32,en,wordfreq,2,1.85
dawkins,3.14,en,wordfreq,1,2.7
dawn,4.27,en,wordfreq,8,1.45
dawned,3.03,en,wordfreq,2,1.9
dawson,3.76,en,wordfreq,1,2.0
dax,3.08,en,wordfreq,26,1.0
day,5.95,en,wordfreq,34,1.0
daybreak,3.03,en,wordfreq,0,3.75
daycare,3.3,en,wordfreq,0,3.0
daydream,2.98,en,wordfreq,0,3.75
daylight,3.84,en,wordfreq,0,3.2
days,5.61,en,wordfreq,13,1.25
daytime,3.66,en,wordfreq,0,2.8
dayton,3.5,en,wordfreq,2,1.85
daytona,3.37,en,wordfreq,0,2.8
dazed,3.13,en,wordfreq,2,1.9
dazzle,3.02,en,wordfreq,0,2.75
dazzling,3.39,en,wordfreq,0,2.8
db,3.77,en,wordfreq,44,1.0
dbs,2.99,en,wordfreq,18,1.0
dc,4.56,en,wordfreq,45,1.0
dd,3.68,en,wordfreq,45,1.0
de,5.23,en,wordfreq,46,1.0
dea,3.39,en,wordfreq,27,1.0
deacon,3.39,en,wordfreq,1,1.95
deactivate,2.97,en,wordfreq,0,3.6
deactivated,3.1,en,wordfreq,0,3.55
dead,5.19,en,wordfreq,10,1.35
deadliest,3.31,en,wordfreq,0,3.4
deadline,4.12,en,wordfreq,1,2.6
deadlines,3.38,en,wordfreq,1,2.75
deadlock,2.97,en,wordfreq,0,3.6
deadly,4.16,en,wordfreq,1,1.95
deadpool,3.24,en,wordfreq,0,3.9
deaf,3.99,en,wordfreq,5,1.65
deafening,2.98,en,wordfreq,0,2.8
deal,5.32,en,wordfreq,16,1.0
dealer,4.19,en,wordfreq,1,1.9
dealers,4.01,en,wordfreq,0,2.1
dealership,3.42,en,wordfreq,0,3.8
dealerships,3.02,en,wordfreq,0,4.3
dealing,4.6,en,wordfreq,3,1.8
dealings,3.54,en,wordfreq,0,2.2
deals,4.59,en,wordfreq,6,1.6
dealt,4.2,en,wordfreq,1,1.9
dean,4.4,en,wordfreq,10,1.3
deans,3.06,en,wordfreq,5,1.65
dear,4.77,en,wordfreq,16,1.0
dearborn,3.04,en,wordfreq,0,3.5
dearest,3.42,en,wordfreq,1,2.5
dearly,3.48,en,wordfreq,3,1.8
death,5.4,en,wordfreq,2,1.85
deathbed,2.97,en,wordfreq,0,3.0
deaths,4.53,en,wordfreq,1,1.9
deb,3.23,en,wordfreq,22,1.0
debacle,3.21,en,wordfreq,0,2.95
debatable,3.13,en,wordfreq,0,3.3
debate,4.64,en,wordfreq,1,1.85
debated,3.6,en,wordfreq,2,1.85
debates,3.98,en,wordfreq,2,2.15
debating,3.68,en,wordfreq,1,2.15
debbie,3.66,en,wordfreq,0,2.7
debilitating,3.19,en,wordfreq,0,4.5
debit,3.62,en,wordfreq,1,1.9
deborah,3.61,en,wordfreq,0,2.95
debra,3.3,en,wordfreq,1,1.95
debris,3.92,en,wordfreq,0,2.5
debt,4.69,en,wordfreq,2,1.65
debtor,3.08,en,wordfreq,0,2.2
debtors,2.95,en,wordfreq,0,2.65
debts,3.99,en,wordfreq,0,1.9
debunked,2.95,en,wordfreq,0,3.0
debut,4.52,en,wordfreq,1,1.85
debuted,3.53,en,wordfreq,1,2.2
debuting,2.98,en,wordfreq,1,2.8
debuts,3.39,en,wordfreq,0,2.3
dec,4.29,en,wordfreq,27,1.0
decade,4.52,en,wordfreq,2,1.85
decadent,3.04,en,wordfreq,0,2.85
decades,4.58,en,wordfreq,1,2.45
decal,3.01,en,wordfreq,2,1.85
decapitated,2.99,en,wordfreq,0,3.95
decatur,3.1,en,wordfreq,0,3.0
decay,3.83,en,wordfreq,3,1.85
decaying,3.14,en,wordfreq,1,2.55
deceased,3.96,en,wordfreq,0,2.45
deceit,3.24,en,wordfreq,1,2.45
deceitful,2.97,en,wordfreq,0,3.9
deceive,3.38,en,wordfreq,1,2.2
deceived,3.39,en,wordfreq,1,2.3
deceiving,3.17,en,wordfreq,1,2.65
december,5.07,en,wordfreq,0,3.1
decency,3.5,en,wordfreq,0,2.85
decent,4.4,en,wordfreq,2,1.85
decentralized,3.29,en,wordfreq,0,5.55
deception,3.65,en,wordfreq,1,2.5
deceptive,3.34,en,wordfreq,1,2.65
decide,4.78,en,wordfreq,2,1.8
decided,5.09,en,wordfreq,1,1.9
decidedly,3.37,en,wordfreq,0,3.75
decides,4.16,en,wordfreq,2,2.0
deciding,4.11,en,wordfreq,1,2.45
deciduous,3.01,en,wordfreq,0,3.75
decimal,3.28,en,wordfreq,0,2.85
decimated,3.07,en,wordfreq,0,2.9
decipher,3.14,en,wordfreq,0,3.25
decision,5.09,en,wordfreq,0,2.6
decisions,4.72,en,wordfreq,0,2.75
decisive,3.8,en,wordfreq,0,2.8
decisively,3.12,en,wordfreq,0,3.8
deck,4.41,en,wordfreq,9,1.45
decked,3.06,en,wordfreq,3,1.85
decker,3.42,en,wordfreq,3,1.85
decks,3.61,en,wordfreq,5,1.7
declan,2.97,en,wordfreq,0,2.45
declaration,4.1,en,wordfreq,0,3.2
declarations,3.23,en,wordfreq,0,3.55
declare,4.05,en,wordfreq,0,2.55
declared,4.55,en,wordfreq,1,2.65
declares,3.71,en,wordfreq,1,2.65
declaring,3.82,en,wordfreq,0,2.85
decline,4.4,en,wordfreq,0,2.2
declined,4.21,en,wordfreq,1,2.45
declines,3.53,en,wordfreq,1,2.55
declining,3.83,en,wordfreq,0,2.8
deco,3.41,en,wordfreq,2,1.65
decode,3.02,en,wordfreq,2,2.1
decoding,3.05,en,wordfreq,1,2.55
decomposition,3.26,en,wordfreq,0,4.3
decor,3.65,en,wordfreq,1,1.9
decorate,3.36,en,wordfreq,0,2.65
decorated,3.94,en,wordfreq,0,2.7
decorating,3.36,en,wordfreq,0,2.85
decoration,3.82,en,wordfreq,0,2.5
decorations,3.76,en,wordfreq,0,2.9
decorative,3.8,en,wordfreq,0,3.25
decorator,2.95,en,wordfreq,0,3.3
decoy,3.04,en,wordfreq,2,1.85
decrease,4.17,en,wordfreq,0,2.5
decreased,4.0,en,wordfreq,1,2.5
decreases,3.63,en,wordfreq,1,2.65
decreasing,3.68,en,wordfreq,0,2.85
decree,3.82,en,wordfreq,1,2.2
decreed,3.1,en,wordfreq,1,2.5
decrees,3.07,en,wordfreq,2,2.4
dedicate,3.51,en,wordfreq,1,2.5
dedicated,4.58,en,wordfreq,0,2.5
dedicating,2.98,en,wordfreq,0,2.75
dedication,3.96,en,wordfreq,1,2.4
deduce,2.97,en,wordfreq,3,2.3
deduct,3.09,en,wordfreq,1,2.4
deducted,3.16,en,wordfreq,0,2.35
deductible,3.36,en,wordfreq,0,3.85
deduction,3.46,en,wordfreq,2,2.35
deductions,3.3,en,wordfreq,1,2.65
dee,3.84,en,wordfreq,38,1.0
deed,3.75,en,wordfreq,14,1.2
deeds,3.79,en,wordfreq,7,1.6
deem,3.34,en,wordfreq,6,1.55
deemed,4.19,en,wordfreq,1,1.95
deems,3.1,en,wordfreq,2,1.8
deen,2.97,en,wordfreq,9,1.45
deep,5.05,en,wordfreq,10,1.45
deepen,3.19,en,wordfreq,1,2.45
deepened,3.06,en,wordfreq,0,2.8
deepening,3.19,en,wordfreq,0,2.95
deeper,4.3,en,wordfreq,2,1.9
deepest,3.77,en,wordfreq,0,2.8
deeply,4.44,en,wordfreq,0,2.55
deer,4.12,en,wordfreq,10,1.3
def,3.91,en,wordfreq,17,1.0
defamation,3.38,en,wordfreq,0,3.05
default,4.29,en,wordfreq,0,2.75
defaults,3.17,en,wordfreq,0,3.05
defeat,4.51,en,wordfreq,1,2.2
defeated,4.17,en,wordfreq,1,2.2
defeating,3.65,en,wordfreq,0,2.75
defeats,3.71,en,wordfreq,1,2.45
defect,3.68,en,wordfreq,2,1.8
defected,3.03,en,wordfreq,2,1.85
defective,3.57,en,wordfreq,1,2.45
defects,3.77,en,wordfreq,2,1.9
defence,4.51,en,wordfreq,1,2.1
defences,3.44,en,wordfreq,1,2.35
defend,4.47,en,wordfreq,1,1.9
defendant,3.98,en,wordfreq,0,2.9
defendants,3.85,en,wordfreq,0,3.3
defended,4.0,en,wordfreq,2,2.0
defender,4.11,en,wordfreq,1,2.35
defenders,3.95,en,wordfreq,0,2.65
defending,4.33,en,wordfreq,1,2.55
defends,3.52,en,wordfreq,1,1.95
defense,4.93,en,wordfreq,1,2.35
defenseless,3.05,en,wordfreq,0,4.45
defenseman,3.03,en,wordfreq,0,4.4
defenses,3.71,en,wordfreq,1,2.45
defensive,4.38,en,wordfreq,0,2.95
defensively,3.28,en,wordfreq,0,3.85
defer,3.2,en,wordfreq,2,1.85
deference,2.96,en,wordfreq,1,2.5
deferred,3.54,en,wordfreq,1,2.5
defiance,3.48,en,wordfreq,0,2.75
defiant,3.21,en,wordfreq,1,2.6
defiantly,3.05,en,wordfreq,0,3.75
deficiencies,3.34,en,wordfreq,0,4.6
deficiency,3.64,en,wordfreq,0,3.65
deficient,3.33,en,wordfreq,0,3.15
deficit,4.06,en,wordfreq,0,2.6
deficits,3.5,en,wordfreq,0,2.75
defied,3.11,en,wordfreq,2,1.85
defies,3.04,en,wordfreq,2,1.85
define,4.31,en,wordfreq,2,1.8
defined,4.56,en,wordfreq,2,1.8
defines,3.86,en,wordfreq,1,2.0
defining,3.96,en,wordfreq,1,2.35
definite,3.78,en,wordfreq,0,2.55
definitely,4.96,en,wordfreq,0,3.3
definition,4.58,en,wordfreq,0,3.0
definitions,3.82,en,wordfreq,0,3.6
definitive,3.8,en,wordfreq,0,3.4
definitively,3.17,en,wordfreq,0,4.25
deflect,3.17,en,wordfreq,1,2.25
deflected,3.07,en,wordfreq,1,2.3
deflection,3.22,en,wordfreq,1,2.55
deforestation,3.2,en,wordfreq,0,4.35
deformation,3.16,en,wordfreq,1,3.0
deformed,3.21,en,wordfreq,1,2.6
defunct,3.28,en,wordfreq,0,2.8
defy,3.42,en,wordfreq,1,1.85
defying,3.18,en,wordfreq,1,2.5
degenerate,3.33,en,wordfreq,1,3.35
degeneration,3.12,en,wordfreq,1,3.35
degenerative,3.01,en,wordfreq,1,4.1
degradation,3.6,en,wordfreq,0,3.7
degrade,3.28,en,wordfreq,0,2.65
degraded,3.31,en,wordfreq,0,2.75
degrading,3.35,en,wordfreq,0,2.9
degree,4.94,en,wordfreq,1,2.5
degrees,4.54,en,wordfreq,1,2.55
dehydrated,3.26,en,wordfreq,0,3.75
dehydration,3.31,en,wordfreq,0,3.7
dei,3.29,en,wordfreq,27,1.0
deities,3.23,en,wordfreq,0,2.7
deity,3.55,en,wordfreq,0,2.0
del,4.32,en,wordfreq,26,1.0
delaney,3.2,en,wordfreq,0,2.9
delaware,3.9,en,wordfreq,0,3.6
delay,4.4,en,wordfreq,2,1.85
delayed,4.2,en,wordfreq,1,2.2
delaying,3.39,en,wordfreq,1,2.25
delays,3.98,en,wordfreq,1,2.35
delegate,3.7,en,wordfreq,0,2.6
delegated,3.1,en,wordfreq,2,2.5
delegates,3.94,en,wordfreq,1,2.7
delegation,3.92,en,wordfreq,1,2.65
delegations,3.09,en,wordfreq,0,2.75
delete,4.22,en,wordfreq,0,2.05
deleted,4.18,en,wordfreq,1,1.85
deletes,2.95,en,wordfreq,1,2.5
deleting,3.51,en,wordfreq,0,2.35
deletion,3.23,en,wordfreq,0,2.3
delgado,2.95,en,wordfreq,0,3.35
delhi,4.29,en,wordfreq,0,2.15
deli,3.35,en,wordfreq,4,1.55
delia,3.05,en,wordfreq,3,1.8
deliberate,3.82,en,wordfreq,0,3.2
deliberately,4.02,en,wordfreq,0,4.4
deliberation,3.06,en,wordfreq,0,3.4
deliberations,3.17,en,wordfreq,0,3.7
delicacy,3.18,en,wordfreq,0,3.35
delicate,4.01,en,wordfreq,1,2.5
delicately,3.05,en,wordfreq,0,3.65
delicious,4.34,en,wordfreq,1,3.05
delight,3.97,en,wordfreq,0,2.3
delighted,4.09,en,wordfreq,0,2.75
delightful,3.77,en,wordfreq,0,4.4
delights,3.31,en,wordfreq,0,2.65
delinquent,3.12,en,wordfreq,0,4.5
delirious,2.95,en,wordfreq,1,3.1
delirium,2.96,en,wordfreq,0,3.75
deliver,4.55,en,wordfreq,0,2.1
deliverance,3.07,en,wordfreq,0,3.9
delivered,4.62,en,wordfreq,0,3.05
deliveries,3.66,en,wordfreq,0,3.5
delivering,4.09,en,wordfreq,0,3.3
delivers,3.86,en,wordfreq,1,2.5
delivery,4.59,en,wordfreq,1,2.7
dell,3.67,en,wordfreq,15,1.0
della,3.42,en,wordfreq,5,1.65
deloitte,3.01,en,wordfreq,0,3.3
delphi,3.01,en,wordfreq,0,2.8
delta,4.12,en,wordfreq,2,1.9
deluded,3.15,en,wordfreq,0,2.5
deluge,3.05,en,wordfreq,1,2.55
delusion,3.37,en,wordfreq,0,2.65
delusional,3.51,en,wordfreq,0,3.7
delusions,3.24,en,wordfreq,0,2.75
deluxe,3.72,en,wordfreq,1,2.6
delve,3.14,en,wordfreq,0,2.0
dem,3.88,en,wordfreq,26,1.0
demand,4.84,en,wordfreq,0,2.3
demanded,4.12,en,wordfreq,1,2.55
demanding,4.13,en,wordfreq,0,2.85
demands,4.41,en,wordfreq,0,2.6
demeanor,3.2,en,wordfreq,0,3.65
demented,2.97,en,wordfreq,1,2.2
dementia,3.76,en,wordfreq,0,3.45
demi,3.37,en,wordfreq,6,1.55
demise,3.66,en,wordfreq,2,1.9
demo,4.06,en,wordfreq,5,1.5
democracies,3.26,en,wordfreq,0,4.5
democracy,4.51,en,wordfreq,0,3.75
democrat,4.24,en,wordfreq,0,3.5
democratic,4.73,en,wordfreq,0,3.85
democratically,3.12,en,wordfreq,0,5.3
democrats,4.54,en,wordfreq,0,3.55
demographic,3.92,en,wordfreq,0,3.9
demographics,3.56,en,wordfreq,0,4.3
demolish,3.18,en,wordfreq,0,3.35
demolished,3.52,en,wordfreq,0,3.75
demolition,3.62,en,wordfreq,0,3.1
demon,4.06,en,wordfreq,4,1.7
demonic,3.33,en,wordfreq,0,2.85
demons,4.0,en,wordfreq,1,1.85
demonstrate,4.2,en,wordfreq,0,3.9
demonstrated,4.22,en,wordfreq,1,3.95
demonstrates,3.86,en,wordfreq,1,4.1
demonstrating,3.76,en,wordfreq,0,4.15
demonstration,4.06,en,wordfreq,0,3.7
demonstrations,3.78,en,wordfreq,0,4.1
demonstrators,3.28,en,wordfreq,0,4.35
demos,3.4,en,wordfreq,2,1.75
demoted,3.04,en,wordfreq,2,2.2
dempsey,3.18,en,wordfreq,0,2.95
dems,3.84,en,wordfreq,5,1.45
den,4.01,en,wordfreq,34,1.0
deng,3.2,en,wordfreq,9,1.45
denial,3.99,en,wordfreq,1,1.95
denied,4.43,en,wordfreq,2,1.9
denies,3.73,en,wordfreq,2,1.85
denim,3.52,en,wordfreq,1,1.95
denis,3.62,en,wordfreq,2,1.75
denise,3.57,en,wordfreq,2,1.8
denmark,4.04,en,wordfreq,0,3.0
dennis,4.1,en,wordfreq,1,2.15
denny,3.38,en,wordfreq,7,1.6
denomination,3.31,en,wordfreq,0,3.1
denominations,3.29,en,wordfreq,0,3.5
denominator,3.13,en,wordfreq,0,4.15
denote,3.29,en,wordfreq,1,1.85
denoted,3.17,en,wordfreq,3,2.05
denotes,3.42,en,wordfreq,1,2.3
denounce,3.24,en,wordfreq,1,2.7
denounced,3.47,en,wordfreq,1,2.85
denouncing,3.08,en,wordfreq,0,3.5
dense,3.98,en,wordfreq,2,1.8
densely,3.42,en,wordfreq,0,2.8
denser,2.95,en,wordfreq,1,1.9
densities,3.08,en,wordfreq,0,3.0
density,4.33,en,wordfreq,0,2.75
dent,3.67,en,wordfreq,17,1.0
dental,4.11,en,wordfreq,3,1.85
dentist,3.86,en,wordfreq,0,2.5
dentistry,3.39,en,wordfreq,0,3.5
dentists,3.32,en,wordfreq,0,2.8
denton,3.28,en,wordfreq,2,1.9
denver,4.23,en,wordfreq,1,1.95
deny,4.34,en,wordfreq,3,1.7
denying,3.95,en,wordfreq,1,1.95
denzel,2.97,en,wordfreq,0,2.4
deo,2.95,en,wordfreq,26,1.0
deodorant,3.12,en,wordfreq,0,4.0
depart,3.67,en,wordfreq,1,2.15
departed,3.78,en,wordfreq,1,2.4
departing,3.56,en,wordfreq,0,2.75
department,5.23,en,wordfreq,0,3.2
departmental,3.27,en,wordfreq,0,4.4
departments,4.2,en,wordfreq,0,3.45
departs,3.17,en,wordfreq,0,2.45
departure,4.22,en,wordfreq,0,3.4
departures,3.28,en,wordfreq,0,3.65
depend,4.2,en,wordfreq,1,2.15
dependable,3.25,en,wordfreq,0,3.75
depended,3.44,en,wordfreq,1,2.45
dependence,3.66,en,wordfreq,1,3.15
dependencies,3.19,en,wordfreq,0,4.35
dependency,3.52,en,wordfreq,1,3.4
dependent,4.28,en,wordfreq,0,2.6
dependents,2.95,en,wordfreq,0,3.0
depending,4.56,en,wordfreq,1,2.55
depends,4.53,en,wordfreq,1,2.45
depict,3.41,en,wordfreq,0,2.15
depicted,3.77,en,wordfreq,0,2.5
depicting,3.54,en,wordfreq,0,2.75
depiction,3.45,en,wordfreq,0,2.55
depictions,3.11,en,wordfreq,0,2.75
depicts,3.53,en,wordfreq,0,2.55
depleted,3.45,en,wordfreq,0,2.55
depletion,3.14,en,wordfreq,0,2.8
deplorable,3.2,en,wordfreq,0,3.85
deploy,3.7,en,wordfreq,0,2.5
deployed,4.03,en,wordfreq,0,2.75
deploying,3.32,en,wordfreq,0,2.85
deployment,3.91,en,wordfreq,0,3.4
deployments,3.15,en,wordfreq,0,3.75
deport,3.18,en,wordfreq,2,1.85
deportation,3.57,en,wordfreq,0,3.0
deportations,2.96,en,wordfreq,0,3.5
deported,3.64,en,wordfreq,2,2.0
deposed,3.27,en,wordfreq,0,2.3
deposit,4.24,en,wordfreq,0,2.65
deposited,3.64,en,wordfreq,0,2.8
deposition,3.51,en,wordfreq,0,2.7
deposits,4.0,en,wordfreq,0,2.9
depot,3.95,en,wordfreq,0,1.85
depots,3.0,en,wordfreq,0,1.95
depp,3.15,en,wordfreq,2,1.9
depraved,3.04,en,wordfreq,1,2.75
depreciation,3.37,en,wordfreq,0,3.85
depressed,4.14,en,wordfreq,1,2.6
depressing,3.83,en,wordfreq,0,2.75
depression,4.56,en,wordfreq,1,2.75
depressive,3.3,en,wordfreq,1,2.95
deprivation,3.44,en,wordfreq,0,3.35
deprive,3.19,en,wordfreq,0,2.5
deprived,3.69,en,wordfreq,1,2.55
depriving,3.02,en,wordfreq,0,2.8
dept,3.71,en,wordfreq,6,1.5
depth,4.55,en,wordfreq,1,1.85
depths,3.78,en,wordfreq,1,2.55
deputies,3.71,en,wordfreq,0,2.85
deputy,4.55,en,wordfreq,0,2.5
der,4.16,en,wordfreq,28,1.0
derail,3.08,en,wordfreq,1,2.15
derailed,3.11,en,wordfreq,1,2.55
deranged,3.2,en,wordfreq,0,2.75
derby,4.1,en,wordfreq,2,1.9
derbyshire,3.31,en,wordfreq,0,4.6
deregulation,3.17,en,wordfreq,0,3.8
derek,4.01,en,wordfreq,0,2.0
derelict,3.1,en,wordfreq,0,3.25
derivation,3.04,en,wordfreq,0,2.75
derivative,3.65,en,wordfreq,0,3.55
derivatives,3.64,en,wordfreq,0,4.0
derive,3.51,en,wordfreq,0,1.8
derived,4.29,en,wordfreq,1,1.85
derives,3.42,en,wordfreq,1,1.85
deriving,2.95,en,wordfreq,0,2.35
dermatologist,3.06,en,wordfreq,0,6.1
derogatory,3.24,en,wordfreq,0,4.35
derrick,3.49,en,wordfreq,1,2.8
derry,3.19,en,wordfreq,9,1.55
des,4.25,en,wordfreq,38,1.0
descartes,2.96,en,wordfreq,0,3.0
descend,3.51,en,wordfreq,1,2.5
descendant,3.3,en,wordfreq,0,3.35
descendants,3.71,en,wordfreq,0,3.95
descended,3.74,en,wordfreq,0,2.7
descending,3.51,en,wordfreq,0,2.8
descends,3.16,en,wordfreq,0,2.7
descent,3.93,en,wordfreq,1,2.2
describe,4.56,en,wordfreq,0,2.7
described,5.0,en,wordfreq,1,2.65
describes,4.4,en,wordfreq,1,3.05
describing,4.23,en,wordfreq,0,3.3
description,4.73,en,wordfreq,0,3.05
descriptions,3.92,en,wordfreq,0,3.35
descriptive,3.54,en,wordfreq,0,3.65
desert,4.4,en,wordfreq,0,1.9
deserted,3.64,en,wordfreq,1,1.95
deserts,3.32,en,wordfreq,0,2.2
deserve,4.59,en,wordfreq,1,2.2
deserved,4.14,en,wordfreq,3,2.2
deserves,4.34,en,wordfreq,2,2.3
deserving,3.57,en,wordfreq,0,2.8
desi,3.08,en,wordfreq,4,1.7
design,5.17,en,wordfreq,1,2.05
designate,3.37,en,wordfreq,0,2.9
designated,4.25,en,wordfreq,0,3.1
designation,3.76,en,wordfreq,1,2.85
designations,3.04,en,wordfreq,0,3.45
designed,4.96,en,wordfreq,2,2.2
designer,4.42,en,wordfreq,1,2.65
designers,4.05,en,wordfreq,0,3.0
designing,3.89,en,wordfreq,1,2.7
designs,4.38,en,wordfreq,1,2.35
desirable,3.85,en,wordfreq,0,3.05
desire,4.61,en,wordfreq,0,1.9
desired,4.16,en,wordfreq,1,2.15
desires,4.01,en,wordfreq,1,2.2
desist,3.05,en,wordfreq,1,1.95
desk,4.43,en,wordfreq,4,1.7
desks,3.39,en,wordfreq,2,1.85
desktop,3.93,en,wordfreq,0,3.5
desmond,3.41,en,wordfreq,0,2.6
desolate,3.17,en,wordfreq,0,2.75
desolation,3.03,en,wordfreq,0,2.7
despair,3.82,en,wordfreq,0,2.95
desperate,4.32,en,wordfreq,0,2.85
desperately,3.98,en,wordfreq,0,4.2
desperation,3.55,en,wordfreq,0,2.95
despicable,3.46,en,wordfreq,0,3.75
despise,3.5,en,wordfreq,1,2.45
despised,3.22,en,wordfreq,0,2.6
despite,5.0,en,wordfreq,2,2.6
dessert,3.83,en,wordfreq,0,2.45
desserts,3.31,en,wordfreq,0,2.7
destination,4.24,en,wordfreq,0,2.7
destinations,3.83,en,wordfreq,0,3.3
destined,3.79,en,wordfreq,0,2.65
destiny,4.19,en,wordfreq,0,2.6
destitute,3.07,en,wordfreq,0,3.3
destroy,4.52,en,wordfreq,0,2.75
destroyed,4.61,en,wordfreq,1,2.95
destroyer,3.5,en,wordfreq,1,3.4
destroyers,3.19,en,wordfreq,0,3.55
destroying,4.09,en,wordfreq,0,3.4
destroys,3.67,en,wordfreq,0,2.9
destruction,4.36,en,wordfreq,0,2.9
destructive,3.89,en,wordfreq,0,3.3
det,3.38,en,wordfreq,31,1.0
detach,2.99,en,wordfreq,0,2.15
detached,3.79,en,wordfreq,0,2.55
detachment,3.46,en,wordfreq,0,3.6
detail,4.57,en,wordfreq,3,1.95
detailed,4.51,en,wordfreq,2,2.45
detailing,3.62,en,wordfreq,1,2.75
details,4.91,en,wordfreq,0,2.3
detain,3.21,en,wordfreq,2,1.9
detained,3.81,en,wordfreq,2,2.1
detainees,3.39,en,wordfreq,0,3.35
detect,4.05,en,wordfreq,1,1.9
detectable,3.04,en,wordfreq,0,3.7
detected,4.06,en,wordfreq,1,2.0
detecting,3.52,en,wordfreq,0,2.55
detection,4.06,en,wordfreq,1,2.15
detective,4.21,en,wordfreq,1,2.5
detectives,3.67,en,wordfreq,0,3.0
detector,3.71,en,wordfreq,0,2.55
detectors,3.46,en,wordfreq,0,2.7
detects,3.1,en,wordfreq,1,2.25
detention,3.96,en,wordfreq,2,2.55
deter,3.48,en,wordfreq,4,1.65
detergent,3.2,en,wordfreq,1,3.35
deteriorate,3.15,en,wordfreq,0,4.3
deteriorated,3.35,en,wordfreq,0,4.4
deteriorating,3.25,en,wordfreq,0,4.6
deterioration,3.43,en,wordfreq,0,4.25
determination,4.16,en,wordfreq,0,3.7
determine,4.63,en,wordfreq,0,3.2
determined,4.64,en,wordfreq,1,3.45
determines,3.77,en,wordfreq,1,3.5
determining,3.97,en,wordfreq,0,3.8
deterrence,2.99,en,wordfreq,0,3.25
deterrent,3.33,en,wordfreq,1,3.25
detonate,2.98,en,wordfreq,0,2.7
detonated,3.12,en,wordfreq,0,2.75
detonation,3.06,en,wordfreq,0,2.75
detour,3.2,en,wordfreq,1,2.6
detox,3.29,en,wordfreq,0,2.0
detract,3.01,en,wordfreq,1,2.55
detractors,2.95,en,wordfreq,0,3.45
detriment,3.26,en,wordfreq,0,3.4
detrimental,3.55,en,wordfreq,0,4.25
detroit,4.35,en,wordfreq,0,2.95
deus,3.06,en,wordfreq,2,1.85
deutsch,2.99,en,wordfreq,0,3.05
deutsche,3.66,en,wordfreq,0,3.65
dev,3.76,en,wordfreq,22,1.0
devastated,3.72,en,wordfreq,0,3.7
devastating,3.85,en,wordfreq,0,3.95
devastation,3.34,en,wordfreq,0,3.55
develop,4.75,en,wordfreq,0,2.8
developed,4.95,en,wordfreq,1,2.95
developer,4.2,en,wordfreq,1,3.15
developers,4.22,en,wordfreq,0,3.4
developing,4.66,en,wordfreq,0,3.55
development,5.31,en,wordfreq,0,3.8
developmental,3.78,en,wordfreq,0,4.95
developments,4.22,en,wordfreq,0,4.1
develops,3.89,en,wordfreq,0,3.2
devi,3.07,en,wordfreq,4,1.6
deviant,3.03,en,wordfreq,1,2.65
deviate,3.06,en,wordfreq,0,2.55
deviation,3.4,en,wordfreq,0,2.55
deviations,3.04,en,wordfreq,0,2.85
device,4.67,en,wordfreq,2,1.85
devices,4.59,en,wordfreq,0,2.05
devil,4.3,en,wordfreq,1,1.8
devils,3.79,en,wordfreq,0,1.9
devin,3.27,en,wordfreq,4,1.65
devine,3.03,en,wordfreq,5,1.7
devious,3.03,en,wordfreq,0,2.5
devise,3.19,en,wordfreq,5,1.7
devised,3.59,en,wordfreq,1,1.9
devlin,3.05,en,wordfreq,0,2.0
devoid,3.42,en,wordfreq,0,2.35
devolution,3.06,en,wordfreq,1,2.55
devolved,3.13,en,wordfreq,1,2.35
devon,3.84,en,wordfreq,2,1.9
devonshire,2.97,en,wordfreq,0,4.65
devote,3.53,en,wordfreq,1,1.9
devoted,4.18,en,wordfreq,2,1.95
devotees,3.19,en,wordfreq,0,2.85
devoting,2.96,en,wordfreq,0,2.65
devotion,3.73,en,wordfreq,0,2.7
devotional,3.16,en,wordfreq,0,3.55
devour,3.17,en,wordfreq,2,2.45
devoured,3.05,en,wordfreq,0,2.8
devout,3.34,en,wordfreq,1,2.4
dew,3.52,en,wordfreq,27,1.0
dewey,3.44,en,wordfreq,0,2.0
dex,3.26,en,wordfreq,24,1.0
dexter,3.6,en,wordfreq,0,1.95
dexterity,3.07,en,wordfreq,0,3.65
dey,3.06,en,wordfreq,25,1.0
df,3.32,en,wordfreq,40,1.0
dg,3.2,en,wordfreq,43,1.0
dh,3.37,en,wordfreq,40,1.0
dhabi,3.42,en,wordfreq,0,2.2
dhaka,3.2,en,wordfreq,0,2.0
dharma,3.27,en,wordfreq,2,2.2
dhoni,2.95,en,wordfreq,0,2.0
dhs,3.26,en,wordfreq,13,1.2
di,4.33,en,wordfreq,47,1.0
dia,3.34,en,wordfreq,27,1.0
diabetes,4.17,en,wordfreq,0,3.3
diabetic,3.45,en,wordfreq,0,3.7
diablo,3.28,en,wordfreq,0,2.6
diabolical,2.96,en,wordfreq,0,4.5
diagnose,3.41,en,wordfreq,0,3.15
diagnosed,4.05,en,wordfreq,1,3.3
diagnoses,3.24,en,wordfreq,2,3.35
diagnosing,3.02,en,wordfreq,0,3.5
diagnosis,4.2,en,wordfreq,1,3.35
diagnostic,3.83,en,wordfreq,0,3.9
diagnostics,3.21,en,wordfreq,0,4.2
diagonal,3.36,en,wordfreq,0,3.35
diagram,3.85,en,wordfreq,0,2.8
diagrams,3.42,en,wordfreq,0,3.35
dial,3.93,en,wordfreq,5,1.55
dialect,3.54,en,wordfreq,0,2.75
dialects,3.26,en,wordfreq,0,2.85
dialed,3.01,en,wordfreq,0,2.0
dialing,3.06,en,wordfreq,1,1.95
dialog,3.46,en,wordfreq,0,2.6
dialogue,4.29,en,wordfreq,0,3.5
dialogues,3.22,en,wordfreq,0,3.7
dials,3.0,en,wordfreq,2,1.85
dialysis,3.27,en,wordfreq,0,3.6
diameter,4.08,en,wordfreq,0,3.35
diamond,4.42,en,wordfreq,0,2.8
diamondbacks,3.0,en,wordfreq,0,6.3
diamonds,4.02,en,wordfreq,0,3.3
diana,4.02,en,wordfreq,1,1.85
diane,3.83,en,wordfreq,2,1.75
dianne,3.0,en,wordfreq,0,2.1
diaper,3.49,en,wordfreq,1,1.9
diapers,3.43,en,wordfreq,0,2.45
diaphragm,3.09,en,wordfreq,0,4.6
diaries,3.61,en,wordfreq,0,2.6
diarrhea,3.55,en,wordfreq,0,3.75
diarrhoea,3.02,en,wordfreq,0,4.65
diary,4.09,en,wordfreq,0,2.0
diaspora,3.45,en,wordfreq,0,3.7
diaz,3.58,en,wordfreq,1,1.9
dicaprio,3.16,en,wordfreq,0,3.9
dice,3.76,en,wordfreq,10,1.35
diced,3.04,en,wordfreq,2,1.75
dichotomy,3.09,en,wordfreq,0,4.75
dick,4.7,en,wordfreq,16,1.15
dickens,3.52,en,wordfreq,0,2.75
dickhead,3.25,en,wordfreq,0,3.25
dickinson,3.42,en,wordfreq,0,3.6
dicks,3.63,en,wordfreq,10,1.45
dickson,3.34,en,wordfreq,0,2.8
dictate,3.58,en,wordfreq,0,2.75
dictated,3.39,en,wordfreq,1,2.7
dictates,3.32,en,wordfreq,1,2.7
dictator,3.66,en,wordfreq,0,3.0
dictators,3.18,en,wordfreq,0,3.3
dictatorship,3.64,en,wordfreq,0,5.5
dictionaries,3.18,en,wordfreq,0,4.95
dictionary,4.02,en,wordfreq,0,3.8
did,5.96,en,wordfreq,28,1.0
diddy,2.97,en,wordfreq,2,1.9
didi,2.95,en,wordfreq,2,1.85
didier,3.03,en,wordfreq,0,2.25
didn,3.29,en,wordfreq,2,1.75
didnt,4.18,en,wordfreq,0,1.95
die,5.07,en,wordfreq,24,1.0
died,5.2,en,wordfreq,8,1.3
diego,4.36,en,wordfreq,0,2.0
dielectric,2.99,en,wordfreq,0,4.3
diem,3.04,en,wordfreq,4,1.65
dies,4.41,en,wordfreq,12,1.1
diesel,4.05,en,wordfreq,0,2.8
diet,4.57,en,wordfreq,6,1.55
dietary,3.7,en,wordfreq,0,2.85
dieter,3.02,en,wordfreq,0,1.95
dieting,3.13,en,wordfreq,0,2.0
dietrich,3.07,en,wordfreq,0,3.15
diets,3.66,en,wordfreq,0,1.9
diff,3.2,en,wordfreq,3,1.85
differ,4.03,en,wordfreq,0,2.15
differed,3.28,en,wordfreq,0,2.8
difference,5.01,en,wordfreq,0,3.1
differences,4.52,en,wordfreq,0,3.45
different,5.59,en,wordfreq,0,3.2
differential,3.83,en,wordfreq,0,4.25
differentiate,3.62,en,wordfreq,0,4.85
differentiated,3.29,en,wordfreq,0,5.4
differentiating,2.95,en,wordfreq,0,6.0
differentiation,3.49,en,wordfreq,0,5.25
differently,4.23,en,wordfreq,0,4.1
differing,3.61,en,wordfreq,0,2.95
differs,3.66,en,wordfreq,0,2.5
difficult,5.07,en,wordfreq,0,4.45
difficulties,4.21,en,wordfreq,0,5.6
difficulty,4.33,en,wordfreq,0,4.65
diffraction,3.05,en,wordfreq,0,3.75
diffuse,3.28,en,wordfreq,0,3.0
diffusion,3.4,en,wordfreq,0,3.4
dig,4.22,en,wordfreq,25,1.0
digest,3.71,en,wordfreq,0,2.3
digested,3.01,en,wordfreq,0,2.75
digestion,3.31,en,wordfreq,0,2.85
digestive,3.46,en,wordfreq,0,3.35
digger,3.17,en,wordfreq,3,1.85
digging,3.99,en,wordfreq,1,1.95
digit,3.77,en,wordfreq,0,1.95
digital,4.83,en,wordfreq,0,2.8
digitally,3.45,en,wordfreq,0,3.65
digits,3.66,en,wordfreq,0,2.25
dignified,3.28,en,wordfreq,0,3.7
dignitaries,3.1,en,wordfreq,0,4.5
dignity,4.02,en,wordfreq,0,2.75
digs,3.38,en,wordfreq,9,1.45
dil,3.03,en,wordfreq,24,1.0
dilapidated,3.05,en,wordfreq,0,4.6
dilated,2.96,en,wordfreq,1,2.05
dildo,3.4,en,wordfreq,0,2.0
dilemma,3.73,en,wordfreq,0,3.5
dilemmas,3.03,en,wordfreq,0,3.75
diligence,3.51,en,wordfreq,0,3.65
diligent,3.23,en,wordfreq,0,3.15
diligently,3.13,en,wordfreq,0,4.0
dill,3.11,en,wordfreq,15,1.1
dillon,3.47,en,wordfreq,0,2.15
dilute,3.18,en,wordfreq,0,2.45
diluted,3.47,en,wordfreq,1,2.5
dilution,3.07,en,wordfreq,0,2.85
dim,3.62,en,wordfreq,26,1.0
dime,3.66,en,wordfreq,9,1.45
dimension,4.02,en,wordfreq,0,2.95
dimensional,4.03,en,wordfreq,0,4.35
dimensions,4.05,en,wordfreq,0,3.35
diminish,3.46,en,wordfreq,0,3.25
diminished,3.67,en,wordfreq,1,3.55
diminishes,3.01,en,wordfreq,1,3.65
diminishing,3.38,en,wordfreq,0,4.2
diminutive,3.09,en,wordfreq,0,4.15
dimitri,3.11,en,wordfreq,0,3.55
din,3.56,en,wordfreq,34,1.0
dina,3.09,en,wordfreq,10,1.2
dinah,3.13,en,wordfreq,0,1.95
dine,3.49,en,wordfreq,18,1.0
dined,2.98,en,wordfreq,6,1.6
diner,3.48,en,wordfreq,5,1.6
diners,3.13,en,wordfreq,3,1.75
ding,3.63,en,wordfreq,19,1.0
dining,4.14,en,wordfreq,3,1.85
dinner,4.78,en,wordfreq,2,1.75
dinners,3.53,en,wordfreq,2,1.8
dino,3.39,en,wordfreq,6,1.6
dinosaur,3.77,en,wordfreq,0,3.85
dinosaurs,3.72,en,wordfreq,0,4.1
dio,3.11,en,wordfreq,21,1.0
diocese,3.5,en,wordfreq,0,3.0
diode,3.06,en,wordfreq,0,2.0
dion,3.32,en,wordfreq,5,1.5
dior,3.15,en,wordfreq,2,1.8
dioxide,3.81,en,wordfreq,0,2.95
dip,4.05,en,wordfreq,24,1.0
diploma,3.76,en,wordfreq,0,3.25
diplomacy,3.71,en,wordfreq,0,3.95
diplomas,3.01,en,wordfreq,1,3.35
diplomat,3.69,en,wordfreq,1,3.35
diplomatic,4.11,en,wordfreq,0,4.05
diplomats,3.53,en,wordfreq,0,3.4
dipped,3.54,en,wordfreq,2,1.9
dipping,3.48,en,wordfreq,3,1.8
dips,3.3,en,wordfreq,8,1.4
dir,3.56,en,wordfreq,21,1.0
dire,3.66,en,wordfreq,12,1.2
direct,4.91,en,wordfreq,0,2.15
directed,4.6,en,wordfreq,0,2.5
directing,3.9,en,wordfreq,0,2.7
direction,4.93,en,wordfreq,0,2.5
directional,3.38,en,wordfreq,0,3.45
directions,4.23,en,wordfreq,0,2.7
directive,3.71,en,wordfreq,0,2.65
directives,3.21,en,wordfreq,0,3.05
directly,4.9,en,wordfreq,0,2.75
director,5.15,en,wordfreq,0,2.45
directorate,3.41,en,wordfreq,0,3.95
directories,3.19,en,wordfreq,0,3.65
directors,4.45,en,wordfreq,1,2.6
directory,3.93,en,wordfreq,1,2.85
directs,3.58,en,wordfreq,0,2.5
dirk,3.43,en,wordfreq,7,1.6
dirt,4.24,en,wordfreq,4,1.7
dirty,4.55,en,wordfreq,0,1.95
dis,3.73,en,wordfreq,34,1.0
disabilities,3.93,en,wordfreq,0,4.25
disability,4.21,en,wordfreq,0,3.05
disable,3.52,en,wordfreq,0,2.35
disabled,4.29,en,wordfreq,0,2.8
disabling,3.18,en,wordfreq,0,3.2
disadvantage,3.71,en,wordfreq,0,5.15
disadvantaged,3.49,en,wordfreq,1,5.25
disadvantages,3.49,en,wordfreq,1,5.45
disagree,4.09,en,wordfreq,0,3.0
disagreed,3.49,en,wordfreq,1,3.2
disagreement,3.66,en,wordfreq,0,4.35
disagreements,3.38,en,wordfreq,0,4.95
disagrees,3.25,en,wordfreq,1,3.3
disallowed,3.08,en,wordfreq,0,3.75
disappear,4.09,en,wordfreq,0,3.5
disappearance,3.74,en,wordfreq,0,5.2
disappeared,4.26,en,wordfreq,0,3.7
disappearing,3.6,en,wordfreq,0,4.2
disappears,3.67,en,wordfreq,0,3.55
disappoint,3.67,en,wordfreq,0,3.9
disappointed,4.42,en,wordfreq,0,4.35
disappointing,4.02,en,wordfreq,0,4.7
disappointment,4.01,en,wordfreq,0,5.3
disappointments,3.12,en,wordfreq,0,5.8
disapproval,3.28,en,wordfreq,0,4.7
disapprove,3.12,en,wordfreq,0,4.1
disarm,3.21,en,wordfreq,0,2.85
disarmament,3.17,en,wordfreq,0,4.5
disarmed,2.98,en,wordfreq,0,2.8
disarray,2.96,en,wordfreq,0,3.55
disaster,4.39,en,wordfreq,0,2.9
disasters,3.76,en,wordfreq,0,3.2
disastrous,3.68,en,wordfreq,0,4.4
disbanded,3.15,en,wordfreq,0,3.2
disbelief,3.43,en,wordfreq,0,3.95
disc,4.13,en,wordfreq,3,1.7
discard,3.37,en,wordfreq,1,2.7
discarded,3.59,en,wordfreq,0,2.8
discern,3.23,en,wordfreq,0,2.9
discernible,2.97,en,wordfreq,0,4.65
discerning,3.02,en,wordfreq,0,3.2
discharge,3.93,en,wordfreq,0,3.3
discharged,3.76,en,wordfreq,1,3.35
discharges,3.06,en,wordfreq,1,3.45
discharging,2.97,en,wordfreq,0,3.7
disciple,3.38,en,wordfreq,0,3.2
disciples,3.66,en,wordfreq,0,3.35
disciplinary,3.75,en,wordfreq,0,4.85
discipline,4.23,en,wordfreq,0,3.5
disciplined,3.51,en,wordfreq,1,3.75
disciplines,3.69,en,wordfreq,1,4.15
disclaimer,3.46,en,wordfreq,0,4.0
disclose,3.84,en,wordfreq,0,2.8
disclosed,3.8,en,wordfreq,0,2.75
disclosing,3.19,en,wordfreq,0,3.35
disclosure,4.0,en,wordfreq,0,3.45
disclosures,3.27,en,wordfreq,0,3.75
disco,3.78,en,wordfreq,2,1.85
discography,3.03,en,wordfreq,0,4.45
discomfort,3.65,en,wordfreq,0,4.45
disconcerting,2.95,en,wordfreq,0,4.6
disconnect,3.46,en,wordfreq,0,3.55
disconnected,3.52,en,wordfreq,0,4.5
discontent,3.37,en,wordfreq,0,3.6
discontinue,3.11,en,wordfreq,0,4.15
discontinued,3.63,en,wordfreq,0,4.35
discord,3.45,en,wordfreq,1,2.75
discount,4.35,en,wordfreq,1,2.75
discounted,3.58,en,wordfreq,0,2.9
discounting,3.0,en,wordfreq,0,3.2
discounts,3.79,en,wordfreq,0,3.15
discourage,3.57,en,wordfreq,0,3.45
discouraged,3.62,en,wordfreq,0,3.55
discouraging,3.22,en,wordfreq,0,4.2
discourse,3.83,en,wordfreq,0,2.85
discourses,2.97,en,wordfreq,0,3.25
discover,4.39,en,wordfreq,0,2.75
discovered,4.74,en,wordfreq,0,3.05
discoveries,3.73,en,wordfreq,0,3.75
discovering,3.82,en,wordfreq,0,3.4
discovers,3.62,en,wordfreq,1,2.9
discovery,4.45,en,wordfreq,1,3.35
discredit,3.36,en,wordfreq,0,3.65
discredited,3.15,en,wordfreq,0,3.8
discreet,3.43,en,wordfreq,0,2.85
discreetly,3.04,en,wordfreq,0,4.05
discrepancies,3.19,en,wordfreq,0,5.7
discrepancy,3.29,en,wordfreq,0,4.85
discrete,3.56,en,wordfreq,0,3.0
discretion,3.9,en,wordfreq,0,3.45
discretionary,3.26,en,wordfreq,0,5.1
discriminate,3.51,en,wordfreq,0,4.2
discriminated,3.24,en,wordfreq,0,4.2
discriminating,3.14,en,wordfreq,0,4.5
discrimination,4.31,en,wordfreq,0,4.35
discriminatory,3.46,en,wordfreq,0,5.2
discs,3.6,en,wordfreq,2,1.8
discuss,4.66,en,wordfreq,0,2.75
discussed,4.45,en,wordfreq,1,2.65
discusses,3.93,en,wordfreq,1,2.9
discussing,4.23,en,wordfreq,0,3.0
discussion,4.71,en,wordfreq,0,3.25
discussions,4.28,en,wordfreq,0,3.6
disdain,3.33,en,wordfreq,0,3.0
disease,4.9,en,wordfreq,0,2.6
diseased,3.11,en,wordfreq,1,2.5
diseases,4.36,en,wordfreq,1,2.8
disgrace,3.73,en,wordfreq,0,2.8
disgraced,3.17,en,wordfreq,0,2.85
disgraceful,3.33,en,wordfreq,0,4.6
disgruntled,3.11,en,wordfreq,0,4.35
disguise,3.72,en,wordfreq,0,2.85
disguised,3.56,en,wordfreq,0,2.75
disgust,3.61,en,wordfreq,0,2.7
disgusted,3.57,en,wordfreq,0,2.7
disgusting,4.23,en,wordfreq,0,3.4
dish,4.21,en,wordfreq,6,1.6
dishes,4.13,en,wordfreq,2,1.9
dishonest,3.52,en,wordfreq,0,3.6
dishonesty,3.17,en,wordfreq,0,4.3
dishwasher,3.29,en,wordfreq,0,4.5
disillusioned,3.18,en,wordfreq,0,5.7
disinformation,2.96,en,wordfreq,1,4.95
disingenuous,2.95,en,wordfreq,0,5.75
disintegrated,2.96,en,wordfreq,0,5.05
disintegration,3.02,en,wordfreq,0,4.9
disk,4.01,en,wordfreq,9,1.45
disks,3.39,en,wordfreq,4,1.7
dislike,3.89,en,wordfreq,0,2.8
disliked,3.41,en,wordfreq,1,2.8
dislikes,3.23,en,wordfreq,1,2.8
dislocated,3.03,en,wordfreq,0,3.55
dismal,3.26,en,wordfreq,2,2.55
dismantle,3.24,en,wordfreq,0,3.5
dismantled,3.31,en,wordfreq,0,3.55
dismantling,3.24,en,wordfreq,0,4.0
dismay,3.26,en,wordfreq,1,2.7
dismayed,2.96,en,wordfreq,0,2.85
dismiss,3.85,en,wordfreq,0,2.8
dismissal,3.72,en,wordfreq,0,3.75
dismissed,4.2,en,wordfreq,1,2.75
dismisses,3.1,en,wordfreq,1,3.2
dismissing,3.39,en,wordfreq,0,3.3
dismissive,3.05,en,wordfreq,0,3.6
disney,4.39,en,wordfreq,0,2.45
disneyland,3.48,en,wordfreq,0,4.5
disobedience,3.28,en,wordfreq,0,5.65
disorder,4.31,en,wordfreq,0,2.85
disordered,2.98,en,wordfreq,0,3.55
disorderly,3.15,en,wordfreq,0,4.1
disorders,4.14,en,wordfreq,0,3.3
disorganized,3.0,en,wordfreq,0,4.6
disparate,3.26,en,wordfreq,0,3.4
disparities,3.19,en,wordfreq,0,4.15
disparity,3.42,en,wordfreq,0,3.75
dispatch,3.76,en,wordfreq,0,3.2
dispatched,3.61,en,wordfreq,2,3.3
dispatcher,3.08,en,wordfreq,2,3.6
dispatches,3.08,en,wordfreq,2,3.4
dispel,3.1,en,wordfreq,0,2.6
dispensary,3.09,en,wordfreq,0,3.95
dispense,3.11,en,wordfreq,1,2.5
dispensed,2.99,en,wordfreq,2,2.5
dispenser,3.03,en,wordfreq,1,2.8
dispensing,3.09,en,wordfreq,0,2.9
dispersal,3.14,en,wordfreq,0,3.2
disperse,3.3,en,wordfreq,1,2.45
dispersed,3.5,en,wordfreq,1,2.5
dispersion,3.18,en,wordfreq,0,3.3
displace,2.97,en,wordfreq,0,2.65
displaced,3.8,en,wordfreq,2,2.6
displacement,3.63,en,wordfreq,0,4.45
display,4.63,en,wordfreq,0,2.7
displayed,4.18,en,wordfreq,1,2.6
displaying,3.68,en,wordfreq,0,3.35
displays,4.07,en,wordfreq,0,3.2
displeased,2.97,en,wordfreq,0,2.85
displeasure,3.14,en,wordfreq,0,4.3
disposable,3.57,en,wordfreq,0,3.75
disposal,4.0,en,wordfreq,0,3.15
dispose,3.53,en,wordfreq,0,2.5
disposed,3.55,en,wordfreq,0,2.45
disposing,3.02,en,wordfreq,0,2.85
disposition,3.48,en,wordfreq,0,3.45
dispute,4.27,en,wordfreq,0,2.65
disputed,3.76,en,wordfreq,1,2.55
disputes,3.96,en,wordfreq,1,2.8
disqualified,3.44,en,wordfreq,0,4.7
disregard,3.66,en,wordfreq,0,3.7
disregarded,3.09,en,wordfreq,0,4.1
disregarding,2.96,en,wordfreq,0,4.45
disrespect,3.63,en,wordfreq,0,4.25
disrespectful,3.64,en,wordfreq,0,5.65
disrupt,3.59,en,wordfreq,0,2.85
disrupted,3.44,en,wordfreq,0,2.85
disrupting,3.24,en,wordfreq,0,3.2
disruption,3.71,en,wordfreq,0,3.0
disruptions,3.06,en,wordfreq,0,3.4
disruptive,3.46,en,wordfreq,0,3.5
diss,3.14,en,wordfreq,10,1.3
dissatisfaction,3.32,en,wordfreq,0,5.8
dissatisfied,3.31,en,wordfreq,0,4.75
dissection,3.01,en,wordfreq,0,2.95
disseminate,3.03,en,wordfreq,0,4.15
disseminated,3.0,en,wordfreq,0,4.25
dissemination,3.26,en,wordfreq,0,4.2
dissent,3.56,en,wordfreq,0,2.75
dissenting,3.2,en,wordfreq,0,2.95
dissertation,3.7,en,wordfreq,0,3.85
dissident,3.1,en,wordfreq,0,3.5
dissidents,3.09,en,wordfreq,0,3.6
dissimilar,3.01,en,wordfreq,0,4.8
dissipate,2.95,en,wordfreq,0,3.6
dissipated,3.07,en,wordfreq,0,3.65
dissolution,3.61,en,wordfreq,0,3.55
dissolve,3.49,en,wordfreq,0,3.25
dissolved,3.87,en,wordfreq,1,3.15
dissolves,3.0,en,wordfreq,1,3.35
dissolving,3.08,en,wordfreq,0,3.55
dissonance,3.02,en,wordfreq,0,3.85
dissuade,3.01,en,wordfreq,0,3.4
distal,3.27,en,wordfreq,1,2.3
distance,4.85,en,wordfreq,0,2.6
distanced,2.99,en,wordfreq,1,2.75
distances,3.83,en,wordfreq,1,2.75
distancing,3.06,en,wordfreq,0,3.3
distant,4.19,en,wordfreq,0,2.65
distasteful,2.99,en,wordfreq,0,4.65
distillation,3.01,en,wordfreq,0,3.8
distilled,3.26,en,wordfreq,0,2.95
distillery,3.22,en,wordfreq,0,4.35
distinct,4.29,en,wordfreq,0,2.65
distinction,4.1,en,wordfreq,0,3.0
distinctions,3.31,en,wordfreq,0,3.4
distinctive,4.0,en,wordfreq,0,3.55
distinctly,3.53,en,wordfreq,0,3.8
distinguish,3.87,en,wordfreq,0,4.25
distinguished,4.2,en,wordfreq,1,4.7
distinguishes,3.16,en,wordfreq,1,4.9
distinguishing,3.35,en,wordfreq,0,5.35
distort,3.08,en,wordfreq,0,2.75
distorted,3.63,en,wordfreq,0,2.9
distortion,3.55,en,wordfreq,0,3.2
distortions,3.04,en,wordfreq,0,3.65
distract,3.71,en,wordfreq,1,2.5
distracted,3.88,en,wordfreq,0,2.9
distracting,3.43,en,wordfreq,0,3.1
distraction,3.78,en,wordfreq,0,2.65
distractions,3.45,en,wordfreq,0,3.0
distraught,3.15,en,wordfreq,0,4.15
distress,3.95,en,wordfreq,1,2.75
distressed,3.57,en,wordfreq,0,3.05
distressing,3.2,en,wordfreq,0,3.4
distribute,3.79,en,wordfreq,0,3.15
distributed,4.31,en,wordfreq,1,3.3
distributes,3.15,en,wordfreq,1,3.15
distributing,3.58,en,wordfreq,0,3.65
distribution,4.64,en,wordfreq,0,3.1
distributions,3.51,en,wordfreq,0,3.35
distributor,3.66,en,wordfreq,0,3.7
distributors,3.6,en,wordfreq,0,3.9
district,5.04,en,wordfreq,1,2.55
districts,4.31,en,wordfreq,0,3.0
distrust,3.4,en,wordfreq,1,2.65
disturb,3.56,en,wordfreq,0,2.9
disturbance,3.61,en,wordfreq,0,4.05
disturbances,3.34,en,wordfreq,0,4.45
disturbed,3.8,en,wordfreq,0,3.05
disturbing,4.05,en,wordfreq,0,3.6
ditch,3.9,en,wordfreq,7,1.6
ditched,3.27,en,wordfreq,2,1.9
ditches,3.1,en,wordfreq,4,1.8
ditching,3.06,en,wordfreq,2,2.2
ditto,3.38,en,wordfreq,0,2.0
div,3.37,en,wordfreq,19,1.0
diva,3.42,en,wordfreq,3,1.7
divas,3.05,en,wordfreq,1,1.9
dive,4.12,en,wordfreq,12,1.05
dived,2.97,en,wordfreq,5,1.65
diver,3.41,en,wordfreq,7,1.45
divergence,3.17,en,wordfreq,0,3.55
divergent,3.38,en,wordfreq,0,3.4
divers,3.63,en,wordfreq,3,1.65
diverse,4.24,en,wordfreq,0,2.1
diversification,3.22,en,wordfreq,0,5.2
diversified,3.44,en,wordfreq,0,4.2
diversify,3.16,en,wordfreq,1,3.35
diversion,3.51,en,wordfreq,0,2.6
diversity,4.32,en,wordfreq,1,3.05
divert,3.42,en,wordfreq,1,1.9
diverted,3.49,en,wordfreq,0,2.55
diverting,3.08,en,wordfreq,0,2.8
dives,3.3,en,wordfreq,9,1.3
divide,4.12,en,wordfreq,1,2.0
divided,4.47,en,wordfreq,1,2.4
dividend,3.82,en,wordfreq,0,2.95
dividends,3.7,en,wordfreq,0,3.5
divides,3.45,en,wordfreq,1,2.45
dividing,3.63,en,wordfreq,0,2.85
divine,4.24,en,wordfreq,3,1.85
diving,4.02,en,wordfreq,4,1.75
divinity,3.45,en,wordfreq,0,2.9
division,4.86,en,wordfreq,0,2.5
divisional,3.27,en,wordfreq,0,3.6
divisions,4.11,en,wordfreq,0,2.7
divisive,3.34,en,wordfreq,0,3.3
divorce,4.36,en,wordfreq,0,2.75
divorced,4.04,en,wordfreq,1,2.75
divorces,3.04,en,wordfreq,1,2.9
divorcing,2.98,en,wordfreq,0,3.35
dix,3.06,en,wordfreq,19,1.0
dixie,3.37,en,wordfreq,1,2.1
dixon,3.73,en,wordfreq,1,1.9
diy,3.8,en,wordfreq,16,1.1
dizziness,3.11,en,wordfreq,0,3.9
dizzy,3.43,en,wordfreq,1,2.25
dj,4.23,en,wordfreq,37,1.0
django,3.1,en,wordfreq,0,2.8
djokovic,3.22,en,wordfreq,0,4.65
djs,3.48,en,wordfreq,10,1.35
dk,3.34,en,wordfreq,41,1.0
dl,3.67,en,wordfreq,43,1.0
dlc,3.42,en,wordfreq,9,1.4
dm,3.88,en,wordfreq,45,1.0
dmc,3.0,en,wordfreq,12,1.25
dmitry,3.17,en,wordfreq,0,2.8
dms,3.08,en,wordfreq,20,1.0
dmv,3.24,en,wordfreq,4,1.65
dn,2.95,en,wordfreq,39,1.0
dna,4.49,en,wordfreq,9,1.25
dnc,3.58,en,wordfreq,12,1.25
dns,3.24,en,wordfreq,16,1.0
do,6.35,en,wordfreq,45,1.0
doable,3.05,en,wordfreq,1,1.95
dobbs,3.08,en,wordfreq,1,1.95
dobson,3.12,en,wordfreq,2,2.45
doc,4.36,en,wordfreq,24,1.0
dock,3.99,en,wordfreq,11,1.35
docked,3.2,en,wordfreq,7,1.65
docker,2.98,en,wordfreq,5,1.75
docket,2.98,en,wordfreq,5,1.75
docking,3.31,en,wordfreq,4,1.8
docks,3.56,en,wordfreq,8,1.5
docs,3.5,en,wordfreq,5,1.6
doctor,4.9,en,wordfreq,0,2.05
doctoral,3.55,en,wordfreq,0,3.35
doctorate,3.38,en,wordfreq,0,3.35
doctors,4.55,en,wordfreq,0,2.4
doctrine,3.98,en,wordfreq,0,3.25
doctrines,3.29,en,wordfreq,0,3.7
document,4.5,en,wordfreq,0,2.95
documentaries,3.48,en,wordfreq,0,4.85
documentary,4.31,en,wordfreq,0,4.0
documentation,3.95,en,wordfreq,0,4.45
documented,4.0,en,wordfreq,0,3.4
documenting,3.44,en,wordfreq,0,4.0
documents,4.64,en,wordfreq,0,3.25
dod,3.34,en,wordfreq,24,1.0
dodd,3.36,en,wordfreq,1,1.85
dodge,3.93,en,wordfreq,3,1.7
dodged,3.12,en,wordfreq,3,1.8
dodger,3.26,en,wordfreq,1,1.85
dodgers,3.86,en,wordfreq,1,2.4
dodging,3.31,en,wordfreq,1,2.1
dodgy,3.32,en,wordfreq,2,1.9
doe,3.84,en,wordfreq,28,1.0
does,5.74,en,wordfreq,12,1.05
doesn,3.22,en,wordfreq,0,1.9
doesnt,4.05,en,wordfreq,0,2.7
dog,5.1,en,wordfreq,19,1.0
doge,2.97,en,wordfreq,8,1.45
dogg,3.15,en,wordfreq,5,1.65
dogged,2.97,en,wordfreq,3,1.85
doggie,3.0,en,wordfreq,1,2.3
doggy,3.33,en,wordfreq,3,1.8
dogma,3.27,en,wordfreq,0,2.0
dogs,4.77,en,wordfreq,9,1.45
doha,3.18,en,wordfreq,1,1.95
doherty,3.21,en,wordfreq,0,2.95
doi,3.27,en,wordfreq,18,1.0
doin,3.8,en,wordfreq,4,1.6
doing,5.6,en,wordfreq,2,1.65
doj,3.29,en,wordfreq,11,1.25
dojo,2.99,en,wordfreq,3,1.75
dolan,3.26,en,wordfreq,3,1.85
dolby,2.96,en,wordfreq,2,1.9
dolce,3.07,en,wordfreq,0,1.95
dole,3.33,en,wordfreq,14,1.1
doll,4.06,en,wordfreq,8,1.5
dollar,4.59,en,wordfreq,1,1.95
dollars,4.78,en,wordfreq,1,2.45
dolls,3.81,en,wordfreq,4,1.75
dolly,3.54,en,wordfreq,7,1.6
dolores,3.26,en,wordfreq,0,2.75
dolphin,3.67,en,wordfreq,0,3.1
dolphins,3.88,en,wordfreq,0,3.4
dom,3.78,en,wordfreq,24,1.0
domain,4.31,en,wordfreq,0,2.25
domains,3.72,en,wordfreq,0,2.65
dome,3.9,en,wordfreq,13,1.2
domes,3.0,en,wordfreq,6,1.6
domestic,4.69,en,wordfreq,0,3.35
domestically,3.26,en,wordfreq,0,4.3
domesticated,3.17,en,wordfreq,0,4.5
dominance,3.83,en,wordfreq,0,3.2
dominant,4.23,en,wordfreq,0,2.9
dominate,3.87,en,wordfreq,1,2.5
dominated,4.18,en,wordfreq,2,2.55
dominates,3.4,en,wordfreq,1,2.85
dominating,3.58,en,wordfreq,1,2.85
domination,3.7,en,wordfreq,1,2.5
domingo,3.21,en,wordfreq,0,2.55
dominic,3.61,en,wordfreq,0,2.75
dominican,3.65,en,wordfreq,0,3.6
dominion,3.66,en,wordfreq,0,2.65
dominique,3.21,en,wordfreq,0,3.7
domino,3.23,en,wordfreq,0,2.2
don,4.6,en,wordfreq,29,1.0
donald,4.46,en,wordfreq,1,2.65
donaldson,3.29,en,wordfreq,0,3.85
donate,4.04,en,wordfreq,0,1.95
donated,4.06,en,wordfreq,0,2.3
donating,3.59,en,wordfreq,0,2.5
donation,4.0,en,wordfreq,0,2.3
donations,4.1,en,wordfreq,0,2.7
doncaster,3.38,en,wordfreq,0,3.4
done,5.58,en,wordfreq,20,1.0
donetsk,3.1,en,wordfreq,0,2.95
dong,3.79,en,wordfreq,23,1.0
donkey,3.62,en,wordfreq,1,2.0
donkeys,3.06,en,wordfreq,1,2.6
donna,3.84,en,wordfreq,2,1.9
donnelly,3.23,en,wordfreq,1,3.25
donnie,3.38,en,wordfreq,3,1.95
donny,3.25,en,wordfreq,6,1.7
donor,3.92,en,wordfreq,2,1.8
donors,3.83,en,wordfreq,1,1.95
donovan,3.59,en,wordfreq,0,3.3
dons,3.15,en,wordfreq,13,1.1
dont,4.74,en,wordfreq,9,1.35
donut,3.31,en,wordfreq,0,1.9
donuts,3.45,en,wordfreq,0,2.2
doo,3.62,en,wordfreq,32,1.0
doodle,3.29,en,wordfreq,2,2.1
dooley,2.95,en,wordfreq,0,2.0
doom,3.81,en,wordfreq,6,1.6
doomed,3.77,en,wordfreq,0,2.0
doomsday,3.18,en,wordfreq,0,3.85
door,5.08,en,wordfreq,5,1.6
doorbell,3.05,en,wordfreq,0,3.8
doors,4.54,en,wordfreq,1,1.85
doorstep,3.5,en,wordfreq,0,3.55
doorway,3.51,en,wordfreq,0,2.85
dopamine,3.37,en,wordfreq,0,3.3
dope,3.9,en,wordfreq,11,1.4
doping,3.47,en,wordfreq,3,1.8
doppler,3.13,en,wordfreq,0,2.8
dora,3.41,en,wordfreq,10,1.4
dorado,3.03,en,wordfreq,0,2.8
doran,2.95,en,wordfreq,4,1.7
dorchester,3.06,en,wordfreq,0,3.3
dorian,3.17,en,wordfreq,0,1.95
doris,3.58,en,wordfreq,2,1.9
dork,3.1,en,wordfreq,11,1.45
dorm,3.58,en,wordfreq,7,1.55
dormant,3.41,en,wordfreq,0,2.6
dormitory,3.12,en,wordfreq,0,3.85
dorms,2.99,en,wordfreq,4,1.75
dorothy,3.78,en,wordfreq,0,2.95
dorsal,3.45,en,wordfreq,0,2.35
dorset,3.46,en,wordfreq,2,2.05
dorsey,3.06,en,wordfreq,1,2.05
dortmund,3.39,en,wordfreq,0,3.8
dory,3.1,en,wordfreq,7,1.55
dos,3.69,en,wordfreq,34,1.0
dosage,3.52,en,wordfreq,0,2.4
dose,4.2,en,wordfreq,13,1.2
doses,3.78,en,wordfreq,8,1.5
dosing,2.97,en,wordfreq,3,1.8
dossier,3.29,en,wordfreq,0,3.0
dot,4.05,en,wordfreq,25,1.0
doth,3.14,en,wordfreq,5,1.7
dots,3.76,en,wordfreq,9,1.45
dotted,3.41,en,wordfreq,0,2.0
double,5.01,en,wordfreq,2,1.95
doubled,3.89,en,wordfreq,2,2.4
doubles,3.89,en,wordfreq,1,2.25
doubling,3.61,en,wordfreq,1,2.75
doubly,3.17,en,wordfreq,1,2.35
doubt,4.9,en,wordfreq,0,1.95
doubted,3.44,en,wordfreq,1,2.25
doubtful,3.52,en,wordfreq,0,3.55
doubting,3.31,en,wordfreq,1,2.5
doubtless,3.09,en,wordfreq,0,3.25
doubts,3.95,en,wordfreq,0,2.15
douche,3.37,en,wordfreq,0,2.2
doug,4.02,en,wordfreq,3,1.7
dough,3.86,en,wordfreq,5,1.7
doughnut,3.17,en,wordfreq,0,3.4
doughnuts,3.15,en,wordfreq,0,3.7
dougie,2.99,en,wordfreq,1,2.4
douglas,4.21,en,wordfreq,0,2.85
douglass,3.17,en,wordfreq,0,3.5
dove,3.67,en,wordfreq,12,1.2
dover,3.57,en,wordfreq,7,1.55
doves,3.1,en,wordfreq,6,1.6
dow,3.63,en,wordfreq,25,1.0
down,5.88,en,wordfreq,4,1.55
downed,3.3,en,wordfreq,3,1.75
downer,3.06,en,wordfreq,2,1.85
downey,3.25,en,wordfreq,2,1.9
downfall,3.54,en,wordfreq,0,3.65
downgrade,3.23,en,wordfreq,0,3.6
downgraded,3.14,en,wordfreq,0,4.0
downhill,3.66,en,wordfreq,0,3.75
downing,3.44,en,wordfreq,0,1.9
download,4.68,en,wordfreq,0,3.4
downloadable,3.16,en,wordfreq,0,5.4
downloaded,3.83,en,wordfreq,0,3.85
downloading,3.7,en,wordfreq,0,4.35
downloads,3.63,en,wordfreq,0,3.6
downright,3.38,en,wordfreq,0,3.7
downs,3.93,en,wordfreq,2,1.75
downside,3.54,en,wordfreq,0,3.3
downstairs,3.72,en,wordfreq,0,4.25
downstream,3.62,en,wordfreq,0,4.6
downtime,3.2,en,wordfreq,0,3.35
downtown,4.4,en,wordfreq,0,3.55
downturn,3.19,en,wordfreq,0,3.75
downward,3.71,en,wordfreq,0,3.0
downwards,3.2,en,wordfreq,0,3.45
dowry,3.13,en,wordfreq,1,1.9
doyle,3.74,en,wordfreq,1,1.9
dozen,4.35,en,wordfreq,0,1.95
dozens,4.13,en,wordfreq,0,2.35
dp,3.51,en,wordfreq,45,1.0
dps,3.14,en,wordfreq,21,1.0
dr,5.24,en,wordfreq,46,1.0
drab,3.01,en,wordfreq,5,1.7
draco,3.04,en,wordfreq,0,2.0
dracula,3.34,en,wordfreq,0,3.4
draft,4.61,en,wordfreq,4,1.65
drafted,3.91,en,wordfreq,2,2.35
drafting,3.66,en,wordfreq,2,2.4
drafts,3.58,en,wordfreq,2,1.85
drag,4.29,en,wordfreq,4,1.7
dragged,4.0,en,wordfreq,1,2.05
dragging,3.82,en,wordfreq,1,2.3
dragon,4.41,en,wordfreq,0,2.2
dragonfly,3.03,en,wordfreq,0,4.5
dragons,4.1,en,wordfreq,0,2.7
drags,3.24,en,wordfreq,2,1.8
drain,4.07,en,wordfreq,4,1.7
drainage,3.77,en,wordfreq,0,3.05
drained,3.69,en,wordfreq,1,1.9
draining,3.55,en,wordfreq,1,1.9
drains,3.55,en,wordfreq,3,1.75
drake,3.96,en,wordfreq,1,1.9
drama,4.67,en,wordfreq,0,1.9
dramas,3.55,en,wordfreq,0,2.0
dramatic,4.41,en,wordfreq,0,3.1
dramatically,3.95,en,wordfreq,0,3.95
drank,3.95,en,wordfreq,5,1.65
draped,3.18,en,wordfreq,1,1.9
draper,3.29,en,wordfreq,3,1.85
drastic,3.63,en,wordfreq,0,2.75
drastically,3.65,en,wordfreq,0,3.35
draught,3.08,en,wordfreq,2,2.5
draw,4.81,en,wordfreq,3,1.65
drawback,3.21,en,wordfreq,0,3.65
drawbacks,3.21,en,wordfreq,0,3.95
drawer,3.78,en,wordfreq,1,1.9
drawers,3.42,en,wordfreq,0,2.15
drawing,4.58,en,wordfreq,0,1.95
drawings,4.04,en,wordfreq,0,2.7
drawn,4.53,en,wordfreq,3,1.75
draws,4.1,en,wordfreq,2,1.85
drc,2.97,en,wordfreq,16,1.05
dre,3.43,en,wordfreq,16,1.0
dread,3.64,en,wordfreq,3,1.75
dreaded,3.35,en,wordfreq,1,2.1
dreadful,3.66,en,wordfreq,0,3.7
dreading,2.99,en,wordfreq,1,1.9
dream,4.91,en,wordfreq,2,1.75
dreamed,3.75,en,wordfreq,2,1.9
dreamer,3.28,en,wordfreq,1,1.95
dreamers,3.09,en,wordfreq,0,2.55
dreaming,3.94,en,wordfreq,1,1.95
dreams,4.59,en,wordfreq,3,1.8
dreamt,3.33,en,wordfreq,2,2.0
dreamworks,2.95,en,wordfreq,0,4.1
dreamy,3.23,en,wordfreq,4,1.9
dreary,3.08,en,wordfreq,1,2.0
dredge,3.04,en,wordfreq,0,2.45
dredging,3.12,en,wordfreq,0,2.5
drenched,3.23,en,wordfreq,0,2.7
dresden,3.25,en,wordfreq,0,2.8
dress,4.76,en,wordfreq,1,1.9
dressed,4.42,en,wordfreq,3,1.9
dresser,3.36,en,wordfreq,2,2.35
dresses,4.05,en,wordfreq,3,2.25
dressing,4.17,en,wordfreq,1,2.2
dressings,2.95,en,wordfreq,0,2.75
drew,4.46,en,wordfreq,4,1.7
dreyfus,3.06,en,wordfreq,0,3.4
dribble,3.06,en,wordfreq,0,2.85
dried,4.04,en,wordfreq,5,1.7
drier,3.19,en,wordfreq,3,1.8
dries,3.2,en,wordfreq,6,1.6
drift,3.82,en,wordfreq,1,1.8
drifted,3.41,en,wordfreq,1,2.45
drifting,3.55,en,wordfreq,1,2.3
drifts,2.98,en,wordfreq,1,1.9
drill,4.09,en,wordfreq,2,1.8
drilled,3.51,en,wordfreq,1,2.1
drilling,3.93,en,wordfreq,1,2.0
drills,3.59,en,wordfreq,0,1.95
drink,4.9,en,wordfreq,3,1.75
drinker,3.18,en,wordfreq,0,2.3
drinkers,3.13,en,wordfreq,0,2.6
drinking,4.71,en,wordfreq,0,2.0
drinks,4.43,en,wordfreq,0,1.95
drip,3.58,en,wordfreq,3,1.75
dripping,3.48,en,wordfreq,3,1.75
driscoll,3.03,en,wordfreq,0,3.75
drive,5.13,en,wordfreq,1,1.7
driven,4.54,en,wordfreq,2,1.85
driver,4.75,en,wordfreq,2,1.65
drivers,4.56,en,wordfreq,0,1.8
drives,4.28,en,wordfreq,2,1.65
driveway,3.65,en,wordfreq,0,3.6
driving,4.9,en,wordfreq,0,1.9
drizzle,3.15,en,wordfreq,0,2.85
droid,3.23,en,wordfreq,1,1.95
drone,4.0,en,wordfreq,2,1.8
drones,3.78,en,wordfreq,0,1.95
drool,3.04,en,wordfreq,0,2.0
drooling,3.05,en,wordfreq,0,2.3
drop,4.99,en,wordfreq,3,1.8
dropbox,3.1,en,wordfreq,0,3.6
droplets,3.1,en,wordfreq,0,3.0
dropout,3.08,en,wordfreq,0,3.0
dropped,4.73,en,wordfreq,2,2.0
dropping,4.33,en,wordfreq,2,1.9
drops,4.33,en,wordfreq,2,1.85
drought,3.9,en,wordfreq,3,2.15
droughts,2.99,en,wordfreq,0,2.7
drove,4.36,en,wordfreq,5,1.7
drown,3.68,en,wordfreq,5,1.7
drowned,3.74,en,wordfreq,2,2.15
drowning,3.77,en,wordfreq,2,2.1
drs,3.21,en,wordfreq,20,1.0
drug,4.87,en,wordfreq,3,1.7
drugged,3.24,en,wordfreq,1,2.45
drugs,4.77,en,wordfreq,2,1.8
drugstore,3.07,en,wordfreq,0,4.15
druid,2.99,en,wordfreq,1,1.95
drum,4.11,en,wordfreq,1,1.8
drummer,3.68,en,wordfreq,0,2.8
drumming,3.22,en,wordfreq,0,2.7
drummond,3.22,en,wordfreq,0,3.45
drums,3.93,en,wordfreq,1,1.9
drunk,4.61,en,wordfreq,3,1.8
drunken,3.66,en,wordfreq,0,2.8
drury,2.97,en,wordfreq,0,2.0
dry,4.74,en,wordfreq,10,1.3
dryer,3.54,en,wordfreq,3,1.8
drying,3.74,en,wordfreq,3,1.8
ds,3.76,en,wordfreq,46,1.0
dslr,3.01,en,wordfreq,0,1.95
dsm,3.14,en,wordfreq,8,1.4
dt,3.56,en,wordfreq,46,1.0
du,4.21,en,wordfreq,47,1.0
dual,4.28,en,wordfreq,4,1.7
duality,3.13,en,wordfreq,1,2.75
duane,3.19,en,wordfreq,2,1.8
dub,3.64,en,wordfreq,17,1.0
dubai,4.08,en,wordfreq,0,2.15
dubbed,3.81,en,wordfreq,2,2.35
dubious,3.49,en,wordfreq,0,2.8
dublin,4.08,en,wordfreq,0,2.6
dubois,3.17,en,wordfreq,0,2.7
dubs,3.01,en,wordfreq,7,1.55
dubstep,3.03,en,wordfreq,0,2.95
duchess,3.76,en,wordfreq,0,2.85
duchy,3.0,en,wordfreq,0,2.0
duck,4.21,en,wordfreq,14,1.25
ducked,3.01,en,wordfreq,5,1.75
ducking,3.05,en,wordfreq,3,1.85
ducks,3.9,en,wordfreq,7,1.6
duct,3.58,en,wordfreq,3,1.8
ducts,3.11,en,wordfreq,1,1.9
dud,2.99,en,wordfreq,17,1.0
dude,4.81,en,wordfreq,6,1.55
dudes,3.95,en,wordfreq,3,1.75
dudley,3.49,en,wordfreq,0,2.35
due,5.35,en,wordfreq,21,1.0
duel,3.65,en,wordfreq,5,1.65
dues,3.38,en,wordfreq,9,1.3
duet,3.43,en,wordfreq,5,1.6
duff,3.36,en,wordfreq,7,1.6
duffy,3.41,en,wordfreq,2,1.85
dug,3.86,en,wordfreq,20,1.0
dugout,3.03,en,wordfreq,0,2.8
duh,3.6,en,wordfreq,12,1.25
dui,3.35,en,wordfreq,17,1.0
duke,4.45,en,wordfreq,6,1.6
dukes,3.23,en,wordfreq,3,1.75
dull,3.94,en,wordfreq,14,1.3
dulles,3.05,en,wordfreq,0,2.0
duluth,3.17,en,wordfreq,0,2.95
duly,3.44,en,wordfreq,4,1.8
dum,3.16,en,wordfreq,24,1.0
duma,2.97,en,wordfreq,4,1.75
dumb,4.54,en,wordfreq,3,1.75
dumbass,3.57,en,wordfreq,0,2.95
dumber,3.14,en,wordfreq,2,1.9
dumbest,3.38,en,wordfreq,0,2.9
dumbledore,3.04,en,wordfreq,0,4.75
dumfries,3.01,en,wordfreq,0,3.3
dummies,3.23,en,wordfreq,0,2.8
dummy,3.64,en,wordfreq,4,1.8
dump,4.08,en,wordfreq,10,1.3
dumped,3.9,en,wordfreq,3,1.8
dumping,3.67,en,wordfreq,3,2.0
dumplings,3.0,en,wordfreq,0,3.3
dumps,3.35,en,wordfreq,4,1.75
dumpster,3.51,en,wordfreq,0,3.0
dun,3.33,en,wordfreq,27,1.0
dunbar,3.23,en,wordfreq,0,2.6
duncan,4.02,en,wordfreq,0,2.6
dundee,3.6,en,wordfreq,0,2.55
dune,3.28,en,wordfreq,12,1.1
dunedin,2.95,en,wordfreq,0,3.15
dunes,3.37,en,wordfreq,5,1.65
dung,3.23,en,wordfreq,17,1.05
dungeon,3.57,en,wordfreq,0,2.85
dungeons,3.31,en,wordfreq,0,3.4
dunham,3.29,en,wordfreq,1,2.65
dunk,3.54,en,wordfreq,12,1.3
dunkirk,3.14,en,wordfreq,0,3.3
dunlop,3.09,en,wordfreq,0,2.95
dunn,3.67,en,wordfreq,4,1.65
dunne,3.03,en,wordfreq,2,1.8
dunno,3.76,en,wordfreq,1,1.9
duo,4.08,en,wordfreq,15,1.15
dup,3.02,en,wordfreq,14,1.1
duped,3.08,en,wordfreq,0,1.95
duplex,3.13,en,wordfreq,0,2.85
duplicate,3.59,en,wordfreq,0,3.25
duplicated,3.08,en,wordfreq,1,3.15
duplicates,3.05,en,wordfreq,1,3.45
duplication,3.16,en,wordfreq,0,3.05
dupont,3.27,en,wordfreq,0,2.65
durability,3.45,en,wordfreq,0,3.3
durable,3.68,en,wordfreq,0,2.65
duran,3.12,en,wordfreq,2,1.8
durant,3.49,en,wordfreq,0,2.2
duration,4.14,en,wordfreq,0,2.75
durban,3.24,en,wordfreq,0,2.2
duress,3.02,en,wordfreq,0,2.25
durham,3.78,en,wordfreq,1,2.65
during,5.72,en,wordfreq,3,1.85
dusk,3.44,en,wordfreq,6,1.7
dust,4.41,en,wordfreq,9,1.45
dusted,3.11,en,wordfreq,2,1.9
dustin,3.43,en,wordfreq,2,2.05
dusting,3.1,en,wordfreq,1,1.9
dusty,3.67,en,wordfreq,2,1.8
dutch,4.41,en,wordfreq,3,1.85
dutchman,3.06,en,wordfreq,0,3.8
duties,4.32,en,wordfreq,0,2.1
dutton,3.2,en,wordfreq,4,1.9
duty,4.71,en,wordfreq,1,1.9
duval,3.06,en,wordfreq,0,1.95
duvet,2.99,en,wordfreq,0,1.95
dv,3.11,en,wordfreq,41,1.0
dvd,4.25,en,wordfreq,5,1.6
dvds,3.46,en,wordfreq,1,1.9
dvr,3.07,en,wordfreq,4,1.65
dw,3.25,en,wordfreq,42,1.0
dwarf,3.75,en,wordfreq,0,1.95
dwarfs,3.17,en,wordfreq,0,2.35
dwarves,3.14,en,wordfreq,0,2.7
dwayne,3.35,en,wordfreq,0,2.6
dwell,3.57,en,wordfreq,1,1.85
dwellers,3.28,en,wordfreq,0,2.8
dwelling,3.74,en,wordfreq,1,2.3
dwellings,3.38,en,wordfreq,0,2.8
dwight,3.74,en,wordfreq,0,1.95
dwindling,3.09,en,wordfreq,0,3.05
dwyer,3.06,en,wordfreq,1,1.9
dx,3.24,en,wordfreq,34,1.0
dy,2.98,en,wordfreq,37,1.0
dye,3.82,en,wordfreq,12,1.05
dyed,3.43,en,wordfreq,6,1.65
dyer,3.35,en,wordfreq,3,1.6
dyes,3.29,en,wordfreq,6,1.55
dying,4.63,en,wordfreq,3,1.7
dyke,3.37,en,wordfreq,1,1.9
dylan,4.05,en,wordfreq,1,1.95
dynamic,4.31,en,wordfreq,0,3.25
dynamically,3.03,en,wordfreq,0,4.3
dynamics,4.08,en,wordfreq,0,3.4
dynamite,3.59,en,wordfreq,0,3.6
dynamo,3.16,en,wordfreq,0,2.95
dynasties,2.97,en,wordfreq,0,3.75
dynasty,3.87,en,wordfreq,0,3.2
dysfunction,3.52,en,wordfreq,0,3.75
dysfunctional,3.36,en,wordfreq,0,5.05
dyslexia,3.02,en,wordfreq,0,4.35
dyson,3.23,en,wordfreq,1,1.95
dystopian,3.19,en,wordfreq,0,3.8
ea,3.81,en,wordfreq,49,1.0
each,5.69,en,wordfreq,3,1.55
eachother,3.24,en,wordfreq,0,3.95
eager,4.03,en,wordfreq,3,1.8
eagerly,3.49,en,wordfreq,0,2.75
eagle,4.13,en,wordfreq,1,1.85
eagles,4.22,en,wordfreq,0,1.95
ear,4.43,en,wordfreq,18,1.0
earbuds,3.06,en,wordfreq,0,3.0
earl,4.18,en,wordfreq,4,1.6
earle,3.08,en,wordfreq,2,1.85
earlier,4.98,en,wordfreq,0,2.7
earliest,4.09,en,wordfreq,0,2.8
early,5.43,en,wordfreq,2,1.7
earmarked,3.0,en,wordfreq,0,3.75
earn,4.48,en,wordfreq,6,1.5
earned,4.55,en,wordfreq,1,1.9
earners,3.23,en,wordfreq,0,1.95
earnest,3.66,en,wordfreq,0,1.95
earning,4.23,en,wordfreq,2,1.75
earnings,4.27,en,wordfreq,2,2.15
earns,3.56,en,wordfreq,2,1.75
earphones,2.98,en,wordfreq,0,3.6
earring,3.08,en,wordfreq,4,1.75
earrings,3.62,en,wordfreq,1,2.3
ears,4.36,en,wordfreq,11,1.0
earth,5.06,en,wordfreq,2,1.75
earthly,3.32,en,wordfreq,0,2.65
earthquake,4.15,en,wordfreq,0,4.7
earthquakes,3.62,en,wordfreq,0,5.35
earths,3.04,en,wordfreq,1,1.9
earthy,3.02,en,wordfreq,1,1.95
ease,4.34,en,wordfreq,6,1.45
eased,3.25,en,wordfreq,1,1.7
easier,4.76,en,wordfreq,1,1.95
easiest,3.92,en,wordfreq,0,2.7
easily,4.91,en,wordfreq,0,2.35
easing,3.25,en,wordfreq,3,1.7
east,5.16,en,wordfreq,9,1.2
eastbound,3.05,en,wordfreq,0,3.7
eastenders,3.17,en,wordfreq,0,3.65
easter,4.12,en,wordfreq,4,1.65
easterly,2.95,en,wordfreq,0,2.75
eastern,4.78,en,wordfreq,0,1.95
eastman,3.16,en,wordfreq,0,2.65
easton,3.29,en,wordfreq,1,1.85
eastward,3.24,en,wordfreq,0,2.85
eastwood,3.29,en,wordfreq,0,3.35
easy,5.29,en,wordfreq,3,1.85
eat,5.13,en,wordfreq,22,1.0
eaten,4.13,en,wordfreq,2,1.85
eater,3.42,en,wordfreq,9,1.3
eaters,3.32,en,wordfreq,4,1.7
eating,4.85,en,wordfreq,5,1.55
eaton,3.42,en,wordfreq,4,1.65
eats,3.95,en,wordfreq,10,1.05
eau,3.15,en,wordfreq,8,1.4
eb,3.28,en,wordfreq,46,1.0
ebay,4.04,en,wordfreq,0,1.95
ebb,3.04,en,wordfreq,2,1.75
ebert,2.96,en,wordfreq,1,1.9
ebola,3.62,en,wordfreq,0,2.15
ebony,3.34,en,wordfreq,0,1.95
ebook,3.71,en,wordfreq,0,1.9
ebooks,3.36,en,wordfreq,0,2.3
ec,3.7,en,wordfreq,47,1.0
ecb,3.04,en,wordfreq,5,1.6
eccentric,3.58,en,wordfreq,0,3.8
ecclesiastical,3.49,en,wordfreq,0,6.75
echo,4.04,en,wordfreq,0,1.9
echoed,3.4,en,wordfreq,1,2.7
echoes,3.59,en,wordfreq,1,2.5
echoing,3.37,en,wordfreq,0,2.75
eclectic,3.37,en,wordfreq,0,3.15
eclipse,3.81,en,wordfreq,0,2.8
eclipsed,2.99,en,wordfreq,0,2.8
eco,3.71,en,wordfreq,9,1.25
ecological,3.78,en,wordfreq,0,3.2
ecology,3.74,en,wordfreq,0,2.6
ecommerce,3.3,en,wordfreq,0,3.65
econ,3.11,en,wordfreq,3,1.7
economic,5.1,en,wordfreq,0,3.2
economical,3.59,en,wordfreq,0,3.3
economically,3.83,en,wordfreq,0,4.25
economics,4.42,en,wordfreq,1,3.25
economies,3.89,en,wordfreq,1,3.3
economist,3.87,en,wordfreq,0,3.4
economists,3.76,en,wordfreq,0,3.45
economy,4.87,en,wordfreq,0,2.9
ecosystem,3.78,en,wordfreq,0,4.4
ecosystems,3.52,en,wordfreq,0,4.5
ecstasy,3.48,en,wordfreq,0,3.5
ecstatic,3.37,en,wordfreq,0,3.5
ect,3.13,en,wordfreq,12,1.2
ecu,3.04,en,wordfreq,8,1.45
ecuador,3.64,en,wordfreq,0,3.55
ecumenical,3.0,en,wordfreq,0,4.15
eczema,3.07,en,wordfreq,0,2.9
ed,4.79,en,wordfreq,47,1.0
eddie,4.14,en,wordfreq,0,2.15
eddy,3.47,en,wordfreq,1,1.85
edelman,3.03,en,wordfreq,0,2.95
edema,2.95,en,wordfreq,0,2.2
eden,3.82,en,wordfreq,2,1.85
edgar,3.79,en,wordfreq,0,2.05
edge,4.74,en,wordfreq,1,1.7
edged,3.55,en,wordfreq,1,1.9
edges,4.09,en,wordfreq,1,1.8
edging,3.15,en,wordfreq,0,1.95
edgy,3.39,en,wordfreq,2,1.9
edible,3.63,en,wordfreq,0,2.7
edict,3.1,en,wordfreq,1,1.9
edinburgh,4.28,en,wordfreq,0,4.9
edison,3.57,en,wordfreq,0,2.3
edit,4.3,en,wordfreq,2,1.7
edited,4.31,en,wordfreq,1,1.95
edith,3.57,en,wordfreq,1,1.9
editing,4.27,en,wordfreq,1,1.95
edition,4.8,en,wordfreq,0,2.25
editions,3.85,en,wordfreq,0,2.55
editor,4.62,en,wordfreq,0,2.35
editorial,4.11,en,wordfreq,0,3.5
editorials,3.02,en,wordfreq,0,3.9
editors,4.04,en,wordfreq,0,2.6
edits,3.44,en,wordfreq,3,1.8
edm,3.21,en,wordfreq,6,1.55
edmond,3.1,en,wordfreq,1,2.55
edmonds,2.95,en,wordfreq,1,2.65
edmonton,3.64,en,wordfreq,0,3.7
edmund,3.63,en,wordfreq,1,2.7
edmunds,2.98,en,wordfreq,1,2.75
edna,3.29,en,wordfreq,0,1.95
edo,3.21,en,wordfreq,9,1.35
eds,3.76,en,wordfreq,15,1.0
edt,3.49,en,wordfreq,10,1.3
eduardo,3.34,en,wordfreq,0,3.35
educate,3.92,en,wordfreq,0,2.7
educated,4.29,en,wordfreq,0,2.65
educating,3.58,en,wordfreq,0,2.9
education,5.28,en,wordfreq,0,2.45
educational,4.6,en,wordfreq,0,3.8
educator,3.55,en,wordfreq,0,2.75
educators,3.82,en,wordfreq,0,3.15
edward,4.52,en,wordfreq,0,2.25
edwardian,2.96,en,wordfreq,0,3.85
edwards,4.04,en,wordfreq,0,2.45
edwin,3.65,en,wordfreq,1,2.05
ee,3.61,en,wordfreq,48,1.0
eeg,3.01,en,wordfreq,10,1.4
eel,3.23,en,wordfreq,12,1.0
eels,3.18,en,wordfreq,1,1.75
eerie,3.33,en,wordfreq,1,1.9
ef,3.28,en,wordfreq,42,1.0
eff,3.39,en,wordfreq,4,1.65
effect,5.02,en,wordfreq,1,2.2
effected,3.31,en,wordfreq,1,2.35
effective,4.89,en,wordfreq,1,2.65
effectively,4.49,en,wordfreq,0,3.7
effectiveness,4.05,en,wordfreq,0,5.6
effects,4.89,en,wordfreq,1,2.45
efficacy,3.68,en,wordfreq,0,3.9
efficiencies,3.19,en,wordfreq,0,5.0
efficiency,4.38,en,wordfreq,0,3.75
efficient,4.42,en,wordfreq,0,3.3
efficiently,3.79,en,wordfreq,0,4.05
effort,4.92,en,wordfreq,0,2.65
effortless,3.14,en,wordfreq,0,4.1
effortlessly,3.22,en,wordfreq,0,5.45
efforts,4.77,en,wordfreq,0,2.6
eg,3.62,en,wordfreq,45,1.0
egalitarian,3.06,en,wordfreq,0,4.65
egan,3.13,en,wordfreq,2,1.65
egg,4.46,en,wordfreq,3,1.7
eggplant,3.01,en,wordfreq,0,3.7
eggs,4.5,en,wordfreq,1,1.9
ego,4.02,en,wordfreq,8,1.3
egos,3.1,en,wordfreq,3,1.75
egregious,3.1,en,wordfreq,0,3.8
egypt,4.45,en,wordfreq,0,2.9
egyptian,4.21,en,wordfreq,0,3.75
egyptians,3.49,en,wordfreq,0,3.95
eh,4.26,en,wordfreq,42,1.0
ei,3.16,en,wordfreq,49,1.0
eid,3.25,en,wordfreq,13,1.15
eiffel,3.23,en,wordfreq,0,2.95
eight,5.02,en,wordfreq,8,1.35
eighteen,3.81,en,wordfreq,0,2.8
eighteenth,3.48,en,wordfreq,0,4.05
eighth,4.2,en,wordfreq,1,1.9
eighties,3.22,en,wordfreq,0,2.95
eighty,3.75,en,wordfreq,2,1.85
eileen,3.34,en,wordfreq,0,2.85
ein,3.22,en,wordfreq,19,1.0
einstein,3.74,en,wordfreq,0,2.9
eisenhower,3.43,en,wordfreq,0,4.9
either,5.33,en,wordfreq,2,1.8
ej,2.97,en,wordfreq,39,1.0
eject,2.99,en,wordfreq,2,1.85
ejected,3.37,en,wordfreq,2,2.1
ejection,3.07,en,wordfreq,2,2.25
ek,3.17,en,wordfreq,43,1.0
el,4.56,en,wordfreq,45,1.0
elaborate,4.06,en,wordfreq,0,3.45
elaborated,3.15,en,wordfreq,0,3.45
elaine,3.6,en,wordfreq,1,1.95
elapsed,2.95,en,wordfreq,0,2.55
elastic,3.59,en,wordfreq,1,2.75
elasticity,3.1,en,wordfreq,1,3.85
elated,2.97,en,wordfreq,2,1.8
elbow,3.84,en,wordfreq,0,2.1
elbows,3.4,en,wordfreq,0,2.5
elder,4.06,en,wordfreq,3,1.8
elderly,4.15,en,wordfreq,0,2.8
elders,3.76,en,wordfreq,0,1.95
eldest,3.69,en,wordfreq,1,2.4
eleanor,3.81,en,wordfreq,0,2.8
elect,4.03,en,wordfreq,2,1.8
elected,4.63,en,wordfreq,2,1.85
electing,3.33,en,wordfreq,0,2.1
election,5.08,en,wordfreq,3,1.75
elections,4.66,en,wordfreq,1,2.2
elective,3.32,en,wordfreq,0,2.55
elector,2.96,en,wordfreq,0,2.0
electoral,4.12,en,wordfreq,0,3.35
electorate,3.64,en,wordfreq,0,3.5
electors,3.26,en,wordfreq,0,2.4
electric,4.72,en,wordfreq,0,2.7
electrical,4.42,en,wordfreq,0,3.5
electrically,3.19,en,wordfreq,0,4.2
electrician,3.26,en,wordfreq,0,4.15
electricity,4.43,en,wordfreq,0,4.1
electrification,3.0,en,wordfreq,0,4.85
electrified,2.98,en,wordfreq,0,3.85
electro,3.58,en,wordfreq,0,2.45
electrode,3.38,en,wordfreq,0,3.05
electrodes,3.29,en,wordfreq,0,3.4
electrolyte,3.07,en,wordfreq,0,4.25
electrolytes,2.98,en,wordfreq,0,4.85
electromagnetic,3.58,en,wordfreq,0,7.15
electron,3.82,en,wordfreq,1,2.3
electronic,4.55,en,wordfreq,0,3.25
electronically,3.28,en,wordfreq,0,5.1
electronics,4.19,en,wordfreq,0,3.6
electrons,3.6,en,wordfreq,1,2.4
elects,3.02,en,wordfreq,0,1.9
elegance,3.42,en,wordfreq,0,2.9
elegant,3.95,en,wordfreq,0,2.7
elegantly,2.97,en,wordfreq,0,3.65
element,4.46,en,wordfreq,1,2.4
elemental,3.38,en,wordfreq,0,3.45
elementary,4.33,en,wordfreq,0,3.5
elements,4.7,en,wordfreq,1,2.6
elena,3.75,en,wordfreq,0,1.85
elephant,4.08,en,wordfreq,0,3.35
elephants,3.81,en,wordfreq,0,3.7
elevate,3.38,en,wordfreq,0,2.8
elevated,4.03,en,wordfreq,0,2.65
elevating,3.02,en,wordfreq,0,2.85
elevation,3.9,en,wordfreq,0,2.65
elevations,3.25,en,wordfreq,0,2.7
elevator,3.95,en,wordfreq,0,2.7
elevators,3.39,en,wordfreq,0,3.05
eleven,4.12,en,wordfreq,0,2.35
eleventh,3.48,en,wordfreq,0,3.0
elf,3.65,en,wordfreq,8,1.4
elgin,3.17,en,wordfreq,0,2.0
eli,3.74,en,wordfreq,8,1.4
elias,3.42,en,wordfreq,1,1.95
elicit,3.1,en,wordfreq,0,2.3
eligibility,3.75,en,wordfreq,0,4.05
eligible,4.29,en,wordfreq,0,3.45
elijah,3.54,en,wordfreq,0,2.85
eliminate,4.15,en,wordfreq,0,3.15
eliminated,4.05,en,wordfreq,1,3.1
eliminates,3.38,en,wordfreq,1,3.3
eliminating,3.79,en,wordfreq,0,3.25
elimination,3.93,en,wordfreq,0,2.95
eliot,3.5,en,wordfreq,0,1.95
elisa,3.09,en,wordfreq,2,1.8
elisabeth,3.24,en,wordfreq,1,4.35
elise,3.26,en,wordfreq,2,1.85
elite,4.4,en,wordfreq,1,1.85
elites,3.62,en,wordfreq,0,1.95
elitist,3.07,en,wordfreq,0,2.9
elixir,3.16,en,wordfreq,0,2.95
eliza,3.48,en,wordfreq,1,1.9
elizabeth,4.47,en,wordfreq,1,4.4
elizabethan,3.03,en,wordfreq,0,5.45
elk,3.49,en,wordfreq,5,1.65
ell,2.99,en,wordfreq,10,1.0
ella,3.63,en,wordfreq,2,1.65
elle,3.43,en,wordfreq,2,1.7
ellen,4.05,en,wordfreq,1,1.9
ellie,3.62,en,wordfreq,4,1.7
ellington,3.01,en,wordfreq,0,3.2
elliot,3.74,en,wordfreq,0,2.6
elliott,3.79,en,wordfreq,0,3.35
elliptical,3.21,en,wordfreq,0,4.45
ellis,3.95,en,wordfreq,2,1.9
ellison,3.4,en,wordfreq,1,2.7
ellsworth,2.95,en,wordfreq,0,4.5
elm,3.36,en,wordfreq,9,1.3
elmer,3.19,en,wordfreq,1,1.95
elmo,3.02,en,wordfreq,0,1.9
elon,3.34,en,wordfreq,2,1.7
elongated,3.35,en,wordfreq,0,3.3
eloquent,3.21,en,wordfreq,0,3.65
eloquently,2.96,en,wordfreq,0,4.55
elsa,3.43,en,wordfreq,2,1.8
else,5.38,en,wordfreq,3,1.75
elsevier,3.08,en,wordfreq,0,3.4
elsewhere,4.46,en,wordfreq,0,4.3
elsie,3.09,en,wordfreq,1,1.9
elton,3.39,en,wordfreq,2,1.8
elusive,3.47,en,wordfreq,0,2.8
elves,3.4,en,wordfreq,2,1.85
elvis,3.78,en,wordfreq,2,1.85
ely,3.19,en,wordfreq,8,1.4
em,4.57,en,wordfreq,47,1.0
email,4.68,en,wordfreq,1,1.8
emailed,3.51,en,wordfreq,0,2.05
emailing,3.07,en,wordfreq,0,2.2
emails,4.24,en,wordfreq,0,1.9
emanating,3.03,en,wordfreq,0,2.95
emancipation,3.28,en,wordfreq,0,4.45
emanuel,3.24,en,wordfreq,0,2.75
embankment,3.15,en,wordfreq,0,4.1
embargo,3.31,en,wordfreq,0,2.85
embark,3.4,en,wordfreq,0,2.7
embarked,3.5,en,wordfreq,0,2.85
embarking,3.16,en,wordfreq,0,2.9
embarrass,3.41,en,wordfreq,0,3.85
embarrassed,4.05,en,wordfreq,0,4.5
embarrassing,4.15,en,wordfreq,0,4.55
embarrassment,3.77,en,wordfreq,0,5.45
embassies,3.15,en,wordfreq,0,3.85
embassy,4.13,en,wordfreq,0,3.0
embedded,3.89,en,wordfreq,0,3.35
embedding,3.0,en,wordfreq,0,3.1
embellished,3.09,en,wordfreq,0,4.8
ember,2.97,en,wordfreq,1,1.9
embezzlement,3.02,en,wordfreq,0,5.6
emblem,3.58,en,wordfreq,0,2.7
emblems,2.99,en,wordfreq,0,2.9
embodied,3.34,en,wordfreq,1,3.2
embodies,3.19,en,wordfreq,1,3.0
embodiment,3.31,en,wordfreq,0,3.85
embody,3.17,en,wordfreq,0,2.7
embrace,4.16,en,wordfreq,0,2.7
embraced,3.75,en,wordfreq,1,2.75
embraces,3.35,en,wordfreq,1,2.65
embracing,3.67,en,wordfreq,0,3.15
embroidered,3.34,en,wordfreq,0,4.5
embroidery,3.24,en,wordfreq,0,4.6
embroiled,2.97,en,wordfreq,0,3.65
embryo,3.34,en,wordfreq,0,2.75
embryonic,3.23,en,wordfreq,0,4.35
embryos,3.29,en,wordfreq,0,3.05
emerald,3.6,en,wordfreq,0,2.85
emerge,3.89,en,wordfreq,0,2.15
emerged,4.16,en,wordfreq,1,2.45
emergence,3.74,en,wordfreq,1,2.9
emergencies,3.56,en,wordfreq,0,4.2
emergency,4.72,en,wordfreq,1,3.4
emergent,3.15,en,wordfreq,0,2.65
emerges,3.61,en,wordfreq,1,2.5
emerging,4.19,en,wordfreq,0,2.85
emeritus,3.25,en,wordfreq,0,3.55
emerson,3.63,en,wordfreq,0,2.75
emery,3.3,en,wordfreq,2,1.9
emi,3.11,en,wordfreq,8,1.2
emigrants,3.02,en,wordfreq,0,3.3
emigrated,3.12,en,wordfreq,0,3.3
emigration,3.25,en,wordfreq,0,3.2
emil,3.18,en,wordfreq,3,1.6
emile,3.16,en,wordfreq,3,1.75
emilia,3.15,en,wordfreq,1,2.6
emilio,3.15,en,wordfreq,1,2.7
emily,4.14,en,wordfreq,1,1.9
eminem,3.34,en,wordfreq,0,2.65
eminence,3.21,en,wordfreq,0,3.0
eminent,3.56,en,wordfreq,0,2.8
emir,3.05,en,wordfreq,3,1.75
emirates,3.73,en,wordfreq,0,2.85
emission,3.7,en,wordfreq,1,2.35
emissions,4.07,en,wordfreq,1,2.45
emit,3.25,en,wordfreq,6,1.5
emits,3.02,en,wordfreq,2,1.85
emitted,3.32,en,wordfreq,1,2.3
emitting,3.21,en,wordfreq,0,2.25
emma,4.23,en,wordfreq,2,1.8
emmanuel,3.41,en,wordfreq,0,3.7
emmett,3.16,en,wordfreq,0,3.0
emmy,3.73,en,wordfreq,1,1.9
emmys,2.97,en,wordfreq,0,2.7
emo,3.24,en,wordfreq,11,1.1
emoji,3.23,en,wordfreq,0,2.55
emojis,2.96,en,wordfreq,0,2.9
emory,3.27,en,wordfreq,1,1.9
emotion,4.19,en,wordfreq,0,2.4
emotional,4.66,en,wordfreq,0,3.15
emotionally,4.04,en,wordfreq,0,4.15
emotions,4.37,en,wordfreq,0,2.55
emp,3.09,en,wordfreq,10,1.2
empathy,3.72,en,wordfreq,0,2.95
emperor,4.25,en,wordfreq,0,3.0
emperors,3.21,en,wordfreq,0,3.4
emphasis,4.19,en,wordfreq,0,3.25
emphasise,3.07,en,wordfreq,1,3.25
emphasised,3.18,en,wordfreq,1,3.4
emphasize,3.69,en,wordfreq,1,3.4
emphasized,3.71,en,wordfreq,2,3.75
emphasizes,3.48,en,wordfreq,1,3.8
emphasizing,3.36,en,wordfreq,0,4.4
emphatic,3.09,en,wordfreq,0,3.55
emphatically,3.07,en,wordfreq,0,4.45
empire,4.54,en,wordfreq,2,2.15
empires,3.4,en,wordfreq,2,2.45
empirical,3.62,en,wordfreq,0,3.85
employ,3.96,en,wordfreq,0,2.5
employed,4.42,en,wordfreq,2,2.4
employee,4.5,en,wordfreq,2,2.65
employees,4.81,en,wordfreq,1,3.05
employer,4.22,en,wordfreq,2,2.45
employers,4.25,en,wordfreq,1,2.8
employing,3.73,en,wordfreq,0,2.75
employment,4.56,en,wordfreq,0,3.35
employs,3.73,en,wordfreq,0,2.65
empower,3.51,en,wordfreq,0,2.7
empowered,3.59,en,wordfreq,0,3.35
empowering,3.48,en,wordfreq,0,3.45
empowerment,3.54,en,wordfreq,0,4.2
empowers,2.95,en,wordfreq,0,2.75
empress,3.45,en,wordfreq,2,2.55
emptied,3.31,en,wordfreq,0,2.85
emptiness,3.27,en,wordfreq,0,3.8
empty,4.59,en,wordfreq,0,2.35
emptying,3.08,en,wordfreq,0,2.8
ems,3.36,en,wordfreq,17,1.0
emu,3.05,en,wordfreq,6,1.55
emulate,3.41,en,wordfreq,0,2.75
emulation,3.04,en,wordfreq,0,2.7
en,4.5,en,wordfreq,41,1.0
enable,4.3,en,wordfreq,1,1.9
enabled,4.11,en,wordfreq,1,2.6
enables,3.94,en,wordfreq,1,2.4
enabling,3.92,en,wordfreq,0,2.85
enact,3.43,en,wordfreq,1,1.95
enacted,3.75,en,wordfreq,0,2.45
enacting,3.11,en,wordfreq,1,2.6
enactment,3.22,en,wordfreq,0,3.25
enamel,3.35,en,wordfreq,0,2.55
encampment,2.97,en,wordfreq,0,3.95
encased,3.0,en,wordfreq,0,2.6
enchanted,3.44,en,wordfreq,0,2.75
enchanting,3.15,en,wordfreq,0,3.35
enchantment,2.98,en,wordfreq,0,4.35
enclave,3.19,en,wordfreq,0,2.95
enclosed,3.74,en,wordfreq,0,2.85
enclosure,3.61,en,wordfreq,0,3.45
enclosures,3.08,en,wordfreq,0,3.5
encode,2.95,en,wordfreq,1,2.55
encoded,3.31,en,wordfreq,0,2.5
encoding,3.38,en,wordfreq,0,2.7
encompass,3.27,en,wordfreq,0,3.9
encompasses,3.41,en,wordfreq,0,4.45
encompassing,3.35,en,wordfreq,0,4.5
encore,3.39,en,wordfreq,1,2.4
encounter,4.26,en,wordfreq,0,3.25
encountered,4.06,en,wordfreq,0,3.75
encountering,3.23,en,wordfreq,0,3.95
encounters,4.0,en,wordfreq,0,3.45
encourage,4.45,en,wordfreq,1,3.2
encouraged,4.32,en,wordfreq,1,3.4
encouragement,3.79,en,wordfreq,0,4.8
encourages,3.84,en,wordfreq,1,3.5
encouraging,4.14,en,wordfreq,0,3.8
encrypted,3.42,en,wordfreq,0,3.75
encryption,3.56,en,wordfreq,0,3.7
encyclopedia,3.52,en,wordfreq,0,6.55
end,5.68,en,wordfreq,6,1.2
endanger,3.23,en,wordfreq,0,2.9
endangered,3.86,en,wordfreq,0,3.7
endangering,3.08,en,wordfreq,0,3.95
endearing,3.13,en,wordfreq,0,2.8
endeavor,3.56,en,wordfreq,0,3.55
endeavors,3.32,en,wordfreq,0,3.55
endeavour,3.45,en,wordfreq,0,3.85
endeavours,3.03,en,wordfreq,0,4.15
ended,4.92,en,wordfreq,0,1.95
endemic,3.37,en,wordfreq,0,3.2
endgame,3.16,en,wordfreq,0,3.0
ending,4.68,en,wordfreq,0,1.65
endings,3.54,en,wordfreq,0,2.25
endless,4.18,en,wordfreq,0,2.75
endlessly,3.46,en,wordfreq,0,3.8
endocrine,3.06,en,wordfreq,0,3.75
endogenous,2.99,en,wordfreq,0,4.65
endorse,3.63,en,wordfreq,0,2.55
endorsed,3.87,en,wordfreq,1,2.65
endorsement,3.75,en,wordfreq,0,3.65
endorsements,3.26,en,wordfreq,0,4.25
endorses,3.02,en,wordfreq,1,2.75
endorsing,3.24,en,wordfreq,0,2.9
endothelial,3.0,en,wordfreq,0,5.45
endowed,3.41,en,wordfreq,0,2.7
endowment,3.52,en,wordfreq,0,3.6
ends,4.75,en,wordfreq,0,1.7
endurance,3.74,en,wordfreq,0,3.45
endure,3.82,en,wordfreq,1,2.05
endured,3.58,en,wordfreq,2,2.0
endures,2.98,en,wordfreq,2,2.35
enduring,3.67,en,wordfreq,1,2.4
enemies,4.4,en,wordfreq,0,2.9
enemy,4.7,en,wordfreq,0,2.4
energetic,3.71,en,wordfreq,0,3.95
energies,3.54,en,wordfreq,0,2.8
energized,3.06,en,wordfreq,0,3.7
energy,5.23,en,wordfreq,0,2.6
enfield,3.09,en,wordfreq,2,2.7
enforce,3.96,en,wordfreq,0,2.6
enforceable,3.02,en,wordfreq,0,4.5
enforced,3.79,en,wordfreq,1,2.6
enforcement,4.45,en,wordfreq,0,3.6
enforcer,2.99,en,wordfreq,1,2.8
enforcing,3.57,en,wordfreq,0,2.8
eng,3.66,en,wordfreq,9,1.2
engage,4.36,en,wordfreq,0,2.55
engaged,4.52,en,wordfreq,2,2.55
engagement,4.31,en,wordfreq,0,3.55
engagements,3.48,en,wordfreq,0,3.75
engages,3.39,en,wordfreq,1,2.7
engaging,4.13,en,wordfreq,0,2.95
engel,3.0,en,wordfreq,1,1.95
engine,4.84,en,wordfreq,0,2.15
engineer,4.5,en,wordfreq,0,3.35
engineered,3.71,en,wordfreq,0,3.95
engineering,4.8,en,wordfreq,0,4.2
engineers,4.41,en,wordfreq,0,3.5
engines,4.35,en,wordfreq,0,2.7
england,5.12,en,wordfreq,0,2.9
english,5.19,en,wordfreq,0,2.9
englishman,3.42,en,wordfreq,0,4.7
engraved,3.52,en,wordfreq,0,2.85
engraving,3.31,en,wordfreq,0,3.1
engravings,3.01,en,wordfreq,0,3.75
engulfed,3.07,en,wordfreq,0,3.4
enhance,4.04,en,wordfreq,0,2.6
enhanced,4.08,en,wordfreq,1,2.7
enhancement,3.63,en,wordfreq,0,3.55
enhancements,3.16,en,wordfreq,0,3.95
enhances,3.31,en,wordfreq,1,2.65
enhancing,3.64,en,wordfreq,0,2.95
enigma,3.24,en,wordfreq,0,2.85
enigmatic,3.11,en,wordfreq,0,3.8
enjoy,5.09,en,wordfreq,1,2.45
enjoyable,3.91,en,wordfreq,0,3.9
enjoyed,4.59,en,wordfreq,0,2.75
enjoying,4.42,en,wordfreq,0,2.9
enjoyment,3.81,en,wordfreq,0,3.5
enjoys,3.93,en,wordfreq,0,2.7
enlarge,3.2,en,wordfreq,0,2.8
enlarged,3.62,en,wordfreq,0,2.8
enlargement,3.2,en,wordfreq,0,3.7
enlighten,3.22,en,wordfreq,0,3.35
enlightened,3.49,en,wordfreq,0,4.0
enlightening,3.09,en,wordfreq,0,4.15
enlightenment,3.67,en,wordfreq,0,5.1
enlist,3.37,en,wordfreq,0,2.35
enlisted,3.75,en,wordfreq,0,2.8
enmity,3.01,en,wordfreq,1,2.55
ennis,3.11,en,wordfreq,0,2.1
enoch,3.09,en,wordfreq,1,2.25
enormous,4.25,en,wordfreq,0,3.3
enormously,3.39,en,wordfreq,0,3.9
enough,5.54,en,wordfreq,0,2.45
enquiries,3.36,en,wordfreq,1,2.95
enquiry,3.41,en,wordfreq,1,2.75
enraged,3.33,en,wordfreq,1,2.55
enrich,3.3,en,wordfreq,1,2.3
enriched,3.5,en,wordfreq,0,2.95
enriching,3.04,en,wordfreq,0,3.35
enrichment,3.52,en,wordfreq,0,3.65
enrico,2.95,en,wordfreq,1,2.6
enrique,3.48,en,wordfreq,0,2.9
enroll,3.45,en,wordfreq,0,2.75
enrolled,3.92,en,wordfreq,0,2.9
enrolling,3.17,en,wordfreq,0,2.8
enrollment,3.92,en,wordfreq,0,3.6
enrolment,3.09,en,wordfreq,0,3.4
ensemble,3.72,en,wordfreq,0,3.2
ensembles,2.99,en,wordfreq,0,3.4
enshrined,3.04,en,wordfreq,0,3.75
ensign,3.27,en,wordfreq,0,2.65
enslaved,3.32,en,wordfreq,0,2.9
ensued,3.34,en,wordfreq,1,2.35
ensues,3.03,en,wordfreq,1,2.35
ensuing,3.54,en,wordfreq,0,2.6
ensure,4.7,en,wordfreq,3,1.75
ensured,3.54,en,wordfreq,3,1.9
ensures,3.6,en,wordfreq,2,2.05
ensuring,4.0,en,wordfreq,1,2.5
ent,3.32,en,wordfreq,11,1.0
entail,3.21,en,wordfreq,0,2.35
entails,3.37,en,wordfreq,0,2.5
entangled,3.18,en,wordfreq,0,3.25
enter,4.81,en,wordfreq,3,1.75
entered,4.72,en,wordfreq,0,2.15
entering,4.42,en,wordfreq,0,2.35
enterprise,4.38,en,wordfreq,0,3.95
enterprises,4.0,en,wordfreq,0,4.1
enterprising,2.95,en,wordfreq,0,4.4
enters,4.01,en,wordfreq,1,1.8
entertain,3.83,en,wordfreq,0,3.4
entertained,3.64,en,wordfreq,1,3.4
entertainer,3.45,en,wordfreq,1,3.6
entertainers,3.15,en,wordfreq,0,4.15
entertaining,4.11,en,wordfreq,0,3.75
entertainment,4.6,en,wordfreq,0,4.65
enthusiasm,4.02,en,wordfreq,1,4.55
enthusiast,3.46,en,wordfreq,1,4.45
enthusiastic,3.84,en,wordfreq,0,5.35
enthusiasts,3.56,en,wordfreq,0,5.05
entice,3.15,en,wordfreq,1,2.4
enticing,3.12,en,wordfreq,0,2.85
entire,5.09,en,wordfreq,1,1.95
entirely,4.72,en,wordfreq,1,3.05
entirety,3.69,en,wordfreq,1,3.25
entities,3.97,en,wordfreq,0,2.75
entitled,4.51,en,wordfreq,1,2.8
entitlement,3.55,en,wordfreq,0,3.75
entitlements,2.97,en,wordfreq,0,4.25
entity,4.12,en,wordfreq,1,2.5
entourage,3.19,en,wordfreq,1,3.55
entrance,4.39,en,wordfreq,0,2.7
entrances,3.32,en,wordfreq,0,2.9
entrants,3.3,en,wordfreq,0,2.85
entrenched,3.31,en,wordfreq,0,3.65
entrepreneur,3.99,en,wordfreq,0,5.6
entrepreneurial,3.4,en,wordfreq,0,7.45
entrepreneurs,3.9,en,wordfreq,0,6.1
entries,4.09,en,wordfreq,0,2.65
entropy,3.28,en,wordfreq,0,2.95
entrusted,3.45,en,wordfreq,0,3.4
entry,4.67,en,wordfreq,0,1.9
envelope,3.86,en,wordfreq,0,3.45
envelopes,3.33,en,wordfreq,0,3.55
envious,3.22,en,wordfreq,0,2.85
environment,4.87,en,wordfreq,0,4.0
environmental,4.7,en,wordfreq,0,5.0
environmentally,3.44,en,wordfreq,0,6.2
environments,4.02,en,wordfreq,0,4.4
envisaged,3.11,en,wordfreq,0,3.8
envision,3.17,en,wordfreq,0,2.65
envisioned,3.37,en,wordfreq,0,3.85
envoy,3.48,en,wordfreq,1,2.4
envy,3.84,en,wordfreq,0,1.95
enzo,3.18,en,wordfreq,0,2.0
enzyme,3.82,en,wordfreq,0,2.9
enzymes,3.62,en,wordfreq,0,3.1
eo,3.1,en,wordfreq,47,1.0
eos,3.23,en,wordfreq,18,1.0
ep,4.21,en,wordfreq,47,1.0
epa,3.9,en,wordfreq,13,1.2
ephemeral,2.99,en,wordfreq,0,4.35
ephraim,3.02,en,wordfreq,0,3.9
epi,3.06,en,wordfreq,8,1.4
epic,4.35,en,wordfreq,1,1.85
epidemic,3.8,en,wordfreq,0,3.6
epidemics,3.01,en,wordfreq,0,4.05
epidemiology,3.3,en,wordfreq,0,5.55
epilepsy,3.46,en,wordfreq,0,3.9
epilogue,3.13,en,wordfreq,0,3.7
epiphany,3.16,en,wordfreq,0,3.95
episcopal,3.44,en,wordfreq,0,4.35
episode,4.97,en,wordfreq,0,3.2
episodes,4.43,en,wordfreq,0,3.55
episodic,3.0,en,wordfreq,0,3.7
epithelial,3.06,en,wordfreq,0,4.8
epitome,3.28,en,wordfreq,0,3.5
epl,3.11,en,wordfreq,9,1.4
epoch,3.19,en,wordfreq,1,2.25
eponymous,2.99,en,wordfreq,0,3.85
epoxy,3.1,en,wordfreq,0,2.55
eps,3.57,en,wordfreq,19,1.0
epsom,3.0,en,wordfreq,0,2.75
epstein,3.39,en,wordfreq,0,2.85
eq,3.32,en,wordfreq,30,1.0
equal,4.65,en,wordfreq,0,2.1
equality,4.26,en,wordfreq,0,2.6
equalizer,2.97,en,wordfreq,0,3.9
equally,4.39,en,wordfreq,0,2.75
equals,3.74,en,wordfreq,0,2.6
equate,3.2,en,wordfreq,0,2.05
equated,2.98,en,wordfreq,1,2.5
equates,3.06,en,wordfreq,1,2.45
equation,4.02,en,wordfreq,0,2.7
equations,3.77,en,wordfreq,0,2.85
equator,3.26,en,wordfreq,0,2.7
equatorial,3.21,en,wordfreq,0,4.05
equestrian,3.2,en,wordfreq,0,4.25
equilibrium,3.6,en,wordfreq,0,5.9
equine,3.07,en,wordfreq,0,2.35
equinox,3.02,en,wordfreq,0,3.4
equip,3.5,en,wordfreq,0,2.6
equipment,4.88,en,wordfreq,0,3.75
equipped,4.28,en,wordfreq,0,3.0
equipping,3.01,en,wordfreq,0,3.05
equitable,3.36,en,wordfreq,0,3.6
equities,3.23,en,wordfreq,0,2.85
equity,4.3,en,wordfreq,0,2.45
equivalence,3.17,en,wordfreq,0,4.8
equivalent,4.5,en,wordfreq,0,4.3
equivalents,3.24,en,wordfreq,0,4.6
er,4.24,en,wordfreq,48,1.0
era,4.67,en,wordfreq,16,1.0
eradicate,3.29,en,wordfreq,0,3.3
eradicated,3.03,en,wordfreq,0,3.3
eradication,3.12,en,wordfreq,0,3.25
eras,3.21,en,wordfreq,3,1.65
erase,3.66,en,wordfreq,0,1.85
erased,3.49,en,wordfreq,0,1.9
erasing,3.04,en,wordfreq,0,1.95
erasmus,3.12,en,wordfreq,0,3.0
erdogan,3.24,en,wordfreq,0,3.1
ere,3.14,en,wordfreq,14,1.0
erect,3.52,en,wordfreq,2,1.9
erected,3.85,en,wordfreq,2,1.9
erection,3.52,en,wordfreq,2,2.0
ergo,2.97,en,wordfreq,1,1.9
eric,4.49,en,wordfreq,4,1.65
erica,3.56,en,wordfreq,2,1.8
erich,2.99,en,wordfreq,1,1.8
erickson,3.06,en,wordfreq,1,3.05
ericsson,3.02,en,wordfreq,1,3.35
erie,3.57,en,wordfreq,4,1.6
erik,3.68,en,wordfreq,3,1.8
erika,3.17,en,wordfreq,1,1.95
eriksen,2.95,en,wordfreq,0,2.85
erin,3.68,en,wordfreq,4,1.65
eritrea,3.05,en,wordfreq,0,3.0
erm,3.22,en,wordfreq,9,1.25
ernest,3.72,en,wordfreq,0,2.25
ernesto,3.06,en,wordfreq,0,2.8
ernie,3.45,en,wordfreq,0,1.9
ernst,3.51,en,wordfreq,0,1.95
erode,3.03,en,wordfreq,0,1.9
eroded,3.33,en,wordfreq,0,2.25
eros,3.0,en,wordfreq,4,1.55
erosion,3.64,en,wordfreq,0,2.85
erotic,3.74,en,wordfreq,1,2.35
erotica,3.02,en,wordfreq,0,2.75
erp,3.02,en,wordfreq,8,1.45
err,3.39,en,wordfreq,9,1.35
errand,3.05,en,wordfreq,0,2.5
errands,3.3,en,wordfreq,0,2.75
erratic,3.34,en,wordfreq,0,2.95
erroneous,3.22,en,wordfreq,0,3.9
erroneously,3.08,en,wordfreq,0,5.0
error,4.55,en,wordfreq,0,2.05
errors,4.25,en,wordfreq,0,2.55
ers,3.17,en,wordfreq,17,1.0
erskine,2.97,en,wordfreq,0,3.0
erupt,2.97,en,wordfreq,0,2.1
erupted,3.39,en,wordfreq,0,2.75
eruption,3.52,en,wordfreq,0,2.75
eruptions,3.17,en,wordfreq,0,2.85
erupts,2.95,en,wordfreq,0,2.75
erwin,3.08,en,wordfreq,2,1.85
es,3.93,en,wordfreq,48,1.0
esa,3.28,en,wordfreq,18,1.0
escalate,3.35,en,wordfreq,0,2.95
escalated,3.44,en,wordfreq,0,3.0
escalating,3.27,en,wordfreq,0,3.4
escalation,3.32,en,wordfreq,0,3.05
escalator,3.02,en,wordfreq,0,3.55
escape,4.64,en,wordfreq,0,2.4
escaped,4.18,en,wordfreq,1,2.55
escapes,3.56,en,wordfreq,1,2.55
escaping,3.73,en,wordfreq,0,2.8
escobar,3.16,en,wordfreq,0,3.35
escort,4.0,en,wordfreq,0,2.1
escorted,3.49,en,wordfreq,0,2.65
escorting,2.99,en,wordfreq,0,2.65
escorts,3.42,en,wordfreq,1,2.3
escrow,3.04,en,wordfreq,0,2.9
eskimo,3.0,en,wordfreq,0,2.95
esl,3.12,en,wordfreq,8,1.45
esoteric,3.17,en,wordfreq,0,3.85
esp,3.55,en,wordfreq,12,1.2
especially,5.21,en,wordfreq,0,3.5
espionage,3.47,en,wordfreq,0,3.9
espn,3.93,en,wordfreq,0,1.95
esports,3.21,en,wordfreq,2,2.0
espresso,3.39,en,wordfreq,0,3.4
esq,3.15,en,wordfreq,4,1.65
esque,3.3,en,wordfreq,0,2.6
esquire,3.11,en,wordfreq,0,2.5
essay,4.23,en,wordfreq,1,1.95
essays,4.08,en,wordfreq,1,2.65
essence,4.03,en,wordfreq,0,2.9
essendon,3.04,en,wordfreq,0,3.7
essential,4.61,en,wordfreq,0,3.45
essentially,4.42,en,wordfreq,0,4.2
essentials,3.57,en,wordfreq,0,3.95
essex,3.92,en,wordfreq,0,2.2
est,4.11,en,wordfreq,17,1.0
establish,4.46,en,wordfreq,0,3.6
established,4.9,en,wordfreq,1,4.05
establishes,3.47,en,wordfreq,1,4.25
establishing,4.11,en,wordfreq,0,4.35
establishment,4.42,en,wordfreq,0,5.15
establishments,3.84,en,wordfreq,0,5.7
estate,4.82,en,wordfreq,0,1.9
estates,3.88,en,wordfreq,0,2.1
esteban,2.98,en,wordfreq,0,2.95
esteem,3.9,en,wordfreq,0,2.55
esteemed,3.28,en,wordfreq,0,2.7
ester,3.06,en,wordfreq,2,1.6
esther,3.62,en,wordfreq,1,1.85
estimate,4.29,en,wordfreq,0,2.65
estimated,4.62,en,wordfreq,1,2.8
estimates,4.3,en,wordfreq,1,3.0
estimating,3.33,en,wordfreq,0,3.45
estimation,3.46,en,wordfreq,0,2.9
estonia,3.48,en,wordfreq,0,2.75
estonian,3.1,en,wordfreq,0,3.45
estranged,3.24,en,wordfreq,0,2.8
estrogen,3.36,en,wordfreq,0,3.45
estuary,3.26,en,wordfreq,0,2.95
et,4.66,en,wordfreq,48,1.0
eta,3.37,en,wordfreq,14,1.0
etc,5.03,en,wordfreq,10,1.35
etched,3.26,en,wordfreq,0,2.0
etching,3.13,en,wordfreq,1,2.1
eternal,4.11,en,wordfreq,0,2.65
eternally,3.26,en,wordfreq,0,3.2
eternity,3.8,en,wordfreq,0,3.35
etf,3.09,en,wordfreq,8,1.45
eth,3.21,en,wordfreq,5,1.45
ethan,3.7,en,wordfreq,0,1.95
ethanol,3.46,en,wordfreq,0,3.0
ethel,3.33,en,wordfreq,1,1.9
ether,3.4,en,wordfreq,2,1.7
ethereal,3.2,en,wordfreq,0,2.85
ethereum,3.21,en,wordfreq,0,3.45
ethernet,3.28,en,wordfreq,0,3.4
ethic,3.54,en,wordfreq,0,1.9
ethical,4.07,en,wordfreq,0,2.75
ethically,3.11,en,wordfreq,0,3.25
ethics,4.19,en,wordfreq,0,2.6
ethiopia,3.73,en,wordfreq,0,3.8
ethiopian,3.51,en,wordfreq,0,4.3
ethnic,4.33,en,wordfreq,0,2.75
ethnically,3.12,en,wordfreq,0,3.45
ethnicities,3.02,en,wordfreq,0,4.7
ethnicity,3.73,en,wordfreq,0,3.75
ethnographic,2.99,en,wordfreq,0,4.75
ethos,3.32,en,wordfreq,0,2.0
etienne,3.1,en,wordfreq,0,3.2
etiquette,3.4,en,wordfreq,0,4.65
eton,3.1,en,wordfreq,2,1.75
ets,2.95,en,wordfreq,16,1.0
etsy,3.36,en,wordfreq,1,1.85
eu,4.62,en,wordfreq,49,1.0
eucalyptus,3.01,en,wordfreq,0,5.2
eucharist,3.05,en,wordfreq,0,3.75
eugene,3.8,en,wordfreq,0,2.85
eugenics,2.97,en,wordfreq,0,3.9
eulogy,3.02,en,wordfreq,0,2.9
eun,3.15,en,wordfreq,16,1.05
euphoria,3.24,en,wordfreq,0,3.85
eur,3.49,en,wordfreq,9,1.35
eurasia,3.01,en,wordfreq,0,3.0
eurasian,2.99,en,wordfreq,0,3.15
eureka,3.32,en,wordfreq,0,2.9
euro,4.09,en,wordfreq,0,1.85
europa,3.6,en,wordfreq,1,2.65
europe,5.04,en,wordfreq,1,2.6
european,5.08,en,wordfreq,0,3.55
europeans,3.87,en,wordfreq,0,3.75
euros,3.78,en,wordfreq,0,1.9
eurovision,3.2,en,wordfreq,0,3.85
eurozone,3.17,en,wordfreq,0,3.9
euthanasia,3.17,en,wordfreq,0,4.95
ev,3.65,en,wordfreq,43,1.0
eva,3.9,en,wordfreq,9,1.35
evacuate,3.53,en,wordfreq,1,3.0
evacuated,3.66,en,wordfreq,1,2.85
evacuation,3.74,en,wordfreq,1,2.8
evade,3.39,en,wordfreq,0,2.0
evading,2.97,en,wordfreq,0,2.2
evaluate,4.01,en,wordfreq,1,2.75
evaluated,3.83,en,wordfreq,2,2.8
evaluates,2.97,en,wordfreq,1,3.15
evaluating,3.7,en,wordfreq,0,3.2
evaluation,4.21,en,wordfreq,1,2.55
evaluations,3.43,en,wordfreq,0,3.05
evan,3.79,en,wordfreq,4,1.65
evangelical,3.61,en,wordfreq,0,4.5
evangelicals,3.12,en,wordfreq,0,5.4
evangelist,3.1,en,wordfreq,0,4.4
evans,4.22,en,wordfreq,0,1.9
evaporate,3.01,en,wordfreq,0,3.5
evaporated,3.04,en,wordfreq,0,3.5
evaporation,3.08,en,wordfreq,0,3.6
evasion,3.41,en,wordfreq,0,2.6
evasive,3.04,en,wordfreq,0,2.8
eve,4.32,en,wordfreq,6,1.45
evelyn,3.6,en,wordfreq,0,2.85
even,5.99,en,wordfreq,5,1.6
evening,4.86,en,wordfreq,0,2.55
evenings,3.63,en,wordfreq,0,2.8
evenly,3.65,en,wordfreq,0,2.45
event,5.18,en,wordfreq,0,1.85
eventful,3.02,en,wordfreq,0,3.5
events,5.08,en,wordfreq,0,1.9
eventual,3.73,en,wordfreq,0,3.1
eventually,4.88,en,wordfreq,0,3.7
ever,5.66,en,wordfreq,2,1.55
everest,3.43,en,wordfreq,1,2.9
everett,3.53,en,wordfreq,1,2.9
evergreen,3.41,en,wordfreq,0,3.9
everlasting,3.44,en,wordfreq,0,3.95
everton,3.7,en,wordfreq,0,2.8
every,5.79,en,wordfreq,2,1.8
everybody,4.84,en,wordfreq,0,4.5
everyday,4.47,en,wordfreq,0,3.75
everyone,5.47,en,wordfreq,0,3.35
everything,5.54,en,wordfreq,0,3.95
everytime,3.69,en,wordfreq,0,3.8
everywhere,4.66,en,wordfreq,0,4.7
evict,2.97,en,wordfreq,1,1.95
evicted,3.35,en,wordfreq,0,2.5
eviction,3.41,en,wordfreq,0,2.55
evidence,5.14,en,wordfreq,0,2.75
evidenced,3.45,en,wordfreq,0,3.5
evident,3.99,en,wordfreq,0,2.7
evidently,3.6,en,wordfreq,0,3.65
evil,4.74,en,wordfreq,1,1.85
evils,3.35,en,wordfreq,0,1.9
evo,3.19,en,wordfreq,7,1.5
evocative,3.03,en,wordfreq,0,3.65
evoke,3.27,en,wordfreq,0,1.85
evoked,3.12,en,wordfreq,1,1.9
evokes,3.08,en,wordfreq,1,2.4
evolution,4.41,en,wordfreq,0,2.6
evolutionary,3.82,en,wordfreq,0,4.45
evolve,3.8,en,wordfreq,0,2.2
evolved,4.09,en,wordfreq,1,2.25
evolves,3.16,en,wordfreq,1,2.15
evolving,3.77,en,wordfreq,0,2.7
ew,3.58,en,wordfreq,44,1.0
ewan,3.0,en,wordfreq,3,1.8
ewing,3.26,en,wordfreq,2,1.8
ex,4.81,en,wordfreq,36,1.0
exacerbated,3.22,en,wordfreq,0,4.6
exact,4.51,en,wordfreq,1,1.95
exacting,2.95,en,wordfreq,1,2.4
exactly,5.15,en,wordfreq,0,3.1
exaggerate,3.19,en,wordfreq,0,4.4
exaggerated,3.68,en,wordfreq,0,4.1
exaggerating,3.19,en,wordfreq,0,4.55
exaggeration,3.3,en,wordfreq,0,4.2
exalted,3.15,en,wordfreq,0,2.55
exam,4.26,en,wordfreq,0,1.95
examination,4.26,en,wordfreq,0,3.05
examinations,3.61,en,wordfreq,0,3.6
examine,4.18,en,wordfreq,0,2.5
examined,4.1,en,wordfreq,2,2.65
examiner,3.52,en,wordfreq,2,2.7
examiners,2.99,en,wordfreq,0,3.2
examines,3.59,en,wordfreq,2,2.55
examining,3.87,en,wordfreq,0,3.0
example,5.27,en,wordfreq,0,2.75
examples,4.63,en,wordfreq,0,2.8
exams,4.0,en,wordfreq,0,1.95
excavated,3.25,en,wordfreq,0,3.6
excavation,3.46,en,wordfreq,0,3.25
excavations,3.25,en,wordfreq,0,3.55
exceed,3.92,en,wordfreq,0,2.35
exceeded,3.76,en,wordfreq,0,2.7
exceeding,3.61,en,wordfreq,0,2.85
exceedingly,3.35,en,wordfreq,0,4.6
exceeds,3.59,en,wordfreq,0,2.75
excel,3.73,en,wordfreq,1,2.45
excelled,3.19,en,wordfreq,1,2.75
excellence,4.07,en,wordfreq,1,4.2
excellency,3.44,en,wordfreq,1,4.35
excellent,4.73,en,wordfreq,0,3.65
except,5.02,en,wordfreq,0,2.4
exception,4.35,en,wordfreq,0,2.6
exceptional,4.05,en,wordfreq,0,3.7
exceptionally,3.74,en,wordfreq,0,4.85
exceptions,3.97,en,wordfreq,0,2.8
excerpt,3.51,en,wordfreq,0,2.75
excerpts,3.41,en,wordfreq,0,3.1
excess,4.21,en,wordfreq,0,2.35
excesses,3.12,en,wordfreq,0,2.8
excessive,4.12,en,wordfreq,0,3.05
excessively,3.35,en,wordfreq,0,3.7
exchange,4.85,en,wordfreq,0,2.85
exchanged,3.74,en,wordfreq,1,2.8
exchanges,3.95,en,wordfreq,1,3.1
exchanging,3.37,en,wordfreq,0,3.35
exchequer,3.15,en,wordfreq,0,4.0
excise,3.26,en,wordfreq,2,2.25
excitation,3.02,en,wordfreq,0,2.85
excite,3.29,en,wordfreq,1,2.15
excited,4.74,en,wordfreq,1,2.05
excitedly,3.06,en,wordfreq,0,3.7
excitement,4.19,en,wordfreq,0,3.95
excites,3.05,en,wordfreq,1,2.35
exciting,4.54,en,wordfreq,0,2.5
exclaimed,3.05,en,wordfreq,0,3.35
exclamation,3.09,en,wordfreq,0,3.35
exclude,3.78,en,wordfreq,0,2.65
excluded,3.89,en,wordfreq,1,2.55
excludes,3.38,en,wordfreq,1,2.65
excluding,3.92,en,wordfreq,0,3.05
exclusion,3.68,en,wordfreq,0,2.9
exclusive,4.56,en,wordfreq,0,2.85
exclusively,4.24,en,wordfreq,0,4.0
exclusivity,3.07,en,wordfreq,0,4.65
excruciating,3.06,en,wordfreq,0,4.7
excursion,3.33,en,wordfreq,0,3.15
excursions,3.25,en,wordfreq,0,3.35
excuse,4.56,en,wordfreq,1,2.4
excused,3.28,en,wordfreq,1,2.35
excuses,3.95,en,wordfreq,1,2.35
exec,3.32,en,wordfreq,1,1.9
execs,3.01,en,wordfreq,0,1.95
execute,3.95,en,wordfreq,0,2.6
executed,4.27,en,wordfreq,1,2.35
executes,3.06,en,wordfreq,1,2.6
executing,3.54,en,wordfreq,0,2.65
execution,4.29,en,wordfreq,0,2.5
executioner,3.09,en,wordfreq,0,3.85
executions,3.44,en,wordfreq,0,2.65
executive,4.87,en,wordfreq,0,2.85
executives,4.03,en,wordfreq,0,3.3
executor,2.97,en,wordfreq,0,2.8
exemplary,3.38,en,wordfreq,0,4.2
exemplified,3.13,en,wordfreq,0,4.65
exempt,3.78,en,wordfreq,0,2.75
exempted,3.09,en,wordfreq,0,2.8
exemption,3.65,en,wordfreq,0,2.75
exemptions,3.33,en,wordfreq,0,3.2
exercise,4.68,en,wordfreq,0,3.1
exercised,3.52,en,wordfreq,1,3.25
exercises,4.12,en,wordfreq,1,3.3
exercising,3.73,en,wordfreq,0,3.7
exert,3.36,en,wordfreq,1,1.9
exerted,3.09,en,wordfreq,0,2.1
exes,3.07,en,wordfreq,3,1.75
exeter,3.52,en,wordfreq,0,2.4
exhale,3.11,en,wordfreq,0,2.75
exhaust,3.81,en,wordfreq,0,3.0
exhausted,4.08,en,wordfreq,0,3.35
exhausting,3.6,en,wordfreq,0,3.45
exhaustion,3.49,en,wordfreq,0,3.45
exhaustive,3.3,en,wordfreq,0,3.8
exhibit,4.16,en,wordfreq,0,2.95
exhibited,3.86,en,wordfreq,0,3.15
exhibiting,3.4,en,wordfreq,0,3.2
exhibition,4.37,en,wordfreq,0,3.1
exhibitions,3.68,en,wordfreq,0,3.5
exhibitors,3.01,en,wordfreq,0,3.75
exhibits,3.82,en,wordfreq,0,3.1
exhilarating,3.12,en,wordfreq,0,4.85
exile,3.84,en,wordfreq,1,1.85
exiled,3.37,en,wordfreq,2,1.85
exiles,3.09,en,wordfreq,1,1.9
exist,4.73,en,wordfreq,0,1.85
existed,4.29,en,wordfreq,0,2.15
existence,4.55,en,wordfreq,0,3.45
existent,3.51,en,wordfreq,0,2.8
existential,3.47,en,wordfreq,0,4.4
existing,4.75,en,wordfreq,0,2.5
exists,4.48,en,wordfreq,0,2.25
exit,4.35,en,wordfreq,2,1.75
exited,3.38,en,wordfreq,2,1.8
exiting,3.34,en,wordfreq,1,2.0
exits,3.53,en,wordfreq,2,1.8
exo,3.01,en,wordfreq,7,1.45
exodus,3.69,en,wordfreq,0,3.0
exorbitant,3.01,en,wordfreq,0,4.7
exotic,3.91,en,wordfreq,1,2.85
exp,3.66,en,wordfreq,5,1.55
expand,4.35,en,wordfreq,0,2.6
expanded,4.28,en,wordfreq,1,2.65
expanding,4.17,en,wordfreq,0,2.9
expands,3.58,en,wordfreq,0,2.7
expanse,3.2,en,wordfreq,1,2.6
expansion,4.54,en,wordfreq,0,2.75
expansions,3.27,en,wordfreq,0,3.1
expansive,3.38,en,wordfreq,1,2.85
expat,3.01,en,wordfreq,0,2.1
expect,5.01,en,wordfreq,1,1.95
expectancy,3.49,en,wordfreq,0,4.35
expectant,2.95,en,wordfreq,0,3.6
expectation,3.99,en,wordfreq,0,3.5
expectations,4.44,en,wordfreq,0,3.65
expected,4.96,en,wordfreq,0,2.3
expecting,4.42,en,wordfreq,0,2.7
expects,3.89,en,wordfreq,1,2.4
expedite,3.05,en,wordfreq,0,2.95
expedited,2.98,en,wordfreq,0,2.95
expedition,3.99,en,wordfreq,0,3.1
expeditions,3.36,en,wordfreq,0,3.45
expel,3.26,en,wordfreq,1,2.25
expelled,3.7,en,wordfreq,1,2.7
expendable,2.96,en,wordfreq,0,4.2
expended,2.97,en,wordfreq,2,2.45
expenditure,3.74,en,wordfreq,0,4.5
expenditures,3.52,en,wordfreq,0,4.85
expense,4.23,en,wordfreq,1,2.65
expenses,4.33,en,wordfreq,0,2.65
expensive,4.69,en,wordfreq,2,2.55
experience,5.27,en,wordfreq,0,3.25
experienced,4.63,en,wordfreq,1,3.55
experiences,4.55,en,wordfreq,1,3.6
experiencing,4.04,en,wordfreq,0,4.3
experiential,2.98,en,wordfreq,0,4.1
experiment,4.38,en,wordfreq,0,3.45
experimental,4.28,en,wordfreq,0,3.7
experimentally,3.01,en,wordfreq,0,5.05
experimentation,3.47,en,wordfreq,0,4.9
experimented,3.27,en,wordfreq,0,3.8
experimenting,3.53,en,wordfreq,0,4.25
experiments,4.2,en,wordfreq,0,3.55
expert,4.56,en,wordfreq,2,2.05
expertise,4.06,en,wordfreq,0,3.2
experts,4.52,en,wordfreq,2,2.35
expiration,3.48,en,wordfreq,0,2.8
expire,3.54,en,wordfreq,2,2.0
expired,3.81,en,wordfreq,1,2.35
expires,3.52,en,wordfreq,2,2.2
expiring,3.01,en,wordfreq,0,2.7
expiry,3.0,en,wordfreq,1,2.65
explain,4.89,en,wordfreq,0,2.75
explained,4.59,en,wordfreq,0,2.85
explaining,4.23,en,wordfreq,0,3.4
explains,4.42,en,wordfreq,0,2.75
explanation,4.44,en,wordfreq,0,3.15
explanations,3.76,en,wordfreq,0,3.35
explanatory,3.31,en,wordfreq,0,4.6
explicit,3.96,en,wordfreq,0,3.25
explicitly,3.96,en,wordfreq,0,4.1
explode,3.8,en,wordfreq,1,2.4
exploded,3.77,en,wordfreq,2,2.25
explodes,3.41,en,wordfreq,2,2.35
exploding,3.53,en,wordfreq,1,2.65
exploit,3.83,en,wordfreq,0,2.6
exploitation,3.84,en,wordfreq,0,3.65
exploited,3.68,en,wordfreq,0,2.65
exploiting,3.48,en,wordfreq,0,3.05
exploits,3.53,en,wordfreq,0,2.65
exploration,4.19,en,wordfreq,0,3.1
explorations,3.1,en,wordfreq,0,3.45
exploratory,3.18,en,wordfreq,0,4.35
explore,4.31,en,wordfreq,1,2.25
explored,3.9,en,wordfreq,3,2.2
explorer,3.85,en,wordfreq,2,2.35
explorers,3.41,en,wordfreq,0,2.6
explores,3.64,en,wordfreq,3,2.2
exploring,4.06,en,wordfreq,1,2.65
explosion,4.22,en,wordfreq,0,2.75
explosions,3.69,en,wordfreq,0,3.0
explosive,3.97,en,wordfreq,0,2.7
explosives,3.79,en,wordfreq,0,3.25
expo,3.64,en,wordfreq,0,1.9
exponent,2.95,en,wordfreq,0,3.05
exponential,3.33,en,wordfreq,0,4.35
exponentially,3.3,en,wordfreq,0,5.15
export,4.24,en,wordfreq,1,1.9
exported,3.56,en,wordfreq,1,2.2
exporter,3.29,en,wordfreq,1,2.5
exporters,3.3,en,wordfreq,0,2.65
exporting,3.43,en,wordfreq,0,2.55
exports,4.09,en,wordfreq,2,1.95
expose,3.98,en,wordfreq,0,2.15
exposed,4.51,en,wordfreq,1,2.35
exposes,3.42,en,wordfreq,1,2.3
exposing,3.78,en,wordfreq,0,2.65
exposition,3.59,en,wordfreq,0,3.0
exposure,4.44,en,wordfreq,0,3.15
exposures,3.26,en,wordfreq,0,3.3
express,4.68,en,wordfreq,1,2.45
expressed,4.52,en,wordfreq,1,2.55
expresses,3.61,en,wordfreq,1,2.65
expressing,3.99,en,wordfreq,0,2.8
expression,4.55,en,wordfreq,0,2.6
expressions,3.92,en,wordfreq,0,3.2
expressive,3.43,en,wordfreq,0,2.65
expressly,3.48,en,wordfreq,0,3.25
expressway,3.09,en,wordfreq,0,4.1
expulsion,3.41,en,wordfreq,0,3.25
exquisite,3.61,en,wordfreq,0,3.9
ext,3.13,en,wordfreq,9,1.3
extant,3.25,en,wordfreq,1,2.55
extend,4.34,en,wordfreq,1,2.3
extended,4.64,en,wordfreq,1,2.55
extending,4.04,en,wordfreq,0,2.75
extends,3.99,en,wordfreq,0,2.55
extension,4.46,en,wordfreq,0,2.75
extensions,3.82,en,wordfreq,0,3.1
extensive,4.49,en,wordfreq,1,2.8
extensively,3.87,en,wordfreq,0,3.9
extent,4.47,en,wordfreq,2,2.1
exterior,3.91,en,wordfreq,0,3.25
extermination,3.13,en,wordfreq,0,4.3
external,4.52,en,wordfreq,0,2.7
externally,3.3,en,wordfreq,0,3.5
extinct,3.66,en,wordfreq,0,2.85
extinction,3.76,en,wordfreq,0,3.35
extinguish,3.04,en,wordfreq,0,4.55
extinguished,3.19,en,wordfreq,0,5.1
extortion,3.29,en,wordfreq,0,3.15
extra,4.98,en,wordfreq,0,2.3
extracellular,3.05,en,wordfreq,0,6.5
extract,4.02,en,wordfreq,0,2.4
extracted,3.68,en,wordfreq,0,2.8
extracting,3.29,en,wordfreq,0,3.1
extraction,3.8,en,wordfreq,0,2.8
extracts,3.45,en,wordfreq,0,2.65
extracurricular,2.99,en,wordfreq,0,7.8
extradition,3.28,en,wordfreq,0,3.7
extraordinarily,3.42,en,wordfreq,0,7.35
extraordinary,4.36,en,wordfreq,0,6.5
extras,3.6,en,wordfreq,0,2.75
extravagant,3.4,en,wordfreq,0,5.55
extravaganza,2.95,en,wordfreq,0,6.6
extreme,4.6,en,wordfreq,0,3.0
extremely,4.79,en,wordfreq,0,3.7
extremes,3.47,en,wordfreq,0,2.95
extremism,3.31,en,wordfreq,1,3.55
extremist,3.46,en,wordfreq,1,3.4
extremists,3.47,en,wordfreq,0,3.7
extremities,2.97,en,wordfreq,0,4.35
extremity,3.0,en,wordfreq,0,3.4
exuberant,2.97,en,wordfreq,0,4.2
exxon,3.1,en,wordfreq,0,2.45
ey,3.29,en,wordfreq,39,1.0
eye,5.02,en,wordfreq,8,1.3
eyeball,3.1,en,wordfreq,0,3.25
eyeballs,3.21,en,wordfreq,0,3.55
eyebrow,3.37,en,wordfreq,0,3.45
eyebrows,3.75,en,wordfreq,0,3.65
eyed,3.96,en,wordfreq,3,1.8
eyeing,3.16,en,wordfreq,0,2.2
eyelashes,3.12,en,wordfreq,0,3.85
eyelid,3.01,en,wordfreq,0,2.85
eyelids,3.16,en,wordfreq,0,3.05
eyeliner,3.16,en,wordfreq,0,3.35
eyes,5.21,en,wordfreq,3,1.65
eyeshadow,3.14,en,wordfreq,0,4.7
eyesight,3.28,en,wordfreq,0,3.55
eyewitness,3.32,en,wordfreq,0,4.65
eyre,3.13,en,wordfreq,1,1.85
ez,3.24,en,wordfreq,30,1.0
ezekiel,3.25,en,wordfreq,0,3.85
ezra,3.51,en,wordfreq,0,1.95
fa,4.2,en,wordfreq,44,1.0
faa,3.5,en,wordfreq,23,1.0
fab,3.39,en,wordfreq,21,1.0
faber,3.19,en,wordfreq,3,1.85
fabian,3.17,en,wordfreq,0,2.55
fabio,3.2,en,wordfreq,0,2.0
fable,3.16,en,wordfreq,4,1.7
fables,2.97,en,wordfreq,2,1.85
fabregas,3.0,en,wordfreq,0,3.5
fabric,4.08,en,wordfreq,0,2.85
fabricated,3.51,en,wordfreq,0,3.9
fabrication,3.48,en,wordfreq,0,3.6
fabrics,3.58,en,wordfreq,0,2.85
fabulous,4.08,en,wordfreq,0,3.65
facade,3.42,en,wordfreq,0,2.5
face,5.45,en,wordfreq,13,1.1
facebook,4.9,en,wordfreq,0,3.75
faced,4.49,en,wordfreq,10,1.45
faceless,2.98,en,wordfreq,0,2.85
faces,4.59,en,wordfreq,11,1.3
facet,3.18,en,wordfreq,2,1.7
facets,3.26,en,wordfreq,0,1.85
facial,4.1,en,wordfreq,1,2.2
facilitate,3.99,en,wordfreq,0,3.7
facilitated,3.48,en,wordfreq,1,3.75
facilitates,3.27,en,wordfreq,1,3.95
facilitating,3.43,en,wordfreq,0,4.3
facilities,4.66,en,wordfreq,0,3.2
facility,4.6,en,wordfreq,0,2.65
facing,4.5,en,wordfreq,4,1.8
facsimile,2.97,en,wordfreq,0,4.3
fact,5.41,en,wordfreq,5,1.5
faction,3.79,en,wordfreq,1,1.8
factions,3.76,en,wordfreq,0,1.95
facto,3.58,en,wordfreq,1,1.85
factor,4.67,en,wordfreq,0,1.8
factored,2.98,en,wordfreq,0,2.7
factories,3.95,en,wordfreq,0,2.85
factoring,2.96,en,wordfreq,0,2.85
factors,4.64,en,wordfreq,1,1.85
factory,4.55,en,wordfreq,1,2.5
facts,4.72,en,wordfreq,3,1.65
factual,3.61,en,wordfreq,0,2.75
faculties,3.36,en,wordfreq,0,3.6
faculty,4.32,en,wordfreq,0,2.75
fad,3.26,en,wordfreq,24,1.0
fade,3.86,en,wordfreq,13,1.15
faded,3.73,en,wordfreq,7,1.6
fades,3.41,en,wordfreq,6,1.65
fading,3.61,en,wordfreq,3,1.85
fag,3.32,en,wordfreq,25,1.0
faggot,3.48,en,wordfreq,0,2.85
fahrenheit,3.24,en,wordfreq,0,4.95
fail,4.61,en,wordfreq,13,1.2
failed,4.82,en,wordfreq,8,1.55
failing,4.3,en,wordfreq,8,1.45
failings,3.07,en,wordfreq,1,2.05
fails,4.26,en,wordfreq,9,1.5
failure,4.72,en,wordfreq,0,2.75
failures,3.99,en,wordfreq,0,2.85
faint,3.78,en,wordfreq,4,1.75
fainted,3.12,en,wordfreq,2,1.9
fainting,3.01,en,wordfreq,1,1.95
faintly,3.03,en,wordfreq,0,2.65
fair,4.99,en,wordfreq,5,1.4
fairbanks,3.08,en,wordfreq,0,3.95
faire,3.14,en,wordfreq,2,1.7
fairer,3.09,en,wordfreq,0,1.95
fairest,3.09,en,wordfreq,0,2.25
fairfax,3.52,en,wordfreq,0,3.3
fairfield,3.31,en,wordfreq,0,3.3
fairies,3.31,en,wordfreq,0,2.15
fairly,4.5,en,wordfreq,0,1.95
fairness,3.77,en,wordfreq,0,2.8
fairs,3.39,en,wordfreq,5,1.65
fairy,4.08,en,wordfreq,4,1.65
fairytale,3.21,en,wordfreq,0,3.95
faisal,2.95,en,wordfreq,0,2.6
faith,4.82,en,wordfreq,0,1.95
faithful,4.1,en,wordfreq,0,3.0
faithfully,3.27,en,wordfreq,0,4.1
faithfulness,3.0,en,wordfreq,0,5.55
faiths,3.2,en,wordfreq,0,2.2
fake,4.65,en,wordfreq,16,1.05
faked,3.35,en,wordfreq,8,1.55
fakes,3.23,en,wordfreq,10,1.4
faking,3.44,en,wordfreq,7,1.65
falcao,2.95,en,wordfreq,0,2.8
falco,2.95,en,wordfreq,0,1.9
falcon,3.74,en,wordfreq,1,1.95
falcons,3.58,en,wordfreq,0,2.6
falkirk,2.96,en,wordfreq,0,3.0
falklands,2.96,en,wordfreq,0,3.75
fall,5.13,en,wordfreq,12,1.3
fallacy,3.21,en,wordfreq,0,2.95
fallen,4.39,en,wordfreq,1,1.9
falling,4.66,en,wordfreq,3,1.85
fallon,3.45,en,wordfreq,3,1.85
fallout,3.69,en,wordfreq,0,2.75
falls,4.63,en,wordfreq,7,1.6
false,4.63,en,wordfreq,0,2.0
falsely,3.61,en,wordfreq,0,2.9
fam,3.52,en,wordfreq,27,1.0
fame,4.34,en,wordfreq,14,1.0
famed,3.6,en,wordfreq,8,1.45
famer,3.05,en,wordfreq,3,1.7
familial,3.22,en,wordfreq,1,3.2
familiar,4.61,en,wordfreq,1,3.1
familiarity,3.4,en,wordfreq,0,4.6
families,4.94,en,wordfreq,0,2.85
family,5.66,en,wordfreq,0,2.45
famine,3.61,en,wordfreq,0,2.0
famous,4.84,en,wordfreq,0,2.55
famously,3.49,en,wordfreq,0,3.75
fan,4.92,en,wordfreq,32,1.0
fanatic,3.23,en,wordfreq,0,2.7
fanatical,3.02,en,wordfreq,0,3.4
fanatics,3.2,en,wordfreq,0,2.95
fanbase,3.3,en,wordfreq,0,2.9
fancied,3.13,en,wordfreq,1,2.7
fancies,3.03,en,wordfreq,1,2.45
fanciful,2.97,en,wordfreq,0,3.55
fancy,4.35,en,wordfreq,2,1.9
fandom,3.51,en,wordfreq,1,2.65
fanfare,3.2,en,wordfreq,0,2.9
fang,3.34,en,wordfreq,17,1.0
fangs,3.02,en,wordfreq,3,1.75
fannie,3.07,en,wordfreq,0,2.15
fanning,3.11,en,wordfreq,4,1.8
fanny,3.47,en,wordfreq,5,1.75
fans,5.03,en,wordfreq,11,1.25
fantasies,3.62,en,wordfreq,0,3.65
fantastic,4.71,en,wordfreq,0,3.4
fantastical,2.96,en,wordfreq,0,4.05
fantastically,3.02,en,wordfreq,0,4.65
fantasy,4.52,en,wordfreq,0,2.95
faq,3.27,en,wordfreq,12,1.3
far,5.5,en,wordfreq,31,1.0
faraday,2.97,en,wordfreq,1,2.85
farage,3.22,en,wordfreq,2,1.9
farah,3.16,en,wordfreq,1,1.95
faraway,2.99,en,wordfreq,1,2.85
farce,3.33,en,wordfreq,1,1.85
fare,3.94,en,wordfreq,19,1.0
fared,3.08,en,wordfreq,10,1.25
fares,3.61,en,wordfreq,12,1.25
farewell,3.89,en,wordfreq,0,3.3
fargo,3.6,en,wordfreq,4,1.75
farley,3.11,en,wordfreq,3,1.85
farm,4.75,en,wordfreq,7,1.45
farmed,3.25,en,wordfreq,4,1.65
farmer,4.15,en,wordfreq,4,1.7
farmers,4.43,en,wordfreq,0,2.2
farmhouse,3.42,en,wordfreq,0,3.8
farming,4.21,en,wordfreq,4,1.75
farmington,2.96,en,wordfreq,0,3.15
farmland,3.35,en,wordfreq,0,2.8
farms,4.14,en,wordfreq,6,1.6
farr,2.95,en,wordfreq,8,1.5
farrell,3.45,en,wordfreq,2,2.4
fart,3.59,en,wordfreq,14,1.1
farther,3.85,en,wordfreq,1,1.9
farthest,3.06,en,wordfreq,1,2.8
farting,2.97,en,wordfreq,3,1.85
farts,3.19,en,wordfreq,9,1.4
fas,3.04,en,wordfreq,29,1.0
fascia,2.98,en,wordfreq,0,2.7
fascinated,3.6,en,wordfreq,0,3.65
fascinating,4.13,en,wordfreq,0,3.8
fascination,3.48,en,wordfreq,0,3.55
fascism,3.58,en,wordfreq,1,2.75
fascist,3.79,en,wordfreq,1,2.55
fascists,3.37,en,wordfreq,0,2.75
fashion,4.82,en,wordfreq,0,2.5
fashionable,3.65,en,wordfreq,0,4.45
fashioned,3.94,en,wordfreq,0,3.6
fashions,3.22,en,wordfreq,0,2.7
faso,3.1,en,wordfreq,2,1.85
fast,5.13,en,wordfreq,12,1.15
fastball,3.05,en,wordfreq,0,3.2
fasten,2.98,en,wordfreq,1,1.95
fastened,3.02,en,wordfreq,0,2.75
faster,4.64,en,wordfreq,6,1.7
fastest,4.24,en,wordfreq,0,2.35
fasting,3.57,en,wordfreq,5,1.75
fat,4.85,en,wordfreq,28,1.0
fatal,4.1,en,wordfreq,2,1.9
fatalities,3.45,en,wordfreq,0,3.5
fatality,3.16,en,wordfreq,0,2.75
fatally,3.33,en,wordfreq,0,2.75
fate,4.36,en,wordfreq,18,1.0
fated,3.19,en,wordfreq,10,1.45
fateful,3.06,en,wordfreq,1,2.65
fates,3.18,en,wordfreq,13,1.25
father,5.26,en,wordfreq,4,1.65
fatherland,2.98,en,wordfreq,0,3.75
fathers,4.08,en,wordfreq,1,1.85
fathom,3.25,en,wordfreq,0,2.75
fatigue,3.86,en,wordfreq,0,2.9
fatigued,2.98,en,wordfreq,0,3.45
fatima,3.13,en,wordfreq,0,2.9
fats,3.58,en,wordfreq,12,1.0
fatter,3.06,en,wordfreq,6,1.65
fatty,3.8,en,wordfreq,2,1.9
faucet,3.07,en,wordfreq,0,2.3
faulkner,3.31,en,wordfreq,0,3.75
fault,4.64,en,wordfreq,2,1.8
faults,3.68,en,wordfreq,2,1.85
faulty,3.62,en,wordfreq,1,2.25
fauna,3.52,en,wordfreq,1,1.95
faust,3.07,en,wordfreq,1,1.9
faux,3.55,en,wordfreq,1,1.85
fav,3.23,en,wordfreq,13,1.2
fave,3.14,en,wordfreq,17,1.05
favor,4.58,en,wordfreq,1,1.8
favorable,3.85,en,wordfreq,1,3.15
favorably,3.2,en,wordfreq,1,3.65
favored,3.77,en,wordfreq,0,2.45
favoring,3.16,en,wordfreq,0,2.8
favorite,4.97,en,wordfreq,0,3.1
favorites,4.02,en,wordfreq,0,3.25
favors,3.74,en,wordfreq,0,1.95
favour,4.31,en,wordfreq,0,2.05
favourable,3.53,en,wordfreq,0,3.5
favoured,3.55,en,wordfreq,0,2.6
favourite,4.57,en,wordfreq,0,3.35
favourites,3.64,en,wordfreq,0,3.5
favours,3.32,en,wordfreq,0,2.4
fawn,3.02,en,wordfreq,4,1.75
fax,3.63,en,wordfreq,22,1.0
fay,3.29,en,wordfreq,30,1.0
faye,3.17,en,wordfreq,9,1.45
fayetteville,3.04,en,wordfreq,0,6.1
fb,3.76,en,wordfreq,41,1.0
fbi,4.43,en,wordfreq,7,1.5
fc,4.06,en,wordfreq,42,1.0
fca,3.04,en,wordfreq,14,1.15
fcc,3.75,en,wordfreq,9,1.45
fcs,2.95,en,wordfreq,11,1.3
fd,3.17,en,wordfreq,42,1.0
fda,3.87,en,wordfreq,14,1.15
fdr,3.07,en,wordfreq,8,1.45
fe,3.9,en,wordfreq,43,1.0
fear,4.95,en,wordfreq,12,1.2
feared,3.94,en,wordfreq,3,1.8
fearful,3.58,en,wordfreq,1,2.9
fearing,3.59,en,wordfreq,7,1.65
fearless,3.55,en,wordfreq,0,2.8
fears,4.17,en,wordfreq,9,1.45
fearsome,3.05,en,wordfreq,0,3.85
feasibility,3.44,en,wordfreq,0,3.75
feasible,3.72,en,wordfreq,0,3.1
feast,3.95,en,wordfreq,3,1.6
feasts,2.98,en,wordfreq,1,1.85
feat,3.99,en,wordfreq,13,1.15
feather,3.69,en,wordfreq,3,1.75
feathered,3.05,en,wordfreq,1,2.65
feathers,3.79,en,wordfreq,0,2.35
feats,3.23,en,wordfreq,7,1.45
feature,4.82,en,wordfreq,0,2.2
featured,4.44,en,wordfreq,1,2.35
features,4.94,en,wordfreq,1,2.3
featuring,4.45,en,wordfreq,0,2.7
feb,4.38,en,wordfreq,13,1.2
february,5.03,en,wordfreq,0,3.8
fecal,3.01,en,wordfreq,4,1.8
feces,3.22,en,wordfreq,1,1.85
fed,4.51,en,wordfreq,18,1.0
federal,5.13,en,wordfreq,0,2.65
federalism,2.98,en,wordfreq,1,3.9
federalist,3.04,en,wordfreq,1,3.7
federally,3.44,en,wordfreq,0,3.45
federation,4.26,en,wordfreq,0,2.9
federer,3.22,en,wordfreq,0,2.85
federico,3.03,en,wordfreq,0,3.5
fedex,3.41,en,wordfreq,0,2.0
fedora,3.06,en,wordfreq,0,2.85
feds,3.52,en,wordfreq,5,1.6
fee,4.51,en,wordfreq,24,1.0
feeble,3.21,en,wordfreq,0,2.55
feed,4.67,en,wordfreq,14,1.1
feedback,4.32,en,wordfreq,0,3.9
feeder,3.46,en,wordfreq,1,1.9
feeders,3.07,en,wordfreq,0,2.2
feeding,4.28,en,wordfreq,3,1.85
feeds,3.89,en,wordfreq,7,1.5
feel,5.67,en,wordfreq,9,1.4
feelin,3.24,en,wordfreq,0,2.2
feeling,5.13,en,wordfreq,4,1.7
feelings,4.71,en,wordfreq,0,2.35
feels,4.9,en,wordfreq,4,1.65
fees,4.53,en,wordfreq,10,1.25
feet,4.99,en,wordfreq,9,1.45
fei,3.18,en,wordfreq,18,1.0
feinstein,2.97,en,wordfreq,1,3.5
feisty,3.07,en,wordfreq,0,2.4
feldman,3.13,en,wordfreq,0,2.9
felicia,3.08,en,wordfreq,0,2.85
felicity,3.36,en,wordfreq,0,2.9
feline,3.12,en,wordfreq,2,1.9
felipe,3.4,en,wordfreq,1,2.45
felix,3.84,en,wordfreq,1,1.95
fell,4.85,en,wordfreq,15,1.15
fella,3.49,en,wordfreq,3,1.7
fellas,3.5,en,wordfreq,0,1.95
fellow,4.76,en,wordfreq,3,1.8
fellows,3.82,en,wordfreq,2,2.15
fellowship,3.86,en,wordfreq,0,4.35
fellowships,3.14,en,wordfreq,0,4.8
felon,3.17,en,wordfreq,1,1.8
felonies,3.0,en,wordfreq,0,2.85
felons,2.97,en,wordfreq,1,1.95
felony,3.77,en,wordfreq,1,2.45
felt,5.13,en,wordfreq,6,1.7
fema,3.04,en,wordfreq,0,2.0
female,5.0,en,wordfreq,0,2.15
females,4.38,en,wordfreq,0,2.8
feminine,3.91,en,wordfreq,0,3.05
femininity,3.12,en,wordfreq,0,4.1
feminism,3.85,en,wordfreq,1,3.25
feminist,4.12,en,wordfreq,1,3.1
feminists,3.61,en,wordfreq,0,3.65
femme,3.19,en,wordfreq,1,2.15
femur,3.0,en,wordfreq,0,2.2
fence,4.21,en,wordfreq,2,1.8
fenced,3.16,en,wordfreq,1,1.9
fences,3.6,en,wordfreq,1,1.85
fencing,3.56,en,wordfreq,0,2.0
fend,3.21,en,wordfreq,11,1.3
fender,3.4,en,wordfreq,8,1.6
feng,3.4,en,wordfreq,7,1.6
fennel,2.96,en,wordfreq,2,2.15
fenton,3.15,en,wordfreq,2,1.9
fenway,2.99,en,wordfreq,0,2.8
fer,3.06,en,wordfreq,21,1.0
feral,3.29,en,wordfreq,2,1.9
ferdinand,3.53,en,wordfreq,0,3.95
fergus,3.11,en,wordfreq,0,2.65
ferguson,3.88,en,wordfreq,0,3.85
fermentation,3.3,en,wordfreq,0,3.85
fermented,3.18,en,wordfreq,0,2.8
fern,3.27,en,wordfreq,2,1.8
fernandez,3.36,en,wordfreq,1,3.75
fernando,3.74,en,wordfreq,0,3.3
ferns,3.12,en,wordfreq,0,1.95
ferocious,3.21,en,wordfreq,0,3.6
ferrari,3.88,en,wordfreq,0,2.9
ferrell,2.97,en,wordfreq,2,2.55
ferrer,3.0,en,wordfreq,1,1.95
ferret,3.01,en,wordfreq,1,2.2
ferries,3.18,en,wordfreq,1,2.25
ferris,3.4,en,wordfreq,0,2.3
ferry,4.02,en,wordfreq,9,1.55
fertile,3.62,en,wordfreq,0,2.7
fertility,3.78,en,wordfreq,0,3.2
fertilization,3.05,en,wordfreq,0,4.05
fertilizer,3.42,en,wordfreq,0,4.3
fertilizers,3.01,en,wordfreq,0,4.65
fervent,3.04,en,wordfreq,0,2.7
fervor,3.05,en,wordfreq,0,2.65
fest,3.71,en,wordfreq,15,1.15
festival,4.72,en,wordfreq,0,3.5
festivals,3.87,en,wordfreq,0,3.8
festive,3.58,en,wordfreq,0,2.9
festivities,3.45,en,wordfreq,0,4.3
fetal,3.4,en,wordfreq,5,1.75
fetch,3.65,en,wordfreq,1,1.95
fetched,3.35,en,wordfreq,0,2.1
fetching,2.96,en,wordfreq,0,2.3
fetish,3.59,en,wordfreq,0,2.6
fetus,3.6,en,wordfreq,0,2.0
feud,3.62,en,wordfreq,2,1.8
feudal,3.36,en,wordfreq,0,2.6
fever,4.22,en,wordfreq,4,1.75
few,5.6,en,wordfreq,16,1.0
fewer,4.31,en,wordfreq,3,1.85
fewest,3.03,en,wordfreq,1,2.35
fey,2.98,en,wordfreq,16,1.0
fez,2.97,en,wordfreq,7,1.55
ff,3.78,en,wordfreq,37,1.0
ffa,3.16,en,wordfreq,11,1.3
ffs,3.45,en,wordfreq,6,1.55
fg,3.31,en,wordfreq,40,1.0
fha,2.97,en,wordfreq,13,1.25
fi,4.26,en,wordfreq,44,1.0
fia,3.06,en,wordfreq,27,1.0
fiance,3.4,en,wordfreq,1,1.85
fiancee,3.25,en,wordfreq,0,2.65
fiasco,3.3,en,wordfreq,0,2.65
fiat,3.63,en,wordfreq,4,1.65
fiber,4.06,en,wordfreq,3,1.8
fiberglass,3.04,en,wordfreq,0,4.8
fibers,3.64,en,wordfreq,0,1.95
fibre,3.67,en,wordfreq,0,1.9
fibres,3.19,en,wordfreq,0,1.9
fibrosis,3.19,en,wordfreq,0,3.9
fic,2.99,en,wordfreq,16,1.05
fickle,3.12,en,wordfreq,3,2.15
fiction,4.44,en,wordfreq,1,2.25
fictional,3.86,en,wordfreq,0,3.05
fictitious,3.25,en,wordfreq,0,4.3
fiddle,3.43,en,wordfreq,2,2.1
fide,3.28,en,wordfreq,12,1.3
fidel,3.2,en,wordfreq,0,1.95
fidelity,3.52,en,wordfreq,0,3.35
fiduciary,3.05,en,wordfreq,0,4.8
field,5.24,en,wordfreq,3,1.75
fielded,3.03,en,wordfreq,3,2.15
fielder,3.19,en,wordfreq,1,2.25
fielding,3.49,en,wordfreq,2,2.3
fields,4.6,en,wordfreq,1,1.95
fieldwork,2.96,en,wordfreq,0,4.25
fiend,3.1,en,wordfreq,1,1.8
fierce,3.92,en,wordfreq,1,2.25
fiercely,3.35,en,wordfreq,0,3.3
fiery,3.57,en,wordfreq,0,2.0
fiesta,3.34,en,wordfreq,0,2.6
fifa,4.21,en,wordfreq,1,1.85
fife,3.38,en,wordfreq,9,1.55
fifteen,4.14,en,wordfreq,0,2.85
fifteenth,3.3,en,wordfreq,0,3.7
fifth,4.78,en,wordfreq,3,1.8
fifths,3.05,en,wordfreq,0,2.35
fifties,3.21,en,wordfreq,0,2.7
fifty,4.29,en,wordfreq,2,1.9
fig,4.1,en,wordfreq,19,1.0
fight,5.23,en,wordfreq,8,1.4
fighter,4.32,en,wordfreq,2,2.0
fighters,4.21,en,wordfreq,0,2.7
fighting,4.92,en,wordfreq,2,2.5
fights,4.19,en,wordfreq,5,1.65
figs,3.41,en,wordfreq,7,1.6
figurative,3.12,en,wordfreq,0,3.9
figuratively,2.98,en,wordfreq,0,5.25
figure,5.07,en,wordfreq,0,2.5
figured,4.39,en,wordfreq,1,2.7
figures,4.73,en,wordfreq,1,2.5
figurines,2.99,en,wordfreq,0,3.65
figuring,3.69,en,wordfreq,0,2.8
fiji,3.61,en,wordfreq,1,1.95
fil,3.32,en,wordfreq,17,1.0
filament,3.09,en,wordfreq,0,2.75
filaments,2.95,en,wordfreq,0,3.15
file,4.75,en,wordfreq,13,1.2
filed,4.49,en,wordfreq,7,1.35
files,4.46,en,wordfreq,12,1.35
filing,4.05,en,wordfreq,4,1.55
filings,3.22,en,wordfreq,0,1.9
filipina,2.96,en,wordfreq,1,3.45
filipino,3.68,en,wordfreq,1,3.5
filipinos,3.21,en,wordfreq,0,3.7
fill,4.64,en,wordfreq,16,1.0
filled,4.7,en,wordfreq,6,1.65
filler,3.42,en,wordfreq,6,1.65
fillers,3.06,en,wordfreq,3,1.8
fillet,2.97,en,wordfreq,3,1.85
filling,4.19,en,wordfreq,6,1.65
fills,3.71,en,wordfreq,11,1.35
filly,3.15,en,wordfreq,9,1.5
film,5.2,en,wordfreq,3,1.75
filmed,4.06,en,wordfreq,1,1.9
filming,4.19,en,wordfreq,1,1.9
filmmaker,3.62,en,wordfreq,0,3.95
filmmakers,3.51,en,wordfreq,0,4.3
filmmaking,3.23,en,wordfreq,0,3.95
films,4.64,en,wordfreq,3,1.8
filter,4.28,en,wordfreq,2,1.85
filtered,3.51,en,wordfreq,0,2.7
filtering,3.56,en,wordfreq,0,2.85
filters,3.88,en,wordfreq,1,1.9
filth,3.41,en,wordfreq,2,1.85
filthy,3.8,en,wordfreq,0,2.55
filtration,3.31,en,wordfreq,0,3.25
fin,3.7,en,wordfreq,26,1.0
final,5.28,en,wordfreq,0,1.9
finale,4.04,en,wordfreq,1,2.0
finalist,3.45,en,wordfreq,0,2.85
finalists,3.57,en,wordfreq,0,3.55
finalized,3.31,en,wordfreq,0,3.35
finally,5.17,en,wordfreq,0,2.55
finals,4.45,en,wordfreq,1,2.15
finance,4.65,en,wordfreq,0,2.45
financed,3.69,en,wordfreq,1,2.65
finances,3.9,en,wordfreq,1,2.6
financial,5.08,en,wordfreq,0,3.35
financially,3.98,en,wordfreq,0,4.4
financials,3.03,en,wordfreq,0,3.9
financier,3.01,en,wordfreq,0,3.2
financing,4.13,en,wordfreq,0,2.9
finch,3.55,en,wordfreq,3,1.8
find,5.76,en,wordfreq,12,1.15
finder,3.28,en,wordfreq,7,1.6
finding,4.85,en,wordfreq,4,1.75
findings,4.38,en,wordfreq,0,2.4
findlay,2.95,en,wordfreq,0,2.7
finds,4.61,en,wordfreq,6,1.6
fine,5.23,en,wordfreq,17,1.0
fined,3.7,en,wordfreq,8,1.5
finely,3.52,en,wordfreq,0,2.0
finer,3.4,en,wordfreq,7,1.5
fines,3.78,en,wordfreq,13,1.2
finesse,3.18,en,wordfreq,0,2.85
finest,4.15,en,wordfreq,0,1.95
finger,4.48,en,wordfreq,6,1.6
fingered,3.08,en,wordfreq,0,2.7
fingering,3.03,en,wordfreq,1,2.7
fingernails,3.2,en,wordfreq,0,4.4
fingerprint,3.49,en,wordfreq,0,4.5
fingerprints,3.33,en,wordfreq,0,4.8
fingers,4.5,en,wordfreq,3,1.8
fingertips,3.27,en,wordfreq,0,3.85
finish,4.91,en,wordfreq,0,2.05
finished,4.94,en,wordfreq,2,2.4
finisher,3.14,en,wordfreq,2,2.5
finishers,2.95,en,wordfreq,0,3.0
finishes,3.9,en,wordfreq,2,2.55
finishing,4.3,en,wordfreq,0,2.8
finite,3.75,en,wordfreq,0,2.45
fink,3.07,en,wordfreq,13,1.25
finland,3.95,en,wordfreq,0,2.75
finley,3.06,en,wordfreq,0,2.0
finn,3.78,en,wordfreq,8,1.5
finnish,3.67,en,wordfreq,0,2.85
fins,3.36,en,wordfreq,13,1.15
fiona,3.63,en,wordfreq,0,2.0
fir,3.48,en,wordfreq,17,1.0
fire,5.3,en,wordfreq,13,1.05
firearm,3.69,en,wordfreq,1,2.8
firearms,3.91,en,wordfreq,0,3.05
fireball,3.18,en,wordfreq,1,3.3
fired,4.63,en,wordfreq,9,1.45
firefighter,3.37,en,wordfreq,0,4.35
firefighters,3.63,en,wordfreq,0,5.0
firefly,3.13,en,wordfreq,0,2.75
firefox,3.41,en,wordfreq,0,3.35
fireman,3.2,en,wordfreq,2,2.65
firemen,3.11,en,wordfreq,1,2.7
fireplace,3.54,en,wordfreq,0,3.4
firepower,3.27,en,wordfreq,0,3.9
fires,4.17,en,wordfreq,11,1.35
firewall,3.24,en,wordfreq,1,3.25
firewood,3.16,en,wordfreq,0,3.3
firework,2.96,en,wordfreq,0,3.2
fireworks,3.83,en,wordfreq,0,3.6
firing,4.27,en,wordfreq,6,1.7
firm,4.79,en,wordfreq,4,1.7
firmer,2.97,en,wordfreq,2,1.9
firmly,4.0,en,wordfreq,0,2.5
firms,4.38,en,wordfreq,4,1.75
firmware,3.23,en,wordfreq,0,3.7
first,6.11,en,wordfreq,0,1.9
firsthand,3.25,en,wordfreq,0,4.0
firstly,3.73,en,wordfreq,0,2.75
firsts,2.96,en,wordfreq,0,2.05
firth,3.18,en,wordfreq,4,1.8
fiscal,4.26,en,wordfreq,0,2.55
fischer,3.52,en,wordfreq,0,2.65
fish,4.9,en,wordfreq,4,1.7
fished,3.08,en,wordfreq,3,1.85
fisher,4.02,en,wordfreq,2,1.8
fisheries,3.69,en,wordfreq,0,3.5
fisherman,3.49,en,wordfreq,1,3.35
fishermen,3.65,en,wordfreq,1,3.55
fishery,3.22,en,wordfreq,0,2.6
fishes,3.42,en,wordfreq,4,1.8
fishing,4.47,en,wordfreq,1,1.95
fishy,3.28,en,wordfreq,0,1.95
fisk,3.04,en,wordfreq,5,1.75
fission,3.11,en,wordfreq,1,2.45
fist,3.89,en,wordfreq,8,1.4
fists,3.43,en,wordfreq,1,1.8
fit,4.95,en,wordfreq,19,1.0
fitch,3.26,en,wordfreq,8,1.55
fitness,4.39,en,wordfreq,1,2.65
fits,4.27,en,wordfreq,11,1.3
fitted,4.13,en,wordfreq,2,1.9
fitter,3.01,en,wordfreq,8,1.6
fittest,2.99,en,wordfreq,0,2.65
fitting,4.1,en,wordfreq,3,1.8
fittings,3.4,en,wordfreq,0,2.5
fitz,3.32,en,wordfreq,3,1.75
fitzgerald,3.64,en,wordfreq,0,4.85
fitzpatrick,3.25,en,wordfreq,0,5.8
five,5.45,en,wordfreq,11,1.35
fives,3.11,en,wordfreq,9,1.45
fix,4.75,en,wordfreq,13,1.2
fixation,3.27,en,wordfreq,0,2.85
fixed,4.7,en,wordfreq,6,1.7
fixer,3.04,en,wordfreq,5,1.75
fixes,3.59,en,wordfreq,8,1.6
fixing,4.09,en,wordfreq,3,1.85
fixture,3.67,en,wordfreq,1,2.5
fixtures,3.79,en,wordfreq,1,2.5
fizz,2.98,en,wordfreq,2,1.9
fk,3.09,en,wordfreq,38,1.0
fl,4.09,en,wordfreq,40,1.0
fla,3.59,en,wordfreq,16,1.0
flack,2.95,en,wordfreq,6,1.6
flag,4.58,en,wordfreq,6,1.5
flagged,3.31,en,wordfreq,0,2.15
flagrant,3.01,en,wordfreq,1,3.25
flags,4.09,en,wordfreq,3,1.75
flagship,3.75,en,wordfreq,0,3.6
flair,3.54,en,wordfreq,2,1.8
flak,3.06,en,wordfreq,5,1.5
flake,3.21,en,wordfreq,4,1.6
flakes,3.38,en,wordfreq,2,1.75
flamboyant,3.06,en,wordfreq,0,4.9
flame,4.07,en,wordfreq,4,1.65
flames,4.03,en,wordfreq,4,1.75
flaming,3.43,en,wordfreq,4,1.75
flamingo,3.06,en,wordfreq,0,2.7
flammable,3.17,en,wordfreq,0,3.95
flanagan,3.17,en,wordfreq,0,3.85
flanders,3.33,en,wordfreq,1,2.35
flank,3.64,en,wordfreq,5,1.65
flanked,3.27,en,wordfreq,0,2.0
flanking,3.02,en,wordfreq,0,2.1
flanks,3.15,en,wordfreq,3,1.8
flannel,3.18,en,wordfreq,0,2.7
flap,3.49,en,wordfreq,9,1.4
flapping,3.01,en,wordfreq,3,2.0
flaps,3.2,en,wordfreq,6,1.6
flare,3.64,en,wordfreq,4,1.65
flared,3.12,en,wordfreq,3,1.75
flares,3.3,en,wordfreq,4,1.7
flash,4.45,en,wordfreq,5,1.65
flashback,3.47,en,wordfreq,0,3.8
flashbacks,3.37,en,wordfreq,0,4.6
flashed,3.35,en,wordfreq,4,1.75
flashes,3.56,en,wordfreq,2,1.9
flashing,3.68,en,wordfreq,2,1.95
flashlight,3.46,en,wordfreq,0,4.5
flashy,3.25,en,wordfreq,1,2.25
flask,3.2,en,wordfreq,3,1.8
flat,4.72,en,wordfreq,9,1.3
flats,3.77,en,wordfreq,4,1.65
flatten,2.98,en,wordfreq,1,2.5
flattened,3.36,en,wordfreq,1,2.9
flatter,3.27,en,wordfreq,3,1.7
flattered,3.24,en,wordfreq,1,2.45
flattering,3.46,en,wordfreq,1,2.7
flattery,2.96,en,wordfreq,0,2.5
flavor,4.04,en,wordfreq,0,2.25
flavored,3.44,en,wordfreq,0,2.55
flavors,3.61,en,wordfreq,0,2.45
flavour,3.73,en,wordfreq,0,2.35
flavoured,3.04,en,wordfreq,0,2.9
flavours,3.38,en,wordfreq,0,2.6
flaw,3.6,en,wordfreq,8,1.45
flawed,3.72,en,wordfreq,2,1.9
flawless,3.6,en,wordfreq,0,3.05
flaws,3.85,en,wordfreq,5,1.65
flax,3.05,en,wordfreq,7,1.5
flea,3.42,en,wordfreq,5,1.6
fleas,3.11,en,wordfreq,1,1.9
fled,4.05,en,wordfreq,8,1.45
fledged,3.26,en,wordfreq,1,2.45
fledgling,3.1,en,wordfreq,0,3.2
flee,3.81,en,wordfreq,6,1.55
fleece,3.36,en,wordfreq,0,2.5
fleeing,3.64,en,wordfreq,3,2.0
fleet,4.33,en,wordfreq,0,1.85
fleeting,3.32,en,wordfreq,0,2.1
fleets,3.31,en,wordfreq,0,1.95
fleetwood,3.13,en,wordfreq,0,3.8
fleming,3.56,en,wordfreq,3,1.85
flemish,3.09,en,wordfreq,0,2.85
flesh,4.2,en,wordfreq,3,1.8
fleshy,2.99,en,wordfreq,1,2.55
fletcher,3.8,en,wordfreq,0,2.95
fleur,2.96,en,wordfreq,1,1.95
flew,4.16,en,wordfreq,8,1.5
flex,3.73,en,wordfreq,7,1.6
flexibility,4.02,en,wordfreq,0,4.3
flexible,4.13,en,wordfreq,0,3.65
flexing,3.07,en,wordfreq,2,2.3
flick,3.63,en,wordfreq,5,1.6
flicker,3.1,en,wordfreq,0,2.2
flickering,2.99,en,wordfreq,0,3.1
flickr,3.33,en,wordfreq,1,2.25
flicks,3.08,en,wordfreq,3,1.75
fliers,2.99,en,wordfreq,1,1.9
flies,4.09,en,wordfreq,2,1.8
flight,4.86,en,wordfreq,5,1.6
flights,4.21,en,wordfreq,0,1.95
flimsy,3.1,en,wordfreq,0,2.75
flinders,3.02,en,wordfreq,1,2.45
fling,3.33,en,wordfreq,5,1.6
flint,3.77,en,wordfreq,4,1.75
flip,4.2,en,wordfreq,5,1.65
flipped,3.65,en,wordfreq,3,2.05
flipping,3.57,en,wordfreq,3,1.9
flips,3.29,en,wordfreq,5,1.65
flirt,3.52,en,wordfreq,1,1.9
flirting,3.64,en,wordfreq,0,2.5
flirty,3.03,en,wordfreq,0,2.35
flo,3.3,en,wordfreq,5,1.5
float,3.94,en,wordfreq,0,1.85
floated,3.41,en,wordfreq,1,1.95
floating,4.18,en,wordfreq,0,2.1
floats,3.46,en,wordfreq,0,1.9
flock,3.69,en,wordfreq,5,1.65
flocks,3.03,en,wordfreq,3,1.75
flood,4.34,en,wordfreq,3,1.75
flooded,3.79,en,wordfreq,1,2.15
flooding,3.97,en,wordfreq,1,2.25
floods,3.78,en,wordfreq,2,1.8
floor,4.94,en,wordfreq,2,1.85
flooring,3.28,en,wordfreq,1,2.3
floors,4.04,en,wordfreq,1,1.9
flop,3.56,en,wordfreq,3,1.75
flopped,2.98,en,wordfreq,1,2.0
floppy,3.25,en,wordfreq,1,2.65
flops,3.3,en,wordfreq,4,1.75
flora,3.7,en,wordfreq,0,1.95
floral,3.77,en,wordfreq,0,2.2
florence,3.96,en,wordfreq,0,3.05
flores,3.3,en,wordfreq,1,1.95
florida,4.76,en,wordfreq,0,2.75
florist,3.01,en,wordfreq,0,2.8
floss,3.18,en,wordfreq,3,1.8
flotation,3.13,en,wordfreq,0,2.8
flour,4.0,en,wordfreq,2,1.85
flourish,3.53,en,wordfreq,0,2.9
flourished,3.32,en,wordfreq,0,3.8
flourishing,3.29,en,wordfreq,0,4.15
flow,4.68,en,wordfreq,7,1.45
flowed,3.33,en,wordfreq,3,1.85
flower,4.42,en,wordfreq,3,1.75
flowering,3.53,en,wordfreq,0,2.65
flowers,4.64,en,wordfreq,0,1.95
flowing,4.02,en,wordfreq,3,1.85
flown,3.83,en,wordfreq,4,1.75
flows,4.14,en,wordfreq,6,1.6
floyd,3.83,en,wordfreq,2,1.9
flu,3.96,en,wordfreq,5,1.55
fluctuate,2.99,en,wordfreq,0,3.95
fluctuating,3.0,en,wordfreq,0,4.25
fluctuations,3.47,en,wordfreq,0,4.2
fluency,3.02,en,wordfreq,0,2.95
fluent,3.52,en,wordfreq,0,2.6
fluff,3.2,en,wordfreq,1,1.9
fluffy,3.59,en,wordfreq,0,2.55
fluid,4.22,en,wordfreq,0,1.95
fluids,3.73,en,wordfreq,0,2.55
fluke,3.14,en,wordfreq,2,1.85
flung,3.33,en,wordfreq,2,1.8
fluorescence,3.24,en,wordfreq,0,5.4
fluorescent,3.37,en,wordfreq,0,4.65
fluoride,3.25,en,wordfreq,0,3.55
flurry,3.11,en,wordfreq,1,2.4
flush,3.8,en,wordfreq,5,1.7
flushed,3.27,en,wordfreq,1,2.35
flushing,3.4,en,wordfreq,2,2.35
flute,3.52,en,wordfreq,1,1.95
flutter,3.06,en,wordfreq,2,1.9
fluttering,2.99,en,wordfreq,1,2.8
flux,3.57,en,wordfreq,3,1.75
fly,4.75,en,wordfreq,9,1.4
flyer,3.58,en,wordfreq,2,1.85
flyers,3.69,en,wordfreq,1,1.9
flying,4.71,en,wordfreq,1,1.85
flynn,3.78,en,wordfreq,0,2.1
fm,4.02,en,wordfreq,42,1.0
fn,3.4,en,wordfreq,36,1.0
fo,3.65,en,wordfreq,42,1.0
foam,3.78,en,wordfreq,2,1.85
foaming,2.95,en,wordfreq,4,1.8
fob,3.1,en,wordfreq,15,1.1
focal,3.67,en,wordfreq,3,1.85
focus,5.0,en,wordfreq,1,1.95
focused,4.65,en,wordfreq,1,2.5
focuses,4.08,en,wordfreq,1,2.55
focusing,4.25,en,wordfreq,0,2.85
focussed,3.13,en,wordfreq,0,2.85
fodder,3.36,en,wordfreq,1,1.95
foe,3.51,en,wordfreq,18,1.0
foes,3.43,en,wordfreq,6,1.6
fog,3.9,en,wordfreq,14,1.05
foggy,3.19,en,wordfreq,2,1.9
foil,3.76,en,wordfreq,8,1.45
foiled,2.98,en,wordfreq,5,1.65
fol,3.26,en,wordfreq,14,1.0
fold,4.08,en,wordfreq,11,1.3
folded,3.78,en,wordfreq,2,1.9
folder,3.74,en,wordfreq,6,1.6
folders,3.22,en,wordfreq,1,1.9
folding,3.7,en,wordfreq,2,1.9
folds,3.43,en,wordfreq,6,1.6
foley,3.5,en,wordfreq,1,1.95
foliage,3.41,en,wordfreq,0,2.8
folio,3.11,en,wordfreq,1,1.95
folk,4.22,en,wordfreq,4,1.7
folklore,3.49,en,wordfreq,0,3.8
folks,4.59,en,wordfreq,2,1.85
follow,5.14,en,wordfreq,2,2.1
followed,5.05,en,wordfreq,1,2.6
follower,3.56,en,wordfreq,1,2.65
followers,4.29,en,wordfreq,0,3.1
following,5.46,en,wordfreq,0,2.9
follows,4.81,en,wordfreq,1,2.25
folly,3.34,en,wordfreq,8,1.6
fond,3.89,en,wordfreq,10,1.4
fonda,2.98,en,wordfreq,1,1.9
fondly,3.2,en,wordfreq,0,2.25
fondness,3.14,en,wordfreq,0,2.9
fong,3.0,en,wordfreq,19,1.0
font,3.8,en,wordfreq,9,1.4
fontaine,2.99,en,wordfreq,0,2.65
fonts,3.24,en,wordfreq,1,1.85
foo,3.34,en,wordfreq,25,1.0
food,5.4,en,wordfreq,9,1.4
foodie,3.06,en,wordfreq,1,2.2
foods,4.41,en,wordfreq,6,1.6
fool,4.29,en,wordfreq,10,1.35
fooled,3.6,en,wordfreq,5,1.75
fooling,3.31,en,wordfreq,3,1.85
foolish,3.89,en,wordfreq,0,2.75
foolishly,2.96,en,wordfreq,0,3.95
foolishness,3.06,en,wordfreq,0,4.7
fools,3.88,en,wordfreq,5,1.7
foot,4.87,en,wordfreq,11,1.35
footage,4.31,en,wordfreq,0,2.5
football,5.11,en,wordfreq,0,3.25
footballer,3.69,en,wordfreq,0,4.25
footballers,3.45,en,wordfreq,0,4.6
footed,3.3,en,wordfreq,5,1.75
footer,3.1,en,wordfreq,2,1.9
foothills,3.16,en,wordfreq,0,3.9
foothold,3.07,en,wordfreq,0,3.65
footing,3.5,en,wordfreq,3,1.85
footnote,3.17,en,wordfreq,0,3.5
footnotes,3.2,en,wordfreq,0,3.75
footpath,2.99,en,wordfreq,0,3.85
footprint,3.52,en,wordfreq,0,3.75
footprints,3.29,en,wordfreq,0,4.3
footsteps,3.69,en,wordfreq,0,3.75
footwear,3.42,en,wordfreq,0,3.6
footwork,3.12,en,wordfreq,0,3.45
footy,3.15,en,wordfreq,2,1.85
for,7.01,en,wordfreq,17,1.0
forage,3.12,en,wordfreq,1,1.9
foraging,3.13,en,wordfreq,0,2.6
foray,3.04,en,wordfreq,2,1.85
forbade,3.03,en,wordfreq,0,2.8
forbes,3.81,en,wordfreq,1,1.95
forbid,3.66,en,wordfreq,1,2.25
forbidden,3.96,en,wordfreq,0,3.65
forbidding,3.07,en,wordfreq,0,3.7
forbids,3.13,en,wordfreq,0,2.65
force,5.23,en,wordfreq,3,1.7
forced,4.83,en,wordfreq,4,1.75
forceful,3.24,en,wordfreq,0,3.4
forcefully,3.26,en,wordfreq,0,4.05
forces,4.98,en,wordfreq,2,1.85
forcibly,3.46,en,wordfreq,0,3.6
forcing,4.21,en,wordfreq,2,1.9
ford,4.5,en,wordfreq,11,1.35
fordham,2.99,en,wordfreq,0,2.95
fore,3.52,en,wordfreq,15,1.0
forearm,3.28,en,wordfreq,1,2.8
forecast,4.09,en,wordfreq,0,2.9
forecasting,3.47,en,wordfreq,0,3.85
forecasts,3.58,en,wordfreq,0,3.4
foreclosure,3.41,en,wordfreq,0,4.85
forefront,3.52,en,wordfreq,0,3.8
foregoing,3.08,en,wordfreq,0,3.25
foreground,3.26,en,wordfreq,0,4.1
forehead,3.87,en,wordfreq,0,3.15
foreign,5.08,en,wordfreq,0,2.85
foreigner,3.48,en,wordfreq,0,3.5
foreigners,3.87,en,wordfreq,0,3.8
foreman,3.58,en,wordfreq,1,2.15
foremost,3.78,en,wordfreq,0,3.1
forensic,3.75,en,wordfreq,0,3.65
forensics,3.21,en,wordfreq,0,3.8
foreplay,3.01,en,wordfreq,0,2.95
forerunner,2.99,en,wordfreq,0,4.45
foresee,3.18,en,wordfreq,0,2.65
foreseeable,3.34,en,wordfreq,0,4.65
foreseen,2.96,en,wordfreq,0,2.75
foresight,3.16,en,wordfreq,0,3.55
forest,4.7,en,wordfreq,0,1.9
forested,3.03,en,wordfreq,1,2.3
forester,2.98,en,wordfreq,1,2.25
forestry,3.69,en,wordfreq,0,2.8
forests,4.07,en,wordfreq,0,2.3
forever,4.74,en,wordfreq,0,2.6
foreword,3.13,en,wordfreq,0,2.95
forex,3.64,en,wordfreq,0,1.95
forfeit,3.32,en,wordfreq,0,2.8
forfeited,3.07,en,wordfreq,0,3.3
forfeiture,3.04,en,wordfreq,0,3.95
forgave,3.04,en,wordfreq,1,2.65
forge,3.78,en,wordfreq,5,1.55
forged,3.72,en,wordfreq,4,1.75
forgery,3.19,en,wordfreq,0,2.6
forget,5.06,en,wordfreq,2,1.8
forgets,3.41,en,wordfreq,0,2.35
forgetting,3.92,en,wordfreq,0,3.55
forging,3.32,en,wordfreq,2,1.85
forgive,4.25,en,wordfreq,1,2.6
forgiven,3.66,en,wordfreq,1,2.8
forgiveness,3.87,en,wordfreq,0,4.55
forgives,2.96,en,wordfreq,1,2.7
forgiving,3.49,en,wordfreq,0,3.0
forgo,2.99,en,wordfreq,2,1.85
forgot,4.63,en,wordfreq,1,2.25
forgotten,4.4,en,wordfreq,0,3.7
fork,4.03,en,wordfreq,10,1.4
forked,2.96,en,wordfreq,4,1.8
forks,3.45,en,wordfreq,4,1.75
form,5.31,en,wordfreq,10,1.3
forma,2.95,en,wordfreq,3,1.65
formal,4.45,en,wordfreq,3,1.8
formaldehyde,2.97,en,wordfreq,0,5.85
formality,3.15,en,wordfreq,0,3.05
formally,4.01,en,wordfreq,1,2.6
forman,2.95,en,wordfreq,4,1.7
format,4.47,en,wordfreq,2,1.8
formation,4.49,en,wordfreq,0,2.65
formations,3.62,en,wordfreq,0,2.9
formative,3.27,en,wordfreq,1,3.05
formats,3.76,en,wordfreq,0,2.55
formatted,3.01,en,wordfreq,0,3.2
formatting,3.31,en,wordfreq,0,3.35
formed,4.68,en,wordfreq,5,1.75
former,5.28,en,wordfreq,3,1.85
formerly,4.24,en,wordfreq,0,2.8
formidable,3.65,en,wordfreq,0,4.0
forming,4.21,en,wordfreq,4,1.8
forms,4.73,en,wordfreq,8,1.5
formula,4.45,en,wordfreq,0,2.75
formulas,3.44,en,wordfreq,0,3.1
formulate,3.23,en,wordfreq,0,3.0
formulated,3.52,en,wordfreq,0,3.2
formulating,2.96,en,wordfreq,0,3.5
formulation,3.48,en,wordfreq,0,3.1
formulations,3.07,en,wordfreq,0,3.45
forrest,3.6,en,wordfreq,0,2.2
forrester,3.06,en,wordfreq,0,2.7
forsaken,3.16,en,wordfreq,0,3.35
forster,3.29,en,wordfreq,0,1.9
forsyth,3.16,en,wordfreq,0,2.95
fort,4.45,en,wordfreq,11,1.2
forte,3.24,en,wordfreq,6,1.6
forth,4.4,en,wordfreq,6,1.6
forthcoming,3.75,en,wordfreq,0,4.6
forties,3.04,en,wordfreq,0,2.3
fortifications,3.07,en,wordfreq,0,3.9
fortified,3.43,en,wordfreq,1,3.05
fortitude,3.15,en,wordfreq,0,3.35
fortnight,3.41,en,wordfreq,0,3.55
fortnite,3.29,en,wordfreq,0,3.05
fortress,3.77,en,wordfreq,0,2.9
forts,3.23,en,wordfreq,9,1.5
fortunate,3.97,en,wordfreq,0,3.3
fortunately,3.97,en,wordfreq,0,4.4
fortune,4.3,en,wordfreq,0,2.75
fortunes,3.62,en,wordfreq,0,2.85
forty,4.2,en,wordfreq,6,1.65
forum,4.38,en,wordfreq,0,1.9
forums,3.85,en,wordfreq,0,2.05
forward,5.12,en,wordfreq,0,2.55
forwarded,3.36,en,wordfreq,0,3.45
forwarding,3.21,en,wordfreq,0,3.5
forwards,3.81,en,wordfreq,0,2.7
forza,3.1,en,wordfreq,1,1.95
fossil,3.99,en,wordfreq,0,2.75
fossils,3.54,en,wordfreq,0,2.9
foster,4.33,en,wordfreq,4,1.7
fostered,3.17,en,wordfreq,0,2.7
fostering,3.35,en,wordfreq,0,2.9
fosters,3.11,en,wordfreq,2,1.85
fought,4.49,en,wordfreq,2,1.85
foul,4.05,en,wordfreq,5,1.65
fouled,3.07,en,wordfreq,2,1.9
fouls,3.15,en,wordfreq,3,1.8
found,5.68,en,wordfreq,7,1.55
foundation,4.81,en,wordfreq,0,3.45
foundational,3.06,en,wordfreq,0,4.15
foundations,3.97,en,wordfreq,0,3.5
founded,4.5,en,wordfreq,6,1.65
founder,4.46,en,wordfreq,2,1.85
founders,3.83,en,wordfreq,0,2.4
founding,3.99,en,wordfreq,4,2.15
foundry,3.32,en,wordfreq,0,2.55
fountain,3.91,en,wordfreq,1,2.9
fountains,3.29,en,wordfreq,1,2.85
four,5.53,en,wordfreq,7,1.4
fourier,3.07,en,wordfreq,1,2.8
fours,3.24,en,wordfreq,5,1.6
fourteen,3.88,en,wordfreq,0,3.3
fourteenth,3.35,en,wordfreq,0,4.4
fourth,4.83,en,wordfreq,0,2.2
fowl,3.0,en,wordfreq,5,1.65
fowler,3.63,en,wordfreq,1,1.95
fox,4.66,en,wordfreq,13,1.1
foxes,3.42,en,wordfreq,2,1.85
foxx,2.99,en,wordfreq,1,1.9
foxy,3.0,en,wordfreq,2,1.85
foyer,3.09,en,wordfreq,3,1.85
fp,3.17,en,wordfreq,42,1.0
fps,3.35,en,wordfreq,14,1.15
fr,4.09,en,wordfreq,43,1.0
fra,3.09,en,wordfreq,18,1.0
fracking,3.31,en,wordfreq,2,1.85
fractal,2.97,en,wordfreq,0,2.75
fraction,3.96,en,wordfreq,2,2.1
fractional,3.05,en,wordfreq,0,2.8
fractions,3.32,en,wordfreq,0,2.4
fracture,3.7,en,wordfreq,0,2.7
fractured,3.49,en,wordfreq,1,2.7
fractures,3.53,en,wordfreq,1,2.75
fracturing,2.96,en,wordfreq,0,3.25
fragile,3.86,en,wordfreq,0,2.9
fragility,2.98,en,wordfreq,0,3.2
fragment,3.55,en,wordfreq,0,2.8
fragmentation,3.23,en,wordfreq,0,4.55
fragmented,3.33,en,wordfreq,0,3.55
fragments,3.82,en,wordfreq,0,3.0
fragrance,3.53,en,wordfreq,0,3.7
fragrant,3.21,en,wordfreq,1,3.15
frail,3.28,en,wordfreq,2,1.8
frame,4.58,en,wordfreq,1,1.8
framed,3.9,en,wordfreq,1,1.85
frames,4.01,en,wordfreq,2,1.85
framework,4.29,en,wordfreq,0,3.7
frameworks,3.29,en,wordfreq,0,4.3
framing,3.58,en,wordfreq,2,1.9
fran,3.43,en,wordfreq,7,1.35
franc,3.11,en,wordfreq,2,1.65
france,4.94,en,wordfreq,5,1.65
frances,3.7,en,wordfreq,1,1.85
francesca,3.31,en,wordfreq,1,3.5
francesco,3.31,en,wordfreq,2,3.35
franchise,4.29,en,wordfreq,0,3.25
franchises,3.56,en,wordfreq,0,3.55
francis,4.39,en,wordfreq,1,2.2
francisco,4.53,en,wordfreq,1,3.3
franck,2.97,en,wordfreq,3,1.75
franco,3.73,en,wordfreq,3,1.8
francois,3.37,en,wordfreq,0,2.8
francs,3.48,en,wordfreq,4,1.65
frank,4.75,en,wordfreq,6,1.5
franken,3.0,en,wordfreq,0,2.45
frankenstein,3.33,en,wordfreq,0,5.8
frankfurt,3.62,en,wordfreq,0,4.2
frankie,3.65,en,wordfreq,0,2.5
franklin,4.21,en,wordfreq,0,3.05
frankly,4.05,en,wordfreq,0,2.7
franks,3.23,en,wordfreq,3,1.75
frantic,3.33,en,wordfreq,0,2.75
frantically,3.18,en,wordfreq,0,3.4
franz,3.53,en,wordfreq,2,1.85
fraser,3.82,en,wordfreq,0,2.0
frat,3.25,en,wordfreq,8,1.45
fraternal,3.07,en,wordfreq,0,3.35
fraternity,3.56,en,wordfreq,0,4.1
frau,3.07,en,wordfreq,3,1.75
fraud,4.37,en,wordfreq,1,1.85
frauds,3.03,en,wordfreq,0,2.5
fraudulent,3.61,en,wordfreq,0,4.8
fraught,3.12,en,wordfreq,1,2.45
fray,3.28,en,wordfreq,9,1.3
frazier,3.22,en,wordfreq,1,2.85
freak,4.08,en,wordfreq,1,1.85
freaked,3.52,en,wordfreq,0,2.1
freakin,3.37,en,wordfreq,0,2.6
freaking,4.04,en,wordfreq,1,1.9
freaks,3.56,en,wordfreq,2,1.85
freaky,3.39,en,wordfreq,1,1.95
freckles,3.0,en,wordfreq,0,2.95
fred,4.21,en,wordfreq,6,1.35
freddie,3.76,en,wordfreq,0,2.85
freddy,3.44,en,wordfreq,0,2.1
frederic,3.23,en,wordfreq,0,3.25
frederick,3.95,en,wordfreq,0,3.6
free,5.63,en,wordfreq,8,1.4
freebies,2.95,en,wordfreq,0,2.95
freed,3.85,en,wordfreq,7,1.45
freedman,2.96,en,wordfreq,1,3.0
freedom,4.86,en,wordfreq,0,2.85
freedoms,3.62,en,wordfreq,0,3.35
freeing,3.4,en,wordfreq,1,1.95
freelance,3.68,en,wordfreq,0,3.45
freelancer,3.0,en,wordfreq,0,4.1
freely,4.07,en,wordfreq,0,2.0
freeman,3.83,en,wordfreq,0,2.65
freer,2.99,en,wordfreq,4,1.75
frees,3.18,en,wordfreq,5,1.6
freestyle,3.8,en,wordfreq,0,3.9
freeway,3.61,en,wordfreq,0,2.8
freeze,4.11,en,wordfreq,1,2.0
freezer,3.66,en,wordfreq,1,2.5
freezes,3.29,en,wordfreq,1,2.6
freezing,4.05,en,wordfreq,0,2.4
freight,3.99,en,wordfreq,0,2.35
freighter,3.05,en,wordfreq,0,2.95
fremantle,3.19,en,wordfreq,0,3.8
fremont,3.2,en,wordfreq,0,2.9
french,5.09,en,wordfreq,2,1.9
frenchman,3.34,en,wordfreq,0,3.65
frenzy,3.44,en,wordfreq,0,2.55
frequencies,3.74,en,wordfreq,0,4.3
frequency,4.36,en,wordfreq,0,3.55
frequent,4.27,en,wordfreq,0,2.8
frequented,3.19,en,wordfreq,0,3.35
frequently,4.56,en,wordfreq,0,3.5
fresco,3.09,en,wordfreq,1,2.55
fresh,4.83,en,wordfreq,1,1.95
fresher,3.02,en,wordfreq,0,2.5
freshly,3.61,en,wordfreq,0,2.8
freshman,3.98,en,wordfreq,1,2.9
freshmen,3.39,en,wordfreq,1,2.85
freshness,3.12,en,wordfreq,0,3.7
freshwater,3.52,en,wordfreq,0,4.15
fresno,3.41,en,wordfreq,1,2.8
fret,3.27,en,wordfreq,6,1.65
freud,3.47,en,wordfreq,2,1.8
frey,3.06,en,wordfreq,7,1.5
fri,3.42,en,wordfreq,13,1.2
friar,3.04,en,wordfreq,0,2.0
frick,2.98,en,wordfreq,4,1.75
frickin,3.02,en,wordfreq,0,2.6
friction,3.71,en,wordfreq,1,2.4
frida,2.97,en,wordfreq,0,1.95
friday,4.96,en,wordfreq,0,2.5
fridays,3.44,en,wordfreq,0,2.85
fridge,4.02,en,wordfreq,2,2.0
fried,4.06,en,wordfreq,5,1.65
friedman,3.47,en,wordfreq,1,3.3
friedrich,3.34,en,wordfreq,0,3.85
friend,5.37,en,wordfreq,0,1.95
friendlies,3.03,en,wordfreq,0,4.0
friendly,4.64,en,wordfreq,0,2.85
friends,5.43,en,wordfreq,0,2.55
friendship,4.39,en,wordfreq,0,4.5
friendships,3.67,en,wordfreq,0,4.85
fries,3.81,en,wordfreq,7,1.65
frigate,3.09,en,wordfreq,0,2.75
friggin,3.17,en,wordfreq,0,2.8
fright,3.3,en,wordfreq,3,1.7
frighten,3.08,en,wordfreq,1,2.45
frightened,3.74,en,wordfreq,0,3.5
frightening,3.67,en,wordfreq,0,3.8
frigid,2.98,en,wordfreq,0,2.65
fringe,3.86,en,wordfreq,2,1.85
fringes,3.18,en,wordfreq,0,2.1
frisbee,2.96,en,wordfreq,0,3.0
fritz,3.42,en,wordfreq,0,1.9
frivolous,3.22,en,wordfreq,0,4.35
fro,3.32,en,wordfreq,7,1.35
frog,3.89,en,wordfreq,2,1.75
frogs,3.56,en,wordfreq,0,1.95
from,6.63,en,wordfreq,3,1.75
front,5.28,en,wordfreq,1,1.85
frontage,2.99,en,wordfreq,0,2.85
frontal,3.48,en,wordfreq,0,2.65
fronted,3.12,en,wordfreq,1,2.2
frontier,3.97,en,wordfreq,0,2.8
frontiers,3.27,en,wordfreq,0,3.3
fronting,3.03,en,wordfreq,1,2.25
frontline,3.35,en,wordfreq,0,3.35
frontman,3.17,en,wordfreq,0,2.9
fronts,3.56,en,wordfreq,0,1.9
frost,3.95,en,wordfreq,1,1.9
frosted,3.03,en,wordfreq,1,2.0
frosting,3.05,en,wordfreq,1,2.15
frosty,3.2,en,wordfreq,0,2.3
frown,3.26,en,wordfreq,5,1.75
frowned,3.24,en,wordfreq,2,2.4
froze,3.42,en,wordfreq,0,1.95
frozen,4.32,en,wordfreq,0,2.6
fructose,3.02,en,wordfreq,0,3.75
frugal,3.11,en,wordfreq,0,2.75
fruit,4.57,en,wordfreq,0,1.9
fruitful,3.3,en,wordfreq,0,3.6
fruition,3.22,en,wordfreq,0,2.8
fruitless,3.04,en,wordfreq,0,3.65
fruits,4.07,en,wordfreq,1,2.05
fruity,3.26,en,wordfreq,1,2.45
frustrate,2.99,en,wordfreq,0,3.55
frustrated,4.08,en,wordfreq,0,3.7
frustrating,3.97,en,wordfreq,0,3.65
frustration,3.97,en,wordfreq,0,3.45
frustrations,3.26,en,wordfreq,0,3.65
fry,3.89,en,wordfreq,10,1.15
frye,2.95,en,wordfreq,2,1.75
fryer,2.99,en,wordfreq,4,1.75
frying,3.42,en,wordfreq,4,1.8
fs,3.41,en,wordfreq,43,1.0
fsa,3.14,en,wordfreq,19,1.0
fsu,3.13,en,wordfreq,9,1.4
ft,4.52,en,wordfreq,43,1.0
ftc,3.23,en,wordfreq,9,1.4
ftp,3.01,en,wordfreq,2,1.75
fu,3.88,en,wordfreq,44,1.0
fuck,5.39,en,wordfreq,9,1.5
fucked,4.59,en,wordfreq,4,1.8
fucker,3.67,en,wordfreq,3,1.8
fuckers,3.44,en,wordfreq,1,2.15
fuckin,4.33,en,wordfreq,0,2.5
fucking,5.33,en,wordfreq,2,1.85
fucks,3.9,en,wordfreq,3,1.8
fudge,3.33,en,wordfreq,3,1.85
fuel,4.72,en,wordfreq,3,1.8
fueled,3.57,en,wordfreq,0,1.95
fueling,3.15,en,wordfreq,1,1.95
fuelled,3.05,en,wordfreq,0,2.35
fuels,3.82,en,wordfreq,1,1.9
fugitive,3.54,en,wordfreq,0,3.4
fugitives,3.11,en,wordfreq,0,3.65
fuji,3.22,en,wordfreq,1,1.95
fukushima,3.26,en,wordfreq,0,4.9
fulfil,3.55,en,wordfreq,0,2.85
fulfill,3.86,en,wordfreq,0,3.3
fulfilled,3.77,en,wordfreq,0,3.6
fulfilling,3.71,en,wordfreq,0,3.7
fulfillment,3.44,en,wordfreq,0,4.55
fulfilment,2.97,en,wordfreq,0,4.3
fulham,3.37,en,wordfreq,0,2.9
full,5.54,en,wordfreq,12,1.35
fullback,3.22,en,wordfreq,0,3.7
fuller,3.79,en,wordfreq,2,1.9
fullerton,3.0,en,wordfreq,0,3.8
fullest,3.48,en,wordfreq,0,2.65
fullness,3.03,en,wordfreq,0,3.0
fully,4.89,en,wordfreq,6,1.65
fulton,3.5,en,wordfreq,0,2.0
fumble,3.36,en,wordfreq,4,1.75
fumbled,2.97,en,wordfreq,2,2.3
fumes,3.34,en,wordfreq,1,1.95
fuming,2.95,en,wordfreq,0,2.0
fun,5.3,en,wordfreq,17,1.0
function,4.78,en,wordfreq,1,2.3
functional,4.24,en,wordfreq,0,3.0
functionality,3.7,en,wordfreq,0,4.7
functionally,3.19,en,wordfreq,0,4.15
functioned,3.07,en,wordfreq,0,3.25
functioning,4.02,en,wordfreq,0,3.9
functions,4.5,en,wordfreq,1,2.4
fund,4.82,en,wordfreq,6,1.5
fundamental,4.33,en,wordfreq,0,4.25
fundamentalist,3.16,en,wordfreq,0,6.2
fundamentally,3.77,en,wordfreq,0,5.1
fundamentals,3.59,en,wordfreq,0,4.8
funded,4.29,en,wordfreq,0,1.95
funding,4.63,en,wordfreq,1,1.9
fundraiser,3.59,en,wordfreq,0,4.4
fundraisers,3.0,en,wordfreq,0,4.7
fundraising,3.81,en,wordfreq,0,4.35
funds,4.74,en,wordfreq,1,1.9
funeral,4.37,en,wordfreq,0,2.65
funerals,3.32,en,wordfreq,0,3.1
fung,2.95,en,wordfreq,15,1.1
fungal,3.31,en,wordfreq,0,2.6
fungi,3.48,en,wordfreq,0,1.95
fungus,3.53,en,wordfreq,0,2.6
funk,3.71,en,wordfreq,10,1.4
funky,3.63,en,wordfreq,1,1.9
funnel,3.47,en,wordfreq,2,2.2
funnier,3.41,en,wordfreq,0,2.7
funniest,3.59,en,wordfreq,0,3.05
funny,5.02,en,wordfreq,4,1.8
fur,4.03,en,wordfreq,12,1.1
furious,3.98,en,wordfreq,1,2.65
furiously,3.19,en,wordfreq,1,3.25
furnace,3.62,en,wordfreq,0,2.8
furnaces,3.06,en,wordfreq,0,2.95
furnish,3.14,en,wordfreq,0,2.55
furnished,3.65,en,wordfreq,0,3.2
furnishing,3.02,en,wordfreq,0,3.35
furnishings,3.32,en,wordfreq,0,4.25
furniture,4.29,en,wordfreq,0,3.6
furry,3.56,en,wordfreq,3,1.75
furs,3.0,en,wordfreq,3,1.75
further,5.31,en,wordfreq,1,2.65
furthering,3.03,en,wordfreq,0,3.4
furthermore,4.23,en,wordfreq,0,5.45
furthest,3.17,en,wordfreq,1,3.05
fury,3.91,en,wordfreq,3,1.7
fuse,3.62,en,wordfreq,3,1.7
fused,3.4,en,wordfreq,1,1.85
fuselage,3.09,en,wordfreq,0,3.9
fuses,3.07,en,wordfreq,4,1.65
fusion,4.02,en,wordfreq,0,2.5
fuss,3.62,en,wordfreq,4,1.65
fussy,3.04,en,wordfreq,1,1.9
futile,3.39,en,wordfreq,0,2.65
futility,2.96,en,wordfreq,0,2.7
future,5.33,en,wordfreq,1,2.25
futures,3.84,en,wordfreq,0,2.55
futuristic,3.37,en,wordfreq,0,4.55
fuzz,3.06,en,wordfreq,2,1.85
fuzzy,3.65,en,wordfreq,0,2.2
fw,3.16,en,wordfreq,39,1.0
fx,3.59,en,wordfreq,31,1.0
fy,3.13,en,wordfreq,34,1.0
fyi,3.52,en,wordfreq,3,1.7
ga,4.14,en,wordfreq,43,1.0
gaa,2.97,en,wordfreq,17,1.0
gaal,2.96,en,wordfreq,5,1.65
gaap,3.05,en,wordfreq,2,1.75
gabby,3.16,en,wordfreq,0,1.95
gabe,3.31,en,wordfreq,8,1.5
gabi,2.96,en,wordfreq,1,1.9
gable,3.08,en,wordfreq,5,1.55
gabriel,3.92,en,wordfreq,0,2.9
gabrielle,3.33,en,wordfreq,0,3.8
gaddafi,3.16,en,wordfreq,0,3.75
gadget,3.45,en,wordfreq,0,2.25
gadgets,3.59,en,wordfreq,0,2.6
gaelic,3.24,en,wordfreq,1,2.85
gag,3.63,en,wordfreq,21,1.0
gaga,3.59,en,wordfreq,8,1.45
gage,3.22,en,wordfreq,14,1.15
gags,3.08,en,wordfreq,11,1.3
gah,3.02,en,wordfreq,17,1.0
gaia,3.03,en,wordfreq,7,1.55
gail,3.47,en,wordfreq,16,1.0
gain,4.81,en,wordfreq,13,1.0
gained,4.49,en,wordfreq,2,1.9
gaines,3.07,en,wordfreq,3,1.8
gainesville,3.11,en,wordfreq,0,4.65
gaining,4.13,en,wordfreq,1,1.95
gains,4.25,en,wordfreq,4,1.65
gait,3.09,en,wordfreq,7,1.6
gaius,2.99,en,wordfreq,1,1.95
gal,3.81,en,wordfreq,23,1.0
gala,3.67,en,wordfreq,7,1.5
galactic,3.49,en,wordfreq,0,3.5
galaxies,3.55,en,wordfreq,0,3.1
galaxy,4.28,en,wordfreq,0,2.75
gale,3.62,en,wordfreq,19,1.0
galen,2.95,en,wordfreq,0,1.9
galilee,3.12,en,wordfreq,1,2.85
galileo,3.2,en,wordfreq,1,2.8
gall,3.3,en,wordfreq,16,1.05
gallagher,3.58,en,wordfreq,0,4.0
gallant,3.21,en,wordfreq,0,2.7
galleries,3.85,en,wordfreq,0,3.25
gallery,4.49,en,wordfreq,0,2.5
galley,3.22,en,wordfreq,1,1.85
gallipoli,2.98,en,wordfreq,0,4.45
gallo,3.05,en,wordfreq,0,1.85
gallon,3.75,en,wordfreq,2,1.8
gallons,3.64,en,wordfreq,1,2.25
gallop,3.03,en,wordfreq,2,2.3
galloway,3.36,en,wordfreq,0,2.8
gallows,3.08,en,wordfreq,1,2.1
gallup,3.12,en,wordfreq,1,2.65
galore,3.11,en,wordfreq,0,2.15
gals,3.26,en,wordfreq,8,1.4
galvanized,3.02,en,wordfreq,0,4.45
galveston,3.24,en,wordfreq,0,3.95
galway,3.22,en,wordfreq,0,2.4
gambia,3.02,en,wordfreq,2,2.35
gambit,3.1,en,wordfreq,1,2.4
gamble,3.79,en,wordfreq,0,1.9
gambler,3.15,en,wordfreq,0,2.6
gamblers,3.13,en,wordfreq,0,2.8
gambling,4.08,en,wordfreq,1,2.65
game,5.72,en,wordfreq,13,1.2
gameplay,3.98,en,wordfreq,0,3.75
gamer,3.62,en,wordfreq,2,1.75
gamergate,3.07,en,wordfreq,0,3.85
gamers,3.64,en,wordfreq,0,1.9
games,5.44,en,wordfreq,7,1.5
gaming,4.36,en,wordfreq,3,1.85
gamma,3.7,en,wordfreq,2,1.9
gan,3.07,en,wordfreq,31,1.0
gandalf,3.08,en,wordfreq,0,2.85
gandhi,3.83,en,wordfreq,0,2.95
ganesh,2.95,en,wordfreq,0,2.3
gang,4.5,en,wordfreq,14,1.1
gangs,3.73,en,wordfreq,3,1.75
gangsta,3.01,en,wordfreq,0,2.85
gangster,3.55,en,wordfreq,0,2.8
gangsters,3.24,en,wordfreq,0,3.15
gao,3.46,en,wordfreq,23,1.0
gap,4.47,en,wordfreq,24,1.0
gaping,3.19,en,wordfreq,5,1.7
gaps,3.86,en,wordfreq,9,1.35
gar,2.99,en,wordfreq,24,1.0
garage,4.25,en,wordfreq,1,1.85
garages,3.13,en,wordfreq,0,2.25
garb,3.01,en,wordfreq,3,1.8
garbage,4.18,en,wordfreq,0,2.65
garcia,3.89,en,wordfreq,1,2.5
garde,3.34,en,wordfreq,0,1.95
garden,4.77,en,wordfreq,2,1.75
gardener,3.49,en,wordfreq,1,2.45
gardeners,3.25,en,wordfreq,0,2.75
gardening,3.67,en,wordfreq,1,2.9
gardens,4.27,en,wordfreq,1,2.25
gardiner,3.24,en,wordfreq,1,2.65
gardner,3.76,en,wordfreq,0,2.25
gareth,3.52,en,wordfreq,0,2.5
garfield,3.43,en,wordfreq,0,2.8
garland,3.46,en,wordfreq,0,2.55
garlic,3.92,en,wordfreq,1,2.75
garment,3.59,en,wordfreq,0,2.2
garments,3.5,en,wordfreq,0,2.75
garner,3.55,en,wordfreq,3,1.8
garnered,3.34,en,wordfreq,0,2.75
garnet,3.17,en,wordfreq,1,1.9
garnett,2.99,en,wordfreq,2,2.35
garnish,3.04,en,wordfreq,1,2.5
garrett,3.67,en,wordfreq,3,2.45
garrison,3.67,en,wordfreq,1,2.85
garry,3.31,en,wordfreq,7,1.6
garter,2.97,en,wordfreq,3,1.85
garth,3.31,en,wordfreq,2,1.85
garvey,3.01,en,wordfreq,1,1.95
gary,4.39,en,wordfreq,6,1.55
garza,2.95,en,wordfreq,0,1.95
gas,5.01,en,wordfreq,26,1.0
gases,3.73,en,wordfreq,5,1.75
gasket,2.98,en,wordfreq,2,2.15
gasoline,3.85,en,wordfreq,0,3.0
gasp,3.45,en,wordfreq,2,1.7
gasping,3.05,en,wordfreq,0,1.9
gassed,3.01,en,wordfreq,1,1.95
gaston,3.18,en,wordfreq,1,1.9
gastric,3.3,en,wordfreq,0,2.95
gate,4.47,en,wordfreq,16,1.0
gated,3.23,en,wordfreq,5,1.65
gates,4.3,en,wordfreq,11,1.4
gateway,3.83,en,wordfreq,0,2.8
gather,4.24,en,wordfreq,3,1.8
gathered,4.27,en,wordfreq,0,2.45
gathering,4.25,en,wordfreq,0,2.55
gatherings,3.51,en,wordfreq,0,3.45
gathers,3.28,en,wordfreq,1,1.9
gator,3.19,en,wordfreq,0,1.95
gatorade,3.01,en,wordfreq,0,3.55
gators,3.22,en,wordfreq,0,1.95
gatsby,3.2,en,wordfreq,0,2.9
gauge,4.02,en,wordfreq,0,1.9
gauges,3.12,en,wordfreq,0,1.95
gaul,3.02,en,wordfreq,7,1.6
gaulle,3.02,en,wordfreq,0,2.2
gauntlet,3.14,en,wordfreq,0,3.6
gave,5.25,en,wordfreq,16,1.1
gavin,3.74,en,wordfreq,1,1.9
gay,4.9,en,wordfreq,25,1.0
gayle,3.16,en,wordfreq,1,1.9
gays,3.7,en,wordfreq,14,1.2
gaza,3.92,en,wordfreq,4,1.7
gaze,3.7,en,wordfreq,9,1.45
gazette,3.61,en,wordfreq,0,2.95
gazing,3.21,en,wordfreq,2,1.8
gb,3.91,en,wordfreq,40,1.0
gbp,2.97,en,wordfreq,3,1.7
gc,3.57,en,wordfreq,41,1.0
gcc,3.02,en,wordfreq,6,1.6
gcse,3.15,en,wordfreq,0,2.0
gd,3.21,en,wordfreq,41,1.0
gdp,4.0,en,wordfreq,6,1.55
ge,3.83,en,wordfreq,42,1.0
gear,4.46,en,wordfreq,11,1.25
gearbox,3.2,en,wordfreq,0,3.35
geared,3.58,en,wordfreq,2,1.9
gearing,3.37,en,wordfreq,8,1.6
gears,3.67,en,wordfreq,8,1.5
ged,2.99,en,wordfreq,18,1.0
gee,3.63,en,wordfreq,24,1.0
geek,3.61,en,wordfreq,5,1.6
geeks,3.27,en,wordfreq,2,1.8
geelong,3.28,en,wordfreq,0,2.8
geese,3.35,en,wordfreq,1,1.95
geez,3.38,en,wordfreq,2,1.85
geiger,2.96,en,wordfreq,0,2.3
gel,3.84,en,wordfreq,17,1.0
gelatin,3.0,en,wordfreq,0,2.8
gels,2.97,en,wordfreq,4,1.75
gem,3.87,en,wordfreq,15,1.0
gemini,3.38,en,wordfreq,0,2.8
gemma,3.33,en,wordfreq,1,1.9
gems,3.75,en,wordfreq,5,1.6
gemstone,2.98,en,wordfreq,0,3.45
gen,4.33,en,wordfreq,25,1.0
gender,4.59,en,wordfreq,6,1.65
gendered,3.08,en,wordfreq,2,2.4
genders,3.27,en,wordfreq,3,1.8
gene,4.36,en,wordfreq,3,1.6
genealogical,3.04,en,wordfreq,0,4.6
genealogy,3.35,en,wordfreq,0,3.85
genera,3.39,en,wordfreq,1,2.15
general,5.47,en,wordfreq,0,2.15
generalization,3.21,en,wordfreq,0,4.45
generalizations,3.07,en,wordfreq,0,5.3
generalized,3.43,en,wordfreq,0,3.8
generally,4.95,en,wordfreq,0,3.0
generals,3.72,en,wordfreq,0,2.5
generate,4.22,en,wordfreq,0,2.45
generated,4.34,en,wordfreq,1,2.7
generates,3.67,en,wordfreq,1,2.65
generating,3.99,en,wordfreq,0,2.85
generation,4.82,en,wordfreq,0,2.55
generational,3.28,en,wordfreq,0,3.65
generations,4.29,en,wordfreq,0,2.75
generator,3.94,en,wordfreq,0,2.85
generators,3.64,en,wordfreq,0,3.15
generic,4.11,en,wordfreq,1,2.6
generosity,3.62,en,wordfreq,0,4.15
generous,4.2,en,wordfreq,0,2.9
generously,3.29,en,wordfreq,0,3.95
genes,4.14,en,wordfreq,2,1.8
genesis,3.85,en,wordfreq,0,2.75
genetic,4.34,en,wordfreq,1,2.6
genetically,3.66,en,wordfreq,0,3.9
genetics,3.84,en,wordfreq,0,2.7
geneva,4.0,en,wordfreq,1,2.65
genevieve,3.05,en,wordfreq,0,4.05
genie,3.41,en,wordfreq,1,1.9
genital,3.45,en,wordfreq,0,2.55
genitalia,3.09,en,wordfreq,0,3.7
genitals,3.21,en,wordfreq,0,2.75
genius,4.33,en,wordfreq,0,2.3
geniuses,3.16,en,wordfreq,0,2.9
genoa,3.18,en,wordfreq,0,2.0
genocide,3.91,en,wordfreq,0,3.5
genome,3.7,en,wordfreq,0,2.25
genomes,3.04,en,wordfreq,0,2.5
genomic,3.11,en,wordfreq,0,2.7
genomics,2.99,en,wordfreq,0,3.05
genre,4.17,en,wordfreq,1,1.85
genres,3.72,en,wordfreq,0,1.9
gent,3.15,en,wordfreq,13,1.1
gentile,3.03,en,wordfreq,0,2.25
gentiles,3.01,en,wordfreq,0,2.7
gentle,4.17,en,wordfreq,1,2.0
gentleman,4.16,en,wordfreq,1,3.8
gentlemen,4.13,en,wordfreq,1,3.75
gently,4.08,en,wordfreq,2,2.3
gentrification,3.03,en,wordfreq,0,4.05
gentry,3.19,en,wordfreq,2,2.1
gents,3.15,en,wordfreq,6,1.55
genuine,4.37,en,wordfreq,0,2.75
genuinely,4.1,en,wordfreq,0,3.8
genus,3.73,en,wordfreq,4,1.75
geo,3.61,en,wordfreq,17,1.0
geoff,3.58,en,wordfreq,0,2.5
geoffrey,3.64,en,wordfreq,0,3.65
geographic,3.97,en,wordfreq,0,3.6
geographical,3.85,en,wordfreq,0,4.45
geographically,3.35,en,wordfreq,0,5.3
geography,3.98,en,wordfreq,0,3.65
geologic,3.25,en,wordfreq,0,3.4
geological,3.82,en,wordfreq,0,3.1
geologist,3.21,en,wordfreq,0,3.35
geologists,3.14,en,wordfreq,0,3.65
geology,3.76,en,wordfreq,0,2.6
geometric,3.59,en,wordfreq,0,3.55
geometry,3.88,en,wordfreq,0,3.55
geophysical,3.02,en,wordfreq,0,4.65
geopolitical,3.15,en,wordfreq,0,5.0
georg,3.14,en,wordfreq,0,1.95
george,5.04,en,wordfreq,0,2.2
georges,3.41,en,wordfreq,0,2.65
georgetown,3.57,en,wordfreq,0,4.75
georgia,4.46,en,wordfreq,1,2.6
georgian,3.51,en,wordfreq,0,2.8
georgie,3.04,en,wordfreq,1,2.5
georgina,3.08,en,wordfreq,0,3.15
geothermal,3.18,en,wordfreq,0,4.5
ger,3.09,en,wordfreq,17,1.0
gerald,3.76,en,wordfreq,2,2.45
geraldine,2.96,en,wordfreq,0,3.9
gerard,3.68,en,wordfreq,1,1.95
gerhard,2.97,en,wordfreq,1,2.7
geriatric,2.95,en,wordfreq,0,3.7
germ,3.2,en,wordfreq,2,1.7
germain,3.26,en,wordfreq,0,2.2
german,4.95,en,wordfreq,3,1.7
germanic,3.19,en,wordfreq,0,2.8
germans,4.2,en,wordfreq,1,2.4
germany,4.9,en,wordfreq,1,2.5
germs,3.39,en,wordfreq,1,1.85
gerrard,3.34,en,wordfreq,1,2.6
gerry,3.62,en,wordfreq,9,1.55
gertrude,3.26,en,wordfreq,0,3.9
gestapo,3.11,en,wordfreq,0,3.55
gestation,3.0,en,wordfreq,0,2.85
gesture,3.9,en,wordfreq,0,2.55
gestures,3.59,en,wordfreq,0,2.6
get,6.28,en,wordfreq,25,1.0
getaway,3.51,en,wordfreq,0,3.25
gets,5.25,en,wordfreq,11,1.3
gettin,3.72,en,wordfreq,0,2.3
getting,5.57,en,wordfreq,6,1.65
getty,3.49,en,wordfreq,3,1.85
gettysburg,3.14,en,wordfreq,0,5.4
gf,3.88,en,wordfreq,36,1.0
gg,3.44,en,wordfreq,39,1.0
gh,3.18,en,wordfreq,36,1.0
ghana,3.9,en,wordfreq,0,1.95
ghanaian,3.14,en,wordfreq,0,3.55
ghastly,3.07,en,wordfreq,1,2.7
ghetto,3.69,en,wordfreq,0,2.9
ghost,4.42,en,wordfreq,0,1.9
ghostbusters,3.16,en,wordfreq,0,5.8
ghostly,3.14,en,wordfreq,1,2.6
ghosts,3.88,en,wordfreq,0,1.95
ghz,3.31,en,wordfreq,2,1.8
gi,3.72,en,wordfreq,43,1.0
gia,3.07,en,wordfreq,23,1.0
giant,4.62,en,wordfreq,1,1.9
giants,4.31,en,wordfreq,1,2.0
gibberish,2.97,en,wordfreq,0,4.15
gibbons,3.24,en,wordfreq,1,2.75
gibbs,3.65,en,wordfreq,0,2.05
gibraltar,3.35,en,wordfreq,0,4.65
gibson,3.9,en,wordfreq,0,2.6
giddy,3.22,en,wordfreq,1,1.95
gideon,3.33,en,wordfreq,0,2.55
gif,3.9,en,wordfreq,6,1.45
gifford,2.97,en,wordfreq,0,2.85
gifs,3.38,en,wordfreq,2,1.7
gift,4.78,en,wordfreq,6,1.55
gifted,3.89,en,wordfreq,1,2.1
gifting,2.97,en,wordfreq,1,2.1
gifts,4.38,en,wordfreq,1,1.85
gig,3.98,en,wordfreq,17,1.0
gigantic,3.63,en,wordfreq,0,3.55
giggle,3.35,en,wordfreq,1,2.4
giggles,3.36,en,wordfreq,1,2.6
giggling,3.25,en,wordfreq,0,2.7
gigi,3.19,en,wordfreq,1,1.9
gigs,3.6,en,wordfreq,8,1.5
gil,3.55,en,wordfreq,17,1.0
gilbert,3.9,en,wordfreq,0,2.9
gilded,3.3,en,wordfreq,0,2.0
giles,3.58,en,wordfreq,7,1.6
gill,3.63,en,wordfreq,15,1.05
gilles,3.01,en,wordfreq,0,1.9
gillespie,3.25,en,wordfreq,0,4.3
gillette,3.09,en,wordfreq,0,3.55
gillian,3.31,en,wordfreq,2,2.6
gills,3.06,en,wordfreq,10,1.35
gilmore,3.34,en,wordfreq,0,3.15
gilt,3.09,en,wordfreq,6,1.55
gimme,3.57,en,wordfreq,0,2.0
gimmick,3.19,en,wordfreq,0,3.65
gin,3.68,en,wordfreq,27,1.0
gina,3.58,en,wordfreq,6,1.55
ginger,3.93,en,wordfreq,5,1.75
gingerbread,3.03,en,wordfreq,0,4.9
gingrich,2.99,en,wordfreq,0,3.75
ginny,2.98,en,wordfreq,1,1.95
gino,3.03,en,wordfreq,5,1.7
ginsburg,2.97,en,wordfreq,0,3.95
giorgio,3.24,en,wordfreq,0,3.05
giovanni,3.42,en,wordfreq,0,4.0
giraffe,3.32,en,wordfreq,0,3.2
girl,5.38,en,wordfreq,2,1.7
girlfriend,4.68,en,wordfreq,0,4.5
girlfriends,3.68,en,wordfreq,0,5.15
girls,5.17,en,wordfreq,2,1.85
girly,3.23,en,wordfreq,1,1.9
giro,3.03,en,wordfreq,3,1.85
giroud,3.1,en,wordfreq,0,2.75
gis,3.2,en,wordfreq,20,1.0
gist,3.18,en,wordfreq,6,1.5
git,3.36,en,wordfreq,22,1.0
github,3.18,en,wordfreq,0,3.0
giuliani,3.1,en,wordfreq,0,3.75
giuseppe,3.14,en,wordfreq,0,4.85
give,5.71,en,wordfreq,6,1.5
giveaway,3.55,en,wordfreq,0,3.65
giveaways,3.14,en,wordfreq,0,4.2
given,5.41,en,wordfreq,2,1.85
giver,3.2,en,wordfreq,5,1.7
gives,5.03,en,wordfreq,8,1.5
giving,5.15,en,wordfreq,2,1.9
gk,3.11,en,wordfreq,37,1.0
gl,3.43,en,wordfreq,39,1.0
glacial,3.39,en,wordfreq,0,2.85
glacier,3.58,en,wordfreq,0,2.8
glaciers,3.31,en,wordfreq,0,2.9
glad,4.9,en,wordfreq,4,1.7
gladiator,3.19,en,wordfreq,0,3.65
gladiators,3.02,en,wordfreq,0,3.9
gladly,3.67,en,wordfreq,0,2.55
gladstone,3.24,en,wordfreq,0,3.8
gladys,3.24,en,wordfreq,0,2.4
glam,3.23,en,wordfreq,6,1.6
glamorous,3.5,en,wordfreq,0,3.9
glamour,3.51,en,wordfreq,0,2.85
glance,3.91,en,wordfreq,0,1.85
glanced,3.17,en,wordfreq,1,2.0
glances,3.04,en,wordfreq,1,2.05
glancing,3.01,en,wordfreq,0,2.45
gland,3.38,en,wordfreq,2,1.75
glands,3.39,en,wordfreq,0,1.9
glare,3.36,en,wordfreq,3,1.85
glaring,3.31,en,wordfreq,3,1.85
glasgow,4.19,en,wordfreq,0,3.65
glass,4.85,en,wordfreq,3,1.8
glasses,4.34,en,wordfreq,2,2.0
glastonbury,3.12,en,wordfreq,0,5.75
glaucoma,3.01,en,wordfreq,0,3.9
glaze,3.28,en,wordfreq,3,1.75
glazed,3.34,en,wordfreq,0,1.95
glazing,3.01,en,wordfreq,3,1.8
gleam,2.97,en,wordfreq,0,1.95
gleaming,3.1,en,wordfreq,0,2.0
gleaned,2.95,en,wordfreq,1,2.15
glee,3.49,en,wordfreq,3,1.75
glen,3.87,en,wordfreq,2,1.7
glendale,3.19,en,wordfreq,0,3.75
glenn,3.97,en,wordfreq,0,1.95
glide,3.33,en,wordfreq,2,1.85
glider,3.09,en,wordfreq,1,1.9
gliding,3.14,en,wordfreq,2,1.9
glimmer,3.11,en,wordfreq,0,2.6
glimpse,3.81,en,wordfreq,0,2.9
glimpses,3.19,en,wordfreq,0,3.55
glitch,3.45,en,wordfreq,0,2.2
glitches,3.15,en,wordfreq,0,2.6
glitter,3.56,en,wordfreq,0,2.0
glittering,3.19,en,wordfreq,0,3.0
global,4.95,en,wordfreq,0,2.65
globalisation,2.95,en,wordfreq,1,4.5
globalization,3.46,en,wordfreq,1,4.0
globally,3.82,en,wordfreq,0,3.4
globe,4.28,en,wordfreq,1,1.85
globes,3.05,en,wordfreq,1,1.85
glock,3.1,en,wordfreq,3,1.8
gloom,3.31,en,wordfreq,2,1.8
gloomy,3.39,en,wordfreq,0,2.35
gloria,3.73,en,wordfreq,0,2.6
glorified,3.23,en,wordfreq,0,3.3
glorify,3.05,en,wordfreq,0,2.85
glorious,4.08,en,wordfreq,0,3.2
glory,4.36,en,wordfreq,0,1.95
gloss,3.47,en,wordfreq,3,1.7
glossary,3.19,en,wordfreq,0,3.7
glossy,3.43,en,wordfreq,0,2.25
gloucester,3.53,en,wordfreq,0,4.0
gloucestershire,3.26,en,wordfreq,0,7.55
glove,3.73,en,wordfreq,2,1.75
glover,3.33,en,wordfreq,3,1.75
gloves,4.04,en,wordfreq,4,1.7
glow,3.91,en,wordfreq,5,1.7
glowing,3.75,en,wordfreq,4,1.8
glucose,3.75,en,wordfreq,0,3.15
glue,3.8,en,wordfreq,3,1.8
glued,3.41,en,wordfreq,0,1.95
gluten,3.62,en,wordfreq,0,2.65
gm,4.16,en,wordfreq,41,1.0
gma,3.32,en,wordfreq,13,1.2
gmail,3.32,en,wordfreq,2,1.8
gmbh,3.24,en,wordfreq,0,2.0
gmc,3.06,en,wordfreq,8,1.45
gmo,3.25,en,wordfreq,9,1.4
gmt,3.65,en,wordfreq,8,1.45
gnome,3.2,en,wordfreq,0,1.95
gnu,3.04,en,wordfreq,2,1.8
go,6.03,en,wordfreq,41,1.0
goa,3.4,en,wordfreq,15,1.0
goal,5.06,en,wordfreq,3,1.7
goalie,3.48,en,wordfreq,0,2.55
goalkeeper,3.79,en,wordfreq,0,4.75
goals,4.95,en,wordfreq,2,1.8
goaltender,2.98,en,wordfreq,0,3.9
goat,4.02,en,wordfreq,6,1.55
goats,3.72,en,wordfreq,3,1.75
goblin,3.31,en,wordfreq,0,2.35
goblins,3.01,en,wordfreq,0,2.65
god,5.57,en,wordfreq,16,1.0
goddammit,2.95,en,wordfreq,0,4.4
goddamn,3.99,en,wordfreq,0,3.0
goddamned,2.95,en,wordfreq,0,3.65
goddard,3.3,en,wordfreq,0,2.95
goddess,4.01,en,wordfreq,0,2.9
goddesses,3.08,en,wordfreq,0,3.65
godfather,3.44,en,wordfreq,0,3.85
godfrey,3.29,en,wordfreq,0,3.2
godly,3.26,en,wordfreq,0,2.0
gods,4.4,en,wordfreq,6,1.55
godwin,3.02,en,wordfreq,0,2.65
godzilla,3.36,en,wordfreq,0,3.6
goers,3.09,en,wordfreq,0,1.95
goes,5.22,en,wordfreq,7,1.55
goethe,3.15,en,wordfreq,0,2.8
goff,2.97,en,wordfreq,2,1.8
goggles,3.35,en,wordfreq,1,2.7
gogh,3.24,en,wordfreq,2,1.85
goin,3.95,en,wordfreq,7,1.45
going,5.94,en,wordfreq,1,1.85
goku,3.17,en,wordfreq,0,2.0
gold,5.17,en,wordfreq,9,1.35
goldberg,3.5,en,wordfreq,0,3.2
golden,4.67,en,wordfreq,1,1.95
goldfish,3.28,en,wordfreq,0,3.7
goldie,3.13,en,wordfreq,0,2.3
goldman,3.59,en,wordfreq,1,2.65
golds,3.13,en,wordfreq,5,1.6
goldsmith,3.21,en,wordfreq,0,4.55
goldstein,3.25,en,wordfreq,0,3.95
golf,4.56,en,wordfreq,6,1.7
golfer,3.35,en,wordfreq,0,2.25
golfers,3.26,en,wordfreq,0,2.65
golfing,3.21,en,wordfreq,0,2.55
goliath,3.15,en,wordfreq,0,3.4
gomes,3.02,en,wordfreq,5,1.7
gomez,3.58,en,wordfreq,1,1.95
gon,3.34,en,wordfreq,24,1.0
gone,5.17,en,wordfreq,11,1.35
gong,3.45,en,wordfreq,16,1.05
gonna,5.29,en,wordfreq,2,1.9
gonzaga,2.98,en,wordfreq,0,3.35
gonzales,3.12,en,wordfreq,1,3.45
gonzalez,3.48,en,wordfreq,1,3.7
gonzalo,3.07,en,wordfreq,0,3.25
goo,3.41,en,wordfreq,27,1.0
good,6.12,en,wordfreq,7,1.4
goodbye,4.3,en,wordfreq,0,2.8
goodbyes,2.98,en,wordfreq,0,3.3
goode,2.97,en,wordfreq,3,1.8
goodies,3.42,en,wordfreq,1,2.2
goodluck,2.95,en,wordfreq,0,4.0
goodman,3.62,en,wordfreq,1,2.8
goodness,4.13,en,wordfreq,0,2.9
goodnight,3.64,en,wordfreq,0,3.8
goods,4.6,en,wordfreq,8,1.5
goodwill,3.67,en,wordfreq,0,3.75
goodwin,3.41,en,wordfreq,0,2.8
goody,3.04,en,wordfreq,5,1.7
goodyear,3.06,en,wordfreq,0,3.6
goof,2.99,en,wordfreq,7,1.5
goofy,3.57,en,wordfreq,1,1.9
google,4.86,en,wordfreq,0,2.35
googled,3.14,en,wordfreq,0,2.7
googling,3.01,en,wordfreq,0,2.65
goon,3.11,en,wordfreq,14,1.15
goons,3.21,en,wordfreq,3,1.8
goose,3.84,en,wordfreq,4,1.8
goosebumps,3.01,en,wordfreq,0,5.5
gop,4.22,en,wordfreq,16,1.05
gopro,3.14,en,wordfreq,0,2.55
gorbachev,3.08,en,wordfreq,0,4.0
gordon,4.37,en,wordfreq,1,2.1
gore,3.75,en,wordfreq,11,1.3
gorge,3.4,en,wordfreq,2,1.8
gorgeous,4.35,en,wordfreq,0,3.5
gorilla,3.62,en,wordfreq,0,2.6
gorillas,3.07,en,wordfreq,0,3.1
gorman,3.17,en,wordfreq,3,1.85
gory,2.98,en,wordfreq,6,1.65
gosh,3.9,en,wordfreq,5,1.75
gosling,3.03,en,wordfreq,0,2.0
gospel,4.18,en,wordfreq,0,2.75
gospels,3.25,en,wordfreq,0,2.85
goss,2.97,en,wordfreq,10,1.35
gossip,3.88,en,wordfreq,0,2.85
got,5.91,en,wordfreq,23,1.0
gotcha,3.38,en,wordfreq,0,2.75
goth,3.23,en,wordfreq,7,1.6
gotham,3.52,en,wordfreq,0,2.7
gothic,3.65,en,wordfreq,0,2.75
goto,3.07,en,wordfreq,4,1.7
gotta,4.95,en,wordfreq,1,1.95
gotten,4.47,en,wordfreq,1,2.05
gough,3.04,en,wordfreq,5,1.7
gould,3.44,en,wordfreq,3,1.8
gourmet,3.36,en,wordfreq,0,3.0
gout,3.06,en,wordfreq,5,1.6
gov,4.01,en,wordfreq,8,1.45
govern,3.67,en,wordfreq,0,1.95
governance,4.09,en,wordfreq,0,3.8
governed,3.85,en,wordfreq,0,2.8
governing,4.12,en,wordfreq,0,2.9
government,5.57,en,wordfreq,0,3.55
governmental,3.85,en,wordfreq,0,4.55
governments,4.45,en,wordfreq,0,3.85
governor,4.71,en,wordfreq,0,3.4
governors,3.93,en,wordfreq,0,3.55
governs,3.15,en,wordfreq,0,2.35
govt,3.75,en,wordfreq,2,1.8
gower,2.97,en,wordfreq,6,1.65
gown,3.75,en,wordfreq,4,1.6
gowns,3.25,en,wordfreq,3,1.75
gp,3.88,en,wordfreq,41,1.0
gpa,3.54,en,wordfreq,13,1.2
gps,4.03,en,wordfreq,16,1.0
gpu,3.22,en,wordfreq,4,1.65
gq,3.11,en,wordfreq,24,1.0
gr,3.52,en,wordfreq,42,1.0
grab,4.52,en,wordfreq,9,1.5
grabbed,4.07,en,wordfreq,0,2.6
grabbing,3.77,en,wordfreq,0,2.6
grabs,3.73,en,wordfreq,4,1.7
grace,4.56,en,wordfreq,7,1.45
graced,2.99,en,wordfreq,5,1.65
graceful,3.39,en,wordfreq,1,3.05
gracefully,3.23,en,wordfreq,0,3.7
graces,3.11,en,wordfreq,6,1.6
gracie,3.24,en,wordfreq,0,1.95
gracious,3.59,en,wordfreq,0,2.85
graciously,3.04,en,wordfreq,0,3.75
grad,3.6,en,wordfreq,8,1.4
grade,4.8,en,wordfreq,7,1.4
graded,3.45,en,wordfreq,5,1.7
grader,3.27,en,wordfreq,3,1.75
graders,3.45,en,wordfreq,1,1.85
grades,4.28,en,wordfreq,6,1.6
gradient,3.48,en,wordfreq,0,2.9
grading,3.47,en,wordfreq,3,1.85
gradual,3.67,en,wordfreq,0,2.85
gradually,4.21,en,wordfreq,0,3.55
graduate,4.5,en,wordfreq,0,3.0
graduated,4.14,en,wordfreq,1,3.15
graduates,4.02,en,wordfreq,1,3.35
graduating,3.76,en,wordfreq,0,3.45
graduation,4.07,en,wordfreq,0,3.2
grady,3.14,en,wordfreq,3,1.75
graeme,3.26,en,wordfreq,0,2.05
graffiti,3.65,en,wordfreq,0,3.55
graft,3.47,en,wordfreq,4,1.75
grafton,2.99,en,wordfreq,0,2.75
graham,4.3,en,wordfreq,0,2.75
grail,3.46,en,wordfreq,4,1.7
grain,4.18,en,wordfreq,5,1.5
grains,3.7,en,wordfreq,3,1.7
gram,3.76,en,wordfreq,10,1.4
grammar,4.17,en,wordfreq,0,2.85
grammatical,3.35,en,wordfreq,0,4.6
grammy,3.73,en,wordfreq,0,2.15
grammys,3.04,en,wordfreq,0,2.8
grams,3.82,en,wordfreq,3,1.7
gran,3.44,en,wordfreq,10,1.2
granada,3.22,en,wordfreq,1,2.5
grand,4.91,en,wordfreq,4,1.6
grandad,2.99,en,wordfreq,0,2.6
grandchild,3.13,en,wordfreq,0,4.55
grandchildren,3.79,en,wordfreq,0,6.4
granddaughter,3.6,en,wordfreq,0,5.85
grande,3.97,en,wordfreq,1,1.85
grandeur,3.22,en,wordfreq,0,2.8
grandfather,4.24,en,wordfreq,0,4.4
grandiose,2.97,en,wordfreq,0,3.7
grandkids,3.11,en,wordfreq,0,3.9
grandma,4.11,en,wordfreq,1,2.65
grandmother,4.14,en,wordfreq,0,4.5
grandmothers,2.99,en,wordfreq,0,4.8
grandpa,3.8,en,wordfreq,1,2.65
grandparents,3.88,en,wordfreq,0,5.3
grandson,3.85,en,wordfreq,0,2.85
grange,3.29,en,wordfreq,3,1.75
granger,3.27,en,wordfreq,0,1.9
granite,3.86,en,wordfreq,0,2.55
granny,3.61,en,wordfreq,1,1.95
granola,2.98,en,wordfreq,0,2.8
grant,4.67,en,wordfreq,4,1.65
granted,4.61,en,wordfreq,0,1.95
grantham,2.96,en,wordfreq,0,3.2
granting,3.68,en,wordfreq,0,1.9
grants,4.15,en,wordfreq,1,1.85
granular,3.01,en,wordfreq,0,3.25
granville,3.09,en,wordfreq,0,3.6
grape,3.7,en,wordfreq,6,1.6
grapefruit,3.17,en,wordfreq,0,4.85
grapes,3.73,en,wordfreq,4,1.7
graph,4.05,en,wordfreq,1,1.9
graphene,3.02,en,wordfreq,0,3.35
graphic,4.23,en,wordfreq,0,2.7
graphical,3.46,en,wordfreq,0,3.4
graphically,2.98,en,wordfreq,0,3.6
graphics,4.19,en,wordfreq,0,3.2
graphite,3.35,en,wordfreq,0,3.1
graphs,3.55,en,wordfreq,1,1.9
grapple,3.12,en,wordfreq,0,2.8
grappling,3.22,en,wordfreq,0,2.7
gras,3.33,en,wordfreq,7,1.35
grasp,3.97,en,wordfreq,1,1.85
grasped,3.02,en,wordfreq,0,2.0
grasping,3.25,en,wordfreq,0,2.05
grass,4.38,en,wordfreq,7,1.55
grasses,3.27,en,wordfreq,1,1.95
grasshopper,3.03,en,wordfreq,0,4.95
grassland,3.04,en,wordfreq,0,3.65
grasslands,2.95,en,wordfreq,0,4.15
grassroots,3.49,en,wordfreq,0,4.55
grassy,3.24,en,wordfreq,0,1.95
grate,3.17,en,wordfreq,6,1.55
grated,3.12,en,wordfreq,2,1.7
grateful,4.35,en,wordfreq,1,3.05
gratification,3.27,en,wordfreq,0,3.5
gratifying,3.07,en,wordfreq,0,3.6
grating,3.14,en,wordfreq,2,1.8
gratitude,3.92,en,wordfreq,0,3.6
grave,4.31,en,wordfreq,9,1.35
gravel,3.7,en,wordfreq,2,1.8
gravely,3.09,en,wordfreq,1,2.4
graves,3.87,en,wordfreq,6,1.65
graveyard,3.56,en,wordfreq,0,4.0
gravitational,3.49,en,wordfreq,0,4.5
gravity,4.21,en,wordfreq,0,2.75
gravy,3.48,en,wordfreq,2,1.85
gray,4.45,en,wordfreq,11,1.25
grayson,3.46,en,wordfreq,0,2.65
graze,3.02,en,wordfreq,7,1.6
grazing,3.49,en,wordfreq,3,1.8
gre,2.98,en,wordfreq,8,1.2
grease,3.72,en,wordfreq,2,1.9
greasy,3.45,en,wordfreq,1,1.95
great,5.88,en,wordfreq,2,1.85
greater,4.9,en,wordfreq,0,2.0
greatest,4.79,en,wordfreq,0,2.8
greatly,4.33,en,wordfreq,0,2.6
greatness,3.71,en,wordfreq,0,3.3
greats,3.29,en,wordfreq,2,1.85
greco,2.99,en,wordfreq,0,2.0
greece,4.28,en,wordfreq,1,1.9
greed,3.73,en,wordfreq,7,1.5
greedy,3.75,en,wordfreq,0,1.95
greek,4.5,en,wordfreq,5,1.65
greeks,3.72,en,wordfreq,3,1.75
green,5.13,en,wordfreq,4,1.7
greenberg,3.25,en,wordfreq,0,3.7
greene,3.76,en,wordfreq,2,1.8
greener,3.24,en,wordfreq,0,2.35
greenfield,3.16,en,wordfreq,0,4.0
greenhouse,3.78,en,wordfreq,0,4.25
greenish,3.01,en,wordfreq,0,3.25
greenland,3.42,en,wordfreq,0,3.8
greenpeace,2.96,en,wordfreq,0,4.5
greens,3.86,en,wordfreq,3,1.8
greensboro,3.16,en,wordfreq,0,4.75
greenville,3.28,en,wordfreq,0,4.0
greenwich,3.54,en,wordfreq,0,3.85
greenwood,3.4,en,wordfreq,0,3.75
greer,3.24,en,wordfreq,5,1.75
greet,3.73,en,wordfreq,5,1.7
greeted,3.66,en,wordfreq,0,2.25
greeting,3.68,en,wordfreq,0,2.05
greetings,3.67,en,wordfreq,0,2.85
greets,3.12,en,wordfreq,3,1.8
greg,4.23,en,wordfreq,2,1.75
gregg,3.43,en,wordfreq,0,2.1
gregor,3.19,en,wordfreq,0,2.45
gregory,3.87,en,wordfreq,0,2.9
grenada,3.02,en,wordfreq,2,2.7
grenade,3.65,en,wordfreq,1,2.5
grenades,3.48,en,wordfreq,0,2.8
greta,3.24,en,wordfreq,0,2.0
gretchen,3.07,en,wordfreq,0,2.95
grew,4.69,en,wordfreq,6,1.65
grey,4.48,en,wordfreq,6,1.6
greyhound,3.17,en,wordfreq,0,3.95
grid,4.18,en,wordfreq,6,1.55
grids,3.13,en,wordfreq,1,1.9
grief,4.08,en,wordfreq,1,1.95
grievance,3.15,en,wordfreq,0,3.6
grievances,3.39,en,wordfreq,0,3.85
grieve,3.33,en,wordfreq,0,2.4
grieving,3.45,en,wordfreq,0,2.6
grievous,3.18,en,wordfreq,0,3.7
griffin,3.9,en,wordfreq,0,2.95
griffith,3.53,en,wordfreq,0,3.65
griffiths,3.34,en,wordfreq,0,4.2
grill,3.84,en,wordfreq,2,1.8
grille,3.1,en,wordfreq,0,2.0
grilled,3.71,en,wordfreq,1,2.1
grilling,3.14,en,wordfreq,1,2.1
grim,3.69,en,wordfreq,7,1.5
grime,3.09,en,wordfreq,3,1.75
grimes,3.33,en,wordfreq,1,1.9
grimm,3.35,en,wordfreq,1,1.9
grin,3.59,en,wordfreq,8,1.35
grind,3.94,en,wordfreq,1,1.85
grinder,3.32,en,wordfreq,0,2.05
grinding,3.94,en,wordfreq,1,1.95
grinning,3.19,en,wordfreq,1,2.1
grip,4.11,en,wordfreq,6,1.6
gripped,3.14,en,wordfreq,1,1.9
gripping,3.36,en,wordfreq,2,1.85
grips,3.47,en,wordfreq,2,1.8
grit,3.43,en,wordfreq,7,1.6
gritty,3.39,en,wordfreq,0,2.55
grizzlies,3.19,en,wordfreq,0,3.9
grizzly,3.28,en,wordfreq,0,3.15
groan,3.12,en,wordfreq,2,1.85
grocer,3.01,en,wordfreq,2,1.85
groceries,3.67,en,wordfreq,0,3.5
grocery,4.06,en,wordfreq,0,2.75
groin,3.26,en,wordfreq,3,1.75
groom,3.63,en,wordfreq,3,1.8
groomed,3.16,en,wordfreq,0,2.6
grooming,3.45,en,wordfreq,0,2.35
groot,2.98,en,wordfreq,1,1.9
groove,3.74,en,wordfreq,1,1.95
grooves,3.25,en,wordfreq,0,2.45
groovy,3.11,en,wordfreq,1,2.5
groping,3.01,en,wordfreq,1,1.9
gross,4.45,en,wordfreq,4,1.7
grossed,3.17,en,wordfreq,1,2.15
grossing,3.13,en,wordfreq,1,2.15
grossly,3.33,en,wordfreq,0,2.75
grossman,3.02,en,wordfreq,0,3.1
grotesque,3.28,en,wordfreq,0,4.35
ground,5.15,en,wordfreq,1,1.85
groundbreaking,3.46,en,wordfreq,0,6.65
grounded,3.84,en,wordfreq,0,2.45
grounding,3.26,en,wordfreq,0,2.6
grounds,4.43,en,wordfreq,0,2.3
groundwater,3.44,en,wordfreq,0,4.75
groundwork,3.19,en,wordfreq,0,4.6
group,5.57,en,wordfreq,0,1.95
grouped,3.52,en,wordfreq,0,2.25
grouping,3.46,en,wordfreq,0,2.25
groupings,3.03,en,wordfreq,0,2.85
groups,5.12,en,wordfreq,0,2.2
grouse,3.14,en,wordfreq,0,1.95
grove,3.94,en,wordfreq,5,1.6
grover,3.22,en,wordfreq,4,1.7
groves,3.4,en,wordfreq,4,1.7
grow,4.9,en,wordfreq,4,1.6
grower,3.02,en,wordfreq,2,1.75
growers,3.5,en,wordfreq,0,1.95
growing,4.94,en,wordfreq,2,1.8
growl,3.14,en,wordfreq,2,1.85
growling,2.97,en,wordfreq,0,1.9
grown,4.67,en,wordfreq,8,1.5
grows,4.18,en,wordfreq,5,1.65
growth,5.03,en,wordfreq,0,2.55
grub,3.12,en,wordfreq,1,1.9
gruber,2.96,en,wordfreq,0,2.4
grudge,3.33,en,wordfreq,1,2.2
gruesome,3.27,en,wordfreq,0,3.6
grumpy,3.47,en,wordfreq,0,2.65
grunge,3.02,en,wordfreq,2,2.15
grunt,3.15,en,wordfreq,2,1.9
gs,3.58,en,wordfreq,42,1.0
gsm,3.15,en,wordfreq,7,1.5
gst,3.38,en,wordfreq,14,1.05
gt,3.79,en,wordfreq,42,1.0
gta,3.59,en,wordfreq,12,1.25
gtfo,3.02,en,wordfreq,0,2.0
gtx,3.01,en,wordfreq,1,1.85
gu,3.4,en,wordfreq,43,1.0
guam,3.25,en,wordfreq,2,1.85
guangdong,3.0,en,wordfreq,0,3.9
guangzhou,3.26,en,wordfreq,0,4.9
guantanamo,3.25,en,wordfreq,0,4.9
guarantee,4.44,en,wordfreq,0,3.55
guaranteed,4.29,en,wordfreq,1,3.95
guaranteeing,3.2,en,wordfreq,0,4.9
guarantees,3.83,en,wordfreq,1,4.15
guard,4.73,en,wordfreq,0,1.95
guarded,3.63,en,wordfreq,0,2.5
guardian,4.26,en,wordfreq,0,2.95
guardians,3.79,en,wordfreq,0,3.6
guarding,3.53,en,wordfreq,0,2.5
guardiola,3.03,en,wordfreq,0,3.95
guards,4.32,en,wordfreq,0,2.2
guatemala,3.62,en,wordfreq,0,4.7
gubernatorial,3.23,en,wordfreq,0,5.95
gucci,3.33,en,wordfreq,0,2.9
guernsey,3.08,en,wordfreq,0,3.7
guerra,2.97,en,wordfreq,0,2.85
guerrero,3.17,en,wordfreq,0,3.75
guerrilla,3.38,en,wordfreq,0,3.65
guerrillas,3.09,en,wordfreq,0,4.45
guess,5.17,en,wordfreq,1,1.9
guessed,3.72,en,wordfreq,1,2.55
guesses,3.21,en,wordfreq,1,2.55
guessing,3.94,en,wordfreq,0,2.7
guest,4.58,en,wordfreq,2,1.8
guests,4.42,en,wordfreq,1,1.8
guggenheim,3.0,en,wordfreq,0,5.8
gui,3.29,en,wordfreq,11,1.3
guidance,4.33,en,wordfreq,0,3.2
guide,4.75,en,wordfreq,3,1.75
guidebook,2.95,en,wordfreq,0,4.4
guided,4.06,en,wordfreq,1,1.9
guideline,3.25,en,wordfreq,0,3.35
guidelines,4.25,en,wordfreq,0,3.55
guides,3.99,en,wordfreq,1,1.9
guiding,3.71,en,wordfreq,1,1.95
guido,3.17,en,wordfreq,1,2.0
guild,3.93,en,wordfreq,2,1.85
guildford,3.03,en,wordfreq,0,4.0
guilds,3.08,en,wordfreq,1,2.15
guillermo,3.06,en,wordfreq,0,4.0
guillotine,3.0,en,wordfreq,0,4.6
guilt,4.13,en,wordfreq,3,1.75
guilty,4.61,en,wordfreq,0,2.55
guinea,4.06,en,wordfreq,0,2.25
guineas,3.27,en,wordfreq,0,2.7
guinness,3.49,en,wordfreq,0,2.9
guise,3.47,en,wordfreq,1,1.95
guitar,4.48,en,wordfreq,0,2.6
guitarist,3.63,en,wordfreq,0,3.95
guitars,3.65,en,wordfreq,0,2.8
gujarat,3.54,en,wordfreq,0,3.6
gulf,4.28,en,wordfreq,2,1.9
gull,3.0,en,wordfreq,11,1.35
gullible,3.1,en,wordfreq,0,3.85
gulls,3.0,en,wordfreq,4,1.75
gully,3.11,en,wordfreq,5,1.7
gum,3.94,en,wordfreq,19,1.0
gummy,2.97,en,wordfreq,4,1.8
gump,3.02,en,wordfreq,8,1.5
gums,3.21,en,wordfreq,9,1.45
gun,4.96,en,wordfreq,24,1.0
gundam,3.11,en,wordfreq,0,2.7
gunfire,3.53,en,wordfreq,0,2.95
gunman,3.32,en,wordfreq,1,2.5
gunmen,3.23,en,wordfreq,1,2.65
gunn,3.26,en,wordfreq,2,1.8
gunna,3.12,en,wordfreq,1,1.85
gunnar,3.05,en,wordfreq,1,2.3
gunned,3.12,en,wordfreq,1,1.95
gunner,3.31,en,wordfreq,3,1.8
gunners,3.28,en,wordfreq,1,2.05
gunning,3.08,en,wordfreq,2,1.9
gunpoint,3.2,en,wordfreq,0,3.65
gunpowder,3.26,en,wordfreq,0,3.9
guns,4.66,en,wordfreq,9,1.45
gunshot,3.49,en,wordfreq,0,3.5
gunshots,3.22,en,wordfreq,0,3.65
gunther,2.99,en,wordfreq,0,2.6
guo,3.05,en,wordfreq,12,1.3
gupta,3.35,en,wordfreq,0,2.05
gurney,3.11,en,wordfreq,0,2.0
guru,3.82,en,wordfreq,0,1.95
gurus,2.99,en,wordfreq,0,1.95
gus,3.64,en,wordfreq,17,1.0
gushing,2.98,en,wordfreq,3,1.85
gust,3.1,en,wordfreq,7,1.3
gustav,3.18,en,wordfreq,0,2.65
gustavo,2.99,en,wordfreq,0,3.1
gusto,3.0,en,wordfreq,1,1.9
gusts,3.15,en,wordfreq,2,1.75
gut,4.02,en,wordfreq,19,1.0
guthrie,3.26,en,wordfreq,0,3.45
gutierrez,3.03,en,wordfreq,0,4.5
guts,3.77,en,wordfreq,9,1.4
gutted,3.4,en,wordfreq,1,1.95
gutter,3.38,en,wordfreq,4,1.75
guy,5.4,en,wordfreq,8,1.5
guyana,3.26,en,wordfreq,0,2.9
guys,5.41,en,wordfreq,5,1.65
gw,3.27,en,wordfreq,38,1.0
gwen,3.48,en,wordfreq,2,1.8
gym,4.43,en,wordfreq,3,1.75
gymnasium,3.19,en,wordfreq,0,4.65
gymnast,3.07,en,wordfreq,0,3.55
gymnastics,3.6,en,wordfreq,0,4.3
gyms,3.17,en,wordfreq,2,1.85
gypsies,3.1,en,wordfreq,0,3.1
gypsy,3.55,en,wordfreq,0,2.85
ha,4.58,en,wordfreq,45,1.0
haas,3.21,en,wordfreq,5,1.65
habit,4.24,en,wordfreq,0,1.95
habitable,3.13,en,wordfreq,0,3.25
habitat,3.98,en,wordfreq,0,2.75
habitation,2.98,en,wordfreq,0,2.85
habitats,3.49,en,wordfreq,0,3.3
habits,4.21,en,wordfreq,0,2.05
habitual,3.14,en,wordfreq,0,3.35
habs,2.98,en,wordfreq,8,1.5
hack,4.05,en,wordfreq,13,1.2
hacked,3.82,en,wordfreq,7,1.65
hacker,3.67,en,wordfreq,3,1.8
hackers,3.71,en,wordfreq,2,1.85
hackett,3.04,en,wordfreq,0,2.55
hacking,3.89,en,wordfreq,6,1.7
hackney,3.16,en,wordfreq,0,2.8
hacks,3.45,en,wordfreq,9,1.5
had,6.33,en,wordfreq,27,1.0
hades,3.2,en,wordfreq,5,1.7
hadith,2.99,en,wordfreq,0,2.6
hadley,3.25,en,wordfreq,5,1.7
hae,3.1,en,wordfreq,25,1.0
hag,2.97,en,wordfreq,26,1.0
hagen,3.02,en,wordfreq,1,1.95
hague,3.65,en,wordfreq,1,1.95
hah,3.54,en,wordfreq,23,1.0
haha,4.53,en,wordfreq,3,1.7
hahah,3.08,en,wordfreq,0,1.9
hahaha,3.81,en,wordfreq,0,2.65
hahahaha,3.23,en,wordfreq,0,4.0
hahn,3.17,en,wordfreq,2,1.75
hai,3.57,en,wordfreq,27,1.0
haiku,3.08,en,wordfreq,0,2.2
hail,3.92,en,wordfreq,13,1.2
hailed,3.49,en,wordfreq,10,1.5
hailey,3.06,en,wordfreq,7,1.6
hailing,3.15,en,wordfreq,8,1.55
hails,3.13,en,wordfreq,9,1.5
haines,3.15,en,wordfreq,3,1.8
hair,5.08,en,wordfreq,5,1.45
haircut,3.7,en,wordfreq,0,3.0
haircuts,3.07,en,wordfreq,0,3.5
hairdresser,3.17,en,wordfreq,0,4.8
haired,3.7,en,wordfreq,3,1.7
hairline,3.07,en,wordfreq,0,2.65
hairs,3.77,en,wordfreq,5,1.6
hairstyle,3.33,en,wordfreq,0,3.8
hairstyles,3.08,en,wordfreq,0,4.35
hairy,3.8,en,wordfreq,4,1.7
haiti,3.72,en,wordfreq,0,2.0
haitian,3.35,en,wordfreq,0,2.75
hajj,3.04,en,wordfreq,0,2.0
hal,3.67,en,wordfreq,26,1.0
halal,3.15,en,wordfreq,0,1.95
hale,3.6,en,wordfreq,19,1.0
haley,3.48,en,wordfreq,1,1.55
half,5.41,en,wordfreq,5,1.65
halfback,3.0,en,wordfreq,0,3.7
halftime,3.63,en,wordfreq,0,3.6
halfway,4.06,en,wordfreq,1,2.75
halifax,3.59,en,wordfreq,0,3.15
hall,4.87,en,wordfreq,17,1.0
halle,3.21,en,wordfreq,2,1.8
hallelujah,3.3,en,wordfreq,0,5.75
hallmark,3.37,en,wordfreq,0,3.55
hallowed,3.03,en,wordfreq,0,2.75
halloween,4.16,en,wordfreq,0,3.85
halls,3.85,en,wordfreq,9,1.5
hallucinations,3.28,en,wordfreq,0,5.15
hallway,3.72,en,wordfreq,1,2.55
hallways,3.13,en,wordfreq,0,2.75
halo,3.75,en,wordfreq,5,1.7
halsey,3.02,en,wordfreq,0,1.95
halt,3.93,en,wordfreq,10,1.3
halted,3.52,en,wordfreq,2,1.85
halting,3.03,en,wordfreq,0,1.95
halved,2.95,en,wordfreq,2,1.9
halves,3.47,en,wordfreq,3,1.75
ham,4.12,en,wordfreq,32,1.0
hamas,3.63,en,wordfreq,0,1.95
hamburg,3.62,en,wordfreq,0,2.95
hamburger,3.45,en,wordfreq,0,3.7
hamburgers,2.99,en,wordfreq,0,3.95
hamid,3.22,en,wordfreq,1,1.9
hamilton,4.31,en,wordfreq,0,3.15
hamish,3.03,en,wordfreq,0,2.4
hamlet,3.65,en,wordfreq,0,1.95
hamlets,2.96,en,wordfreq,0,2.65
hamlin,2.99,en,wordfreq,0,2.4
hammer,4.16,en,wordfreq,1,1.9
hammered,3.43,en,wordfreq,1,2.75
hammering,3.19,en,wordfreq,0,2.85
hammers,3.31,en,wordfreq,0,2.2
hammock,3.14,en,wordfreq,0,3.15
hammond,3.77,en,wordfreq,0,2.7
hampden,3.03,en,wordfreq,0,2.7
hamper,3.26,en,wordfreq,3,1.85
hampered,3.32,en,wordfreq,2,2.6
hampshire,4.01,en,wordfreq,0,3.7
hampstead,3.04,en,wordfreq,0,3.8
hampton,3.65,en,wordfreq,0,2.75
hamster,3.31,en,wordfreq,0,2.4
hamstring,3.16,en,wordfreq,0,3.15
han,3.93,en,wordfreq,34,1.0
hana,3.21,en,wordfreq,13,1.15
hancock,3.57,en,wordfreq,0,3.05
hand,5.41,en,wordfreq,11,1.2
handbag,3.42,en,wordfreq,0,2.8
handbags,3.18,en,wordfreq,0,2.95
handball,3.11,en,wordfreq,0,2.8
handbook,3.86,en,wordfreq,0,3.5
handcuffed,3.07,en,wordfreq,0,4.7
handcuffs,3.21,en,wordfreq,0,4.1
handed,4.42,en,wordfreq,4,1.75
handedly,3.2,en,wordfreq,0,3.1
handel,2.97,en,wordfreq,1,1.95
handful,4.11,en,wordfreq,0,2.65
handgun,3.35,en,wordfreq,0,2.8
handguns,3.03,en,wordfreq,0,3.05
handheld,3.36,en,wordfreq,0,2.9
handicap,3.61,en,wordfreq,0,3.65
handicapped,3.42,en,wordfreq,0,4.6
handing,3.77,en,wordfreq,3,1.8
handkerchief,3.18,en,wordfreq,0,6.0
handle,4.79,en,wordfreq,1,1.8
handled,4.25,en,wordfreq,2,1.8
handler,3.5,en,wordfreq,3,1.7
handlers,3.22,en,wordfreq,0,2.25
handles,3.85,en,wordfreq,3,1.75
handling,4.39,en,wordfreq,0,2.45
handmade,3.64,en,wordfreq,0,3.2
handout,3.0,en,wordfreq,1,2.6
handouts,3.12,en,wordfreq,0,2.8
handover,2.96,en,wordfreq,1,2.65
hands,5.16,en,wordfreq,6,1.6
handset,3.07,en,wordfreq,0,2.45
handshake,3.36,en,wordfreq,0,3.85
handsome,4.22,en,wordfreq,0,3.15
handwriting,3.57,en,wordfreq,0,4.3
handwritten,3.33,en,wordfreq,0,5.2
handy,3.97,en,wordfreq,7,1.55
hang,4.6,en,wordfreq,19,1.0
hangar,3.29,en,wordfreq,1,1.95
hanged,3.56,en,wordfreq,5,1.7
hanger,3.24,en,wordfreq,7,1.5
hangers,2.99,en,wordfreq,2,1.85
hanging,4.5,en,wordfreq,3,1.8
hangout,3.12,en,wordfreq,1,2.85
hangover,3.5,en,wordfreq,2,2.65
hangs,3.7,en,wordfreq,5,1.65
hank,3.73,en,wordfreq,14,1.1
hanks,3.22,en,wordfreq,8,1.4
hanley,3.09,en,wordfreq,6,1.65
hanna,3.59,en,wordfreq,1,1.8
hannah,4.05,en,wordfreq,0,2.65
hannibal,3.41,en,wordfreq,1,3.35
hannity,2.99,en,wordfreq,0,2.85
hanoi,3.39,en,wordfreq,0,2.0
hanover,3.37,en,wordfreq,0,2.55
hans,3.82,en,wordfreq,17,1.0
hansen,3.61,en,wordfreq,2,1.9
hanson,3.54,en,wordfreq,3,1.85
hap,3.04,en,wordfreq,27,1.0
happen,5.19,en,wordfreq,0,1.95
happened,5.2,en,wordfreq,0,2.75
happening,4.8,en,wordfreq,0,2.8
happenings,3.1,en,wordfreq,0,3.65
happens,4.96,en,wordfreq,0,2.7
happier,4.06,en,wordfreq,0,2.5
happiest,3.59,en,wordfreq,0,2.9
happily,4.11,en,wordfreq,0,2.8
happiness,4.44,en,wordfreq,0,3.25
happy,5.35,en,wordfreq,1,1.95
har,3.2,en,wordfreq,30,1.0
hara,3.35,en,wordfreq,18,1.0
haram,3.43,en,wordfreq,2,1.8
harass,3.28,en,wordfreq,0,2.25
harassed,3.55,en,wordfreq,0,2.9
harassing,3.43,en,wordfreq,0,3.0
harassment,4.01,en,wordfreq,0,3.9
harbor,4.15,en,wordfreq,0,2.1
harbors,3.0,en,wordfreq,0,2.75
harbour,3.98,en,wordfreq,1,2.5
harcourt,3.2,en,wordfreq,0,3.35
hard,5.53,en,wordfreq,13,1.0
hardcore,3.97,en,wordfreq,0,3.3
hardcover,3.32,en,wordfreq,0,3.6
harden,3.52,en,wordfreq,5,1.7
hardened,3.52,en,wordfreq,0,2.6
hardening,2.99,en,wordfreq,1,2.75
harder,4.57,en,wordfreq,2,1.9
hardest,4.1,en,wordfreq,1,2.2
hardin,2.96,en,wordfreq,1,1.9
harding,3.46,en,wordfreq,3,1.75
hardline,2.95,en,wordfreq,0,2.65
hardly,4.53,en,wordfreq,0,1.95
hardness,3.17,en,wordfreq,0,2.55
hardship,3.56,en,wordfreq,0,3.3
hardships,3.33,en,wordfreq,0,3.65
hardware,4.3,en,wordfreq,0,3.4
hardwood,3.34,en,wordfreq,0,3.3
hardworking,3.29,en,wordfreq,0,4.5
hardy,3.86,en,wordfreq,2,1.8
hare,3.66,en,wordfreq,19,1.0
harem,3.13,en,wordfreq,1,1.8
hari,3.18,en,wordfreq,9,1.4
harlan,3.2,en,wordfreq,1,1.95
harlem,3.56,en,wordfreq,1,1.9
harley,3.72,en,wordfreq,11,1.3
harlow,3.06,en,wordfreq,2,1.9
harm,4.47,en,wordfreq,8,1.25
harman,3.09,en,wordfreq,3,1.8
harmed,3.48,en,wordfreq,2,1.8
harmful,3.97,en,wordfreq,0,2.8
harming,3.36,en,wordfreq,3,1.75
harmless,3.79,en,wordfreq,0,2.75
harmon,3.21,en,wordfreq,1,1.9
harmonic,3.33,en,wordfreq,0,2.75
harmonica,2.97,en,wordfreq,0,3.4
harmonies,3.11,en,wordfreq,0,3.15
harmonious,3.15,en,wordfreq,0,4.1
harmony,4.11,en,wordfreq,0,2.6
harms,3.29,en,wordfreq,2,1.75
harness,3.67,en,wordfreq,0,2.1
harold,4.03,en,wordfreq,0,2.55
harp,3.4,en,wordfreq,9,1.4
harper,4.04,en,wordfreq,2,1.85
harriet,3.63,en,wordfreq,0,2.5
harrington,3.37,en,wordfreq,2,3.1
harris,4.44,en,wordfreq,0,2.0
harrisburg,3.19,en,wordfreq,0,4.75
harrison,4.08,en,wordfreq,1,2.8
harrow,3.08,en,wordfreq,4,1.75
harrowing,3.07,en,wordfreq,1,2.85
harry,4.72,en,wordfreq,9,1.55
harsh,4.14,en,wordfreq,1,1.9
harsher,3.06,en,wordfreq,0,2.45
harshly,3.27,en,wordfreq,0,2.75
hart,4.04,en,wordfreq,17,1.0
hartford,3.64,en,wordfreq,0,3.1
hartley,3.4,en,wordfreq,0,2.05
hartman,3.12,en,wordfreq,0,2.4
harvard,4.24,en,wordfreq,0,2.85
harvest,4.03,en,wordfreq,1,2.3
harvested,3.62,en,wordfreq,0,3.15
harvesting,3.53,en,wordfreq,0,3.45
harvey,4.15,en,wordfreq,2,1.9
haryana,3.17,en,wordfreq,0,2.7
has,6.37,en,wordfreq,32,1.0
hasan,3.21,en,wordfreq,0,1.95
hasbro,2.97,en,wordfreq,0,2.9
hash,3.63,en,wordfreq,12,1.2
hashtag,3.67,en,wordfreq,0,2.9
hashtags,3.15,en,wordfreq,0,3.6
haskell,3.26,en,wordfreq,0,2.95
hasnt,3.05,en,wordfreq,2,1.85
hassan,3.67,en,wordfreq,0,2.15
hassle,3.57,en,wordfreq,0,2.5
hast,3.15,en,wordfreq,11,1.15
haste,3.37,en,wordfreq,6,1.6
hastily,3.3,en,wordfreq,0,2.6
hastings,3.7,en,wordfreq,0,2.4
hasty,3.29,en,wordfreq,3,1.8
hat,4.53,en,wordfreq,32,1.0
hatch,3.82,en,wordfreq,8,1.55
hatchback,2.98,en,wordfreq,0,3.9
hatched,3.26,en,wordfreq,5,1.75
hatches,3.02,en,wordfreq,7,1.65
hatchet,3.08,en,wordfreq,3,2.1
hatching,3.06,en,wordfreq,3,2.1
hate,5.11,en,wordfreq,16,1.0
hated,4.2,en,wordfreq,6,1.5
hateful,3.52,en,wordfreq,1,2.5
hater,3.14,en,wordfreq,7,1.5
haters,3.5,en,wordfreq,3,1.7
hates,4.15,en,wordfreq,13,1.2
hatfield,3.04,en,wordfreq,0,2.75
hath,3.62,en,wordfreq,7,1.4
hathaway,3.29,en,wordfreq,0,3.4
hating,3.84,en,wordfreq,5,1.65
hatred,4.05,en,wordfreq,1,1.9
hats,4.01,en,wordfreq,17,1.0
haul,3.88,en,wordfreq,6,1.65
hauled,3.43,en,wordfreq,1,1.95
hauling,3.37,en,wordfreq,1,1.95
haunt,3.54,en,wordfreq,2,1.75
haunted,3.87,en,wordfreq,0,1.95
haunting,3.52,en,wordfreq,2,1.9
haunts,3.22,en,wordfreq,1,1.8
haute,3.2,en,wordfreq,1,1.9
havana,3.53,en,wordfreq,0,2.4
have,6.71,en,wordfreq,15,1.0
haven,4.13,en,wordfreq,4,1.6
havens,3.0,en,wordfreq,2,1.75
havent,3.5,en,wordfreq,1,1.9
haves,2.95,en,wordfreq,8,1.45
havin,3.12,en,wordfreq,2,1.85
having,5.59,en,wordfreq,5,1.65
havoc,3.5,en,wordfreq,0,2.25
haw,3.1,en,wordfreq,22,1.0
hawaii,4.21,en,wordfreq,0,2.9
hawaiian,3.68,en,wordfreq,0,3.6
hawk,3.81,en,wordfreq,2,1.75
hawke,3.1,en,wordfreq,1,1.85
hawkes,3.02,en,wordfreq,0,1.9
hawkeye,3.13,en,wordfreq,0,2.85
hawking,3.24,en,wordfreq,2,1.9
hawkins,3.64,en,wordfreq,2,2.45
hawks,3.89,en,wordfreq,3,1.75
hawley,2.98,en,wordfreq,5,1.7
hawthorn,3.23,en,wordfreq,0,3.6
hawthorne,3.25,en,wordfreq,0,3.8
hay,3.91,en,wordfreq,31,1.0
hayden,3.54,en,wordfreq,1,1.95
hayes,3.87,en,wordfreq,3,1.75
hayley,3.39,en,wordfreq,6,1.65
haynes,3.3,en,wordfreq,1,1.9
hays,3.19,en,wordfreq,14,1.15
hayward,3.36,en,wordfreq,1,2.65
hazard,3.98,en,wordfreq,0,2.45
hazardous,3.71,en,wordfreq,0,3.95
hazards,3.64,en,wordfreq,0,2.65
haze,3.42,en,wordfreq,7,1.55
hazel,3.54,en,wordfreq,0,1.95
hazy,3.14,en,wordfreq,2,1.85
hb,3.33,en,wordfreq,42,1.0
hbo,3.74,en,wordfreq,1,1.75
hc,3.65,en,wordfreq,43,1.0
hd,4.26,en,wordfreq,43,1.0
hdd,3.04,en,wordfreq,6,1.6
hdmi,3.29,en,wordfreq,0,2.0
hdr,3.04,en,wordfreq,6,1.55
he,6.69,en,wordfreq,44,1.0
head,5.51,en,wordfreq,12,1.2
headache,3.97,en,wordfreq,0,3.6
headaches,3.68,en,wordfreq,0,3.45
headband,3.0,en,wordfreq,0,3.55
headed,4.55,en,wordfreq,4,1.8
header,3.88,en,wordfreq,5,1.7
headers,3.12,en,wordfreq,3,1.8
heading,4.48,en,wordfreq,6,1.7
headless,3.01,en,wordfreq,0,2.6
headlight,2.97,en,wordfreq,0,3.3
headlights,3.33,en,wordfreq,0,3.65
headline,4.03,en,wordfreq,1,2.5
headlined,3.02,en,wordfreq,1,2.95
headlines,3.91,en,wordfreq,2,2.65
headlining,3.07,en,wordfreq,0,3.6
headmaster,3.25,en,wordfreq,0,3.95
headphone,3.3,en,wordfreq,0,3.65
headphones,3.88,en,wordfreq,0,3.85
headquartered,3.42,en,wordfreq,0,6.1
headquarters,4.36,en,wordfreq,0,5.25
heads,4.67,en,wordfreq,8,1.55
headset,3.54,en,wordfreq,0,2.65
headsets,2.97,en,wordfreq,0,2.8
headway,3.04,en,wordfreq,0,2.85
heal,4.12,en,wordfreq,15,1.05
healed,3.66,en,wordfreq,4,1.8
healer,3.32,en,wordfreq,5,1.75
healing,4.23,en,wordfreq,5,1.75
heals,3.32,en,wordfreq,10,1.45
health,5.44,en,wordfreq,2,1.8
healthcare,4.47,en,wordfreq,0,4.55
healthier,3.81,en,wordfreq,1,3.1
healthiest,3.01,en,wordfreq,1,3.65
healthy,4.8,en,wordfreq,1,2.4
healy,3.23,en,wordfreq,2,1.85
heap,3.59,en,wordfreq,8,1.45
heaps,3.31,en,wordfreq,6,1.65
hear,5.23,en,wordfreq,17,1.0
heard,5.27,en,wordfreq,4,1.6
hearing,4.82,en,wordfreq,11,1.4
hearings,3.79,en,wordfreq,1,1.95
hears,3.78,en,wordfreq,15,1.0
hearsay,3.04,en,wordfreq,0,2.8
hearst,3.06,en,wordfreq,0,1.9
heart,5.31,en,wordfreq,2,1.55
heartache,3.2,en,wordfreq,0,3.8
heartbeat,3.67,en,wordfreq,0,3.6
heartbreak,3.39,en,wordfreq,0,4.4
heartbreaking,3.57,en,wordfreq,0,5.55
heartbroken,3.41,en,wordfreq,0,5.1
hearted,3.77,en,wordfreq,0,1.95
heartfelt,3.4,en,wordfreq,0,3.75
hearth,3.1,en,wordfreq,3,1.7
heartland,3.25,en,wordfreq,0,3.25
heartless,3.33,en,wordfreq,0,2.85
hearts,4.44,en,wordfreq,2,1.75
heartwarming,3.05,en,wordfreq,0,4.95
hearty,3.38,en,wordfreq,2,1.85
heat,4.86,en,wordfreq,10,1.1
heated,4.09,en,wordfreq,4,1.65
heater,3.55,en,wordfreq,6,1.4
heaters,3.18,en,wordfreq,1,1.7
heath,3.76,en,wordfreq,2,1.65
heathen,3.1,en,wordfreq,1,2.45
heather,3.87,en,wordfreq,4,1.75
heathrow,3.37,en,wordfreq,0,3.6
heating,4.18,en,wordfreq,6,1.55
heats,3.41,en,wordfreq,10,1.25
heaven,4.58,en,wordfreq,0,1.9
heavenly,3.76,en,wordfreq,0,3.0
heavens,3.72,en,wordfreq,0,2.1
heavier,3.85,en,wordfreq,0,2.4
heaviest,3.35,en,wordfreq,0,2.9
heavily,4.54,en,wordfreq,0,2.7
heavy,4.96,en,wordfreq,1,1.95
heavyweight,3.62,en,wordfreq,0,5.3
hebrew,3.91,en,wordfreq,0,2.7
hebrews,3.18,en,wordfreq,0,2.75
hebron,3.03,en,wordfreq,1,2.4
heck,4.02,en,wordfreq,5,1.7
hectare,3.11,en,wordfreq,0,2.7
hectares,3.43,en,wordfreq,0,2.8
hectic,3.33,en,wordfreq,0,2.6
hector,3.57,en,wordfreq,3,1.9
hedge,3.74,en,wordfreq,3,1.75
hedgehog,3.25,en,wordfreq,0,3.9
hedges,3.27,en,wordfreq,2,1.8
hedging,2.96,en,wordfreq,0,1.95
hee,3.5,en,wordfreq,29,1.0
heed,3.45,en,wordfreq,11,1.4
heel,3.84,en,wordfreq,7,1.4
heels,4.06,en,wordfreq,4,1.65
hefty,3.36,en,wordfreq,1,1.95
hegemony,3.13,en,wordfreq,0,3.85
heh,3.67,en,wordfreq,14,1.1
hehe,3.25,en,wordfreq,1,1.85
heidelberg,3.16,en,wordfreq,0,4.85
heidi,3.44,en,wordfreq,0,2.0
height,4.53,en,wordfreq,1,1.85
heightened,3.47,en,wordfreq,0,3.65
heights,4.14,en,wordfreq,1,2.05
heineken,3.01,en,wordfreq,0,3.95
heinous,3.25,en,wordfreq,0,2.9
heinrich,3.3,en,wordfreq,0,3.55
heinz,3.22,en,wordfreq,0,2.05
heir,3.89,en,wordfreq,4,1.65
heiress,3.07,en,wordfreq,0,2.7
heirloom,2.98,en,wordfreq,0,3.95
heirs,3.51,en,wordfreq,2,1.75
heisman,3.14,en,wordfreq,0,2.9
heist,3.39,en,wordfreq,1,1.95
hel,2.95,en,wordfreq,18,1.0
held,5.24,en,wordfreq,8,1.55
helen,4.19,en,wordfreq,0,1.85
helena,3.63,en,wordfreq,3,2.35
helene,3.02,en,wordfreq,2,2.25
helens,2.96,en,wordfreq,2,1.85
helicopter,4.13,en,wordfreq,0,4.65
helicopters,3.72,en,wordfreq,0,4.75
helium,3.42,en,wordfreq,0,2.8
helix,3.26,en,wordfreq,1,1.95
hell,5.1,en,wordfreq,18,1.0
hella,3.35,en,wordfreq,5,1.65
heller,3.27,en,wordfreq,6,1.7
hello,4.72,en,wordfreq,4,1.75
hells,3.07,en,wordfreq,13,1.25
helm,3.65,en,wordfreq,3,1.7
helmet,4.02,en,wordfreq,0,2.35
helmets,3.6,en,wordfreq,0,2.65
help,5.75,en,wordfreq,7,1.55
helped,4.88,en,wordfreq,1,1.95
helper,3.41,en,wordfreq,2,1.85
helpers,3.17,en,wordfreq,0,2.15
helpful,4.43,en,wordfreq,0,3.05
helping,4.78,en,wordfreq,0,2.0
helpless,3.69,en,wordfreq,0,2.85
helps,4.74,en,wordfreq,2,1.8
helsinki,3.36,en,wordfreq,0,3.95
hem,3.24,en,wordfreq,18,1.0
hemingway,3.3,en,wordfreq,0,4.45
hemisphere,3.69,en,wordfreq,0,4.7
hemorrhage,3.1,en,wordfreq,0,4.85
hemp,3.42,en,wordfreq,5,1.65
hemsworth,3.01,en,wordfreq,0,4.35
hen,3.56,en,wordfreq,26,1.0
hence,4.38,en,wordfreq,2,1.8
henceforth,3.08,en,wordfreq,0,4.85
henderson,3.93,en,wordfreq,0,3.3
hendricks,3.17,en,wordfreq,0,3.8
hendrix,3.34,en,wordfreq,0,3.2
henley,3.19,en,wordfreq,1,1.95
hennessy,3.02,en,wordfreq,0,3.55
henning,3.0,en,wordfreq,0,2.0
henri,3.52,en,wordfreq,1,1.9
henrietta,3.05,en,wordfreq,0,4.05
henrik,3.27,en,wordfreq,0,2.75
henry,4.74,en,wordfreq,1,1.95
hens,3.25,en,wordfreq,9,1.45
henson,3.12,en,wordfreq,2,1.9
hentai,3.22,en,wordfreq,0,2.7
hepatic,3.06,en,wordfreq,0,2.8
hepatitis,3.52,en,wordfreq,0,3.95
hepburn,3.18,en,wordfreq,0,3.55
her,6.3,en,wordfreq,21,1.0
hera,2.97,en,wordfreq,9,1.45
herald,3.95,en,wordfreq,1,2.1
heralded,3.0,en,wordfreq,0,2.85
herb,3.77,en,wordfreq,8,1.5
herbal,3.36,en,wordfreq,1,2.35
herbert,3.85,en,wordfreq,0,2.8
herbs,3.65,en,wordfreq,4,1.7
hercules,3.6,en,wordfreq,0,3.3
herd,3.77,en,wordfreq,11,1.3
herding,2.95,en,wordfreq,3,1.85
herds,3.21,en,wordfreq,4,1.7
here,5.97,en,wordfreq,11,1.15
hereafter,3.1,en,wordfreq,0,3.65
hereby,3.6,en,wordfreq,1,2.3
hereditary,3.49,en,wordfreq,0,4.35
hereford,3.11,en,wordfreq,0,3.55
herein,3.66,en,wordfreq,1,1.85
hereinafter,2.95,en,wordfreq,0,4.55
heres,3.18,en,wordfreq,3,1.5
heresy,3.35,en,wordfreq,1,1.9
heretic,3.0,en,wordfreq,0,2.6
heretics,3.05,en,wordfreq,0,3.05
heritage,4.36,en,wordfreq,0,3.45
herman,3.65,en,wordfreq,3,1.75
hermann,3.23,en,wordfreq,0,2.45
hermes,3.29,en,wordfreq,2,1.85
hermione,3.32,en,wordfreq,0,2.9
hermit,3.21,en,wordfreq,2,2.2
hernandez,3.54,en,wordfreq,1,3.75
hernia,3.0,en,wordfreq,0,2.55
hero,4.68,en,wordfreq,10,1.4
heroes,4.35,en,wordfreq,2,1.85
heroic,3.84,en,wordfreq,1,2.25
heroin,3.92,en,wordfreq,2,1.8
heroine,3.53,en,wordfreq,0,2.45
heroines,2.96,en,wordfreq,0,2.8
heroism,3.26,en,wordfreq,0,2.8
heron,3.09,en,wordfreq,1,1.8
herpes,3.35,en,wordfreq,2,1.85
herr,3.23,en,wordfreq,9,1.45
herrera,3.36,en,wordfreq,0,2.9
herring,3.48,en,wordfreq,2,1.9
hers,3.97,en,wordfreq,8,1.15
herself,4.78,en,wordfreq,0,2.95
hershey,3.04,en,wordfreq,0,2.85
hertfordshire,3.2,en,wordfreq,0,6.35
hertz,3.06,en,wordfreq,0,2.0
herzegovina,3.07,en,wordfreq,0,5.7
herzog,2.96,en,wordfreq,0,2.9
hes,3.96,en,wordfreq,26,1.0
hesitant,3.41,en,wordfreq,0,3.0
hesitate,3.79,en,wordfreq,0,2.7
hesitated,3.08,en,wordfreq,0,2.9
hesitation,3.55,en,wordfreq,0,2.8
hess,3.17,en,wordfreq,9,1.45
hester,3.15,en,wordfreq,4,1.7
het,3.14,en,wordfreq,26,1.0
heterogeneous,3.08,en,wordfreq,0,6.15
heterosexual,3.39,en,wordfreq,0,6.1
hewitt,3.39,en,wordfreq,0,2.85
hewlett,3.14,en,wordfreq,0,2.95
hex,3.31,en,wordfreq,15,1.15
hexagonal,2.96,en,wordfreq,0,4.4
hey,5.12,en,wordfreq,18,1.0
heyday,3.09,en,wordfreq,0,2.9
heywood,3.03,en,wordfreq,0,3.0
hezbollah,3.27,en,wordfreq,0,4.85
hf,3.23,en,wordfreq,38,1.0
hg,3.23,en,wordfreq,41,1.0
hh,3.17,en,wordfreq,38,1.0
hhs,3.07,en,wordfreq,8,1.5
hi,5.0,en,wordfreq,45,1.0
hiatus,3.49,en,wordfreq,0,2.6
hibernation,3.01,en,wordfreq,0,3.75
hiccups,3.05,en,wordfreq,0,3.2
hickey,3.11,en,wordfreq,2,1.9
hickory,3.12,en,wordfreq,0,2.85
hicks,3.57,en,wordfreq,7,1.6
hid,3.79,en,wordfreq,19,1.0
hidden,4.53,en,wordfreq,1,2.25
hide,4.54,en,wordfreq,10,1.35
hideous,3.45,en,wordfreq,1,2.8
hideout,3.04,en,wordfreq,1,3.15
hides,3.69,en,wordfreq,9,1.5
hiding,4.32,en,wordfreq,5,1.75
hierarchical,3.26,en,wordfreq,0,5.55
hierarchy,3.78,en,wordfreq,0,4.0
higgins,3.65,en,wordfreq,1,2.65
higgs,3.07,en,wordfreq,3,1.85
high,5.75,en,wordfreq,3,1.75
higher,5.18,en,wordfreq,0,2.0
highest,4.86,en,wordfreq,0,2.6
highland,3.7,en,wordfreq,0,2.95
highlanders,3.09,en,wordfreq,0,4.5
highlands,3.65,en,wordfreq,0,3.55
highlight,4.21,en,wordfreq,0,3.55
highlighted,3.89,en,wordfreq,0,4.5
highlighting,3.67,en,wordfreq,0,5.0
highlights,4.28,en,wordfreq,0,4.0
highly,4.89,en,wordfreq,0,2.35
highness,3.34,en,wordfreq,0,2.8
highs,3.59,en,wordfreq,2,1.8
highschool,3.38,en,wordfreq,0,5.65
highway,4.49,en,wordfreq,0,2.85
highways,3.88,en,wordfreq,0,3.4
hijab,3.15,en,wordfreq,0,2.75
hijack,3.11,en,wordfreq,0,2.8
hijacked,3.29,en,wordfreq,0,2.85
hijacking,3.1,en,wordfreq,0,2.95
hike,3.95,en,wordfreq,8,1.45
hiked,2.95,en,wordfreq,3,1.8
hikers,3.11,en,wordfreq,1,1.9
hikes,3.34,en,wordfreq,8,1.5
hiking,3.87,en,wordfreq,5,1.75
hilarious,4.27,en,wordfreq,0,3.65
hilariously,3.02,en,wordfreq,0,4.35
hilary,3.53,en,wordfreq,0,2.7
hilda,3.13,en,wordfreq,1,1.95
hill,4.82,en,wordfreq,14,1.1
hillary,4.3,en,wordfreq,0,2.65
hills,4.46,en,wordfreq,10,1.35
hillsborough,3.21,en,wordfreq,0,6.25
hillside,3.38,en,wordfreq,0,3.7
hilltop,3.08,en,wordfreq,0,3.15
hilly,3.17,en,wordfreq,8,1.45
hilton,3.75,en,wordfreq,2,2.0
him,6.11,en,wordfreq,17,1.0
himalayan,3.14,en,wordfreq,1,4.5
himalayas,3.13,en,wordfreq,1,4.45
himself,5.25,en,wordfreq,0,3.4
hind,3.5,en,wordfreq,7,1.45
hinder,3.39,en,wordfreq,5,1.75
hindered,3.21,en,wordfreq,0,2.45
hindi,3.82,en,wordfreq,1,1.9
hindrance,3.01,en,wordfreq,0,3.65
hindsight,3.34,en,wordfreq,0,3.7
hindu,4.0,en,wordfreq,1,1.85
hinduism,3.27,en,wordfreq,0,3.75
hindus,3.58,en,wordfreq,0,1.9
hindustan,2.95,en,wordfreq,0,3.9
hines,3.08,en,wordfreq,11,1.3
hinge,3.32,en,wordfreq,1,1.85
hinged,3.07,en,wordfreq,5,1.7
hinges,3.34,en,wordfreq,1,1.85
hint,4.07,en,wordfreq,7,1.5
hinted,3.4,en,wordfreq,4,1.8
hinting,3.1,en,wordfreq,2,1.9
hints,3.85,en,wordfreq,4,1.7
hip,4.46,en,wordfreq,17,1.0
hippie,3.36,en,wordfreq,0,2.65
hippies,3.04,en,wordfreq,0,2.65
hippo,3.13,en,wordfreq,1,2.55
hippocampus,2.99,en,wordfreq,0,5.95
hippy,3.0,en,wordfreq,2,2.5
hips,3.79,en,wordfreq,8,1.3
hipster,3.35,en,wordfreq,0,2.5
hipsters,2.96,en,wordfreq,0,2.8
hiram,2.95,en,wordfreq,1,1.95
hire,4.4,en,wordfreq,11,1.25
hired,4.41,en,wordfreq,6,1.6
hires,3.48,en,wordfreq,10,1.45
hiring,4.23,en,wordfreq,6,1.7
hiro,2.96,en,wordfreq,3,1.85
hiroshima,3.27,en,wordfreq,0,4.75
hirsch,3.06,en,wordfreq,0,2.85
his,6.51,en,wordfreq,21,1.0
hispanic,3.97,en,wordfreq,0,3.6
hispanics,3.35,en,wordfreq,0,3.85
hiss,3.05,en,wordfreq,7,1.55
historia,2.95,en,wordfreq,1,2.7
historian,3.9,en,wordfreq,0,2.8
historians,3.82,en,wordfreq,0,3.45
historic,4.49,en,wordfreq,1,2.85
historical,4.69,en,wordfreq,0,3.3
historically,4.08,en,wordfreq,0,4.5
histories,3.7,en,wordfreq,0,2.85
history,5.39,en,wordfreq,0,2.7
hit,5.37,en,wordfreq,20,1.0
hitachi,3.0,en,wordfreq,0,3.0
hitch,3.42,en,wordfreq,8,1.55
hitchcock,3.27,en,wordfreq,0,4.65
hitherto,3.15,en,wordfreq,0,3.6
hitler,4.16,en,wordfreq,1,1.95
hitman,3.24,en,wordfreq,0,2.4
hits,4.65,en,wordfreq,11,1.2
hitter,3.5,en,wordfreq,7,1.6
hitters,3.24,en,wordfreq,0,1.95
hitting,4.46,en,wordfreq,4,1.75
hiv,4.17,en,wordfreq,10,1.3
hive,3.5,en,wordfreq,10,1.35
hives,3.12,en,wordfreq,10,1.4
hiya,3.12,en,wordfreq,0,2.0
hk,3.54,en,wordfreq,39,1.0
hl,3.16,en,wordfreq,41,1.0
hm,3.82,en,wordfreq,43,1.0
hmm,4.11,en,wordfreq,7,1.5
hmmm,3.61,en,wordfreq,2,1.8
hms,3.38,en,wordfreq,14,1.15
ho,4.22,en,wordfreq,43,1.0
hoa,3.04,en,wordfreq,17,1.0
hoard,3.23,en,wordfreq,2,1.8
hoarding,3.1,en,wordfreq,1,2.15
hoax,3.53,en,wordfreq,1,1.9
hobart,3.43,en,wordfreq,0,2.5
hobbes,3.04,en,wordfreq,0,1.9
hobbies,3.57,en,wordfreq,1,2.4
hobbit,3.39,en,wordfreq,0,2.55
hobbs,3.24,en,wordfreq,2,1.85
hobby,3.94,en,wordfreq,5,1.75
hobo,3.08,en,wordfreq,3,1.75
hoboken,3.06,en,wordfreq,0,2.9
hobson,2.97,en,wordfreq,2,2.1
hoc,3.42,en,wordfreq,20,1.0
hockey,4.42,en,wordfreq,2,1.9
hodge,3.27,en,wordfreq,3,1.8
hodges,3.38,en,wordfreq,2,1.85
hodgson,3.22,en,wordfreq,0,2.9
hoe,3.25,en,wordfreq,26,1.0
hoes,2.95,en,wordfreq,8,1.25
hof,3.13,en,wordfreq,12,1.2
hoffman,3.66,en,wordfreq,0,2.95
hog,3.57,en,wordfreq,19,1.0
hogan,3.63,en,wordfreq,1,1.95
hogg,3.15,en,wordfreq,3,1.8
hogs,3.17,en,wordfreq,6,1.65
hogwarts,3.18,en,wordfreq,0,3.6
hoist,3.12,en,wordfreq,2,1.85
hoisted,2.98,en,wordfreq,0,2.1
hola,3.07,en,wordfreq,8,1.5
hold,5.19,en,wordfreq,13,1.2
holden,3.63,en,wordfreq,2,1.9
holder,4.21,en,wordfreq,5,1.65
holders,4.02,en,wordfreq,1,1.9
holding,4.89,en,wordfreq,2,1.85
holdings,4.0,en,wordfreq,0,2.8
holds,4.6,en,wordfreq,6,1.6
hole,4.66,en,wordfreq,17,1.0
holed,3.04,en,wordfreq,3,1.75
holes,4.35,en,wordfreq,10,1.35
holiday,4.66,en,wordfreq,0,2.85
holidays,4.22,en,wordfreq,0,3.35
holiness,3.46,en,wordfreq,0,2.95
holistic,3.33,en,wordfreq,0,3.0
holland,4.1,en,wordfreq,0,2.65
hollis,3.14,en,wordfreq,0,2.0
hollow,3.95,en,wordfreq,1,2.25
holloway,3.27,en,wordfreq,0,3.2
holly,3.88,en,wordfreq,6,1.6
hollywood,4.52,en,wordfreq,1,3.95
holman,2.95,en,wordfreq,0,2.0
holmes,4.06,en,wordfreq,0,1.9
holocaust,3.89,en,wordfreq,0,4.4
hologram,3.11,en,wordfreq,0,3.55
holographic,3.05,en,wordfreq,0,3.6
holster,3.07,en,wordfreq,1,1.95
holt,3.67,en,wordfreq,12,1.35
holy,4.88,en,wordfreq,5,1.65
homage,3.61,en,wordfreq,0,2.35
home,5.81,en,wordfreq,13,1.15
homecoming,3.54,en,wordfreq,0,3.85
homegrown,3.06,en,wordfreq,0,3.85
homeland,3.95,en,wordfreq,0,3.0
homeless,4.26,en,wordfreq,1,2.75
homelessness,3.43,en,wordfreq,0,5.5
homemade,3.81,en,wordfreq,0,3.45
homeowner,3.2,en,wordfreq,0,3.7
homeowners,3.57,en,wordfreq,0,3.9
homepage,3.45,en,wordfreq,0,3.5
homer,3.89,en,wordfreq,2,1.8
homers,3.1,en,wordfreq,1,1.85
homes,4.69,en,wordfreq,7,1.45
homestead,3.49,en,wordfreq,0,3.7
hometown,3.91,en,wordfreq,0,3.35
homework,4.13,en,wordfreq,0,3.5
homicide,3.8,en,wordfreq,0,3.65
homicides,3.11,en,wordfreq,0,3.7
homie,3.26,en,wordfreq,1,1.9
homing,2.98,en,wordfreq,2,1.9
homo,3.61,en,wordfreq,5,1.7
homogeneous,3.22,en,wordfreq,0,4.95
homophobia,3.34,en,wordfreq,1,5.0
homophobic,3.5,en,wordfreq,1,5.1
homosexual,3.72,en,wordfreq,0,4.75
homosexuality,3.74,en,wordfreq,0,5.9
homosexuals,3.31,en,wordfreq,0,5.3
hon,3.89,en,wordfreq,28,1.0
honda,3.92,en,wordfreq,1,1.9
honduras,3.6,en,wordfreq,0,3.4
hone,3.17,en,wordfreq,16,1.0
honed,3.04,en,wordfreq,5,1.6
honest,4.73,en,wordfreq,0,1.95
honestly,4.69,en,wordfreq,0,3.05
honesty,3.99,en,wordfreq,0,2.65
honey,4.37,en,wordfreq,3,1.8
honeymoon,3.68,en,wordfreq,0,4.65
hong,4.53,en,wordfreq,19,1.0
honk,2.95,en,wordfreq,6,1.65
honolulu,3.5,en,wordfreq,0,3.9
honor,4.69,en,wordfreq,2,1.8
honorable,3.81,en,wordfreq,0,3.4
honorary,3.66,en,wordfreq,0,3.25
honored,4.1,en,wordfreq,0,2.5
honoring,3.52,en,wordfreq,0,2.7
honors,3.86,en,wordfreq,1,1.85
honour,4.37,en,wordfreq,0,2.3
honourable,3.67,en,wordfreq,0,3.75
honoured,3.7,en,wordfreq,0,2.75
honours,3.65,en,wordfreq,0,2.45
hoo,3.38,en,wordfreq,29,1.0
hood,4.21,en,wordfreq,10,1.4
hooded,3.28,en,wordfreq,2,1.9
hoodie,3.4,en,wordfreq,1,1.9
hoodies,3.02,en,wordfreq,1,2.15
hoods,3.1,en,wordfreq,7,1.6
hoof,3.06,en,wordfreq,8,1.45
hook,4.37,en,wordfreq,12,1.25
hooked,3.92,en,wordfreq,5,1.75
hooker,3.71,en,wordfreq,5,1.7
hookers,3.21,en,wordfreq,0,1.95
hooking,3.31,en,wordfreq,3,1.85
hooks,3.65,en,wordfreq,5,1.7
hookup,3.18,en,wordfreq,0,2.75
hoon,2.99,en,wordfreq,16,1.1
hoop,3.41,en,wordfreq,8,1.35
hooper,3.33,en,wordfreq,4,1.8
hoops,3.45,en,wordfreq,3,1.65
hooray,3.2,en,wordfreq,0,2.65
hoot,2.99,en,wordfreq,15,1.1
hoover,3.56,en,wordfreq,2,1.85
hop,4.4,en,wordfreq,20,1.0
hope,5.44,en,wordfreq,13,1.15
hoped,4.28,en,wordfreq,4,1.7
hopeful,3.79,en,wordfreq,0,2.95
hopefully,4.56,en,wordfreq,0,3.75
hopeless,3.71,en,wordfreq,1,2.8
hopelessly,3.18,en,wordfreq,0,4.25
hopes,4.4,en,wordfreq,6,1.55
hoping,4.67,en,wordfreq,3,1.8
hopkins,3.89,en,wordfreq,0,2.7
hopped,3.31,en,wordfreq,3,1.7
hopper,3.48,en,wordfreq,5,1.65
hopping,3.43,en,wordfreq,2,1.7
hops,3.36,en,wordfreq,8,1.3
horace,3.52,en,wordfreq,0,2.35
horatio,3.11,en,wordfreq,0,2.95
horde,3.23,en,wordfreq,3,1.8
hordes,3.16,en,wordfreq,1,1.9
horizon,4.07,en,wordfreq,0,2.75
horizons,3.47,en,wordfreq,0,2.9
horizontal,3.9,en,wordfreq,0,4.3
horizontally,3.3,en,wordfreq,0,5.05
hormonal,3.33,en,wordfreq,0,3.05
hormone,3.82,en,wordfreq,0,2.5
hormones,3.76,en,wordfreq,0,2.75
horn,4.14,en,wordfreq,7,1.4
horne,3.17,en,wordfreq,5,1.45
horned,3.04,en,wordfreq,2,1.8
horner,3.04,en,wordfreq,3,1.8
hornet,3.15,en,wordfreq,2,1.8
hornets,3.26,en,wordfreq,0,2.45
horns,3.8,en,wordfreq,2,1.8
horny,3.79,en,wordfreq,3,1.8
horoscope,3.1,en,wordfreq,0,4.1
horowitz,3.06,en,wordfreq,0,3.95
horrendous,3.43,en,wordfreq,0,4.5
horrible,4.44,en,wordfreq,1,3.2
horribly,3.49,en,wordfreq,1,3.4
horrid,3.28,en,wordfreq,0,2.4
horrific,3.76,en,wordfreq,0,3.6
horrified,3.43,en,wordfreq,0,2.9
horrifying,3.46,en,wordfreq,0,3.55
horror,4.43,en,wordfreq,0,2.3
horrors,3.52,en,wordfreq,0,2.65
horse,4.76,en,wordfreq,6,1.6
horseback,3.39,en,wordfreq,0,4.0
horseman,3.07,en,wordfreq,1,2.85
horsemen,3.21,en,wordfreq,1,3.35
horsepower,3.49,en,wordfreq,0,4.65
horses,4.45,en,wordfreq,2,1.8
horseshoe,3.16,en,wordfreq,0,4.15
horticultural,3.14,en,wordfreq,0,5.85
horticulture,3.18,en,wordfreq,0,5.1
horton,3.36,en,wordfreq,2,1.85
hose,3.73,en,wordfreq,14,1.0
hoses,2.99,en,wordfreq,10,1.3
hospice,3.39,en,wordfreq,0,2.9
hospitable,2.96,en,wordfreq,0,3.6
hospital,5.07,en,wordfreq,0,3.3
hospitality,3.9,en,wordfreq,0,4.3
hospitalization,3.09,en,wordfreq,0,5.35
hospitalized,3.44,en,wordfreq,0,4.6
hospitals,4.33,en,wordfreq,0,3.6
host,4.77,en,wordfreq,9,1.3
hostage,3.9,en,wordfreq,1,2.2
hostages,3.64,en,wordfreq,0,2.6
hosted,4.25,en,wordfreq,2,1.85
hostel,3.43,en,wordfreq,1,1.85
hostels,2.99,en,wordfreq,1,2.25
hostess,3.35,en,wordfreq,1,2.4
hostile,4.07,en,wordfreq,0,2.6
hostilities,3.44,en,wordfreq,0,4.25
hostility,3.61,en,wordfreq,0,3.25
hosting,4.16,en,wordfreq,2,1.9
hosts,4.23,en,wordfreq,3,1.75
hot,5.16,en,wordfreq,27,1.0
hotel,4.95,en,wordfreq,1,1.85
hotels,4.22,en,wordfreq,0,1.9
hotline,3.39,en,wordfreq,0,2.8
hotspot,3.17,en,wordfreq,0,3.4
hotspots,2.95,en,wordfreq,0,3.7
hotspur,3.05,en,wordfreq,0,3.5
hotter,3.6,en,wordfreq,2,1.85
hottest,3.9,en,wordfreq,0,2.65
hottie,3.02,en,wordfreq,0,2.6
hou,3.1,en,wordfreq,15,1.0
hough,2.98,en,wordfreq,5,1.65
houghton,3.34,en,wordfreq,0,3.25
hound,3.43,en,wordfreq,7,1.6
hounds,3.19,en,wordfreq,6,1.65
hour,5.18,en,wordfreq,6,1.5
hourly,3.71,en,wordfreq,0,2.4
hours,5.4,en,wordfreq,4,1.7
house,5.71,en,wordfreq,3,1.7
housed,3.69,en,wordfreq,1,1.9
household,4.47,en,wordfreq,0,4.05
households,4.13,en,wordfreq,0,4.5
housekeeper,3.29,en,wordfreq,0,5.4
housekeeping,3.24,en,wordfreq,0,5.45
housemate,2.97,en,wordfreq,0,3.65
housemates,3.06,en,wordfreq,0,4.05
houses,4.72,en,wordfreq,2,1.8
housewife,3.4,en,wordfreq,0,4.1
housewives,3.4,en,wordfreq,0,4.3
housework,3.08,en,wordfreq,0,3.7
housing,4.77,en,wordfreq,1,1.95
houston,4.42,en,wordfreq,0,2.65
hove,3.03,en,wordfreq,12,1.25
hover,3.26,en,wordfreq,6,1.55
hovering,3.38,en,wordfreq,1,2.5
how,6.24,en,wordfreq,24,1.0
howard,4.48,en,wordfreq,2,1.85
howdy,3.08,en,wordfreq,1,1.95
howe,3.52,en,wordfreq,9,1.35
howell,3.45,en,wordfreq,3,1.85
however,5.58,en,wordfreq,0,2.75
howie,3.17,en,wordfreq,2,1.85
howl,3.18,en,wordfreq,3,1.75
howling,3.26,en,wordfreq,2,1.9
hoy,3.08,en,wordfreq,20,1.0
hoyt,3.04,en,wordfreq,3,1.75
hp,4.13,en,wordfreq,43,1.0
hpv,3.14,en,wordfreq,2,1.8
hq,3.73,en,wordfreq,26,1.0
hr,4.2,en,wordfreq,44,1.0
hrc,3.05,en,wordfreq,10,1.35
hrs,3.65,en,wordfreq,13,1.15
hs,3.69,en,wordfreq,44,1.0
hsbc,3.08,en,wordfreq,0,2.0
hsu,2.97,en,wordfreq,8,1.45
ht,3.38,en,wordfreq,44,1.0
htc,3.43,en,wordfreq,8,1.45
html,3.65,en,wordfreq,0,2.0
http,4.81,en,wordfreq,0,1.95
https,4.42,en,wordfreq,0,2.2
hu,3.58,en,wordfreq,45,1.0
hua,3.24,en,wordfreq,12,1.2
huang,3.39,en,wordfreq,1,1.85
huawei,3.28,en,wordfreq,0,3.0
hub,4.08,en,wordfreq,16,1.05
hubbard,3.32,en,wordfreq,0,2.95
hubble,3.12,en,wordfreq,3,1.9
hubby,3.41,en,wordfreq,1,1.9
hubert,3.3,en,wordfreq,0,2.5
hubs,3.4,en,wordfreq,10,1.45
hud,3.35,en,wordfreq,17,1.0
huddersfield,3.18,en,wordfreq,0,5.85
huddle,3.08,en,wordfreq,3,1.95
huddled,3.02,en,wordfreq,0,2.35
hudson,4.03,en,wordfreq,0,2.6
hue,3.49,en,wordfreq,20,1.0
hues,3.06,en,wordfreq,8,1.5
huey,3.06,en,wordfreq,1,1.85
huff,3.12,en,wordfreq,6,1.7
huffington,3.33,en,wordfreq,0,3.9
hug,4.09,en,wordfreq,21,1.0
huge,5.06,en,wordfreq,4,1.7
hugely,3.65,en,wordfreq,0,2.65
hugged,3.43,en,wordfreq,2,1.9
hugging,3.48,en,wordfreq,1,1.95
hugh,4.01,en,wordfreq,5,1.55
hughes,4.08,en,wordfreq,0,2.45
hugo,3.76,en,wordfreq,3,1.8
hugs,3.7,en,wordfreq,10,1.4
huh,4.27,en,wordfreq,14,1.05
hui,3.21,en,wordfreq,16,1.0
hula,3.01,en,wordfreq,4,1.75
hulk,3.72,en,wordfreq,5,1.75
hull,4.06,en,wordfreq,14,1.3
hulu,3.25,en,wordfreq,5,1.75
hum,3.59,en,wordfreq,24,1.0
human,5.35,en,wordfreq,0,1.9
humane,3.62,en,wordfreq,1,2.45
humanism,2.99,en,wordfreq,1,3.25
humanist,3.07,en,wordfreq,1,3.35
humanitarian,3.91,en,wordfreq,0,5.15
humanities,3.62,en,wordfreq,0,3.8
humanity,4.32,en,wordfreq,0,2.8
humankind,3.11,en,wordfreq,0,3.6
humanoid,3.1,en,wordfreq,0,3.4
humans,4.61,en,wordfreq,1,2.3
humble,4.11,en,wordfreq,6,1.65
humbled,3.26,en,wordfreq,2,2.2
humbling,3.06,en,wordfreq,2,2.45
humbly,3.17,en,wordfreq,1,2.4
humboldt,3.15,en,wordfreq,0,3.85
hume,3.34,en,wordfreq,3,1.75
humid,3.5,en,wordfreq,1,2.05
humidity,3.83,en,wordfreq,1,3.3
humiliate,3.08,en,wordfreq,0,3.55
humiliated,3.41,en,wordfreq,0,3.6
humiliating,3.46,en,wordfreq,0,3.9
humiliation,3.55,en,wordfreq,0,3.65
humility,3.59,en,wordfreq,1,2.8
humming,3.23,en,wordfreq,1,2.05
hummingbird,2.96,en,wordfreq,0,5.6
hummus,3.0,en,wordfreq,0,2.9
humor,4.19,en,wordfreq,2,1.85
humorous,3.6,en,wordfreq,0,3.35
humour,3.83,en,wordfreq,2,2.2
hump,3.36,en,wordfreq,9,1.4
humphrey,3.51,en,wordfreq,0,3.7
humphreys,2.97,en,wordfreq,0,3.95
hun,3.38,en,wordfreq,27,1.0
hunch,3.07,en,wordfreq,5,1.75
hundred,4.71,en,wordfreq,0,2.45
hundreds,4.61,en,wordfreq,0,3.0
hung,4.21,en,wordfreq,14,1.05
hungarian,3.79,en,wordfreq,0,3.8
hungary,3.91,en,wordfreq,0,2.75
hunger,4.1,en,wordfreq,2,1.9
hungover,2.95,en,wordfreq,1,3.2
hungry,4.45,en,wordfreq,0,2.65
hunk,3.12,en,wordfreq,11,1.35
hunt,4.49,en,wordfreq,7,1.45
hunted,3.58,en,wordfreq,2,1.85
hunter,4.37,en,wordfreq,3,1.8
hunters,3.94,en,wordfreq,0,2.0
hunting,4.42,en,wordfreq,3,1.8
huntington,3.52,en,wordfreq,0,3.7
hunts,3.35,en,wordfreq,4,1.65
huntsman,2.98,en,wordfreq,0,3.55
huntsville,3.07,en,wordfreq,0,4.55
hur,2.95,en,wordfreq,19,1.0
hurdle,3.41,en,wordfreq,1,2.05
hurdles,3.54,en,wordfreq,0,2.45
hurled,3.08,en,wordfreq,2,1.9
hurley,3.32,en,wordfreq,3,1.85
hurling,3.14,en,wordfreq,2,1.9
huron,3.17,en,wordfreq,1,1.95
hurricane,4.1,en,wordfreq,0,3.75
hurricanes,3.58,en,wordfreq,0,4.2
hurried,3.14,en,wordfreq,0,2.6
hurry,4.14,en,wordfreq,3,1.85
hurst,3.1,en,wordfreq,1,1.9
hurt,4.94,en,wordfreq,5,1.55
hurtful,3.3,en,wordfreq,0,3.3
hurting,4.11,en,wordfreq,2,1.9
hurts,4.3,en,wordfreq,1,1.85
husband,5.0,en,wordfreq,0,2.85
husbands,3.77,en,wordfreq,0,3.35
hush,3.47,en,wordfreq,8,1.55
huskies,3.2,en,wordfreq,0,2.8
husky,3.29,en,wordfreq,0,2.0
hussain,3.28,en,wordfreq,1,2.8
hussein,3.54,en,wordfreq,1,2.9
hustle,3.7,en,wordfreq,1,1.9
hustler,2.98,en,wordfreq,0,2.35
huston,2.97,en,wordfreq,1,1.9
hut,3.84,en,wordfreq,22,1.0
hutch,3.04,en,wordfreq,5,1.75
hutchinson,3.42,en,wordfreq,0,4.85
huts,3.27,en,wordfreq,10,1.3
hutton,3.21,en,wordfreq,5,1.85
huxley,3.01,en,wordfreq,1,2.35
hvac,3.03,en,wordfreq,0,2.0
hw,3.17,en,wordfreq,40,1.0
hwa,2.95,en,wordfreq,3,1.7
hwang,3.06,en,wordfreq,1,1.85
hwy,3.28,en,wordfreq,4,1.7
hy,3.03,en,wordfreq,35,1.0
hyatt,3.17,en,wordfreq,1,2.1
hybrid,4.11,en,wordfreq,0,2.85
hybrids,3.37,en,wordfreq,0,2.95
hyde,3.7,en,wordfreq,2,1.85
hyderabad,3.5,en,wordfreq,0,4.6
hydra,3.31,en,wordfreq,1,2.55
hydrate,3.03,en,wordfreq,0,2.85
hydrated,3.27,en,wordfreq,0,2.85
hydration,3.18,en,wordfreq,0,3.15
hydraulic,3.72,en,wordfreq,0,4.7
hydro,3.63,en,wordfreq,1,2.65
hydrocarbon,3.03,en,wordfreq,0,5.55
hydrocarbons,3.06,en,wordfreq,0,6.0
hydroelectric,3.11,en,wordfreq,0,6.7
hydrogen,3.98,en,wordfreq,0,3.75
hye,3.22,en,wordfreq,10,1.25
hygiene,3.79,en,wordfreq,0,3.75
hymn,3.61,en,wordfreq,1,1.9
hymns,3.34,en,wordfreq,0,2.3
hype,4.03,en,wordfreq,3,1.7
hyped,3.54,en,wordfreq,3,1.8
hyper,3.69,en,wordfreq,1,1.9
hyperbolic,3.15,en,wordfreq,0,4.7
hypertension,3.41,en,wordfreq,0,4.95
hypnosis,3.25,en,wordfreq,0,3.85
hypnotic,3.13,en,wordfreq,0,3.85
hypocrisy,3.65,en,wordfreq,0,4.7
hypocrite,3.4,en,wordfreq,0,4.15
hypocrites,3.14,en,wordfreq,0,4.35
hypocritical,3.31,en,wordfreq,0,5.2
hypothermia,2.98,en,wordfreq,0,5.4
hypotheses,3.2,en,wordfreq,1,4.45
hypothesis,3.87,en,wordfreq,1,4.25
hypothesized,3.02,en,wordfreq,0,5.35
hypothetical,3.61,en,wordfreq,0,4.8
hysteria,3.38,en,wordfreq,0,3.15
hysterical,3.48,en,wordfreq,0,3.75
hyun,3.37,en,wordfreq,1,1.8
hyundai,3.44,en,wordfreq,0,3.5
hyung,3.1,en,wordfreq,1,1.8
hz,3.34,en,wordfreq,26,1.0
ia,3.7,en,wordfreq,44,1.0
iaea,3.02,en,wordfreq,2,1.9
iain,3.25,en,wordfreq,8,1.5
iam,2.95,en,wordfreq,18,1.0
ian,4.32,en,wordfreq,24,1.0
ib,3.45,en,wordfreq,41,1.0
ibiza,3.18,en,wordfreq,0,2.8
ibm,3.93,en,wordfreq,3,1.7
ibn,3.47,en,wordfreq,7,1.45
ibrahim,3.57,en,wordfreq,0,3.45
ic,3.55,en,wordfreq,42,1.0
icarus,2.97,en,wordfreq,0,2.6
icc,3.64,en,wordfreq,18,1.0
ice,5.0,en,wordfreq,13,1.0
iceberg,3.35,en,wordfreq,0,3.55
iced,3.46,en,wordfreq,0,1.9
iceland,3.79,en,wordfreq,1,2.7
icelandic,3.26,en,wordfreq,0,3.8
ich,3.22,en,wordfreq,10,1.2
icing,3.49,en,wordfreq,0,2.0
icloud,3.08,en,wordfreq,0,2.65
ico,3.16,en,wordfreq,12,1.05
icon,4.16,en,wordfreq,2,1.7
iconic,4.13,en,wordfreq,1,2.4
icons,3.74,en,wordfreq,1,1.8
ics,3.02,en,wordfreq,21,1.0
ict,3.33,en,wordfreq,15,1.1
icu,3.25,en,wordfreq,10,1.35
icy,3.54,en,wordfreq,8,1.5
id,4.61,en,wordfreq,42,1.0
ida,3.46,en,wordfreq,16,1.0
idaho,3.91,en,wordfreq,0,2.8
idc,3.12,en,wordfreq,13,1.2
ide,3.14,en,wordfreq,11,1.0
idea,5.36,en,wordfreq,2,1.65
ideal,4.44,en,wordfreq,1,1.8
idealism,3.1,en,wordfreq,0,3.3
idealistic,3.14,en,wordfreq,0,4.1
ideally,3.75,en,wordfreq,0,2.75
ideals,3.78,en,wordfreq,0,2.1
ideas,4.84,en,wordfreq,1,1.85
identical,4.21,en,wordfreq,0,3.65
identifiable,3.37,en,wordfreq,0,4.85
identification,4.18,en,wordfreq,0,4.15
identified,4.63,en,wordfreq,2,3.2
identifier,3.12,en,wordfreq,2,3.55
identifies,3.75,en,wordfreq,3,3.2
identify,4.56,en,wordfreq,1,3.15
identifying,4.03,en,wordfreq,0,3.75
identities,3.78,en,wordfreq,1,3.25
identity,4.65,en,wordfreq,1,3.05
ideological,3.77,en,wordfreq,0,3.55
ideologically,3.0,en,wordfreq,0,4.7
ideologies,3.35,en,wordfreq,0,4.05
ideology,4.02,en,wordfreq,0,3.25
idf,3.29,en,wordfreq,10,1.35
idiom,2.97,en,wordfreq,1,2.4
idiot,4.39,en,wordfreq,1,2.15
idiotic,3.36,en,wordfreq,0,3.1
idiots,4.02,en,wordfreq,0,2.55
idk,4.17,en,wordfreq,6,1.55
idle,3.7,en,wordfreq,1,1.9
idol,3.94,en,wordfreq,0,1.95
idols,3.49,en,wordfreq,0,1.95
idris,3.06,en,wordfreq,0,2.0
ids,3.36,en,wordfreq,20,1.0
idyllic,3.04,en,wordfreq,0,3.85
ie,3.8,en,wordfreq,43,1.0
iec,2.97,en,wordfreq,11,1.3
ieee,3.52,en,wordfreq,0,2.0
if,6.47,en,wordfreq,37,1.0
ifs,3.24,en,wordfreq,10,1.3
ig,3.63,en,wordfreq,40,1.0
iggy,3.29,en,wordfreq,0,1.95
ight,2.96,en,wordfreq,0,1.55
ign,3.21,en,wordfreq,5,1.6
ignite,3.35,en,wordfreq,0,2.5
ignited,3.23,en,wordfreq,0,2.75
ignition,3.68,en,wordfreq,0,2.95
ignorance,4.04,en,wordfreq,0,3.45
ignorant,4.05,en,wordfreq,0,3.3
ignore,4.48,en,wordfreq,0,2.6
ignored,4.27,en,wordfreq,1,2.7
ignores,3.6,en,wordfreq,1,2.8
ignoring,4.04,en,wordfreq,0,2.85
igor,3.37,en,wordfreq,0,1.9
ii,5.02,en,wordfreq,44,1.0
iii,4.63,en,wordfreq,4,1.65
ik,3.34,en,wordfreq,38,1.0
ike,3.42,en,wordfreq,4,1.3
ikea,3.49,en,wordfreq,2,1.85
il,4.32,en,wordfreq,40,1.0
ill,4.72,en,wordfreq,4,1.05
illegal,4.68,en,wordfreq,0,3.25
illegally,3.87,en,wordfreq,0,3.6
illegals,3.1,en,wordfreq,0,3.6
illegitimate,3.43,en,wordfreq,0,4.95
illicit,3.43,en,wordfreq,0,3.15
illinois,4.44,en,wordfreq,0,3.7
illiterate,3.37,en,wordfreq,0,3.65
illness,4.41,en,wordfreq,0,2.8
illnesses,3.67,en,wordfreq,0,3.85
illogical,3.09,en,wordfreq,0,3.55
ills,3.01,en,wordfreq,0,1.55
illuminate,3.3,en,wordfreq,1,3.5
illuminated,3.5,en,wordfreq,0,3.55
illuminati,3.09,en,wordfreq,1,4.25
illuminating,3.21,en,wordfreq,0,3.85
illumination,3.35,en,wordfreq,0,3.55
illusion,3.94,en,wordfreq,0,2.7
illusions,3.44,en,wordfreq,0,3.15
illustrate,3.71,en,wordfreq,0,3.3
illustrated,4.17,en,wordfreq,1,3.6
illustrates,3.63,en,wordfreq,1,3.55
illustrating,3.32,en,wordfreq,0,3.9
illustration,3.92,en,wordfreq,0,3.35
illustrations,3.87,en,wordfreq,0,3.8
illustrative,3.02,en,wordfreq,0,4.1
illustrator,3.46,en,wordfreq,0,4.05
illustrious,3.31,en,wordfreq,0,4.3
im,4.69,en,wordfreq,42,1.0
ima,3.09,en,wordfreq,15,1.0
image,4.94,en,wordfreq,0,1.9
imagery,3.83,en,wordfreq,0,2.9
images,4.75,en,wordfreq,0,2.05
imaginable,3.27,en,wordfreq,0,3.75
imaginary,3.79,en,wordfreq,0,3.65
imagination,4.22,en,wordfreq,0,3.45
imaginations,3.04,en,wordfreq,0,3.7
imaginative,3.45,en,wordfreq,0,4.15
imagine,4.92,en,wordfreq,1,2.5
imagined,4.07,en,wordfreq,1,2.75
imagines,3.13,en,wordfreq,1,2.65
imaging,3.93,en,wordfreq,1,2.3
imagining,3.65,en,wordfreq,0,3.1
imam,3.5,en,wordfreq,1,1.8
imax,3.08,en,wordfreq,1,1.85
imbalance,3.46,en,wordfreq,0,3.35
imbalances,3.02,en,wordfreq,0,3.55
imdb,3.23,en,wordfreq,0,2.0
imf,3.53,en,wordfreq,7,1.5
img,2.98,en,wordfreq,7,1.5
imitate,3.29,en,wordfreq,0,2.9
imitating,3.2,en,wordfreq,0,2.8
imitation,3.47,en,wordfreq,0,2.45
imma,3.09,en,wordfreq,2,1.8
immaculate,3.37,en,wordfreq,0,4.5
immature,3.66,en,wordfreq,0,3.2
immediate,4.52,en,wordfreq,0,3.7
immediately,4.98,en,wordfreq,0,4.7
immense,3.88,en,wordfreq,0,2.75
immensely,3.57,en,wordfreq,0,3.75
immersed,3.41,en,wordfreq,0,3.0
immersion,3.47,en,wordfreq,0,3.3
immersive,3.25,en,wordfreq,0,3.6
immigrant,4.04,en,wordfreq,0,3.6
immigrants,4.37,en,wordfreq,0,4.1
immigration,4.47,en,wordfreq,0,3.5
imminent,3.67,en,wordfreq,0,3.55
immoral,3.46,en,wordfreq,0,2.85
immortal,3.77,en,wordfreq,0,3.05
immortality,3.41,en,wordfreq,0,4.25
immune,4.14,en,wordfreq,0,2.85
immunity,3.91,en,wordfreq,1,3.5
immunization,3.01,en,wordfreq,0,4.1
immunology,3.11,en,wordfreq,0,4.6
imo,3.71,en,wordfreq,10,1.3
imp,3.23,en,wordfreq,8,1.35
impact,4.92,en,wordfreq,1,2.4
impacted,3.73,en,wordfreq,0,2.7
impactful,2.96,en,wordfreq,0,4.1
impacting,3.24,en,wordfreq,0,2.95
impacts,4.03,en,wordfreq,0,2.7
impaired,3.68,en,wordfreq,0,2.8
impairment,3.55,en,wordfreq,0,3.6
impairments,3.04,en,wordfreq,0,3.9
impala,3.06,en,wordfreq,0,2.85
impart,3.09,en,wordfreq,2,2.25
impartial,3.38,en,wordfreq,0,3.3
impasse,2.96,en,wordfreq,0,2.85
impatience,2.98,en,wordfreq,0,3.95
impatient,3.55,en,wordfreq,1,3.15
impeach,3.1,en,wordfreq,0,2.85
impeached,3.15,en,wordfreq,0,3.3
impeachment,3.59,en,wordfreq,0,4.15
impeccable,3.25,en,wordfreq,0,4.2
impedance,3.15,en,wordfreq,0,3.65
impede,3.14,en,wordfreq,0,2.9
impediment,3.05,en,wordfreq,0,3.65
impending,3.53,en,wordfreq,0,2.75
impenetrable,3.07,en,wordfreq,0,4.85
imperative,3.66,en,wordfreq,0,3.6
imperfect,3.45,en,wordfreq,0,3.85
imperfections,3.29,en,wordfreq,0,4.35
imperial,4.21,en,wordfreq,0,3.05
imperialism,3.38,en,wordfreq,1,4.35
imperialist,3.14,en,wordfreq,1,4.35
impersonating,2.97,en,wordfreq,0,5.3
impetus,3.27,en,wordfreq,0,3.2
implant,3.48,en,wordfreq,0,2.65
implantation,3.01,en,wordfreq,0,3.8
implanted,3.33,en,wordfreq,0,2.95
implants,3.5,en,wordfreq,0,2.75
implement,4.2,en,wordfreq,0,2.8
implementation,4.31,en,wordfreq,0,4.55
implementations,3.19,en,wordfreq,0,5.1
implemented,4.23,en,wordfreq,0,3.7
implementing,3.91,en,wordfreq,0,4.4
implements,3.36,en,wordfreq,0,3.1
implicated,3.46,en,wordfreq,0,3.1
implication,3.56,en,wordfreq,0,2.8
implications,4.1,en,wordfreq,0,3.25
implicit,3.45,en,wordfreq,0,3.0
implicitly,3.23,en,wordfreq,0,3.95
implied,3.93,en,wordfreq,1,2.6
implies,3.98,en,wordfreq,1,2.65
imply,3.83,en,wordfreq,0,2.2
implying,3.58,en,wordfreq,0,2.7
import,4.1,en,wordfreq,1,2.2
importance,4.56,en,wordfreq,0,3.6
important,5.44,en,wordfreq,0,3.0
importantly,4.09,en,wordfreq,0,4.4
importation,3.05,en,wordfreq,0,3.55
imported,3.95,en,wordfreq,1,2.45
importer,3.08,en,wordfreq,1,2.55
importers,2.95,en,wordfreq,0,2.8
importing,3.43,en,wordfreq,0,2.7
imports,3.88,en,wordfreq,0,2.3
impose,3.92,en,wordfreq,0,2.2
imposed,4.16,en,wordfreq,1,2.35
imposes,3.2,en,wordfreq,1,2.4
imposing,3.73,en,wordfreq,0,2.6
imposition,3.19,en,wordfreq,0,3.2
impossibility,3.04,en,wordfreq,0,4.8
impossible,4.78,en,wordfreq,1,3.9
impossibly,2.97,en,wordfreq,1,4.25
impotence,2.96,en,wordfreq,0,3.5
impotent,3.04,en,wordfreq,0,2.8
impoverished,3.35,en,wordfreq,0,5.25
impractical,3.28,en,wordfreq,0,4.4
impress,3.93,en,wordfreq,1,2.65
impressed,4.34,en,wordfreq,0,2.65
impressing,3.01,en,wordfreq,0,2.8
impression,4.35,en,wordfreq,0,2.8
impressions,3.71,en,wordfreq,0,3.35
impressive,4.47,en,wordfreq,0,2.95
impressively,2.97,en,wordfreq,0,4.05
imprint,3.38,en,wordfreq,0,2.8
imprisoned,3.79,en,wordfreq,0,3.75
imprisonment,3.89,en,wordfreq,0,4.9
improbable,3.29,en,wordfreq,0,4.1
impromptu,3.19,en,wordfreq,0,4.1
improper,3.58,en,wordfreq,0,2.95
improperly,3.35,en,wordfreq,0,4.3
improv,3.18,en,wordfreq,0,2.8
improve,4.79,en,wordfreq,0,2.45
improved,4.61,en,wordfreq,1,2.5
improvement,4.49,en,wordfreq,0,3.75
improvements,4.27,en,wordfreq,0,4.35
improves,3.75,en,wordfreq,1,2.5
improving,4.37,en,wordfreq,0,2.8
improvisation,3.1,en,wordfreq,0,4.7
improvise,3.02,en,wordfreq,0,3.25
improvised,3.37,en,wordfreq,0,3.35
impulse,3.72,en,wordfreq,0,2.65
impulses,3.29,en,wordfreq,0,2.85
impulsive,3.27,en,wordfreq,0,3.55
impunity,3.18,en,wordfreq,1,3.6
impure,2.95,en,wordfreq,0,2.45
impurities,3.06,en,wordfreq,0,3.85
imran,3.16,en,wordfreq,0,1.95
in,7.27,en,wordfreq,36,1.0
ina,3.22,en,wordfreq,19,1.0
inability,3.93,en,wordfreq,0,2.65
inaccessible,3.3,en,wordfreq,0,5.15
inaccuracies,3.01,en,wordfreq,0,5.35
inaccurate,3.65,en,wordfreq,0,3.8
inaction,3.13,en,wordfreq,0,2.5
inactive,3.63,en,wordfreq,0,2.8
inactivity,3.05,en,wordfreq,0,3.65
inadequate,3.82,en,wordfreq,0,4.5
inadvertently,3.44,en,wordfreq,0,5.65
inanimate,3.01,en,wordfreq,0,3.35
inappropriate,3.99,en,wordfreq,0,5.45
inappropriately,3.02,en,wordfreq,0,6.35
inaugural,3.67,en,wordfreq,0,4.25
inaugurated,3.32,en,wordfreq,0,4.0
inauguration,3.57,en,wordfreq,0,4.05
inbound,3.25,en,wordfreq,0,2.85
inbox,3.51,en,wordfreq,0,2.65
inc,4.77,en,wordfreq,18,1.0
inca,3.01,en,wordfreq,2,1.8
incandescent,3.02,en,wordfreq,0,5.15
incapable,3.72,en,wordfreq,0,3.55
incapacitated,3.09,en,wordfreq,0,5.7
incarcerated,3.29,en,wordfreq,0,4.35
incarceration,3.36,en,wordfreq,0,4.55
incarnate,2.99,en,wordfreq,0,3.8
incarnation,3.42,en,wordfreq,0,3.45
incendiary,3.05,en,wordfreq,0,4.45
incense,3.27,en,wordfreq,1,2.65
incentive,3.97,en,wordfreq,1,2.95
incentives,3.88,en,wordfreq,0,3.55
inception,3.65,en,wordfreq,0,2.5
incessant,3.03,en,wordfreq,0,3.9
incest,3.36,en,wordfreq,1,1.95
inch,4.49,en,wordfreq,3,1.6
incheon,2.95,en,wordfreq,0,3.15
inches,4.35,en,wordfreq,0,2.05
incidence,3.64,en,wordfreq,0,3.1
incident,4.54,en,wordfreq,0,2.7
incidental,3.31,en,wordfreq,0,3.4
incidentally,3.51,en,wordfreq,0,4.35
incidents,4.15,en,wordfreq,0,2.95
incision,3.16,en,wordfreq,0,2.7
incite,3.12,en,wordfreq,1,2.05
inciting,3.17,en,wordfreq,1,2.6
incl,3.22,en,wordfreq,3,1.8
inclination,3.37,en,wordfreq,0,3.3
incline,3.15,en,wordfreq,0,2.6
inclined,3.87,en,wordfreq,0,2.75
include,5.21,en,wordfreq,0,2.65
included,5.03,en,wordfreq,1,2.6
includes,4.96,en,wordfreq,1,2.7
including,5.52,en,wordfreq,0,3.1
inclusion,4.02,en,wordfreq,0,2.7
inclusive,3.97,en,wordfreq,0,3.2
incognito,3.06,en,wordfreq,0,4.2
incoherent,3.09,en,wordfreq,0,3.6
income,4.97,en,wordfreq,0,2.55
incomes,3.68,en,wordfreq,0,2.75
incoming,3.93,en,wordfreq,1,2.55
incomparable,2.99,en,wordfreq,0,4.25
incompatible,3.48,en,wordfreq,0,4.75
incompetence,3.43,en,wordfreq,0,4.3
incompetent,3.65,en,wordfreq,0,3.75
incomplete,3.85,en,wordfreq,0,3.9
inconceivable,3.07,en,wordfreq,0,5.5
inconclusive,3.13,en,wordfreq,0,4.95
inconsiderate,3.04,en,wordfreq,0,5.1
inconsistencies,3.25,en,wordfreq,0,6.0
inconsistency,3.23,en,wordfreq,0,4.75
inconsistent,3.79,en,wordfreq,0,4.15
inconvenience,3.69,en,wordfreq,0,4.85
inconvenient,3.47,en,wordfreq,0,4.35
incorporate,3.85,en,wordfreq,0,3.85
incorporated,4.2,en,wordfreq,1,3.9
incorporates,3.55,en,wordfreq,1,4.15
incorporating,3.69,en,wordfreq,0,4.35
incorporation,3.4,en,wordfreq,0,3.85
incorrect,3.94,en,wordfreq,0,3.55
incorrectly,3.57,en,wordfreq,0,4.3
increase,5.08,en,wordfreq,0,2.65
increased,4.91,en,wordfreq,1,2.85
increases,4.46,en,wordfreq,1,3.25
increasing,4.68,en,wordfreq,0,3.45
increasingly,4.38,en,wordfreq,0,4.9
incredible,4.63,en,wordfreq,1,4.0
incredibly,4.38,en,wordfreq,1,4.55
increment,2.96,en,wordfreq,0,3.1
incremental,3.38,en,wordfreq,0,4.4
increments,3.12,en,wordfreq,0,3.45
incriminating,3.03,en,wordfreq,0,4.35
incubation,3.15,en,wordfreq,0,2.95
incubator,3.13,en,wordfreq,0,3.7
incumbent,3.77,en,wordfreq,0,3.55
incumbents,3.17,en,wordfreq,0,3.65
incur,3.3,en,wordfreq,0,2.15
incurable,3.03,en,wordfreq,0,3.6
incurred,3.6,en,wordfreq,0,2.75
incursion,2.95,en,wordfreq,0,2.75
incursions,2.96,en,wordfreq,0,3.35
ind,3.57,en,wordfreq,11,1.0
indebted,3.21,en,wordfreq,0,2.4
indecent,3.21,en,wordfreq,0,2.85
indeed,4.79,en,wordfreq,0,2.15
indefinite,3.41,en,wordfreq,0,3.75
indefinitely,3.65,en,wordfreq,0,4.35
independence,4.58,en,wordfreq,0,4.15
independent,4.93,en,wordfreq,0,3.9
independently,4.06,en,wordfreq,0,4.9
independents,3.38,en,wordfreq,0,4.1
indestructible,3.06,en,wordfreq,0,5.55
index,4.57,en,wordfreq,0,2.0
indexed,3.28,en,wordfreq,1,2.55
indexes,3.32,en,wordfreq,1,2.65
indexing,3.18,en,wordfreq,0,2.95
india,5.04,en,wordfreq,1,1.9
indian,4.91,en,wordfreq,0,2.5
indiana,4.31,en,wordfreq,1,2.7
indianapolis,3.82,en,wordfreq,0,5.8
indians,4.25,en,wordfreq,1,2.65
indicate,4.35,en,wordfreq,0,2.4
indicated,4.34,en,wordfreq,1,2.4
indicates,4.24,en,wordfreq,1,2.55
indicating,4.09,en,wordfreq,0,2.8
indication,4.06,en,wordfreq,0,2.5
indications,3.6,en,wordfreq,0,2.7
indicative,3.57,en,wordfreq,0,3.15
indicator,3.92,en,wordfreq,0,2.85
indicators,3.83,en,wordfreq,0,3.15
indices,3.41,en,wordfreq,1,2.3
indicted,3.5,en,wordfreq,1,2.2
indictment,3.7,en,wordfreq,0,3.55
indictments,3.04,en,wordfreq,0,3.85
indie,4.0,en,wordfreq,1,1.9
indies,3.72,en,wordfreq,0,1.9
indifference,3.34,en,wordfreq,0,4.3
indifferent,3.44,en,wordfreq,0,4.25
indigenous,4.16,en,wordfreq,0,4.35
indignation,3.08,en,wordfreq,0,3.35
indigo,3.31,en,wordfreq,0,2.75
indirect,4.0,en,wordfreq,0,2.9
indirectly,3.71,en,wordfreq,0,3.9
indiscriminate,3.0,en,wordfreq,0,5.8
indispensable,3.34,en,wordfreq,0,5.55
indistinct,3.02,en,wordfreq,0,3.6
individual,5.0,en,wordfreq,0,4.3
individualism,3.0,en,wordfreq,0,5.55
individuality,3.2,en,wordfreq,0,4.95
individualized,3.05,en,wordfreq,0,5.85
individually,3.9,en,wordfreq,0,4.7
individuals,4.81,en,wordfreq,0,4.6
indo,3.45,en,wordfreq,4,1.75
indonesia,4.25,en,wordfreq,0,4.05
indonesian,3.89,en,wordfreq,0,4.75
indoor,4.09,en,wordfreq,0,2.7
indoors,3.6,en,wordfreq,0,2.85
induce,3.56,en,wordfreq,0,2.2
induced,4.04,en,wordfreq,1,2.15
induces,3.14,en,wordfreq,2,2.4
inducing,3.48,en,wordfreq,0,2.75
inducted,3.26,en,wordfreq,1,2.25
induction,3.71,en,wordfreq,0,2.45
indulge,3.54,en,wordfreq,0,2.8
indulged,2.97,en,wordfreq,0,2.7
indulgence,3.19,en,wordfreq,0,3.65
indulgent,3.09,en,wordfreq,0,3.3
indulging,3.11,en,wordfreq,0,3.1
indus,3.08,en,wordfreq,0,1.95
industrial,4.71,en,wordfreq,0,4.05
industrialized,3.12,en,wordfreq,0,5.95
industries,4.42,en,wordfreq,0,3.65
industry,5.19,en,wordfreq,0,3.45
indy,3.55,en,wordfreq,2,1.7
ineffective,3.66,en,wordfreq,0,3.8
inefficient,3.46,en,wordfreq,0,4.1
ineligible,3.29,en,wordfreq,0,3.95
inept,3.13,en,wordfreq,1,1.95
inequalities,3.24,en,wordfreq,0,4.5
inequality,3.92,en,wordfreq,0,3.75
inert,3.09,en,wordfreq,1,1.9
inertia,3.17,en,wordfreq,0,2.95
inescapable,2.96,en,wordfreq,0,4.45
inevitable,4.08,en,wordfreq,1,3.5
inevitably,3.9,en,wordfreq,1,4.05
inexcusable,2.95,en,wordfreq,0,4.5
inexpensive,3.57,en,wordfreq,0,4.05
inexperience,2.97,en,wordfreq,0,4.3
inexperienced,3.5,en,wordfreq,0,4.8
inexplicable,3.13,en,wordfreq,1,4.55
inexplicably,3.01,en,wordfreq,1,5.15
inf,3.07,en,wordfreq,11,1.25
infallible,3.02,en,wordfreq,0,4.4
infamous,3.75,en,wordfreq,0,3.8
infancy,3.38,en,wordfreq,0,2.75
infant,3.99,en,wordfreq,0,2.45
infantry,3.96,en,wordfreq,0,3.3
infants,3.76,en,wordfreq,0,2.75
infect,3.36,en,wordfreq,2,1.9
infected,4.13,en,wordfreq,2,2.0
infecting,2.96,en,wordfreq,1,2.5
infection,4.33,en,wordfreq,1,2.15
infections,3.97,en,wordfreq,2,2.4
infectious,3.81,en,wordfreq,1,3.3
infer,3.16,en,wordfreq,2,1.9
inference,3.25,en,wordfreq,0,2.75
inferior,3.81,en,wordfreq,1,2.75
inferiority,2.97,en,wordfreq,0,4.35
infernal,3.0,en,wordfreq,1,2.75
inferno,3.3,en,wordfreq,0,2.75
inferred,3.12,en,wordfreq,0,2.5
infertility,3.18,en,wordfreq,0,4.35
infestation,3.17,en,wordfreq,0,3.45
infested,3.37,en,wordfreq,3,2.2
infidelity,3.26,en,wordfreq,0,4.4
infield,3.01,en,wordfreq,2,2.6
infiltrate,3.25,en,wordfreq,0,3.65
infiltrated,3.2,en,wordfreq,0,3.7
infiltration,3.24,en,wordfreq,0,3.6
infinite,4.16,en,wordfreq,1,2.7
infinitely,3.51,en,wordfreq,0,3.55
infinity,3.82,en,wordfreq,1,2.75
infirmary,3.34,en,wordfreq,0,3.75
inflamed,3.14,en,wordfreq,1,2.75
inflammation,3.73,en,wordfreq,0,4.2
inflammatory,3.72,en,wordfreq,0,5.7
inflatable,3.25,en,wordfreq,0,3.65
inflate,3.01,en,wordfreq,0,2.7
inflated,3.51,en,wordfreq,1,2.5
inflation,4.14,en,wordfreq,0,2.8
inflict,3.34,en,wordfreq,0,2.85
inflicted,3.62,en,wordfreq,0,2.7
inflicting,3.09,en,wordfreq,0,3.15
influence,4.78,en,wordfreq,0,2.9
influenced,4.2,en,wordfreq,2,3.25
influencer,2.95,en,wordfreq,2,3.5
influencers,3.1,en,wordfreq,0,3.95
influences,4.05,en,wordfreq,2,3.2
influencing,3.5,en,wordfreq,0,3.75
influential,4.09,en,wordfreq,0,4.35
influenza,3.51,en,wordfreq,0,4.05
influx,3.58,en,wordfreq,0,2.9
info,4.6,en,wordfreq,2,1.85
infographic,3.07,en,wordfreq,0,4.35
inform,4.15,en,wordfreq,0,2.4
informal,3.87,en,wordfreq,0,2.55
informally,3.12,en,wordfreq,0,3.45
informant,3.33,en,wordfreq,0,2.95
informants,3.03,en,wordfreq,0,3.5
informatics,3.03,en,wordfreq,0,3.85
information,5.43,en,wordfreq,0,2.85
informational,3.18,en,wordfreq,0,4.2
informative,3.61,en,wordfreq,0,3.5
informed,4.45,en,wordfreq,1,2.35
informer,2.99,en,wordfreq,1,2.6
informing,3.58,en,wordfreq,0,2.7
informs,3.51,en,wordfreq,0,2.55
infrared,3.71,en,wordfreq,0,2.85
infrastructure,4.46,en,wordfreq,0,5.9
infrequent,2.99,en,wordfreq,0,3.95
infrequently,3.0,en,wordfreq,0,4.4
infringe,2.99,en,wordfreq,0,2.95
infringed,3.03,en,wordfreq,0,3.35
infringement,3.61,en,wordfreq,0,4.65
infringing,3.07,en,wordfreq,0,3.6
infuriated,2.97,en,wordfreq,0,3.55
infuriating,3.02,en,wordfreq,0,3.75
infused,3.38,en,wordfreq,0,2.6
infusion,3.29,en,wordfreq,0,2.55
ing,3.95,en,wordfreq,14,1.0
ingenious,3.35,en,wordfreq,0,3.6
ingenuity,3.23,en,wordfreq,0,3.55
ingested,3.11,en,wordfreq,2,2.3
ingestion,2.99,en,wordfreq,0,2.6
ingrained,3.08,en,wordfreq,0,3.2
ingram,3.34,en,wordfreq,0,2.75
ingredient,3.74,en,wordfreq,0,4.0
ingredients,4.14,en,wordfreq,0,4.45
ingrid,3.25,en,wordfreq,0,2.9
inhabit,3.33,en,wordfreq,1,2.8
inhabitants,4.07,en,wordfreq,0,4.5
inhabited,3.52,en,wordfreq,1,3.2
inhalation,3.12,en,wordfreq,0,3.25
inhale,3.25,en,wordfreq,0,2.4
inhaled,3.08,en,wordfreq,0,2.75
inhaling,3.03,en,wordfreq,0,2.9
inherent,3.83,en,wordfreq,0,2.7
inherently,3.59,en,wordfreq,0,3.7
inherit,3.52,en,wordfreq,0,2.65
inheritance,3.8,en,wordfreq,0,4.4
inherited,3.91,en,wordfreq,0,2.8
inhibit,3.34,en,wordfreq,1,2.6
inhibited,3.11,en,wordfreq,1,2.65
inhibiting,3.06,en,wordfreq,0,3.2
inhibition,3.39,en,wordfreq,0,3.0
inhibitor,3.38,en,wordfreq,0,3.0
inhibitors,3.42,en,wordfreq,1,3.25
inhibitory,2.95,en,wordfreq,1,3.55
inhibits,3.12,en,wordfreq,0,2.75
inhuman,3.27,en,wordfreq,0,2.9
inhumane,3.14,en,wordfreq,0,3.35
initial,4.72,en,wordfreq,0,2.75
initially,4.49,en,wordfreq,0,3.3
initials,3.46,en,wordfreq,0,3.1
initiate,3.74,en,wordfreq,0,2.5
initiated,3.99,en,wordfreq,1,2.75
initiates,3.09,en,wordfreq,1,2.85
initiating,3.38,en,wordfreq,0,2.9
initiation,3.52,en,wordfreq,0,2.8
initiative,4.36,en,wordfreq,0,3.25
initiatives,4.02,en,wordfreq,0,3.6
inject,3.44,en,wordfreq,2,1.95
injected,3.69,en,wordfreq,1,2.2
injecting,3.23,en,wordfreq,1,2.55
injection,3.99,en,wordfreq,1,2.1
injections,3.52,en,wordfreq,1,2.45
injunction,3.48,en,wordfreq,0,3.05
injure,3.27,en,wordfreq,2,2.15
injured,4.51,en,wordfreq,1,2.3
injuries,4.44,en,wordfreq,0,2.75
injuring,3.38,en,wordfreq,0,2.75
injury,4.74,en,wordfreq,1,2.65
injustice,3.81,en,wordfreq,0,3.55
injustices,3.08,en,wordfreq,0,3.55
ink,4.07,en,wordfreq,9,1.0
inked,3.08,en,wordfreq,0,1.95
inks,3.06,en,wordfreq,1,1.7
inland,3.83,en,wordfreq,1,1.9
inlet,3.45,en,wordfreq,0,2.0
inline,3.18,en,wordfreq,1,1.9
inmate,3.54,en,wordfreq,1,2.2
inmates,3.84,en,wordfreq,0,2.7
inn,4.07,en,wordfreq,15,1.0
innate,3.48,en,wordfreq,1,2.2
inner,4.5,en,wordfreq,2,1.75
inning,3.83,en,wordfreq,0,1.85
innings,4.02,en,wordfreq,0,2.5
innocence,3.83,en,wordfreq,0,3.4
innocent,4.45,en,wordfreq,0,3.2
innocents,3.14,en,wordfreq,0,3.55
innocuous,3.06,en,wordfreq,0,4.0
innovate,3.13,en,wordfreq,0,2.95
innovation,4.32,en,wordfreq,0,2.75
innovations,3.73,en,wordfreq,0,3.2
innovative,4.1,en,wordfreq,0,3.45
innovator,3.01,en,wordfreq,0,3.45
innovators,3.07,en,wordfreq,0,3.55
inns,3.06,en,wordfreq,2,1.8
innumerable,3.03,en,wordfreq,0,4.6
inorganic,3.23,en,wordfreq,0,3.9
inpatient,3.16,en,wordfreq,1,3.4
input,4.35,en,wordfreq,0,2.3
inputs,3.63,en,wordfreq,0,2.7
inquest,3.21,en,wordfreq,0,2.75
inquire,3.38,en,wordfreq,1,2.25
inquired,2.97,en,wordfreq,1,2.4
inquirer,2.97,en,wordfreq,1,2.65
inquiries,3.81,en,wordfreq,1,2.95
inquiring,2.99,en,wordfreq,0,2.85
inquiry,4.25,en,wordfreq,2,2.65
inquisition,3.35,en,wordfreq,0,3.65
inquisitive,2.98,en,wordfreq,0,4.3
ins,3.92,en,wordfreq,20,1.0
insane,4.4,en,wordfreq,0,2.25
insanely,3.34,en,wordfreq,0,3.35
insanity,3.72,en,wordfreq,0,2.95
insatiable,3.04,en,wordfreq,0,3.75
inscribed,3.38,en,wordfreq,0,3.2
inscription,3.54,en,wordfreq,0,3.25
inscriptions,3.31,en,wordfreq,0,3.5
insect,3.76,en,wordfreq,3,1.8
insects,4.02,en,wordfreq,1,2.35
insecure,3.72,en,wordfreq,0,3.0
insecurities,3.28,en,wordfreq,0,4.55
insecurity,3.56,en,wordfreq,0,3.65
insensitive,3.45,en,wordfreq,0,3.95
inseparable,3.13,en,wordfreq,0,4.0
insert,4.01,en,wordfreq,1,1.85
inserted,3.74,en,wordfreq,1,2.05
inserting,3.27,en,wordfreq,0,2.55
insertion,3.36,en,wordfreq,0,2.5
inserts,3.22,en,wordfreq,1,2.3
inside,5.19,en,wordfreq,0,2.05
insider,3.77,en,wordfreq,1,2.55
insiders,3.32,en,wordfreq,0,2.6
insides,3.12,en,wordfreq,1,2.3
insidious,3.24,en,wordfreq,0,3.85
insight,4.19,en,wordfreq,0,2.65
insightful,3.41,en,wordfreq,0,4.5
insights,3.86,en,wordfreq,0,2.7
insignia,3.15,en,wordfreq,0,3.65
insignificant,3.53,en,wordfreq,0,6.05
insist,4.03,en,wordfreq,0,2.15
insisted,4.06,en,wordfreq,0,2.3
insistence,3.44,en,wordfreq,0,3.35
insistent,3.05,en,wordfreq,0,2.9
insisting,3.55,en,wordfreq,0,2.55
insists,3.71,en,wordfreq,0,2.4
insofar,3.06,en,wordfreq,0,3.4
insolvency,3.18,en,wordfreq,0,4.35
insomnia,3.43,en,wordfreq,0,3.8
inspect,3.63,en,wordfreq,0,2.45
inspected,3.51,en,wordfreq,0,2.65
inspecting,3.16,en,wordfreq,0,2.65
inspection,4.14,en,wordfreq,0,2.65
inspections,3.63,en,wordfreq,0,2.95
inspector,4.25,en,wordfreq,0,3.1
inspectors,3.63,en,wordfreq,0,3.3
inspiration,4.41,en,wordfreq,0,2.95
inspirational,3.75,en,wordfreq,0,4.05
inspirations,3.08,en,wordfreq,0,3.35
inspire,4.0,en,wordfreq,0,2.55
inspired,4.63,en,wordfreq,1,2.65
inspires,3.47,en,wordfreq,1,2.75
inspiring,4.04,en,wordfreq,0,2.9
insta,3.28,en,wordfreq,0,2.0
instability,3.71,en,wordfreq,0,3.65
instagram,4.33,en,wordfreq,0,4.1
install,4.14,en,wordfreq,1,2.6
installation,4.16,en,wordfreq,0,3.65
installations,3.78,en,wordfreq,0,4.3
installed,4.4,en,wordfreq,1,2.9
installing,3.71,en,wordfreq,0,3.4
installment,3.58,en,wordfreq,0,3.7
installments,3.15,en,wordfreq,0,4.3
installs,2.95,en,wordfreq,0,2.8
instalment,3.04,en,wordfreq,0,3.4
instance,4.59,en,wordfreq,0,2.5
instances,4.06,en,wordfreq,0,2.75
instant,4.34,en,wordfreq,0,2.45
instantaneous,3.14,en,wordfreq,0,5.8
instantly,4.23,en,wordfreq,0,3.25
instead,5.24,en,wordfreq,0,2.85
instigated,3.05,en,wordfreq,0,2.95
instill,3.0,en,wordfreq,1,2.65
instilled,2.97,en,wordfreq,1,2.85
instinct,3.86,en,wordfreq,0,2.6
instinctive,3.04,en,wordfreq,0,3.55
instinctively,3.25,en,wordfreq,0,4.9
instincts,3.63,en,wordfreq,0,3.0
institut,3.06,en,wordfreq,0,3.1
institute,4.8,en,wordfreq,0,2.8
instituted,3.48,en,wordfreq,1,2.95
institutes,3.72,en,wordfreq,1,2.95
institution,4.41,en,wordfreq,0,3.0
institutional,4.0,en,wordfreq,0,4.0
institutions,4.58,en,wordfreq,0,3.3
instruct,3.31,en,wordfreq,0,2.65
instructed,3.84,en,wordfreq,0,2.8
instructing,3.13,en,wordfreq,0,2.9
instruction,4.14,en,wordfreq,0,2.55
instructional,3.51,en,wordfreq,0,3.9
instructions,4.37,en,wordfreq,0,2.8
instructive,2.98,en,wordfreq,0,2.9
instructor,4.02,en,wordfreq,0,3.25
instructors,3.57,en,wordfreq,0,3.35
instructs,2.98,en,wordfreq,0,2.65
instrument,4.26,en,wordfreq,0,3.4
instrumental,3.99,en,wordfreq,0,4.45
instrumentation,3.46,en,wordfreq,0,5.45
instruments,4.32,en,wordfreq,0,3.5
insufficient,3.77,en,wordfreq,0,4.85
insular,3.03,en,wordfreq,0,2.6
insulated,3.38,en,wordfreq,0,2.8
insulating,3.02,en,wordfreq,0,2.95
insulation,3.67,en,wordfreq,0,2.75
insulin,3.81,en,wordfreq,0,2.8
insult,3.99,en,wordfreq,0,2.35
insulted,3.52,en,wordfreq,0,2.45
insulting,3.7,en,wordfreq,0,2.6
insults,3.59,en,wordfreq,0,2.5
insurance,4.94,en,wordfreq,0,3.0
insure,3.4,en,wordfreq,3,1.75
insured,3.69,en,wordfreq,3,1.8
insurer,3.53,en,wordfreq,1,2.2
insurers,3.49,en,wordfreq,0,2.7
insurgency,3.31,en,wordfreq,0,3.7
insurgent,3.2,en,wordfreq,0,3.1
insurgents,3.37,en,wordfreq,0,3.55
insurmountable,3.03,en,wordfreq,0,6.6
insurrection,3.17,en,wordfreq,0,3.75
int,3.79,en,wordfreq,16,1.0
intact,3.98,en,wordfreq,0,2.4
intake,3.98,en,wordfreq,0,2.3
intangible,3.22,en,wordfreq,0,4.1
integer,3.39,en,wordfreq,0,2.85
integers,3.02,en,wordfreq,0,2.9
integral,3.96,en,wordfreq,0,2.85
integrate,3.72,en,wordfreq,0,2.85
integrated,4.29,en,wordfreq,1,2.8
integrates,3.04,en,wordfreq,1,3.3
integrating,3.52,en,wordfreq,0,3.35
integration,4.22,en,wordfreq,0,2.8
integrative,2.95,en,wordfreq,0,3.35
integrity,4.22,en,wordfreq,0,3.3
intel,4.07,en,wordfreq,1,1.9
intellect,3.49,en,wordfreq,0,3.55
intellectual,4.3,en,wordfreq,0,5.2
intellectually,3.34,en,wordfreq,0,6.0
intellectuals,3.49,en,wordfreq,0,5.6
intelligence,4.7,en,wordfreq,0,4.6
intelligent,4.29,en,wordfreq,0,4.3
intelligently,3.05,en,wordfreq,0,5.25
intend,4.09,en,wordfreq,1,1.9
intended,4.7,en,wordfreq,0,2.55
intending,3.49,en,wordfreq,0,2.7
intends,3.69,en,wordfreq,1,2.35
intense,4.39,en,wordfreq,1,2.35
intensely,3.52,en,wordfreq,0,3.15
intensified,3.46,en,wordfreq,1,3.95
intensifies,3.11,en,wordfreq,1,3.85
intensify,3.16,en,wordfreq,1,3.2
intensity,4.14,en,wordfreq,1,2.95
intensive,4.06,en,wordfreq,0,2.65
intent,4.28,en,wordfreq,2,1.85
intention,4.33,en,wordfreq,1,2.2
intentional,3.72,en,wordfreq,0,3.2
intentionally,3.82,en,wordfreq,0,3.95
intentions,4.11,en,wordfreq,1,2.6
intently,2.97,en,wordfreq,0,2.8
intents,2.97,en,wordfreq,1,2.2
inter,4.16,en,wordfreq,4,1.7
interact,4.05,en,wordfreq,0,2.6
interacted,3.11,en,wordfreq,0,2.8
interacting,3.66,en,wordfreq,0,2.75
interaction,4.29,en,wordfreq,0,2.65
interactions,4.16,en,wordfreq,0,2.75
interactive,4.06,en,wordfreq,0,3.2
interacts,3.21,en,wordfreq,0,2.75
intercept,3.57,en,wordfreq,0,2.9
intercepted,3.53,en,wordfreq,0,3.45
interception,3.43,en,wordfreq,0,3.15
interceptions,3.22,en,wordfreq,0,3.3
interchange,3.49,en,wordfreq,0,4.6
interchangeable,3.28,en,wordfreq,0,6.75
interconnected,3.25,en,wordfreq,0,5.6
intercourse,3.6,en,wordfreq,0,4.45
interest,5.17,en,wordfreq,0,2.45
interested,4.95,en,wordfreq,0,2.75
interesting,5.0,en,wordfreq,0,3.25
interestingly,3.6,en,wordfreq,0,4.7
interests,4.66,en,wordfreq,0,2.75
interface,4.12,en,wordfreq,0,2.95
interfaces,3.47,en,wordfreq,0,3.3
interfere,3.88,en,wordfreq,0,2.8
interfered,3.21,en,wordfreq,1,2.95
interference,3.99,en,wordfreq,0,3.9
interferes,3.05,en,wordfreq,1,3.1
interfering,3.53,en,wordfreq,0,3.6
interim,4.0,en,wordfreq,0,2.7
interior,4.55,en,wordfreq,2,2.55
interiors,3.44,en,wordfreq,0,2.8
interlocking,2.98,en,wordfreq,0,4.5
interlude,3.09,en,wordfreq,0,3.7
intermediaries,2.96,en,wordfreq,0,6.0
intermediary,3.18,en,wordfreq,0,4.95
intermediate,4.04,en,wordfreq,0,4.6
intermission,3.01,en,wordfreq,0,4.4
intermittent,3.39,en,wordfreq,0,4.75
intermittently,3.05,en,wordfreq,0,5.75
intern,3.67,en,wordfreq,0,1.9
internal,4.66,en,wordfreq,2,2.25
internally,3.75,en,wordfreq,0,3.25
international,5.36,en,wordfreq,0,3.6
internationally,3.95,en,wordfreq,0,4.9
internationals,3.09,en,wordfreq,0,4.3
internet,5.06,en,wordfreq,0,2.5
internment,2.99,en,wordfreq,0,3.4
interns,3.35,en,wordfreq,0,2.15
internship,3.61,en,wordfreq,0,3.8
internships,3.26,en,wordfreq,0,4.4
interpersonal,3.37,en,wordfreq,0,5.45
interplay,3.15,en,wordfreq,0,3.7
interpol,3.15,en,wordfreq,0,2.85
interpret,3.81,en,wordfreq,0,2.75
interpretation,4.22,en,wordfreq,0,4.35
interpretations,3.63,en,wordfreq,0,4.6
interpreted,3.92,en,wordfreq,1,3.0
interpreter,3.54,en,wordfreq,1,3.35
interpreters,3.09,en,wordfreq,0,4.0
interpreting,3.45,en,wordfreq,0,3.25
interpretive,3.04,en,wordfreq,0,4.05
interprets,2.99,en,wordfreq,0,3.15
interracial,3.37,en,wordfreq,0,4.25
interrogated,3.18,en,wordfreq,0,4.15
interrogation,3.56,en,wordfreq,0,4.05
interrupt,3.61,en,wordfreq,0,3.25
interrupted,3.85,en,wordfreq,0,3.25
interrupting,3.28,en,wordfreq,0,3.6
interruption,3.36,en,wordfreq,0,3.2
interruptions,3.12,en,wordfreq,0,3.4
interrupts,3.09,en,wordfreq,0,3.4
intersect,3.19,en,wordfreq,0,2.75
intersection,3.88,en,wordfreq,0,3.2
intersections,3.27,en,wordfreq,0,3.3
interspersed,3.1,en,wordfreq,0,4.45
interstate,3.99,en,wordfreq,0,3.7
interstellar,3.34,en,wordfreq,0,5.2
intertwined,3.2,en,wordfreq,0,3.7
interval,3.77,en,wordfreq,1,2.65
intervals,3.69,en,wordfreq,0,2.95
intervene,3.65,en,wordfreq,0,2.85
intervened,3.35,en,wordfreq,0,3.1
intervening,3.33,en,wordfreq,0,3.45
intervention,4.26,en,wordfreq,0,3.3
interventions,3.74,en,wordfreq,0,3.4
interview,4.86,en,wordfreq,0,3.15
interviewed,4.0,en,wordfreq,1,3.35
interviewer,3.51,en,wordfreq,1,3.75
interviewing,3.62,en,wordfreq,0,3.9
interviews,4.36,en,wordfreq,0,3.4
intestinal,3.32,en,wordfreq,0,3.6
intestine,3.23,en,wordfreq,0,2.8
intestines,3.22,en,wordfreq,0,3.5
intimacy,3.64,en,wordfreq,0,3.65
intimate,4.06,en,wordfreq,0,2.45
intimately,3.24,en,wordfreq,0,3.65
intimidate,3.31,en,wordfreq,0,3.45
intimidated,3.44,en,wordfreq,0,3.55
intimidating,3.56,en,wordfreq,0,3.75
intimidation,3.39,en,wordfreq,0,3.6
intl,2.95,en,wordfreq,2,1.8
into,6.11,en,wordfreq,5,1.55
intolerable,3.17,en,wordfreq,0,4.05
intolerance,3.46,en,wordfreq,0,3.95
intolerant,3.25,en,wordfreq,0,3.7
intoxicated,3.34,en,wordfreq,0,3.75
intoxicating,2.97,en,wordfreq,0,4.2
intoxication,3.12,en,wordfreq,0,3.75
intra,3.32,en,wordfreq,1,1.95
intracellular,3.02,en,wordfreq,0,6.4
intravenous,3.13,en,wordfreq,0,4.9
intrepid,3.04,en,wordfreq,0,3.85
intricate,3.55,en,wordfreq,0,3.3
intrigue,3.36,en,wordfreq,0,3.4
intrigued,3.47,en,wordfreq,0,3.65
intriguing,3.69,en,wordfreq,0,3.8
intrinsic,3.47,en,wordfreq,0,4.0
intrinsically,3.06,en,wordfreq,0,5.25
intro,3.81,en,wordfreq,1,1.9
introduce,4.37,en,wordfreq,0,3.45
introduced,4.72,en,wordfreq,1,3.45
introduces,3.8,en,wordfreq,1,3.55
introducing,4.16,en,wordfreq,0,3.9
introduction,4.52,en,wordfreq,0,3.5
introductions,3.3,en,wordfreq,0,3.85
introductory,3.51,en,wordfreq,0,4.8
introspection,2.98,en,wordfreq,0,4.5
intruder,3.37,en,wordfreq,0,3.2
intruders,3.11,en,wordfreq,0,3.55
intrusion,3.42,en,wordfreq,0,3.3
intrusive,3.33,en,wordfreq,0,3.55
intuition,3.54,en,wordfreq,0,2.8
intuitive,3.57,en,wordfreq,0,3.3
intuitively,3.04,en,wordfreq,0,4.45
inuit,2.95,en,wordfreq,0,2.05
inundated,3.03,en,wordfreq,0,3.35
invade,3.61,en,wordfreq,0,2.3
invaded,3.74,en,wordfreq,1,2.55
invader,2.98,en,wordfreq,1,2.6
invaders,3.43,en,wordfreq,0,2.75
invading,3.5,en,wordfreq,0,2.8
invalid,3.78,en,wordfreq,0,2.85
invalidate,3.0,en,wordfreq,0,3.7
invaluable,3.54,en,wordfreq,0,3.65
invariably,3.44,en,wordfreq,0,4.05
invariant,3.03,en,wordfreq,0,3.4
invasion,4.23,en,wordfreq,0,2.6
invasions,3.19,en,wordfreq,0,2.9
invasive,3.69,en,wordfreq,0,2.9
invent,3.57,en,wordfreq,2,1.9
invented,4.17,en,wordfreq,2,2.25
inventing,3.27,en,wordfreq,1,2.45
invention,4.04,en,wordfreq,1,2.25
inventions,3.56,en,wordfreq,1,2.5
inventive,3.26,en,wordfreq,1,2.7
inventor,3.59,en,wordfreq,1,2.5
inventories,3.2,en,wordfreq,0,3.75
inventors,3.22,en,wordfreq,2,2.55
inventory,4.14,en,wordfreq,1,3.0
inverness,3.3,en,wordfreq,0,3.55
inverse,3.42,en,wordfreq,0,2.45
inversion,3.26,en,wordfreq,0,2.55
invertebrates,2.96,en,wordfreq,0,4.85
inverted,3.42,en,wordfreq,3,2.05
invest,4.32,en,wordfreq,2,1.85
invested,4.19,en,wordfreq,4,2.05
investigate,4.31,en,wordfreq,0,3.3
investigated,4.14,en,wordfreq,1,3.55
investigates,3.33,en,wordfreq,1,3.5
investigating,4.08,en,wordfreq,0,3.9
investigation,4.75,en,wordfreq,0,3.45
investigations,4.21,en,wordfreq,0,3.85
investigative,3.68,en,wordfreq,0,3.95
investigator,3.83,en,wordfreq,0,3.75
investigators,3.88,en,wordfreq,0,4.05
investing,4.11,en,wordfreq,1,2.55
investment,4.84,en,wordfreq,0,3.6
investments,4.27,en,wordfreq,0,3.8
investor,3.96,en,wordfreq,1,2.5
investors,4.34,en,wordfreq,1,2.8
invests,3.13,en,wordfreq,0,2.35
invincible,3.44,en,wordfreq,0,4.3
invisibility,2.95,en,wordfreq,0,4.35
invisible,4.09,en,wordfreq,0,3.55
invitation,4.14,en,wordfreq,0,2.65
invitational,3.16,en,wordfreq,0,3.6
invitations,3.41,en,wordfreq,0,2.9
invite,4.3,en,wordfreq,1,2.0
invited,4.53,en,wordfreq,1,2.3
invites,3.71,en,wordfreq,1,2.45
inviting,3.86,en,wordfreq,1,2.6
invoice,3.27,en,wordfreq,0,2.7
invoices,3.09,en,wordfreq,0,2.7
invoke,3.33,en,wordfreq,0,2.5
invoked,3.33,en,wordfreq,0,2.6
invoking,3.1,en,wordfreq,0,2.8
involuntary,3.34,en,wordfreq,0,4.9
involve,4.28,en,wordfreq,0,2.6
involved,5.1,en,wordfreq,1,2.55
involvement,4.3,en,wordfreq,0,4.15
involves,4.34,en,wordfreq,1,2.65
involving,4.48,en,wordfreq,0,2.85
inward,3.37,en,wordfreq,1,2.3
io,3.41,en,wordfreq,42,1.0
ioc,3.24,en,wordfreq,16,1.05
iodine,3.19,en,wordfreq,0,2.55
ion,4.15,en,wordfreq,22,1.0
ionic,3.21,en,wordfreq,2,1.75
ionization,3.03,en,wordfreq,0,3.1
ions,3.52,en,wordfreq,6,1.35
ios,4.12,en,wordfreq,24,1.0
iot,3.51,en,wordfreq,19,1.0
iota,2.97,en,wordfreq,1,1.8
iowa,4.33,en,wordfreq,1,1.95
ip,4.04,en,wordfreq,42,1.0
ipa,3.31,en,wordfreq,16,1.0
ipad,4.1,en,wordfreq,1,1.8
ipads,3.11,en,wordfreq,0,1.9
ipc,2.96,en,wordfreq,14,1.15
iphone,4.43,en,wordfreq,0,2.5
iphones,3.48,en,wordfreq,0,2.7
ipl,3.21,en,wordfreq,9,1.4
ipo,3.37,en,wordfreq,8,1.4
ipod,3.69,en,wordfreq,1,1.85
ips,3.26,en,wordfreq,23,1.0
ipswich,3.41,en,wordfreq,0,3.75
iq,3.69,en,wordfreq,25,1.0
iqbal,3.01,en,wordfreq,0,2.8
ir,3.68,en,wordfreq,43,1.0
ira,3.84,en,wordfreq,17,1.0
iran,4.62,en,wordfreq,7,1.45
iranian,4.16,en,wordfreq,0,2.7
iranians,3.2,en,wordfreq,0,2.85
iraq,4.43,en,wordfreq,1,1.85
iraqi,3.95,en,wordfreq,0,2.5
iraqis,3.06,en,wordfreq,0,2.75
irc,3.1,en,wordfreq,17,1.0
ire,3.22,en,wordfreq,15,1.0
ireland,4.66,en,wordfreq,1,2.65
irene,3.71,en,wordfreq,0,1.95
irina,3.1,en,wordfreq,0,2.0
iris,3.76,en,wordfreq,3,1.7
irish,4.54,en,wordfreq,1,1.9
irishman,3.06,en,wordfreq,0,3.45
irl,3.43,en,wordfreq,8,1.4
irma,3.02,en,wordfreq,1,1.85
iron,4.74,en,wordfreq,4,1.6
ironic,3.8,en,wordfreq,1,2.35
ironically,3.74,en,wordfreq,0,3.5
ironing,3.1,en,wordfreq,0,2.2
ironman,3.17,en,wordfreq,0,2.8
irons,3.32,en,wordfreq,2,1.8
irony,3.86,en,wordfreq,1,1.9
irradiation,3.09,en,wordfreq,0,3.65
irrational,3.56,en,wordfreq,0,3.45
irregular,3.7,en,wordfreq,0,4.1
irregularities,3.31,en,wordfreq,0,5.85
irrelevant,3.98,en,wordfreq,0,4.55
irreplaceable,3.01,en,wordfreq,0,5.85
irresistible,3.47,en,wordfreq,0,5.2
irrespective,3.41,en,wordfreq,0,4.35
irresponsible,3.67,en,wordfreq,0,5.05
irreversible,3.28,en,wordfreq,0,5.1
irrigation,3.69,en,wordfreq,1,3.1
irritable,3.09,en,wordfreq,0,3.3
irritate,3.08,en,wordfreq,0,2.95
irritated,3.5,en,wordfreq,0,3.4
irritating,3.61,en,wordfreq,0,3.45
irritation,3.42,en,wordfreq,1,2.75
irs,3.89,en,wordfreq,19,1.0
irvine,3.55,en,wordfreq,1,2.1
irving,3.71,en,wordfreq,1,1.95
irwin,3.57,en,wordfreq,1,1.95
is,7.07,en,wordfreq,43,1.0
isa,3.59,en,wordfreq,24,1.0
isaac,3.93,en,wordfreq,0,2.55
isabel,3.57,en,wordfreq,0,2.65
isabella,3.49,en,wordfreq,1,3.65
isabelle,3.3,en,wordfreq,1,3.45
isaiah,3.6,en,wordfreq,0,2.85
isbn,3.11,en,wordfreq,0,1.9
ish,3.72,en,wordfreq,11,1.2
isi,3.1,en,wordfreq,12,1.15
isil,3.34,en,wordfreq,1,1.85
isis,4.27,en,wordfreq,3,1.7
isla,3.17,en,wordfreq,2,1.8
islam,4.42,en,wordfreq,0,1.9
islamabad,3.32,en,wordfreq,0,4.65
islamic,4.44,en,wordfreq,0,2.85
islamist,3.39,en,wordfreq,0,3.6
islamists,3.14,en,wordfreq,0,3.8
island,5.01,en,wordfreq,1,1.9
islander,3.06,en,wordfreq,0,2.6
islanders,3.45,en,wordfreq,0,2.7
islands,4.5,en,wordfreq,0,2.5
isle,3.83,en,wordfreq,2,1.8
isles,3.58,en,wordfreq,0,1.9
islington,3.07,en,wordfreq,0,3.35
ism,3.06,en,wordfreq,13,1.2
ismail,3.06,en,wordfreq,0,2.55
isn,3.05,en,wordfreq,15,1.0
isnt,3.89,en,wordfreq,0,1.85
iso,3.79,en,wordfreq,12,1.25
isolate,3.6,en,wordfreq,0,2.55
isolated,4.24,en,wordfreq,1,2.6
isolates,3.0,en,wordfreq,1,2.75
isolating,3.23,en,wordfreq,0,2.85
isolation,4.02,en,wordfreq,0,2.7
isotope,3.15,en,wordfreq,0,3.3
isotopes,3.12,en,wordfreq,0,3.5
isp,3.25,en,wordfreq,14,1.05
isps,3.14,en,wordfreq,2,1.75
israel,4.77,en,wordfreq,0,2.75
israeli,4.4,en,wordfreq,0,3.5
israelis,3.43,en,wordfreq,0,3.6
israelites,3.15,en,wordfreq,0,4.25
iss,3.45,en,wordfreq,21,1.0
issa,3.24,en,wordfreq,1,1.85
issuance,3.34,en,wordfreq,0,3.1
issue,5.23,en,wordfreq,0,2.05
issued,4.73,en,wordfreq,2,2.2
issuer,3.07,en,wordfreq,2,2.55
issues,5.19,en,wordfreq,2,2.1
issuing,3.76,en,wordfreq,0,2.65
ist,3.35,en,wordfreq,20,1.0
istanbul,3.74,en,wordfreq,0,3.9
it,6.95,en,wordfreq,43,1.0
ita,3.11,en,wordfreq,16,1.0
italia,3.39,en,wordfreq,0,2.55
italian,4.66,en,wordfreq,0,2.6
italians,3.64,en,wordfreq,0,2.75
italics,3.14,en,wordfreq,0,2.85
italy,4.66,en,wordfreq,0,2.1
itch,3.36,en,wordfreq,1,1.5
itching,3.37,en,wordfreq,1,1.95
itchy,3.34,en,wordfreq,0,2.1
item,4.57,en,wordfreq,1,1.9
items,4.78,en,wordfreq,1,1.9
iteration,3.39,en,wordfreq,0,2.65
iterations,3.11,en,wordfreq,0,2.75
ithaca,3.16,en,wordfreq,0,3.0
itinerary,3.23,en,wordfreq,0,4.0
ito,3.16,en,wordfreq,9,1.25
its,6.14,en,wordfreq,19,1.0
itself,5.1,en,wordfreq,0,2.85
itt,3.1,en,wordfreq,10,1.25
itunes,3.95,en,wordfreq,0,2.45
itv,3.53,en,wordfreq,6,1.55
iu,3.29,en,wordfreq,44,1.0
iv,4.38,en,wordfreq,38,1.0
ivan,3.86,en,wordfreq,2,1.8
ive,4.02,en,wordfreq,8,1.1
ives,3.18,en,wordfreq,1,1.6
ivf,3.14,en,wordfreq,5,1.65
ivory,3.85,en,wordfreq,0,2.15
ivy,3.83,en,wordfreq,3,1.8
ix,3.69,en,wordfreq,31,1.0
izzy,3.11,en,wordfreq,1,2.05
ja,3.71,en,wordfreq,43,1.0
jab,3.35,en,wordfreq,19,1.0
jace,3.09,en,wordfreq,9,1.45
jack,4.82,en,wordfreq,12,1.35
jackass,3.33,en,wordfreq,0,2.9
jacked,3.28,en,wordfreq,7,1.65
jacket,4.32,en,wordfreq,3,1.8
jackets,3.81,en,wordfreq,1,1.9
jackie,3.97,en,wordfreq,0,2.55
jackman,3.04,en,wordfreq,0,2.95
jackpot,3.5,en,wordfreq,0,3.1
jacks,3.41,en,wordfreq,6,1.65
jackson,4.58,en,wordfreq,0,2.65
jacksonville,3.61,en,wordfreq,0,5.7
jacob,4.23,en,wordfreq,1,2.1
jacobs,3.74,en,wordfreq,0,2.6
jacobson,3.1,en,wordfreq,0,3.5
jacqueline,3.36,en,wordfreq,0,4.55
jacques,3.71,en,wordfreq,0,3.0
jade,3.78,en,wordfreq,9,1.4
jaded,2.97,en,wordfreq,2,1.85
jae,3.42,en,wordfreq,19,1.0
jaffa,2.98,en,wordfreq,0,2.45
jag,3.05,en,wordfreq,24,1.0
jagged,3.12,en,wordfreq,5,1.75
jagger,3.1,en,wordfreq,2,1.9
jaguar,3.51,en,wordfreq,0,2.7
jaguars,3.29,en,wordfreq,0,2.85
jai,3.37,en,wordfreq,23,1.0
jail,4.62,en,wordfreq,11,1.35
jailbreak,3.03,en,wordfreq,0,4.45
jailed,3.59,en,wordfreq,7,1.65
jails,3.2,en,wordfreq,7,1.6
jaime,3.54,en,wordfreq,0,2.0
jain,3.09,en,wordfreq,10,1.3
jaipur,3.1,en,wordfreq,0,2.95
jakarta,3.67,en,wordfreq,0,3.1
jake,4.17,en,wordfreq,13,1.3
jakob,3.02,en,wordfreq,1,2.6
jam,4.17,en,wordfreq,26,1.0
jama,2.96,en,wordfreq,8,1.45
jamaica,3.92,en,wordfreq,0,2.9
jamaican,3.57,en,wordfreq,0,3.5
jamal,3.51,en,wordfreq,1,1.9
james,5.11,en,wordfreq,3,1.75
jameson,3.19,en,wordfreq,0,2.65
jamestown,2.98,en,wordfreq,0,3.85
jamie,4.17,en,wordfreq,0,2.0
jammed,3.34,en,wordfreq,1,1.95
jamming,3.31,en,wordfreq,0,2.15
jammu,3.09,en,wordfreq,0,2.3
jams,3.44,en,wordfreq,7,1.5
jan,4.51,en,wordfreq,32,1.0
jana,3.06,en,wordfreq,11,1.35
janata,2.98,en,wordfreq,0,2.45
jane,4.42,en,wordfreq,16,1.0
janeiro,3.52,en,wordfreq,0,3.3
janet,3.96,en,wordfreq,0,1.95
jang,3.38,en,wordfreq,18,1.0
janice,3.35,en,wordfreq,1,2.0
janine,2.99,en,wordfreq,2,1.9
janis,3.06,en,wordfreq,1,1.95
janitor,3.2,en,wordfreq,0,2.85
jansen,2.98,en,wordfreq,2,2.5
january,5.09,en,wordfreq,0,2.85
janus,3.02,en,wordfreq,1,1.9
jap,2.99,en,wordfreq,22,1.0
japan,4.89,en,wordfreq,0,2.0
japanese,4.81,en,wordfreq,0,3.7
jar,3.93,en,wordfreq,24,1.0
jared,3.79,en,wordfreq,4,1.8
jargon,3.24,en,wordfreq,0,2.0
jarrett,3.16,en,wordfreq,2,2.65
jarring,3.03,en,wordfreq,3,1.85
jars,3.45,en,wordfreq,11,1.35
jarvis,3.37,en,wordfreq,0,2.6
jasmine,3.61,en,wordfreq,0,2.7
jason,4.46,en,wordfreq,1,1.95
jasper,3.59,en,wordfreq,1,1.95
java,4.0,en,wordfreq,3,1.8
javascript,3.5,en,wordfreq,0,5.2
javier,3.47,en,wordfreq,1,2.4
jaw,3.98,en,wordfreq,19,1.0
jaws,3.56,en,wordfreq,7,1.55
jax,3.31,en,wordfreq,18,1.0
jay,4.38,en,wordfreq,26,1.0
jayne,3.08,en,wordfreq,2,1.85
jays,3.48,en,wordfreq,14,1.25
jazeera,3.1,en,wordfreq,0,3.5
jazz,4.31,en,wordfreq,0,1.95
jazzy,3.0,en,wordfreq,0,2.5
jb,3.27,en,wordfreq,40,1.0
jc,3.36,en,wordfreq,41,1.0
jd,3.47,en,wordfreq,41,1.0
je,3.63,en,wordfreq,42,1.0
jealous,4.24,en,wordfreq,1,2.8
jealousy,3.74,en,wordfreq,0,3.7
jean,4.36,en,wordfreq,7,1.5
jeanette,3.04,en,wordfreq,0,3.6
jeanne,3.41,en,wordfreq,2,2.1
jeans,4.09,en,wordfreq,4,1.7
jeb,3.29,en,wordfreq,10,1.35
jed,3.14,en,wordfreq,14,1.1
jedi,3.62,en,wordfreq,1,1.9
jeep,3.72,en,wordfreq,6,1.7
jeez,3.46,en,wordfreq,2,1.9
jeff,4.45,en,wordfreq,0,1.95
jefferson,4.0,en,wordfreq,0,3.8
jeffery,3.1,en,wordfreq,0,2.95
jeffrey,3.9,en,wordfreq,1,3.05
jeffries,2.98,en,wordfreq,0,3.3
jehovah,3.15,en,wordfreq,0,3.85
jekyll,2.99,en,wordfreq,0,3.0
jelly,3.77,en,wordfreq,5,1.75
jellyfish,3.25,en,wordfreq,0,4.35
jen,3.58,en,wordfreq,22,1.0
jenkins,3.84,en,wordfreq,0,2.8
jenna,3.54,en,wordfreq,1,1.95
jenner,3.37,en,wordfreq,0,2.0
jennie,3.21,en,wordfreq,0,2.0
jennifer,4.19,en,wordfreq,0,3.6
jennings,3.62,en,wordfreq,0,2.7
jenny,3.89,en,wordfreq,7,1.65
jens,3.02,en,wordfreq,9,1.45
jensen,3.55,en,wordfreq,1,2.1
jeong,3.0,en,wordfreq,0,1.95
jeopardize,3.1,en,wordfreq,0,4.8
jeopardy,3.52,en,wordfreq,0,3.75
jeremiah,3.48,en,wordfreq,0,3.85
jeremy,4.15,en,wordfreq,0,2.55
jericho,3.33,en,wordfreq,0,3.15
jerk,4.0,en,wordfreq,1,1.85
jerking,3.21,en,wordfreq,0,2.1
jerks,3.28,en,wordfreq,2,1.85
jerky,3.1,en,wordfreq,3,1.8
jermaine,2.95,en,wordfreq,0,2.95
jerome,3.66,en,wordfreq,0,2.7
jerry,4.26,en,wordfreq,9,1.55
jersey,4.66,en,wordfreq,0,2.3
jerseys,3.65,en,wordfreq,0,2.85
jerusalem,4.2,en,wordfreq,0,4.55
jess,3.66,en,wordfreq,11,1.35
jesse,4.04,en,wordfreq,0,1.9
jessica,4.17,en,wordfreq,0,3.05
jessie,3.65,en,wordfreq,1,2.3
jest,3.06,en,wordfreq,12,1.3
jester,2.96,en,wordfreq,3,1.75
jesuit,3.22,en,wordfreq,0,2.65
jesuits,3.06,en,wordfreq,0,2.75
jesus,4.99,en,wordfreq,0,1.95
jet,4.29,en,wordfreq,17,1.0
jeter,3.0,en,wordfreq,3,1.8
jets,4.09,en,wordfreq,11,1.35
jetty,3.04,en,wordfreq,3,1.85
jew,3.87,en,wordfreq,14,1.1
jewel,3.68,en,wordfreq,0,1.95
jewellery,3.74,en,wordfreq,0,3.8
jewelry,4.12,en,wordfreq,0,2.85
jewels,3.59,en,wordfreq,0,2.25
jewish,4.61,en,wordfreq,0,2.7
jews,4.47,en,wordfreq,5,1.7
jfk,3.44,en,wordfreq,0,1.9
jg,3.02,en,wordfreq,39,1.0
ji,3.89,en,wordfreq,43,1.0
jia,3.02,en,wordfreq,16,1.05
jiang,3.16,en,wordfreq,1,1.85
jig,3.1,en,wordfreq,17,1.0
jigsaw,3.15,en,wordfreq,0,3.0
jihad,3.49,en,wordfreq,0,2.7
jihadist,2.96,en,wordfreq,0,3.7
jihadists,2.97,en,wordfreq,0,4.0
jill,3.81,en,wordfreq,11,1.4
jillian,3.06,en,wordfreq,2,2.6
jim,4.62,en,wordfreq,13,1.15
jimi,3.25,en,wordfreq,2,1.85
jimmie,3.04,en,wordfreq,0,2.8
jimmy,4.44,en,wordfreq,1,2.05
jin,3.98,en,wordfreq,25,1.0
jing,3.03,en,wordfreq,16,1.0
jingle,3.21,en,wordfreq,3,2.0
jinx,3.14,en,wordfreq,1,1.9
jiu,2.95,en,wordfreq,5,1.6
jive,3.08,en,wordfreq,5,1.7
jj,3.63,en,wordfreq,33,1.0
jk,3.47,en,wordfreq,37,1.0
jl,3.09,en,wordfreq,39,1.0
jm,3.09,en,wordfreq,41,1.0
jn,2.97,en,wordfreq,35,1.0
jo,4.03,en,wordfreq,41,1.0
joachim,3.12,en,wordfreq,0,3.4
joan,4.01,en,wordfreq,7,1.5
joanna,3.52,en,wordfreq,1,2.2
joanne,3.47,en,wordfreq,2,2.1
joaquin,3.36,en,wordfreq,0,3.75
job,5.5,en,wordfreq,15,1.05
jobless,3.14,en,wordfreq,0,2.85
jobs,4.98,en,wordfreq,4,1.7
jocelyn,2.98,en,wordfreq,0,3.4
jock,3.32,en,wordfreq,7,1.65
jockey,3.57,en,wordfreq,1,1.9
jockeys,2.96,en,wordfreq,0,2.4
jodi,3.1,en,wordfreq,5,1.65
jodie,3.14,en,wordfreq,2,1.85
jody,3.18,en,wordfreq,5,1.7
joe,4.78,en,wordfreq,18,1.0
joel,3.97,en,wordfreq,2,1.85
joey,3.92,en,wordfreq,3,1.75
joffrey,3.0,en,wordfreq,1,3.0
jog,3.3,en,wordfreq,15,1.05
jogging,3.38,en,wordfreq,1,1.95
johan,3.27,en,wordfreq,2,1.75
johann,3.37,en,wordfreq,0,2.35
johanna,3.09,en,wordfreq,0,2.5
johannes,3.19,en,wordfreq,0,2.85
johannesburg,3.67,en,wordfreq,0,6.35
johansson,3.21,en,wordfreq,0,3.65
john,5.38,en,wordfreq,4,1.65
johnnie,3.09,en,wordfreq,0,2.65
johnny,4.35,en,wordfreq,0,2.3
johns,3.84,en,wordfreq,1,1.9
johnson,4.72,en,wordfreq,0,2.75
johnston,3.79,en,wordfreq,0,3.15
johnstone,3.19,en,wordfreq,0,3.65
join,5.0,en,wordfreq,7,1.45
joined,4.73,en,wordfreq,1,1.95
joining,4.47,en,wordfreq,0,2.05
joins,4.04,en,wordfreq,3,1.75
joint,4.71,en,wordfreq,2,1.8
jointly,3.78,en,wordfreq,0,2.75
joints,3.82,en,wordfreq,1,1.85
jojo,3.34,en,wordfreq,3,1.8
joke,4.68,en,wordfreq,6,1.5
joked,3.28,en,wordfreq,3,1.8
joker,3.74,en,wordfreq,3,1.8
jokes,4.33,en,wordfreq,3,1.8
joking,4.04,en,wordfreq,1,1.95
jokingly,3.18,en,wordfreq,0,3.45
jolie,3.37,en,wordfreq,3,1.85
jolly,3.57,en,wordfreq,6,1.7
jolt,3.02,en,wordfreq,4,1.8
jon,4.31,en,wordfreq,24,1.0
jonah,3.53,en,wordfreq,1,1.95
jonas,3.74,en,wordfreq,2,1.9
jonathan,4.31,en,wordfreq,0,3.65
jones,4.73,en,wordfreq,6,1.65
jong,3.71,en,wordfreq,18,1.0
joni,2.99,en,wordfreq,4,1.75
jonny,3.33,en,wordfreq,4,1.75
joo,3.14,en,wordfreq,23,1.0
joon,3.24,en,wordfreq,13,1.25
jordan,4.51,en,wordfreq,0,2.25
jordanian,3.17,en,wordfreq,0,3.85
jorge,3.57,en,wordfreq,2,1.9
jos,3.19,en,wordfreq,20,1.0
jose,4.21,en,wordfreq,10,1.3
josef,3.19,en,wordfreq,0,1.95
joseph,4.52,en,wordfreq,0,2.8
josephine,3.33,en,wordfreq,0,3.95
josh,4.35,en,wordfreq,4,1.75
joshua,3.92,en,wordfreq,0,2.9
josiah,3.12,en,wordfreq,0,2.8
josie,3.18,en,wordfreq,3,1.8
joss,3.09,en,wordfreq,12,1.3
jour,2.99,en,wordfreq,6,1.65
journal,4.77,en,wordfreq,0,2.85
journalism,4.12,en,wordfreq,1,3.95
journalist,4.38,en,wordfreq,1,3.75
journalistic,3.29,en,wordfreq,0,4.8
journalists,4.29,en,wordfreq,0,4.1
journals,3.92,en,wordfreq,0,3.1
journey,4.65,en,wordfreq,1,2.6
journeys,3.62,en,wordfreq,0,2.9
jovi,2.97,en,wordfreq,2,1.9
joy,4.55,en,wordfreq,13,1.1
joyce,3.86,en,wordfreq,2,1.9
joyful,3.4,en,wordfreq,0,2.95
joyous,3.33,en,wordfreq,0,2.85
joys,3.39,en,wordfreq,5,1.65
jp,3.65,en,wordfreq,41,1.0
jpeg,3.04,en,wordfreq,0,1.95
jr,4.55,en,wordfreq,42,1.0
js,3.54,en,wordfreq,42,1.0
jt,3.3,en,wordfreq,42,1.0
ju,3.57,en,wordfreq,43,1.0
juan,4.12,en,wordfreq,4,1.7
jubilee,3.44,en,wordfreq,0,3.0
judah,3.4,en,wordfreq,1,2.35
judaism,3.58,en,wordfreq,0,3.5
judas,3.37,en,wordfreq,1,1.95
judd,3.37,en,wordfreq,4,1.8
jude,3.48,en,wordfreq,8,1.55
judge,4.95,en,wordfreq,3,1.7
judged,3.96,en,wordfreq,1,1.9
judgement,3.86,en,wordfreq,0,3.5
judgements,3.11,en,wordfreq,0,3.55
judges,4.42,en,wordfreq,1,1.9
judging,4.05,en,wordfreq,0,2.3
judgment,4.28,en,wordfreq,0,2.85
judgmental,3.2,en,wordfreq,0,3.9
judgments,3.51,en,wordfreq,0,3.15
judicial,4.14,en,wordfreq,0,3.5
judiciary,3.86,en,wordfreq,0,3.95
judith,3.67,en,wordfreq,0,2.7
judo,3.25,en,wordfreq,4,1.8
judy,3.79,en,wordfreq,7,1.65
jug,3.3,en,wordfreq,15,1.05
juggernaut,2.99,en,wordfreq,0,5.25
juggle,3.02,en,wordfreq,1,2.5
juggling,3.23,en,wordfreq,0,2.65
juice,4.36,en,wordfreq,1,1.9
juices,3.42,en,wordfreq,0,2.25
juicy,3.7,en,wordfreq,1,2.4
juju,2.97,en,wordfreq,0,2.0
jukebox,3.02,en,wordfreq,0,3.95
jul,3.64,en,wordfreq,4,1.6
jules,3.65,en,wordfreq,2,1.9
julia,4.12,en,wordfreq,2,1.9
julian,3.99,en,wordfreq,1,2.35
julie,4.09,en,wordfreq,3,1.75
julien,3.29,en,wordfreq,2,2.15
juliet,3.59,en,wordfreq,1,2.25
juliette,3.1,en,wordfreq,0,3.6
julio,3.42,en,wordfreq,2,1.95
julius,3.66,en,wordfreq,0,2.55
july,5.17,en,wordfreq,3,1.8
jumbo,3.38,en,wordfreq,0,2.4
jump,4.69,en,wordfreq,7,1.55
jumped,4.25,en,wordfreq,4,2.0
jumper,3.7,en,wordfreq,2,1.85
jumpers,3.32,en,wordfreq,1,2.5
jumping,4.23,en,wordfreq,3,2.3
jumps,3.86,en,wordfreq,4,1.75
jumpsuit,3.02,en,wordfreq,0,3.85
jun,3.94,en,wordfreq,21,1.0
junction,3.94,en,wordfreq,1,2.55
junctions,3.1,en,wordfreq,1,2.6
juncture,3.03,en,wordfreq,1,3.05
june,5.21,en,wordfreq,9,1.45
jung,3.78,en,wordfreq,16,1.1
jungle,4.12,en,wordfreq,2,2.2
jungles,2.99,en,wordfreq,0,2.45
junior,4.49,en,wordfreq,0,2.55
juniors,3.43,en,wordfreq,0,2.75
juniper,3.15,en,wordfreq,0,2.8
junk,4.03,en,wordfreq,9,1.5
junkie,3.27,en,wordfreq,0,2.55
junkies,3.04,en,wordfreq,0,2.65
juno,3.17,en,wordfreq,4,1.7
junta,3.34,en,wordfreq,0,2.0
jupiter,3.68,en,wordfreq,0,2.95
jurassic,3.5,en,wordfreq,0,3.85
juries,3.13,en,wordfreq,0,2.0
jurisdiction,4.1,en,wordfreq,0,4.7
jurisdictions,3.6,en,wordfreq,0,5.05
jurisprudence,3.14,en,wordfreq,0,6.7
juror,3.13,en,wordfreq,0,2.1
jurors,3.46,en,wordfreq,0,2.5
jury,4.49,en,wordfreq,4,1.8
jus,3.15,en,wordfreq,12,1.2
just,6.43,en,wordfreq,7,1.55
justice,4.97,en,wordfreq,1,2.55
justices,3.7,en,wordfreq,0,2.65
justifiable,3.14,en,wordfreq,0,4.75
justification,3.83,en,wordfreq,0,3.65
justified,4.02,en,wordfreq,1,2.9
justifies,3.23,en,wordfreq,1,3.3
justify,4.14,en,wordfreq,0,2.8
justifying,3.29,en,wordfreq,0,3.5
justin,4.32,en,wordfreq,2,2.2
justine,3.22,en,wordfreq,1,2.45
juvenile,3.88,en,wordfreq,0,3.65
juveniles,3.18,en,wordfreq,0,3.75
juventus,3.49,en,wordfreq,0,3.75
juxtaposition,2.96,en,wordfreq,0,5.5
jv,3.12,en,wordfreq,37,1.0
jw,3.1,en,wordfreq,38,1.0
ka,3.83,en,wordfreq,45,1.0
kabir,3.04,en,wordfreq,0,2.0
kabul,3.4,en,wordfreq,0,2.1
kaepernick,2.97,en,wordfreq,0,4.8
kafka,2.97,en,wordfreq,0,2.4
kahn,3.26,en,wordfreq,2,1.8
kai,3.77,en,wordfreq,21,1.0
kaiser,3.54,en,wordfreq,0,2.4
kal,3.06,en,wordfreq,18,1.0
kalamazoo,2.99,en,wordfreq,0,4.8
kale,3.38,en,wordfreq,15,1.15
kali,3.21,en,wordfreq,6,1.55
kam,3.06,en,wordfreq,22,1.0
kamal,3.05,en,wordfreq,1,1.9
kamala,2.98,en,wordfreq,0,2.45
kami,3.02,en,wordfreq,5,1.6
kan,3.37,en,wordfreq,27,1.0
kane,3.95,en,wordfreq,16,1.05
kang,3.55,en,wordfreq,19,1.0
kangaroo,3.5,en,wordfreq,0,3.8
kangaroos,3.02,en,wordfreq,0,4.3
kanji,3.01,en,wordfreq,0,2.0
kano,3.16,en,wordfreq,5,1.65
kansas,4.37,en,wordfreq,0,2.8
kant,3.12,en,wordfreq,9,1.4
kanye,3.77,en,wordfreq,0,1.9
kaplan,3.37,en,wordfreq,0,2.55
kapoor,3.29,en,wordfreq,0,2.8
kappa,3.46,en,wordfreq,0,2.25
kar,3.02,en,wordfreq,20,1.0
kara,3.55,en,wordfreq,14,1.1
karachi,3.59,en,wordfreq,0,3.2
karan,3.11,en,wordfreq,3,1.8
karaoke,3.43,en,wordfreq,0,2.95
karate,3.55,en,wordfreq,0,2.1
kardashian,3.7,en,wordfreq,0,4.5
kareem,3.05,en,wordfreq,0,2.75
karen,4.09,en,wordfreq,2,1.9
kari,2.98,en,wordfreq,8,1.35
karim,3.18,en,wordfreq,1,1.9
karin,3.03,en,wordfreq,4,1.75
karl,4.0,en,wordfreq,5,1.65
karma,3.88,en,wordfreq,1,1.9
karnataka,3.25,en,wordfreq,0,4.6
kart,3.29,en,wordfreq,13,1.15
kashmir,3.75,en,wordfreq,0,3.1
kashmiri,2.96,en,wordfreq,0,3.75
kat,3.64,en,wordfreq,22,1.0
kate,4.34,en,wordfreq,17,1.0
katharine,3.12,en,wordfreq,1,3.6
katherine,3.83,en,wordfreq,2,3.15
kathleen,3.6,en,wordfreq,0,3.8
kathmandu,3.1,en,wordfreq,0,4.4
kathryn,3.48,en,wordfreq,0,3.15
kathy,3.67,en,wordfreq,1,1.9
katie,3.96,en,wordfreq,0,1.95
kato,3.02,en,wordfreq,8,1.55
katrina,3.61,en,wordfreq,0,2.8
katy,3.65,en,wordfreq,3,1.7
katz,3.38,en,wordfreq,3,1.8
kaufman,3.28,en,wordfreq,0,3.0
kavanaugh,3.12,en,wordfreq,0,4.9
kawasaki,3.04,en,wordfreq,0,4.15
kawhi,2.99,en,wordfreq,0,2.55
kay,3.93,en,wordfreq,22,1.0
kaya,2.96,en,wordfreq,4,1.65
kayak,3.24,en,wordfreq,0,2.3
kayaking,3.02,en,wordfreq,0,3.0
kaye,3.08,en,wordfreq,5,1.6
kayla,3.11,en,wordfreq,0,1.95
kazakh,2.96,en,wordfreq,0,2.95
kazakhstan,3.57,en,wordfreq,0,5.2
kb,3.47,en,wordfreq,42,1.0
kc,3.55,en,wordfreq,43,1.0
kd,3.48,en,wordfreq,43,1.0
ke,3.5,en,wordfreq,44,1.0
keane,3.25,en,wordfreq,1,1.9
kearney,3.1,en,wordfreq,0,2.65
keating,3.25,en,wordfreq,3,1.8
keaton,3.15,en,wordfreq,0,1.95
keats,2.95,en,wordfreq,5,1.7
kebab,3.03,en,wordfreq,0,2.75
kee,3.06,en,wordfreq,22,1.0
keegan,3.05,en,wordfreq,1,2.45
keel,3.19,en,wordfreq,6,1.55
keen,4.13,en,wordfreq,7,1.5
keenan,3.07,en,wordfreq,1,2.65
keene,2.96,en,wordfreq,1,1.9
keenly,3.08,en,wordfreq,0,2.45
keep,5.66,en,wordfreq,8,1.5
keeper,4.02,en,wordfreq,1,2.15
keepers,3.46,en,wordfreq,0,2.55
keeping,4.84,en,wordfreq,1,1.95
keeps,4.67,en,wordfreq,1,1.9
keg,3.07,en,wordfreq,13,1.2
kei,3.14,en,wordfreq,16,1.05
keith,4.17,en,wordfreq,1,1.95
keller,3.58,en,wordfreq,7,1.65
kelley,3.4,en,wordfreq,2,1.85
kellogg,3.14,en,wordfreq,0,3.0
kelly,4.44,en,wordfreq,4,1.75
kelsey,3.27,en,wordfreq,1,2.65
kelvin,3.29,en,wordfreq,1,2.3
kemp,3.43,en,wordfreq,3,1.8
ken,4.21,en,wordfreq,23,1.0
kendall,3.6,en,wordfreq,0,2.9
kendra,3.09,en,wordfreq,0,2.75
kendrick,3.46,en,wordfreq,0,3.35
kennedy,4.28,en,wordfreq,0,2.8
kennel,3.16,en,wordfreq,2,2.0
kenneth,3.9,en,wordfreq,0,2.8
kenny,4.03,en,wordfreq,5,1.75
kensington,3.52,en,wordfreq,0,3.75
kent,4.17,en,wordfreq,14,1.2
kentucky,4.3,en,wordfreq,0,3.9
kenya,4.13,en,wordfreq,0,1.95
kenyan,3.57,en,wordfreq,1,2.7
kenyon,3.0,en,wordfreq,1,2.4
kepler,3.14,en,wordfreq,1,2.35
kept,5.0,en,wordfreq,4,1.8
kerala,3.53,en,wordfreq,0,2.7
kermit,3.09,en,wordfreq,2,2.55
kern,3.16,en,wordfreq,4,1.75
kernel,3.58,en,wordfreq,1,2.3
kernels,2.98,en,wordfreq,0,2.8
kerosene,3.02,en,wordfreq,0,3.75
kerr,3.64,en,wordfreq,2,1.8
kerry,3.85,en,wordfreq,8,1.55
kershaw,3.17,en,wordfreq,0,3.45
kessler,3.15,en,wordfreq,0,2.85
ketchup,3.46,en,wordfreq,0,3.4
keto,3.02,en,wordfreq,3,1.85
kettle,3.54,en,wordfreq,1,2.2
kev,3.25,en,wordfreq,10,1.3
kevin,4.56,en,wordfreq,2,1.85
kew,3.04,en,wordfreq,15,1.0
key,5.12,en,wordfreq,13,1.15
keyboard,4.11,en,wordfreq,0,3.35
keyboards,3.38,en,wordfreq,0,3.6
keyes,2.97,en,wordfreq,1,1.8
keynes,3.26,en,wordfreq,0,2.4
keynote,3.48,en,wordfreq,0,2.95
keys,4.39,en,wordfreq,0,1.9
keystone,3.45,en,wordfreq,0,3.55
keyword,3.29,en,wordfreq,0,2.85
keywords,3.42,en,wordfreq,0,3.3
kfc,3.28,en,wordfreq,5,1.65
kg,4.08,en,wordfreq,41,1.0
kgb,3.3,en,wordfreq,1,1.8
kh,3.01,en,wordfreq,38,1.0
khaki,3.04,en,wordfreq,0,2.15
khaled,3.24,en,wordfreq,1,1.95
khalid,3.27,en,wordfreq,2,2.5
khalifa,3.26,en,wordfreq,0,2.85
khalil,3.06,en,wordfreq,1,2.5
khan,4.25,en,wordfreq,4,1.7
khartoum,2.99,en,wordfreq,0,3.85
khmer,3.16,en,wordfreq,0,2.15
khrushchev,2.98,en,wordfreq,0,5.4
khz,3.1,en,wordfreq,2,1.8
ki,3.88,en,wordfreq,45,1.0
kia,3.44,en,wordfreq,17,1.0
kick,4.72,en,wordfreq,12,1.35
kicked,4.38,en,wordfreq,5,1.75
kicker,3.41,en,wordfreq,4,1.8
kicking,4.16,en,wordfreq,3,1.85
kickoff,3.4,en,wordfreq,0,3.7
kicks,4.07,en,wordfreq,7,1.55
kickstarter,3.59,en,wordfreq,0,5.15
kid,4.99,en,wordfreq,16,1.0
kidd,3.32,en,wordfreq,2,1.8
kidding,4.2,en,wordfreq,1,1.95
kiddo,3.22,en,wordfreq,0,2.3
kidnap,3.48,en,wordfreq,0,2.95
kidnapped,3.96,en,wordfreq,0,3.75
kidnappers,3.05,en,wordfreq,0,4.45
kidnapping,3.77,en,wordfreq,0,3.8
kidney,4.03,en,wordfreq,1,2.5
kidneys,3.49,en,wordfreq,0,2.8
kids,5.28,en,wordfreq,7,1.5
kieran,3.1,en,wordfreq,0,2.6
kiev,3.48,en,wordfreq,0,1.95
kiki,3.08,en,wordfreq,5,1.75
kilda,3.08,en,wordfreq,2,1.9
kill,5.09,en,wordfreq,13,1.2
killed,5.22,en,wordfreq,4,1.75
killer,4.47,en,wordfreq,4,1.75
killers,3.91,en,wordfreq,2,2.05
killing,4.88,en,wordfreq,4,1.75
killings,3.69,en,wordfreq,1,2.45
kills,4.34,en,wordfreq,8,1.45
kilmarnock,2.95,en,wordfreq,0,5.4
kiln,3.11,en,wordfreq,2,1.85
kilo,3.13,en,wordfreq,4,1.75
kilogram,3.01,en,wordfreq,0,3.45
kilograms,3.24,en,wordfreq,0,3.65
kilometer,3.19,en,wordfreq,0,3.55
kilometers,3.82,en,wordfreq,0,3.8
kilometre,3.21,en,wordfreq,0,4.05
kilometres,3.77,en,wordfreq,0,4.35
kilos,3.25,en,wordfreq,1,1.9
kim,4.59,en,wordfreq,14,1.05
kimball,3.05,en,wordfreq,0,3.0
kimberley,3.08,en,wordfreq,0,3.85
kimberly,3.4,en,wordfreq,0,3.5
kimi,3.18,en,wordfreq,5,1.7
kimmel,3.22,en,wordfreq,0,2.85
kimono,2.95,en,wordfreq,0,2.8
kin,3.65,en,wordfreq,25,1.0
kinase,3.26,en,wordfreq,0,2.7
kind,5.45,en,wordfreq,8,1.35
kinda,4.59,en,wordfreq,3,1.8
kinder,3.3,en,wordfreq,5,1.75
kindergarten,3.79,en,wordfreq,0,5.8
kindle,3.81,en,wordfreq,1,1.95
kindly,4.0,en,wordfreq,1,2.15
kindness,4.0,en,wordfreq,0,2.8
kindred,3.15,en,wordfreq,0,2.65
kinds,4.51,en,wordfreq,7,1.55
kinect,2.96,en,wordfreq,0,2.65
kinetic,3.44,en,wordfreq,0,3.1
king,5.17,en,wordfreq,17,1.0
kingdom,4.62,en,wordfreq,0,2.9
kingdoms,3.55,en,wordfreq,0,3.65
kingpin,3.0,en,wordfreq,0,3.4
kings,4.41,en,wordfreq,5,1.7
kingsley,3.19,en,wordfreq,0,3.35
kingston,3.74,en,wordfreq,0,3.2
kink,3.21,en,wordfreq,11,1.25
kinks,3.18,en,wordfreq,6,1.6
kinky,3.37,en,wordfreq,2,1.85
kinship,3.13,en,wordfreq,0,3.6
kiosk,3.0,en,wordfreq,0,2.15
kip,3.04,en,wordfreq,15,1.0
kira,3.21,en,wordfreq,4,1.65
kirby,3.65,en,wordfreq,0,2.35
kirk,3.85,en,wordfreq,4,1.8
kirkland,3.04,en,wordfreq,0,3.1
kirsten,3.26,en,wordfreq,0,2.8
kirsty,2.98,en,wordfreq,0,2.55
kiss,4.58,en,wordfreq,6,1.65
kissed,3.95,en,wordfreq,3,1.85
kisses,3.74,en,wordfreq,3,1.85
kissing,3.97,en,wordfreq,2,2.15
kissinger,3.07,en,wordfreq,0,3.65
kit,4.42,en,wordfreq,17,1.0
kitchen,4.65,en,wordfreq,0,2.5
kitchens,3.39,en,wordfreq,0,2.6
kite,3.55,en,wordfreq,9,1.45
kites,2.96,en,wordfreq,5,1.65
kits,3.78,en,wordfreq,10,1.35
kitten,3.64,en,wordfreq,1,1.9
kittens,3.47,en,wordfreq,0,2.65
kitty,3.98,en,wordfreq,2,1.9
kiwi,3.33,en,wordfreq,2,1.9
kj,2.99,en,wordfreq,35,1.0
kk,3.19,en,wordfreq,39,1.0
kkk,3.23,en,wordfreq,2,1.85
kl,3.16,en,wordfreq,41,1.0
klan,3.18,en,wordfreq,4,1.7
klaus,3.5,en,wordfreq,1,1.95
klein,3.71,en,wordfreq,0,2.0
kline,2.96,en,wordfreq,0,1.95
klopp,3.0,en,wordfreq,0,2.65
km,4.37,en,wordfreq,43,1.0
kmart,2.95,en,wordfreq,1,1.85
kms,3.07,en,wordfreq,9,1.4
kn,3.01,en,wordfreq,37,1.0
knack,3.26,en,wordfreq,2,1.9
knee,4.33,en,wordfreq,1,1.75
kneel,3.24,en,wordfreq,1,1.85
kneeling,3.32,en,wordfreq,0,2.65
knees,4.18,en,wordfreq,1,1.9
knew,5.2,en,wordfreq,3,1.75
knickers,2.95,en,wordfreq,1,2.7
knicks,3.64,en,wordfreq,1,1.85
knife,4.41,en,wordfreq,0,2.05
knight,4.28,en,wordfreq,0,1.9
knights,4.05,en,wordfreq,0,2.3
knit,3.66,en,wordfreq,2,1.8
knitted,3.16,en,wordfreq,0,2.65
knitting,3.45,en,wordfreq,0,2.5
knives,3.84,en,wordfreq,0,2.25
knob,3.49,en,wordfreq,4,1.75
knobs,3.02,en,wordfreq,2,1.85
knock,4.35,en,wordfreq,1,1.9
knocked,4.24,en,wordfreq,0,2.4
knocking,3.88,en,wordfreq,0,2.5
knockout,3.61,en,wordfreq,0,3.5
knocks,3.6,en,wordfreq,1,1.9
knot,3.72,en,wordfreq,4,1.7
knots,3.63,en,wordfreq,2,1.85
know,6.1,en,wordfreq,5,1.6
knowing,4.76,en,wordfreq,1,2.05
knowingly,3.5,en,wordfreq,0,3.65
knowledge,4.96,en,wordfreq,0,4.0
knowledgeable,3.53,en,wordfreq,0,6.45
knowles,3.24,en,wordfreq,0,2.85
known,5.39,en,wordfreq,1,1.9
knows,5.07,en,wordfreq,4,1.75
knox,3.75,en,wordfreq,3,1.85
knoxville,3.3,en,wordfreq,0,4.35
knuckle,3.22,en,wordfreq,0,2.8
knuckles,3.32,en,wordfreq,0,2.85
ko,3.73,en,wordfreq,43,1.0
koala,3.04,en,wordfreq,1,1.95
kobe,3.65,en,wordfreq,2,1.85
koch,3.64,en,wordfreq,1,1.9
kodak,3.26,en,wordfreq,0,2.4
kofi,2.96,en,wordfreq,0,1.95
koh,3.17,en,wordfreq,7,1.45
kohli,3.04,en,wordfreq,0,2.65
koi,3.07,en,wordfreq,10,1.3
kok,2.96,en,wordfreq,7,1.5
kolkata,3.29,en,wordfreq,0,3.65
kombat,3.01,en,wordfreq,1,2.85
kong,4.49,en,wordfreq,17,1.1
koo,2.97,en,wordfreq,21,1.0
kool,3.26,en,wordfreq,5,1.7
koran,3.23,en,wordfreq,3,1.8
korea,4.65,en,wordfreq,0,1.95
korean,4.49,en,wordfreq,0,2.0
koreans,3.48,en,wordfreq,0,2.65
kors,2.98,en,wordfreq,0,1.95
kos,3.04,en,wordfreq,18,1.0
kosher,3.26,en,wordfreq,0,2.3
kosovo,3.43,en,wordfreq,0,3.0
kp,3.11,en,wordfreq,43,1.0
kpop,3.01,en,wordfreq,0,1.95
kr,3.27,en,wordfreq,44,1.0
kraft,3.38,en,wordfreq,3,1.8
kramer,3.45,en,wordfreq,0,2.0
kremlin,3.39,en,wordfreq,0,2.95
kris,3.65,en,wordfreq,2,1.9
krishna,3.48,en,wordfreq,0,3.05
kristen,3.49,en,wordfreq,1,2.5
kristin,3.27,en,wordfreq,1,2.65
kristina,3.18,en,wordfreq,1,2.6
kroger,3.02,en,wordfreq,1,2.3
kruger,3.19,en,wordfreq,1,2.65
ks,3.52,en,wordfreq,44,1.0
kt,3.22,en,wordfreq,44,1.0
ku,3.53,en,wordfreq,45,1.0
kuala,3.5,en,wordfreq,1,2.15
kudos,3.45,en,wordfreq,0,2.35
kuhn,2.95,en,wordfreq,1,1.9
kumar,3.66,en,wordfreq,0,2.05
kun,3.27,en,wordfreq,17,1.0
kung,3.58,en,wordfreq,13,1.25
kurdish,3.59,en,wordfreq,0,2.85
kurdistan,3.25,en,wordfreq,0,3.75
kurds,3.36,en,wordfreq,0,2.0
kurt,3.88,en,wordfreq,4,1.8
kush,3.01,en,wordfreq,6,1.7
kushner,2.99,en,wordfreq,0,2.9
kuwait,3.66,en,wordfreq,0,2.9
kv,3.13,en,wordfreq,39,1.0
kw,3.43,en,wordfreq,40,1.0
kwh,3.09,en,wordfreq,1,1.8
kwon,3.07,en,wordfreq,0,1.95
ky,3.77,en,wordfreq,35,1.0
kyiv,3.08,en,wordfreq,0,2.0
kyle,4.14,en,wordfreq,2,1.85
kylie,3.54,en,wordfreq,1,2.15
kyoto,3.41,en,wordfreq,0,2.35
kyrgyzstan,3.14,en,wordfreq,0,5.55
kyrie,3.31,en,wordfreq,1,2.0
kyung,3.08,en,wordfreq,1,1.85
la,5.05,en,wordfreq,44,1.0
lab,4.42,en,wordfreq,24,1.0
label,4.43,en,wordfreq,2,1.8
labeled,3.91,en,wordfreq,0,2.65
labeling,3.55,en,wordfreq,0,2.8
labelled,3.62,en,wordfreq,0,2.8
labelling,3.15,en,wordfreq,0,2.95
labels,4.08,en,wordfreq,0,1.95
labor,4.77,en,wordfreq,0,1.95
laboratories,3.72,en,wordfreq,0,5.15
laboratory,4.31,en,wordfreq,0,4.05
labored,2.97,en,wordfreq,0,2.5
laborers,3.29,en,wordfreq,0,2.85
labour,4.7,en,wordfreq,0,2.45
labourers,3.19,en,wordfreq,0,3.65
labrador,3.3,en,wordfreq,0,3.7
labs,3.82,en,wordfreq,12,1.1
labyrinth,3.31,en,wordfreq,0,4.65
lac,3.31,en,wordfreq,27,1.0
lace,3.82,en,wordfreq,13,1.0
laced,3.29,en,wordfreq,5,1.6
laces,3.12,en,wordfreq,8,1.45
lacey,3.27,en,wordfreq,2,1.8
lack,4.92,en,wordfreq,16,1.0
lacked,3.8,en,wordfreq,8,1.5
lacking,4.08,en,wordfreq,7,1.65
lackluster,2.99,en,wordfreq,0,4.2
lacks,3.89,en,wordfreq,9,1.45
lacrosse,3.4,en,wordfreq,0,3.6
lactose,3.13,en,wordfreq,0,2.95
lacy,3.23,en,wordfreq,6,1.55
lad,3.9,en,wordfreq,31,1.0
ladder,4.03,en,wordfreq,2,1.8
ladders,3.24,en,wordfreq,0,2.05
laden,3.74,en,wordfreq,1,1.9
ladies,4.64,en,wordfreq,0,2.0
lads,3.86,en,wordfreq,13,1.0
lady,4.95,en,wordfreq,3,1.75
lafayette,3.52,en,wordfreq,0,4.55
lag,3.67,en,wordfreq,30,1.0
lager,3.16,en,wordfreq,5,1.7
lagged,2.98,en,wordfreq,6,1.65
lagging,3.21,en,wordfreq,4,1.8
lago,3.03,en,wordfreq,3,1.6
lagoon,3.43,en,wordfreq,0,2.3
lagos,3.64,en,wordfreq,1,1.8
lags,3.0,en,wordfreq,16,1.0
laguna,3.21,en,wordfreq,0,2.6
lahore,3.49,en,wordfreq,0,2.5
lai,3.29,en,wordfreq,30,1.0
laid,4.56,en,wordfreq,8,1.3
lair,3.23,en,wordfreq,4,1.5
laird,3.16,en,wordfreq,1,1.8
lake,4.83,en,wordfreq,16,1.05
lakers,3.9,en,wordfreq,5,1.7
lakes,4.14,en,wordfreq,9,1.4
lakeside,3.1,en,wordfreq,0,3.55
lakewood,3.05,en,wordfreq,0,3.65
lakh,3.24,en,wordfreq,2,1.85
lakhs,3.08,en,wordfreq,1,1.9
lal,3.08,en,wordfreq,30,1.0
lala,2.98,en,wordfreq,7,1.55
lam,3.44,en,wordfreq,31,1.0
lama,3.48,en,wordfreq,13,1.15
lamar,3.56,en,wordfreq,0,1.95
lamb,4.02,en,wordfreq,4,1.65
lambda,3.06,en,wordfreq,0,2.65
lambert,3.73,en,wordfreq,0,2.75
lambeth,2.97,en,wordfreq,0,2.9
lamborghini,3.23,en,wordfreq,0,5.9
lambs,3.23,en,wordfreq,2,1.8
lame,3.95,en,wordfreq,16,1.0
lament,3.25,en,wordfreq,2,1.9
lamented,3.12,en,wordfreq,0,2.65
laminated,3.09,en,wordfreq,0,2.8
lamont,3.17,en,wordfreq,1,2.4
lamp,4.05,en,wordfreq,8,1.35
lampard,3.03,en,wordfreq,0,2.85
lamps,3.73,en,wordfreq,4,1.6
lan,3.64,en,wordfreq,37,1.0
lana,3.63,en,wordfreq,17,1.0
lancashire,3.6,en,wordfreq,0,4.7
lancaster,3.78,en,wordfreq,0,3.45
lance,3.94,en,wordfreq,3,1.65
lancelot,2.98,en,wordfreq,0,3.55
lancet,3.07,en,wordfreq,0,1.95
land,5.22,en,wordfreq,13,1.05
landed,4.24,en,wordfreq,4,1.8
lander,3.15,en,wordfreq,5,1.7
landfall,3.07,en,wordfreq,1,3.3
landfill,3.35,en,wordfreq,1,3.55
landing,4.4,en,wordfreq,3,1.8
landings,3.37,en,wordfreq,0,2.55
landline,3.01,en,wordfreq,0,2.8
landlord,3.89,en,wordfreq,0,3.15
landlords,3.57,en,wordfreq,0,3.7
landmark,3.89,en,wordfreq,0,3.4
landmarks,3.47,en,wordfreq,0,3.8
landon,3.1,en,wordfreq,2,1.85
landowner,3.11,en,wordfreq,0,3.55
landowners,3.38,en,wordfreq,0,3.85
landry,3.1,en,wordfreq,0,1.95
lands,4.37,en,wordfreq,5,1.6
landscape,4.36,en,wordfreq,0,3.65
landscapes,3.72,en,wordfreq,0,3.95
landscaping,3.22,en,wordfreq,0,4.6
landslide,3.47,en,wordfreq,0,3.65
landslides,2.97,en,wordfreq,0,4.1
lane,4.57,en,wordfreq,19,1.0
lanes,3.97,en,wordfreq,6,1.6
lang,3.85,en,wordfreq,19,1.0
langdon,2.99,en,wordfreq,0,2.65
lange,3.2,en,wordfreq,3,1.7
langley,3.39,en,wordfreq,0,2.65
langston,2.95,en,wordfreq,0,2.85
language,5.1,en,wordfreq,0,3.35
languages,4.42,en,wordfreq,0,3.7
lanka,3.89,en,wordfreq,0,1.9
lankan,3.34,en,wordfreq,0,2.55
lannister,3.04,en,wordfreq,0,3.45
lansing,3.26,en,wordfreq,1,1.95
lantern,3.61,en,wordfreq,0,2.4
lanterns,3.2,en,wordfreq,0,2.75
lao,3.27,en,wordfreq,27,1.0
laos,3.34,en,wordfreq,8,1.4
lap,4.18,en,wordfreq,29,1.0
lapd,3.15,en,wordfreq,4,1.7
laps,3.66,en,wordfreq,16,1.0
lapse,3.49,en,wordfreq,0,1.95
laptop,4.23,en,wordfreq,0,2.75
laptops,3.54,en,wordfreq,0,2.8
lara,3.54,en,wordfreq,17,1.0
lard,2.98,en,wordfreq,12,1.25
large,5.39,en,wordfreq,4,1.75
largely,4.61,en,wordfreq,0,2.7
larger,4.82,en,wordfreq,0,1.9
largest,4.9,en,wordfreq,0,2.25
largo,2.99,en,wordfreq,4,1.7
lark,3.14,en,wordfreq,9,1.45
larkin,3.17,en,wordfreq,0,2.0
larry,4.28,en,wordfreq,7,1.65
lars,3.4,en,wordfreq,19,1.0
larsen,3.15,en,wordfreq,1,1.95
larson,3.35,en,wordfreq,3,1.75
larsson,3.03,en,wordfreq,0,2.55
larva,2.99,en,wordfreq,0,1.85
larvae,3.58,en,wordfreq,0,2.7
las,4.28,en,wordfreq,35,1.0
lasagna,3.12,en,wordfreq,0,3.25
laser,4.2,en,wordfreq,5,1.7
lasers,3.54,en,wordfreq,3,1.8
lash,3.38,en,wordfreq,13,1.05
lashed,3.01,en,wordfreq,7,1.5
lashes,3.44,en,wordfreq,2,1.75
lashing,3.04,en,wordfreq,5,1.65
lass,3.08,en,wordfreq,17,1.0
last,5.86,en,wordfreq,13,1.05
lasted,4.09,en,wordfreq,5,1.7
lasting,4.11,en,wordfreq,6,1.65
lastly,3.69,en,wordfreq,1,2.1
lasts,3.9,en,wordfreq,2,1.75
lat,3.13,en,wordfreq,33,1.0
latch,3.34,en,wordfreq,6,1.7
late,5.34,en,wordfreq,15,1.0
lately,4.41,en,wordfreq,0,2.0
latency,3.31,en,wordfreq,0,2.8
latent,3.27,en,wordfreq,3,1.85
later,5.49,en,wordfreq,10,1.35
lateral,3.75,en,wordfreq,1,2.55
latest,4.92,en,wordfreq,1,1.95
latex,3.4,en,wordfreq,1,1.9
latham,3.03,en,wordfreq,0,2.75
latin,4.48,en,wordfreq,1,1.85
latina,3.38,en,wordfreq,1,1.9
latino,3.79,en,wordfreq,1,1.95
latinos,3.33,en,wordfreq,0,2.65
latitude,3.57,en,wordfreq,0,3.0
latte,3.3,en,wordfreq,2,1.8
latter,4.56,en,wordfreq,5,1.55
lattice,3.36,en,wordfreq,0,2.75
latvia,3.44,en,wordfreq,0,2.7
latvian,3.11,en,wordfreq,0,2.75
lau,3.27,en,wordfreq,22,1.0
laude,2.99,en,wordfreq,1,1.85
lauded,3.17,en,wordfreq,1,1.9
lauderdale,3.32,en,wordfreq,0,4.8
laugh,4.66,en,wordfreq,0,1.95
laughable,3.18,en,wordfreq,0,4.0
laughed,4.24,en,wordfreq,0,2.65
laughing,4.61,en,wordfreq,0,2.8
laughs,4.08,en,wordfreq,0,2.4
laughter,4.1,en,wordfreq,1,2.65
launch,4.69,en,wordfreq,0,2.15
launched,4.63,en,wordfreq,2,2.55
launcher,3.37,en,wordfreq,2,2.55
launchers,3.2,en,wordfreq,0,2.65
launches,3.89,en,wordfreq,2,2.45
launching,3.99,en,wordfreq,0,2.8
laundering,3.49,en,wordfreq,0,3.25
laundry,4.06,en,wordfreq,0,2.85
laura,4.24,en,wordfreq,0,1.9
laureate,3.22,en,wordfreq,0,3.25
laurel,3.63,en,wordfreq,1,2.45
lauren,3.98,en,wordfreq,1,2.0
laurence,3.44,en,wordfreq,1,2.7
laurent,3.51,en,wordfreq,0,2.55
laurie,3.65,en,wordfreq,0,2.35
lausanne,2.99,en,wordfreq,0,3.6
lava,3.73,en,wordfreq,5,1.65
lavender,3.44,en,wordfreq,0,2.85
lavish,3.42,en,wordfreq,0,2.6
law,5.46,en,wordfreq,25,1.0
lawful,3.62,en,wordfreq,0,2.75
lawfully,3.1,en,wordfreq,0,3.35
lawless,3.28,en,wordfreq,0,2.85
lawmaker,3.07,en,wordfreq,0,3.5
lawmakers,3.62,en,wordfreq,0,3.65
lawn,3.98,en,wordfreq,5,1.6
lawns,3.21,en,wordfreq,1,1.85
lawrence,4.31,en,wordfreq,1,3.05
laws,4.89,en,wordfreq,13,1.05
lawson,3.6,en,wordfreq,3,1.85
lawsuit,4.09,en,wordfreq,0,3.4
lawsuits,3.63,en,wordfreq,0,3.55
lawton,3.0,en,wordfreq,1,1.95
lawyer,4.67,en,wordfreq,1,1.95
lawyers,4.39,en,wordfreq,0,2.35
lax,3.54,en,wordfreq,25,1.0
lay,4.64,en,wordfreq,31,1.0
layer,4.4,en,wordfreq,6,1.5
layered,3.45,en,wordfreq,0,2.6
layering,2.99,en,wordfreq,0,2.7
layers,4.17,en,wordfreq,3,1.7
laying,4.16,en,wordfreq,2,1.75
layoffs,3.07,en,wordfreq,0,3.05
layout,4.08,en,wordfreq,1,2.5
layouts,3.15,en,wordfreq,1,2.7
lays,3.67,en,wordfreq,18,1.0
lazarus,3.26,en,wordfreq,0,2.9
laziness,3.17,en,wordfreq,0,2.95
lazy,4.24,en,wordfreq,3,1.8
lb,3.93,en,wordfreq,41,1.0
lbs,4.06,en,wordfreq,14,1.05
lc,3.52,en,wordfreq,42,1.0
lcd,3.47,en,wordfreq,6,1.55
ld,3.37,en,wordfreq,42,1.0
lds,3.22,en,wordfreq,13,1.0
le,4.5,en,wordfreq,43,1.0
lea,3.57,en,wordfreq,21,1.0
leach,3.25,en,wordfreq,6,1.55
lead,5.2,en,wordfreq,14,1.05
leader,4.95,en,wordfreq,4,1.75
leaderboard,3.09,en,wordfreq,0,4.9
leaders,4.81,en,wordfreq,3,1.8
leadership,4.77,en,wordfreq,1,3.7
leading,5.0,en,wordfreq,9,1.5
leads,4.65,en,wordfreq,10,1.3
leaf,4.22,en,wordfreq,8,1.45
leaflet,3.12,en,wordfreq,0,2.9
leaflets,3.33,en,wordfreq,0,2.9
leafs,3.56,en,wordfreq,5,1.7
leafy,3.3,en,wordfreq,2,1.85
league,5.13,en,wordfreq,0,2.35
leagues,3.9,en,wordfreq,0,2.7
leah,3.47,en,wordfreq,7,1.5
leak,4.09,en,wordfreq,9,1.35
leakage,3.24,en,wordfreq,0,2.9
leaked,4.0,en,wordfreq,3,1.85
leaking,3.7,en,wordfreq,6,1.7
leaks,3.88,en,wordfreq,6,1.65
leaky,3.06,en,wordfreq,2,1.85
lean,4.14,en,wordfreq,13,1.05
leaned,3.41,en,wordfreq,3,1.7
leaning,3.89,en,wordfreq,6,1.6
leanne,3.03,en,wordfreq,1,1.95
leans,3.27,en,wordfreq,9,1.35
leap,3.94,en,wordfreq,8,1.4
leaping,3.23,en,wordfreq,6,1.7
leaps,3.36,en,wordfreq,6,1.6
leapt,3.05,en,wordfreq,2,1.85
lear,3.22,en,wordfreq,18,1.0
learn,5.17,en,wordfreq,1,1.7
learned,4.85,en,wordfreq,1,1.85
learner,3.35,en,wordfreq,1,1.85
learners,3.48,en,wordfreq,0,2.5
learning,4.92,en,wordfreq,1,1.85
learns,3.74,en,wordfreq,1,1.8
learnt,3.87,en,wordfreq,1,2.0
lease,4.17,en,wordfreq,5,1.55
leased,3.62,en,wordfreq,5,1.6
leases,3.41,en,wordfreq,4,1.7
leash,3.47,en,wordfreq,3,1.75
leasing,3.55,en,wordfreq,6,1.6
least,5.44,en,wordfreq,6,1.55
leather,4.35,en,wordfreq,3,1.85
leave,5.34,en,wordfreq,2,1.85
leaves,4.79,en,wordfreq,2,1.85
leaving,4.98,en,wordfreq,6,1.7
lebanese,3.72,en,wordfreq,0,3.35
lebanon,4.01,en,wordfreq,0,2.9
leblanc,2.98,en,wordfreq,0,2.9
lebron,3.91,en,wordfreq,1,2.35
lecture,4.14,en,wordfreq,0,2.2
lectured,3.04,en,wordfreq,2,2.4
lecturer,3.72,en,wordfreq,2,2.6
lecturers,3.14,en,wordfreq,0,2.95
lectures,3.96,en,wordfreq,2,2.25
lecturing,3.14,en,wordfreq,0,2.8
led,5.11,en,wordfreq,27,1.0
ledge,3.41,en,wordfreq,3,1.65
ledger,3.49,en,wordfreq,0,1.95
leds,3.12,en,wordfreq,11,1.1
lee,4.73,en,wordfreq,30,1.0
leech,3.17,en,wordfreq,2,1.9
leeds,4.01,en,wordfreq,8,1.45
lees,3.04,en,wordfreq,11,1.3
leeway,2.98,en,wordfreq,0,2.9
left,5.62,en,wordfreq,5,1.65
leftist,3.63,en,wordfreq,0,2.85
leftists,3.28,en,wordfreq,0,3.3
leftover,3.4,en,wordfreq,0,3.45
leftovers,3.38,en,wordfreq,0,3.6
lefty,3.25,en,wordfreq,2,1.85
leg,4.66,en,wordfreq,23,1.0
legacies,3.02,en,wordfreq,0,3.2
legacy,4.37,en,wordfreq,0,2.7
legal,5.08,en,wordfreq,1,1.95
legality,3.37,en,wordfreq,0,2.8
legalization,3.4,en,wordfreq,0,3.6
legalize,3.26,en,wordfreq,0,3.0
legalized,3.28,en,wordfreq,0,3.1
legalizing,3.0,en,wordfreq,0,3.65
legally,4.21,en,wordfreq,0,2.7
legend,4.44,en,wordfreq,0,2.55
legendary,4.23,en,wordfreq,0,3.75
legends,4.07,en,wordfreq,0,2.65
legged,3.5,en,wordfreq,4,1.8
leggings,3.28,en,wordfreq,0,2.85
legion,3.86,en,wordfreq,2,1.85
legions,3.28,en,wordfreq,2,2.4
legislate,3.01,en,wordfreq,0,3.45
legislation,4.55,en,wordfreq,0,3.55
legislative,4.32,en,wordfreq,0,4.1
legislator,3.2,en,wordfreq,0,3.55
legislators,3.65,en,wordfreq,0,3.8
legislature,4.16,en,wordfreq,0,4.05
legislatures,3.25,en,wordfreq,0,4.45
legit,4.01,en,wordfreq,0,2.0
legitimacy,3.63,en,wordfreq,0,4.55
legitimate,4.22,en,wordfreq,0,3.55
legitimately,3.36,en,wordfreq,0,4.85
lego,3.83,en,wordfreq,5,1.6
legs,4.67,en,wordfreq,10,1.4
lehigh,3.06,en,wordfreq,0,2.65
lehman,3.26,en,wordfreq,0,2.35
lehmann,2.98,en,wordfreq,0,2.8
lei,3.17,en,wordfreq,22,1.0
leia,3.05,en,wordfreq,1,1.8
leicester,3.93,en,wordfreq,0,3.5
leicestershire,3.06,en,wordfreq,0,6.8
leiden,2.95,en,wordfreq,0,2.4
leigh,3.75,en,wordfreq,2,1.8
leighton,3.21,en,wordfreq,0,2.9
leila,3.08,en,wordfreq,0,1.9
leinster,3.03,en,wordfreq,0,2.8
leipzig,3.27,en,wordfreq,0,3.8
leisure,3.92,en,wordfreq,0,2.7
leisurely,3.05,en,wordfreq,0,3.8
leith,3.04,en,wordfreq,2,1.9
leland,3.19,en,wordfreq,0,2.0
lemme,3.19,en,wordfreq,1,2.1
lemon,4.1,en,wordfreq,1,1.85
lemonade,3.44,en,wordfreq,0,3.55
lemons,3.29,en,wordfreq,1,1.9
len,3.43,en,wordfreq,30,1.0
lena,3.62,en,wordfreq,11,1.3
lend,3.92,en,wordfreq,13,1.1
lender,3.64,en,wordfreq,8,1.45
lenders,3.67,en,wordfreq,4,1.75
lending,3.87,en,wordfreq,7,1.55
lends,3.36,en,wordfreq,6,1.45
length,4.77,en,wordfreq,0,2.55
lengths,3.92,en,wordfreq,1,2.75
lengthy,3.85,en,wordfreq,1,2.8
lenient,3.13,en,wordfreq,0,2.9
lenin,3.44,en,wordfreq,2,1.9
leningrad,3.07,en,wordfreq,0,4.5
lennon,3.56,en,wordfreq,1,1.95
lennox,3.18,en,wordfreq,1,2.8
lenny,3.37,en,wordfreq,5,1.75
leno,2.97,en,wordfreq,7,1.55
lenovo,3.27,en,wordfreq,0,2.9
lens,4.17,en,wordfreq,15,1.05
lenses,3.77,en,wordfreq,2,1.9
lent,3.75,en,wordfreq,19,1.0
lentils,3.0,en,wordfreq,0,2.75
leo,4.23,en,wordfreq,20,1.0
leon,3.92,en,wordfreq,6,1.45
leonard,4.01,en,wordfreq,1,2.7
leonardo,3.68,en,wordfreq,0,3.3
leone,3.64,en,wordfreq,0,1.9
leopard,3.59,en,wordfreq,1,2.7
leopold,3.21,en,wordfreq,0,3.55
leprosy,3.0,en,wordfreq,0,3.15
lerner,3.07,en,wordfreq,1,1.9
leroy,3.36,en,wordfreq,0,2.0
les,4.1,en,wordfreq,30,1.0
lesbian,4.15,en,wordfreq,0,2.8
lesbians,3.6,en,wordfreq,0,3.15
lesion,3.08,en,wordfreq,2,1.85
lesions,3.43,en,wordfreq,2,2.05
lesley,3.22,en,wordfreq,1,2.4
leslie,3.9,en,wordfreq,0,2.75
lesnar,2.96,en,wordfreq,0,2.6
less,5.49,en,wordfreq,14,1.2
lessen,3.37,en,wordfreq,2,1.9
lessened,2.95,en,wordfreq,0,2.85
lesser,4.13,en,wordfreq,2,1.9
lesson,4.47,en,wordfreq,2,1.85
lessons,4.38,en,wordfreq,1,2.4
lest,3.54,en,wordfreq,17,1.0
lester,3.66,en,wordfreq,7,1.6
let,5.6,en,wordfreq,28,1.0
lethal,3.86,en,wordfreq,0,2.55
leto,3.06,en,wordfreq,5,1.65
lets,4.51,en,wordfreq,15,1.1
letter,4.95,en,wordfreq,5,1.7
lettering,3.19,en,wordfreq,0,2.6
letterman,3.16,en,wordfreq,0,3.65
letters,4.66,en,wordfreq,0,1.95
letting,4.53,en,wordfreq,6,1.7
lettuce,3.56,en,wordfreq,0,2.9
leukemia,3.46,en,wordfreq,0,4.2
leung,3.09,en,wordfreq,1,1.9
lev,3.15,en,wordfreq,18,1.0
levant,3.21,en,wordfreq,0,2.05
level,5.41,en,wordfreq,2,1.85
leveled,3.28,en,wordfreq,0,2.5
leveling,3.22,en,wordfreq,0,2.7
levelled,3.04,en,wordfreq,0,2.7
levels,4.97,en,wordfreq,1,1.9
lever,3.64,en,wordfreq,6,1.55
leverage,3.88,en,wordfreq,1,2.65
leveraged,3.11,en,wordfreq,0,2.8
leveraging,3.02,en,wordfreq,0,3.5
levers,3.11,en,wordfreq,2,1.85
levi,3.54,en,wordfreq,3,1.7
leviathan,3.09,en,wordfreq,0,4.15
levied,3.22,en,wordfreq,1,1.95
levies,3.02,en,wordfreq,1,1.95
levin,3.41,en,wordfreq,5,1.65
levine,3.46,en,wordfreq,1,1.9
levy,3.85,en,wordfreq,1,1.85
lew,3.27,en,wordfreq,23,1.0
lewd,3.19,en,wordfreq,2,1.8
lewis,4.48,en,wordfreq,0,2.0
lex,3.5,en,wordfreq,20,1.0
lexi,3.04,en,wordfreq,1,1.85
lexical,2.98,en,wordfreq,0,2.7
lexicon,3.1,en,wordfreq,0,2.75
lexington,3.58,en,wordfreq,0,3.45
lexus,3.27,en,wordfreq,1,1.95
ley,2.98,en,wordfreq,19,1.0
lf,3.4,en,wordfreq,37,1.0
lg,3.67,en,wordfreq,40,1.0
lgbt,4.04,en,wordfreq,0,1.95
lgbtq,3.41,en,wordfreq,0,2.9
lh,3.0,en,wordfreq,37,1.0
li,4.25,en,wordfreq,44,1.0
liabilities,3.56,en,wordfreq,0,3.95
liability,4.16,en,wordfreq,1,2.6
liable,3.89,en,wordfreq,1,1.9
liaison,3.58,en,wordfreq,0,2.85
liam,3.93,en,wordfreq,2,1.75
liang,3.13,en,wordfreq,1,1.85
liar,4.02,en,wordfreq,2,1.85
liars,3.46,en,wordfreq,0,1.9
lib,3.75,en,wordfreq,16,1.0
libby,3.26,en,wordfreq,1,1.95
libel,3.34,en,wordfreq,1,1.95
liberal,4.66,en,wordfreq,1,2.45
liberalism,3.5,en,wordfreq,0,3.65
liberals,4.13,en,wordfreq,0,2.7
liberate,3.24,en,wordfreq,1,2.55
liberated,3.53,en,wordfreq,0,2.85
liberating,3.23,en,wordfreq,0,3.25
liberation,3.91,en,wordfreq,0,2.75
liberia,3.5,en,wordfreq,1,2.6
liberian,3.01,en,wordfreq,1,2.55
libertarian,3.57,en,wordfreq,0,3.85
libertarians,2.99,en,wordfreq,0,4.2
liberties,3.69,en,wordfreq,0,3.3
liberty,4.34,en,wordfreq,0,2.75
libido,3.06,en,wordfreq,0,2.85
librarian,3.59,en,wordfreq,0,3.15
librarians,3.26,en,wordfreq,0,3.45
libraries,4.14,en,wordfreq,0,3.65
library,4.86,en,wordfreq,0,2.95
libs,3.17,en,wordfreq,5,1.55
libya,3.82,en,wordfreq,0,2.2
libyan,3.42,en,wordfreq,0,2.9
lice,3.21,en,wordfreq,14,1.1
licence,3.97,en,wordfreq,1,2.55
licences,3.33,en,wordfreq,1,2.65
license,4.52,en,wordfreq,1,2.45
licensed,4.17,en,wordfreq,2,2.5
licensee,3.03,en,wordfreq,2,3.05
licenses,3.83,en,wordfreq,3,2.5
licensing,3.95,en,wordfreq,0,3.1
lick,3.77,en,wordfreq,15,1.05
licked,3.26,en,wordfreq,7,1.55
licking,3.51,en,wordfreq,6,1.6
licks,3.1,en,wordfreq,9,1.4
lid,3.81,en,wordfreq,27,1.0
lids,3.13,en,wordfreq,9,1.35
lie,4.84,en,wordfreq,18,1.0
lieberman,3.04,en,wordfreq,0,3.45
lied,4.21,en,wordfreq,6,1.4
liege,2.95,en,wordfreq,1,1.95
lien,3.2,en,wordfreq,6,1.45
lies,4.73,en,wordfreq,10,1.15
lieu,3.45,en,wordfreq,3,1.75
lieutenant,4.44,en,wordfreq,0,4.65
lieutenants,3.08,en,wordfreq,0,4.75
life,5.89,en,wordfreq,10,1.45
lifeboat,3.19,en,wordfreq,0,3.9
lifeguard,3.07,en,wordfreq,0,4.0
lifeless,3.23,en,wordfreq,0,2.85
lifeline,3.23,en,wordfreq,0,2.7
lifelong,3.75,en,wordfreq,0,3.4
lifespan,3.37,en,wordfreq,0,3.85
lifestyle,4.29,en,wordfreq,0,3.7
lifestyles,3.32,en,wordfreq,0,4.3
lifetime,4.39,en,wordfreq,0,3.4
lifetimes,3.1,en,wordfreq,0,3.55
lift,4.5,en,wordfreq,9,1.45
lifted,4.1,en,wordfreq,2,1.9
lifting,4.06,en,wordfreq,2,1.9
lifts,3.76,en,wordfreq,2,1.85
liga,3.49,en,wordfreq,7,1.65
ligament,3.34,en,wordfreq,0,2.7
ligaments,3.09,en,wordfreq,0,3.1
ligand,3.05,en,wordfreq,0,2.6
light,5.33,en,wordfreq,8,1.25
lighted,3.16,en,wordfreq,3,2.0
lighten,3.35,en,wordfreq,3,2.0
lightening,3.04,en,wordfreq,1,3.1
lighter,4.09,en,wordfreq,4,1.9
lightest,2.95,en,wordfreq,0,2.55
lighthouse,3.55,en,wordfreq,0,4.65
lighting,4.29,en,wordfreq,2,2.35
lightly,3.96,en,wordfreq,3,2.15
lightness,2.97,en,wordfreq,1,2.9
lightning,4.22,en,wordfreq,0,2.75
lights,4.64,en,wordfreq,5,1.65
lightsaber,2.95,en,wordfreq,0,4.55
lightweight,3.78,en,wordfreq,0,4.9
ligue,2.96,en,wordfreq,0,2.0
likable,2.96,en,wordfreq,0,2.6
like,6.41,en,wordfreq,13,1.1
likeable,3.02,en,wordfreq,0,3.2
liked,4.76,en,wordfreq,4,1.6
likelihood,3.91,en,wordfreq,1,4.7
likely,5.2,en,wordfreq,1,2.05
likened,3.13,en,wordfreq,0,2.7
likeness,3.34,en,wordfreq,0,2.9
likes,4.73,en,wordfreq,7,1.55
likewise,4.04,en,wordfreq,0,3.6
liking,3.99,en,wordfreq,5,1.65
lil,3.88,en,wordfreq,23,1.0
lila,3.05,en,wordfreq,10,1.35
lilac,3.11,en,wordfreq,0,1.95
lilies,3.15,en,wordfreq,0,2.0
lille,2.98,en,wordfreq,2,1.9
lillian,3.26,en,wordfreq,2,2.65
lilly,3.54,en,wordfreq,7,1.6
lily,3.95,en,wordfreq,2,1.8
lim,3.33,en,wordfreq,20,1.0
lima,3.58,en,wordfreq,11,1.35
limb,3.7,en,wordfreq,5,1.5
limbaugh,2.95,en,wordfreq,0,3.95
limbo,3.31,en,wordfreq,1,1.85
limbs,3.74,en,wordfreq,2,1.75
lime,3.86,en,wordfreq,15,1.1
limelight,3.11,en,wordfreq,0,3.9
limerick,3.07,en,wordfreq,0,3.4
limestone,3.75,en,wordfreq,0,3.65
limit,4.7,en,wordfreq,0,1.95
limitation,3.71,en,wordfreq,0,2.65
limitations,4.05,en,wordfreq,0,3.2
limited,5.02,en,wordfreq,0,2.65
limiting,3.95,en,wordfreq,0,2.7
limitless,3.27,en,wordfreq,0,3.7
limits,4.47,en,wordfreq,0,2.3
limo,3.33,en,wordfreq,4,1.65
limousine,3.2,en,wordfreq,0,4.0
limp,3.43,en,wordfreq,8,1.45
limping,2.96,en,wordfreq,0,2.0
lin,3.8,en,wordfreq,32,1.0
lina,3.06,en,wordfreq,19,1.0
lincoln,4.31,en,wordfreq,0,3.0
lincolnshire,3.29,en,wordfreq,0,5.7
linda,4.06,en,wordfreq,2,1.85
linden,3.2,en,wordfreq,0,1.95
lindsay,3.81,en,wordfreq,1,2.8
lindsey,3.6,en,wordfreq,1,2.8
line,5.49,en,wordfreq,21,1.0
lineage,3.46,en,wordfreq,1,2.7
linear,4.12,en,wordfreq,0,1.95
linebacker,3.36,en,wordfreq,0,4.8
lined,4.08,en,wordfreq,8,1.45
lineman,3.22,en,wordfreq,0,2.75
linen,3.61,en,wordfreq,3,1.65
liner,3.75,en,wordfreq,9,1.35
liners,3.39,en,wordfreq,3,1.7
lines,4.95,en,wordfreq,14,1.15
lineup,4.04,en,wordfreq,0,2.4
lineups,2.96,en,wordfreq,0,2.75
ling,3.51,en,wordfreq,20,1.0
linger,3.31,en,wordfreq,6,1.6
lingerie,3.53,en,wordfreq,0,2.85
lingering,3.43,en,wordfreq,1,2.75
lingers,2.95,en,wordfreq,3,1.75
lingo,3.01,en,wordfreq,2,1.85
linguistic,3.71,en,wordfreq,0,4.45
linguistics,3.43,en,wordfreq,0,4.5
lining,3.88,en,wordfreq,4,1.75
link,4.99,en,wordfreq,13,1.15
linkage,3.14,en,wordfreq,1,2.8
linked,4.54,en,wordfreq,1,1.75
linkedin,3.63,en,wordfreq,0,3.25
linking,3.96,en,wordfreq,2,1.75
links,4.72,en,wordfreq,5,1.65
linn,3.06,en,wordfreq,12,1.25
lint,2.99,en,wordfreq,13,1.1
linus,3.06,en,wordfreq,5,1.75
linux,3.99,en,wordfreq,1,1.95
lion,4.25,en,wordfreq,8,1.4
lionel,3.74,en,wordfreq,0,2.35
lions,4.18,en,wordfreq,1,1.85
lip,4.13,en,wordfreq,23,1.0
lipid,3.29,en,wordfreq,1,1.9
lipids,2.95,en,wordfreq,0,2.45
lips,4.35,en,wordfreq,9,1.2
lipstick,3.69,en,wordfreq,0,3.75
liquid,4.39,en,wordfreq,0,2.65
liquidated,2.97,en,wordfreq,0,3.85
liquidation,3.26,en,wordfreq,0,3.85
liquidity,3.45,en,wordfreq,0,3.75
liquids,3.48,en,wordfreq,0,2.9
liquor,4.01,en,wordfreq,0,2.95
lira,2.99,en,wordfreq,9,1.5
lis,3.09,en,wordfreq,28,1.0
lisa,4.29,en,wordfreq,10,1.3
lisbon,3.64,en,wordfreq,0,2.45
lisp,3.0,en,wordfreq,3,1.7
list,5.28,en,wordfreq,11,1.25
listed,4.69,en,wordfreq,4,1.8
listen,5.06,en,wordfreq,2,1.85
listened,4.21,en,wordfreq,1,2.5
listener,3.52,en,wordfreq,1,2.65
listeners,3.71,en,wordfreq,0,3.05
listening,4.66,en,wordfreq,0,2.85
listens,3.6,en,wordfreq,0,2.25
lister,3.11,en,wordfreq,7,1.55
listing,4.32,en,wordfreq,2,1.85
listings,3.9,en,wordfreq,0,2.55
lists,4.38,en,wordfreq,3,1.8
lit,4.19,en,wordfreq,25,1.0
lite,3.53,en,wordfreq,14,1.0
liter,3.46,en,wordfreq,3,1.65
literacy,3.9,en,wordfreq,1,2.75
literal,3.77,en,wordfreq,2,2.4
literally,4.91,en,wordfreq,0,3.0
literary,4.31,en,wordfreq,1,2.75
literate,3.27,en,wordfreq,1,2.5
literature,4.62,en,wordfreq,0,3.8
liters,3.19,en,wordfreq,1,1.9
lithium,3.56,en,wordfreq,0,3.65
lithuania,3.5,en,wordfreq,0,4.4
lithuanian,3.2,en,wordfreq,0,4.4
litigation,3.93,en,wordfreq,1,2.85
litre,3.5,en,wordfreq,0,1.9
litres,3.22,en,wordfreq,0,1.95
litter,3.71,en,wordfreq,8,1.5
littered,3.1,en,wordfreq,0,2.65
little,5.75,en,wordfreq,0,2.2
liturgical,3.05,en,wordfreq,0,4.5
liturgy,3.19,en,wordfreq,0,3.45
liu,3.74,en,wordfreq,15,1.05
liv,3.39,en,wordfreq,17,1.0
live,5.54,en,wordfreq,12,1.0
lived,4.88,en,wordfreq,7,1.55
livelihood,3.42,en,wordfreq,1,4.55
livelihoods,3.05,en,wordfreq,0,5.5
lively,3.86,en,wordfreq,3,1.85
liver,4.18,en,wordfreq,9,1.35
liverpool,4.43,en,wordfreq,0,4.5
livery,3.1,en,wordfreq,1,1.9
lives,5.14,en,wordfreq,10,1.3
livestock,3.83,en,wordfreq,0,4.25
livid,2.99,en,wordfreq,4,1.8
livin,3.19,en,wordfreq,3,1.8
living,5.3,en,wordfreq,5,1.7
livingston,3.42,en,wordfreq,0,3.85
livingstone,3.1,en,wordfreq,0,4.5
liz,3.83,en,wordfreq,15,1.1
liza,3.28,en,wordfreq,6,1.6
lizard,3.63,en,wordfreq,1,2.35
lizards,3.24,en,wordfreq,1,2.6
lizzie,3.34,en,wordfreq,0,2.95
lizzy,3.06,en,wordfreq,1,2.15
lj,3.09,en,wordfreq,34,1.0
ll,4.66,en,wordfreq,40,1.0
llama,2.95,en,wordfreq,0,1.95
llc,3.83,en,wordfreq,7,1.55
lloyd,4.03,en,wordfreq,1,2.2
lloyds,2.96,en,wordfreq,0,2.55
llp,3.19,en,wordfreq,4,1.7
lm,3.27,en,wordfreq,42,1.0
lmao,4.28,en,wordfreq,0,1.85
lmfao,3.35,en,wordfreq,0,2.75
ln,3.73,en,wordfreq,36,1.0
lng,3.18,en,wordfreq,9,1.2
lo,4.07,en,wordfreq,42,1.0
load,4.58,en,wordfreq,7,1.55
loaded,4.25,en,wordfreq,2,1.9
loader,3.1,en,wordfreq,3,1.85
loading,4.1,en,wordfreq,1,1.95
loads,4.22,en,wordfreq,4,1.7
loaf,3.49,en,wordfreq,3,1.85
loan,4.68,en,wordfreq,6,1.4
loaned,3.34,en,wordfreq,2,1.9
loans,4.51,en,wordfreq,3,1.8
loathe,3.11,en,wordfreq,0,2.5
loathing,3.16,en,wordfreq,0,2.3
lob,2.98,en,wordfreq,19,1.0
lobbied,3.11,en,wordfreq,1,2.75
lobbies,2.99,en,wordfreq,2,2.5
lobby,4.03,en,wordfreq,4,1.8
lobbying,3.59,en,wordfreq,0,2.8
lobbyist,3.1,en,wordfreq,0,3.5
lobbyists,3.23,en,wordfreq,0,3.75
lobe,3.3,en,wordfreq,8,1.4
lobes,3.14,en,wordfreq,3,1.75
lobster,3.65,en,wordfreq,0,2.0
lobsters,2.98,en,wordfreq,0,2.45
loc,3.24,en,wordfreq,20,1.0
local,5.43,en,wordfreq,3,1.75
locale,2.98,en,wordfreq,2,2.15
localities,3.53,en,wordfreq,0,3.5
locality,3.67,en,wordfreq,0,2.75
localization,3.27,en,wordfreq,0,3.45
localized,3.4,en,wordfreq,0,3.3
locally,4.11,en,wordfreq,0,2.4
locals,4.0,en,wordfreq,2,1.9
locate,3.94,en,wordfreq,1,2.15
located,4.86,en,wordfreq,0,2.2
locating,3.43,en,wordfreq,0,2.35
location,4.86,en,wordfreq,1,2.25
locations,4.46,en,wordfreq,0,2.6
locator,3.03,en,wordfreq,0,2.8
loch,3.45,en,wordfreq,3,1.8
lock,4.51,en,wordfreq,12,1.0
lockdown,3.52,en,wordfreq,0,3.6
locke,3.53,en,wordfreq,1,1.8
locked,4.43,en,wordfreq,7,1.5
locker,3.95,en,wordfreq,3,1.7
lockers,3.07,en,wordfreq,1,1.85
lockhart,3.19,en,wordfreq,0,3.75
lockheed,3.36,en,wordfreq,0,3.15
locking,3.76,en,wordfreq,6,1.65
lockout,3.13,en,wordfreq,1,2.75
locks,3.94,en,wordfreq,10,1.3
lockwood,3.08,en,wordfreq,0,3.45
loco,3.21,en,wordfreq,4,1.7
locomotive,3.5,en,wordfreq,0,4.45
locomotives,3.28,en,wordfreq,0,4.65
locus,3.18,en,wordfreq,3,1.8
locust,3.0,en,wordfreq,0,2.5
lodge,4.08,en,wordfreq,3,1.75
lodged,3.49,en,wordfreq,4,1.75
lodges,3.22,en,wordfreq,2,1.85
lodging,3.44,en,wordfreq,3,1.85
loeb,3.03,en,wordfreq,0,1.95
loft,3.51,en,wordfreq,6,1.5
lofty,3.34,en,wordfreq,1,1.9
log,4.37,en,wordfreq,20,1.0
logan,4.04,en,wordfreq,3,1.75
logged,3.65,en,wordfreq,6,1.65
logging,3.76,en,wordfreq,4,1.75
logic,4.36,en,wordfreq,1,1.95
logical,4.14,en,wordfreq,0,2.5
logically,3.43,en,wordfreq,0,2.95
login,3.49,en,wordfreq,3,1.85
logistic,3.11,en,wordfreq,0,3.3
logistical,3.24,en,wordfreq,0,4.15
logistics,3.86,en,wordfreq,0,3.6
logo,4.28,en,wordfreq,5,1.6
logos,3.53,en,wordfreq,1,1.85
logs,3.81,en,wordfreq,9,1.3
lohan,3.01,en,wordfreq,3,1.8
lois,3.51,en,wordfreq,6,1.55
lok,3.11,en,wordfreq,12,1.15
loki,3.27,en,wordfreq,1,1.9
lol,5.05,en,wordfreq,20,1.0
lola,3.45,en,wordfreq,5,1.65
lolita,3.07,en,wordfreq,0,2.7
lollipop,3.15,en,wordfreq,0,4.0
lombard,3.0,en,wordfreq,0,2.8
lombardi,3.04,en,wordfreq,0,3.65
lon,3.15,en,wordfreq,28,1.0
london,5.27,en,wordfreq,2,2.05
londonderry,3.04,en,wordfreq,0,5.65
lone,3.91,en,wordfreq,16,1.0
loneliness,3.65,en,wordfreq,0,3.95
lonely,4.25,en,wordfreq,1,1.95
loner,3.07,en,wordfreq,6,1.6
lonesome,3.09,en,wordfreq,0,3.6
long,5.81,en,wordfreq,18,1.0
longed,3.07,en,wordfreq,3,1.85
longer,5.16,en,wordfreq,2,1.85
longest,4.22,en,wordfreq,0,2.5
longevity,3.55,en,wordfreq,0,4.1
longing,3.5,en,wordfreq,2,1.9
longitude,3.26,en,wordfreq,0,3.8
longitudinal,3.37,en,wordfreq,0,5.7
longs,3.02,en,wordfreq,2,1.8
longstanding,3.19,en,wordfreq,0,4.75
longtime,3.73,en,wordfreq,0,3.5
loo,3.3,en,wordfreq,29,1.0
look,5.81,en,wordfreq,11,1.3
looked,5.11,en,wordfreq,6,1.7
lookin,3.76,en,wordfreq,0,1.95
looking,5.57,en,wordfreq,8,1.55
lookout,3.61,en,wordfreq,1,2.95
looks,5.36,en,wordfreq,6,1.65
loom,3.34,en,wordfreq,8,1.4
looming,3.29,en,wordfreq,5,1.7
loomis,2.99,en,wordfreq,0,2.4
looms,3.23,en,wordfreq,4,1.65
loon,2.99,en,wordfreq,18,1.0
looney,3.0,en,wordfreq,2,1.85
loop,4.29,en,wordfreq,7,1.5
looped,2.95,en,wordfreq,2,1.9
loophole,3.24,en,wordfreq,0,3.75
loopholes,3.11,en,wordfreq,0,3.85
looping,3.01,en,wordfreq,5,1.75
loops,3.65,en,wordfreq,3,1.75
loose,4.46,en,wordfreq,3,1.7
loosely,3.62,en,wordfreq,0,2.65
loosen,3.37,en,wordfreq,1,1.9
loosened,2.98,en,wordfreq,0,2.85
loosening,2.95,en,wordfreq,0,3.05
looser,2.99,en,wordfreq,1,1.85
loosing,3.1,en,wordfreq,4,1.75
loot,3.49,en,wordfreq,13,1.25
looted,3.21,en,wordfreq,5,1.75
looting,3.46,en,wordfreq,6,1.7
lopez,3.79,en,wordfreq,0,2.0
lord,5.1,en,wordfreq,9,1.4
lorde,3.16,en,wordfreq,2,1.8
lords,4.08,en,wordfreq,4,1.75
lordship,3.29,en,wordfreq,0,3.5
lore,3.55,en,wordfreq,17,1.0
loren,3.04,en,wordfreq,0,1.95
lorenzo,3.49,en,wordfreq,0,3.1
loretta,3.27,en,wordfreq,0,2.9
lori,3.4,en,wordfreq,5,1.7
lorna,3.06,en,wordfreq,0,2.0
lorraine,3.46,en,wordfreq,0,3.5
lorry,3.21,en,wordfreq,4,1.8
los,4.78,en,wordfreq,29,1.0
lose,5.08,en,wordfreq,14,1.05
loser,4.01,en,wordfreq,5,1.55
losers,3.82,en,wordfreq,3,1.75
loses,4.11,en,wordfreq,9,1.3
losing,4.85,en,wordfreq,3,1.75
loss,5.07,en,wordfreq,15,1.0
losses,4.45,en,wordfreq,1,1.9
lost,5.39,en,wordfreq,12,1.25
lot,5.61,en,wordfreq,25,1.0
lothian,3.05,en,wordfreq,0,2.8
lotion,3.45,en,wordfreq,3,1.85
lots,4.88,en,wordfreq,9,1.25
lotta,3.2,en,wordfreq,3,1.85
lotte,2.99,en,wordfreq,3,1.85
lottery,4.0,en,wordfreq,1,2.35
lotto,3.23,en,wordfreq,3,1.8
lotus,3.62,en,wordfreq,2,1.85
lou,3.94,en,wordfreq,16,1.0
loud,4.53,en,wordfreq,2,1.75
louder,3.82,en,wordfreq,1,1.95
loudest,3.21,en,wordfreq,0,2.7
loudly,3.79,en,wordfreq,0,2.25
loudspeaker,2.95,en,wordfreq,0,5.7
louie,3.38,en,wordfreq,1,1.9
louis,4.82,en,wordfreq,1,1.75
louisa,3.29,en,wordfreq,1,2.4
louise,4.0,en,wordfreq,1,1.85
louisiana,4.19,en,wordfreq,0,3.95
louisville,3.84,en,wordfreq,0,4.6
lounge,3.92,en,wordfreq,0,2.0
lousy,3.31,en,wordfreq,0,2.0
louvre,3.14,en,wordfreq,0,2.6
lovable,3.23,en,wordfreq,1,2.65
love,5.82,en,wordfreq,10,1.3
loved,5.0,en,wordfreq,4,1.75
lovell,2.97,en,wordfreq,2,2.0
lovely,4.74,en,wordfreq,3,1.85
lover,4.26,en,wordfreq,12,1.15
lovers,4.15,en,wordfreq,6,1.55
loves,4.66,en,wordfreq,7,1.45
lovin,3.21,en,wordfreq,4,1.75
loving,4.47,en,wordfreq,4,1.75
lovingly,3.14,en,wordfreq,0,3.35
low,5.33,en,wordfreq,24,1.0
lowe,3.56,en,wordfreq,8,1.45
lowell,3.44,en,wordfreq,4,1.8
lower,5.11,en,wordfreq,9,1.3
lowered,3.86,en,wordfreq,1,2.6
lowering,3.78,en,wordfreq,2,2.5
lowers,3.36,en,wordfreq,5,1.65
lowest,4.41,en,wordfreq,0,1.95
lowland,2.99,en,wordfreq,1,2.7
lowly,3.27,en,wordfreq,1,1.9
lowry,3.35,en,wordfreq,3,1.85
lows,3.45,en,wordfreq,10,1.25
loyal,4.2,en,wordfreq,2,1.9
loyalist,3.03,en,wordfreq,0,2.95
loyalists,3.16,en,wordfreq,0,3.35
loyalties,3.06,en,wordfreq,1,3.55
loyalty,4.17,en,wordfreq,1,2.75
loyola,3.07,en,wordfreq,0,2.85
lp,3.85,en,wordfreq,42,1.0
lps,3.09,en,wordfreq,17,1.0
lr,3.32,en,wordfreq,43,1.0
ls,3.71,en,wordfreq,43,1.0
lsd,3.25,en,wordfreq,10,1.35
lsu,3.5,en,wordfreq,11,1.3
lt,4.15,en,wordfreq,43,1.0
ltd,4.47,en,wordfreq,8,1.45
lte,3.38,en,wordfreq,7,1.4
lu,3.64,en,wordfreq,44,1.0
lubbock,3.0,en,wordfreq,0,3.55
lube,3.13,en,wordfreq,7,1.65
lubricant,3.05,en,wordfreq,0,3.95
lubrication,2.97,en,wordfreq,0,3.7
luc,3.34,en,wordfreq,8,1.25
luca,3.38,en,wordfreq,5,1.6
lucas,4.09,en,wordfreq,1,1.9
luce,2.99,en,wordfreq,9,1.45
lucia,3.45,en,wordfreq,2,1.8
lucian,3.12,en,wordfreq,1,2.5
lucid,3.27,en,wordfreq,2,1.9
lucie,3.05,en,wordfreq,2,1.8
lucien,3.04,en,wordfreq,1,2.4
lucifer,3.43,en,wordfreq,0,2.9
lucille,3.14,en,wordfreq,0,2.9
lucius,3.18,en,wordfreq,0,2.4
luck,4.91,en,wordfreq,15,1.1
luckiest,2.99,en,wordfreq,0,3.4
luckily,3.92,en,wordfreq,0,2.95
lucknow,3.1,en,wordfreq,0,3.6
lucky,4.77,en,wordfreq,1,1.85
lucrative,3.56,en,wordfreq,0,3.7
lucy,4.07,en,wordfreq,4,1.7
ludicrous,3.34,en,wordfreq,0,3.85
ludlow,2.98,en,wordfreq,0,3.0
ludwig,3.32,en,wordfreq,0,3.0
lug,3.09,en,wordfreq,18,1.0
luggage,3.8,en,wordfreq,0,3.25
lui,3.0,en,wordfreq,12,1.15
luigi,3.25,en,wordfreq,0,2.4
luis,3.99,en,wordfreq,2,1.7
luisa,2.96,en,wordfreq,0,1.85
luiz,3.3,en,wordfreq,4,1.65
luka,3.23,en,wordfreq,3,1.8
lukaku,3.07,en,wordfreq,0,2.9
lukas,3.23,en,wordfreq,1,2.0
luke,4.45,en,wordfreq,10,1.45
lukewarm,3.09,en,wordfreq,0,4.0
lull,3.08,en,wordfreq,9,1.55
lullaby,3.08,en,wordfreq,0,3.45
lulu,3.33,en,wordfreq,3,1.85
lumbar,3.09,en,wordfreq,1,2.25
lumber,3.59,en,wordfreq,3,1.75
lumen,3.09,en,wordfreq,0,2.0
luminous,3.24,en,wordfreq,0,3.15
lump,3.71,en,wordfreq,9,1.35
lumps,3.19,en,wordfreq,5,1.7
lumpur,3.43,en,wordfreq,0,2.5
luna,3.62,en,wordfreq,8,1.5
lunar,3.77,en,wordfreq,0,1.95
lunatic,3.43,en,wordfreq,0,2.85
lunatics,2.97,en,wordfreq,0,3.5
lunch,4.66,en,wordfreq,5,1.7
luncheon,3.31,en,wordfreq,0,3.1
lunches,3.41,en,wordfreq,2,2.15
lunchtime,3.33,en,wordfreq,0,3.9
lund,3.18,en,wordfreq,5,1.7
lung,4.1,en,wordfreq,15,1.0
lungs,3.97,en,wordfreq,1,1.9
lupus,3.2,en,wordfreq,0,2.0
lure,3.67,en,wordfreq,9,1.5
lured,3.26,en,wordfreq,1,1.9
lurk,3.1,en,wordfreq,4,1.8
lurking,3.53,en,wordfreq,0,2.0
luscious,2.99,en,wordfreq,0,3.1
lush,3.55,en,wordfreq,8,1.4
lust,3.72,en,wordfreq,11,1.4
luster,2.96,en,wordfreq,5,1.7
lustre,2.97,en,wordfreq,0,2.65
luther,3.88,en,wordfreq,1,1.95
lutheran,3.45,en,wordfreq,0,3.5
luthor,2.96,en,wordfreq,2,2.6
luton,3.13,en,wordfreq,0,2.0
lutz,2.98,en,wordfreq,1,1.9
luv,3.09,en,wordfreq,8,1.45
lux,3.33,en,wordfreq,8,1.4
luxe,2.99,en,wordfreq,4,1.75
luxembourg,3.57,en,wordfreq,0,5.25
luxuries,3.09,en,wordfreq,0,3.5
luxurious,3.55,en,wordfreq,0,3.7
luxury,4.35,en,wordfreq,0,3.0
luz,3.03,en,wordfreq,7,1.5
lv,3.39,en,wordfreq,38,1.0
lvl,3.18,en,wordfreq,3,1.75
ly,3.37,en,wordfreq,34,1.0
lydia,3.59,en,wordfreq,0,2.5
lyft,3.14,en,wordfreq,3,1.85
lying,4.67,en,wordfreq,2,1.7
lyle,3.3,en,wordfreq,2,1.9
lyman,3.09,en,wordfreq,0,2.0
lyme,3.2,en,wordfreq,3,1.85
lymph,3.2,en,wordfreq,0,2.55
lymphoma,3.27,en,wordfreq,0,4.3
lyn,3.09,en,wordfreq,6,1.45
lynch,3.94,en,wordfreq,1,1.95
lynching,3.06,en,wordfreq,0,2.85
lynda,2.95,en,wordfreq,1,1.95
lyndon,3.23,en,wordfreq,2,2.45
lynn,3.86,en,wordfreq,4,1.65
lynne,3.23,en,wordfreq,1,1.9
lynx,3.06,en,wordfreq,1,1.9
lyon,3.8,en,wordfreq,4,1.65
lyons,3.46,en,wordfreq,1,1.9
lyric,3.63,en,wordfreq,0,2.4
lyrical,3.43,en,wordfreq,0,2.65
lyrics,4.35,en,wordfreq,0,2.8
ma,4.63,en,wordfreq,47,1.0
mabel,3.25,en,wordfreq,1,1.9
mac,4.45,en,wordfreq,32,1.0
macaroni,3.11,en,wordfreq,0,3.65
macarthur,3.23,en,wordfreq,0,4.1
macau,3.28,en,wordfreq,0,2.0
macbeth,3.32,en,wordfreq,0,2.9
macbook,3.41,en,wordfreq,0,2.95
macdonald,3.69,en,wordfreq,0,3.65
mace,3.33,en,wordfreq,18,1.0
macedonia,3.37,en,wordfreq,0,3.6
macedonian,3.08,en,wordfreq,0,4.3
macfarlane,2.95,en,wordfreq,0,4.85
mach,3.25,en,wordfreq,12,1.1
machado,3.03,en,wordfreq,0,2.95
machete,3.15,en,wordfreq,0,2.85
machine,4.9,en,wordfreq,0,2.35
machinery,4.02,en,wordfreq,0,3.6
machines,4.46,en,wordfreq,0,2.75
machining,3.08,en,wordfreq,0,3.2
macho,3.26,en,wordfreq,2,1.85
macintosh,3.1,en,wordfreq,0,3.85
mack,3.7,en,wordfreq,19,1.0
mackay,3.41,en,wordfreq,0,2.55
mackenzie,3.59,en,wordfreq,0,4.35
mackerel,3.08,en,wordfreq,0,3.1
maclean,3.11,en,wordfreq,0,2.75
macleod,3.21,en,wordfreq,0,2.8
macmillan,3.56,en,wordfreq,0,3.65
macon,3.13,en,wordfreq,3,1.8
macos,3.02,en,wordfreq,2,1.8
macpherson,3.03,en,wordfreq,0,4.3
macquarie,3.17,en,wordfreq,0,3.95
macro,3.71,en,wordfreq,2,1.85
macroeconomic,3.05,en,wordfreq,0,6.45
macron,2.95,en,wordfreq,1,1.85
macs,3.04,en,wordfreq,12,1.15
macy,3.01,en,wordfreq,7,1.5
mad,4.74,en,wordfreq,34,1.0
madagascar,3.39,en,wordfreq,0,5.45
madam,3.59,en,wordfreq,0,1.9
madame,3.8,en,wordfreq,0,2.5
madden,3.53,en,wordfreq,1,1.95
maddie,3.25,en,wordfreq,0,2.2
maddox,3.06,en,wordfreq,0,2.85
maddy,2.97,en,wordfreq,6,1.7
made,5.92,en,wordfreq,14,1.05
madeira,2.96,en,wordfreq,0,3.0
madeleine,3.41,en,wordfreq,0,3.5
madeline,3.19,en,wordfreq,0,2.7
mademoiselle,2.98,en,wordfreq,0,6.15
madison,4.17,en,wordfreq,0,2.55
madly,3.17,en,wordfreq,4,1.8
madman,3.22,en,wordfreq,0,2.0
madness,3.97,en,wordfreq,1,2.65
madonna,3.73,en,wordfreq,0,2.95
madras,3.38,en,wordfreq,0,2.5
madrid,4.3,en,wordfreq,0,2.3
maduro,2.96,en,wordfreq,0,2.8
mae,3.65,en,wordfreq,30,1.0
maestro,3.26,en,wordfreq,0,2.85
mafia,3.83,en,wordfreq,2,1.85
mag,3.71,en,wordfreq,37,1.0
maga,3.3,en,wordfreq,12,1.15
magazine,4.74,en,wordfreq,0,3.1
magazines,4.07,en,wordfreq,0,3.6
mage,3.06,en,wordfreq,16,1.0
magenta,3.02,en,wordfreq,0,2.8
maggie,3.8,en,wordfreq,0,2.4
magic,4.76,en,wordfreq,2,1.9
magical,4.22,en,wordfreq,0,2.45
magically,3.36,en,wordfreq,0,2.85
magician,3.53,en,wordfreq,0,3.1
magicians,3.1,en,wordfreq,0,3.55
magistrate,3.71,en,wordfreq,0,3.95
magistrates,3.53,en,wordfreq,0,4.5
magma,3.19,en,wordfreq,2,1.8
magna,3.26,en,wordfreq,1,1.85
magnate,3.04,en,wordfreq,0,2.65
magnesium,3.49,en,wordfreq,0,4.0
magnet,3.73,en,wordfreq,0,1.95
magnetic,4.17,en,wordfreq,0,2.9
magnetism,3.03,en,wordfreq,0,3.55
magneto,3.04,en,wordfreq,1,2.7
magnets,3.38,en,wordfreq,1,2.4
magnificent,4.04,en,wordfreq,0,4.7
magnified,2.99,en,wordfreq,0,3.45
magnifying,3.0,en,wordfreq,0,3.75
magnitude,4.0,en,wordfreq,0,3.65
magnolia,3.21,en,wordfreq,0,3.7
magnum,3.39,en,wordfreq,1,2.7
magnus,3.46,en,wordfreq,1,2.15
mags,3.05,en,wordfreq,16,1.1
maguire,3.3,en,wordfreq,1,2.75
mah,3.24,en,wordfreq,29,1.0
mahal,3.2,en,wordfreq,0,2.0
maharashtra,3.34,en,wordfreq,0,5.65
mahatma,3.06,en,wordfreq,0,3.0
maher,3.33,en,wordfreq,3,1.8
mahmoud,3.16,en,wordfreq,0,3.25
mahogany,3.29,en,wordfreq,0,3.85
mahoney,3.04,en,wordfreq,1,2.65
mai,3.53,en,wordfreq,35,1.0
maia,2.98,en,wordfreq,11,1.2
maid,3.86,en,wordfreq,9,1.3
maiden,3.82,en,wordfreq,1,1.9
maids,3.25,en,wordfreq,3,1.7
mail,4.72,en,wordfreq,15,1.0
mailbox,3.31,en,wordfreq,0,3.0
mailed,3.5,en,wordfreq,7,1.6
mailing,3.6,en,wordfreq,7,1.55
mails,3.62,en,wordfreq,10,1.35
main,5.24,en,wordfreq,14,1.0
maine,4.16,en,wordfreq,4,1.55
mainframe,2.99,en,wordfreq,0,4.0
mainland,3.95,en,wordfreq,1,2.65
mainline,3.06,en,wordfreq,0,2.7
mainly,4.6,en,wordfreq,0,2.0
mains,3.45,en,wordfreq,6,1.5
mainstay,3.06,en,wordfreq,0,3.45
mainstream,4.26,en,wordfreq,0,4.3
maintain,4.65,en,wordfreq,0,2.8
maintained,4.38,en,wordfreq,0,3.55
maintaining,4.25,en,wordfreq,0,3.8
maintains,3.96,en,wordfreq,0,3.05
maintenance,4.55,en,wordfreq,0,4.85
mais,2.96,en,wordfreq,12,1.0
maison,3.09,en,wordfreq,1,1.85
maitland,3.05,en,wordfreq,1,2.8
maize,3.34,en,wordfreq,1,1.9
maj,3.41,en,wordfreq,21,1.0
majestic,3.57,en,wordfreq,0,3.5
majesty,4.05,en,wordfreq,0,2.9
major,5.3,en,wordfreq,2,1.85
majoring,2.96,en,wordfreq,0,2.8
majorities,2.96,en,wordfreq,0,3.7
majority,4.94,en,wordfreq,0,3.0
majors,3.75,en,wordfreq,1,2.2
mak,3.13,en,wordfreq,25,1.0
make,6.08,en,wordfreq,19,1.0
makeover,3.47,en,wordfreq,1,3.2
maker,4.23,en,wordfreq,6,1.55
makers,4.16,en,wordfreq,3,1.7
makes,5.46,en,wordfreq,9,1.45
makeshift,3.18,en,wordfreq,0,4.8
makeup,4.39,en,wordfreq,0,2.75
makin,3.27,en,wordfreq,2,1.75
making,5.54,en,wordfreq,6,1.55
mako,2.97,en,wordfreq,2,1.75
mal,3.55,en,wordfreq,34,1.0
malaria,3.65,en,wordfreq,0,2.75
malawi,3.33,en,wordfreq,0,2.75
malay,3.39,en,wordfreq,0,1.95
malaya,3.0,en,wordfreq,0,2.6
malaysia,4.28,en,wordfreq,0,3.45
malaysian,3.84,en,wordfreq,0,3.7
malcolm,4.01,en,wordfreq,0,3.0
maldives,3.35,en,wordfreq,0,3.0
male,4.89,en,wordfreq,24,1.0
males,4.21,en,wordfreq,12,1.35
malfunction,3.29,en,wordfreq,0,4.05
mali,3.53,en,wordfreq,10,1.3
malibu,3.4,en,wordfreq,0,2.8
malice,3.34,en,wordfreq,0,1.95
malicious,3.67,en,wordfreq,0,3.65
malignant,3.33,en,wordfreq,0,3.7
malik,3.62,en,wordfreq,0,1.95
mall,4.29,en,wordfreq,13,1.15
mallet,3.0,en,wordfreq,5,1.75
mallory,3.15,en,wordfreq,0,2.9
malls,3.44,en,wordfreq,8,1.55
malnutrition,3.24,en,wordfreq,0,4.75
malone,3.56,en,wordfreq,0,1.9
maloney,3.0,en,wordfreq,1,2.6
malpractice,3.25,en,wordfreq,0,4.6
malt,3.41,en,wordfreq,10,1.3
malta,3.54,en,wordfreq,1,1.8
maltese,3.03,en,wordfreq,0,2.9
malware,3.49,en,wordfreq,0,2.95
mam,3.23,en,wordfreq,40,1.0
mama,4.24,en,wordfreq,11,1.2
mamma,3.32,en,wordfreq,3,1.75
mammal,3.31,en,wordfreq,0,2.25
mammalian,3.19,en,wordfreq,0,3.8
mammals,3.7,en,wordfreq,0,2.8
mammoth,3.4,en,wordfreq,0,3.1
man,5.82,en,wordfreq,42,1.0
mana,3.29,en,wordfreq,23,1.0
manafort,3.03,en,wordfreq,0,3.65
manage,4.54,en,wordfreq,0,1.85
manageable,3.38,en,wordfreq,0,4.25
managed,4.76,en,wordfreq,2,2.25
management,5.13,en,wordfreq,0,3.85
manager,4.97,en,wordfreq,2,2.15
managerial,3.56,en,wordfreq,0,3.85
managers,4.47,en,wordfreq,0,2.45
manages,3.94,en,wordfreq,2,2.2
managing,4.4,en,wordfreq,0,2.65
manchester,4.53,en,wordfreq,0,3.45
mandalay,2.97,en,wordfreq,0,2.9
mandarin,3.52,en,wordfreq,0,3.4
mandate,3.97,en,wordfreq,0,2.5
mandated,3.56,en,wordfreq,1,2.7
mandates,3.39,en,wordfreq,1,2.7
mandatory,4.13,en,wordfreq,0,3.55
mandela,3.41,en,wordfreq,0,2.75
mandy,3.37,en,wordfreq,9,1.45
mane,3.33,en,wordfreq,25,1.0
maneuver,3.53,en,wordfreq,0,3.0
maneuvering,3.09,en,wordfreq,0,4.35
maneuvers,3.26,en,wordfreq,0,3.6
manga,3.97,en,wordfreq,2,1.8
manganese,3.11,en,wordfreq,0,3.75
manger,2.99,en,wordfreq,5,1.65
mango,3.56,en,wordfreq,3,1.85
manhattan,4.16,en,wordfreq,0,4.0
manhood,3.16,en,wordfreq,0,3.0
manhunt,3.03,en,wordfreq,0,3.05
mani,3.23,en,wordfreq,13,1.1
mania,3.44,en,wordfreq,5,1.5
maniac,3.22,en,wordfreq,0,2.05
manic,3.32,en,wordfreq,4,1.7
manicure,2.99,en,wordfreq,0,3.4
manifest,3.68,en,wordfreq,0,3.0
manifestation,3.43,en,wordfreq,0,4.45
manifestations,3.22,en,wordfreq,0,5.0
manifested,3.28,en,wordfreq,0,3.55
manifesting,2.98,en,wordfreq,0,3.9
manifesto,3.65,en,wordfreq,1,3.55
manifests,3.14,en,wordfreq,1,3.55
manifold,3.32,en,wordfreq,0,3.55
manila,3.88,en,wordfreq,0,1.95
manipulate,3.69,en,wordfreq,0,3.8
manipulated,3.6,en,wordfreq,0,3.75
manipulating,3.45,en,wordfreq,0,4.25
manipulation,3.85,en,wordfreq,0,3.7
manipulative,3.25,en,wordfreq,0,4.85
manitoba,3.43,en,wordfreq,0,3.6
mankind,3.88,en,wordfreq,0,2.5
manly,3.66,en,wordfreq,3,1.75
mann,3.73,en,wordfreq,8,1.45
manned,3.47,en,wordfreq,5,1.75
mannequin,3.06,en,wordfreq,0,4.55
manner,4.55,en,wordfreq,4,1.75
mannered,3.04,en,wordfreq,0,2.55
manners,3.83,en,wordfreq,1,1.9
manning,3.86,en,wordfreq,4,1.8
manny,3.5,en,wordfreq,5,1.65
manoeuvre,3.03,en,wordfreq,0,4.2
manor,3.81,en,wordfreq,3,1.85
manpower,3.46,en,wordfreq,0,3.15
mans,3.68,en,wordfreq,25,1.0
mansfield,3.42,en,wordfreq,0,3.25
mansion,4.02,en,wordfreq,0,2.25
mansions,3.2,en,wordfreq,0,2.5
manslaughter,3.38,en,wordfreq,0,5.35
manson,3.29,en,wordfreq,2,1.8
mantis,3.11,en,wordfreq,0,2.0
mantle,3.62,en,wordfreq,0,2.0
mantra,3.5,en,wordfreq,0,2.05
manu,3.34,en,wordfreq,7,1.5
manual,4.32,en,wordfreq,1,2.0
manually,3.7,en,wordfreq,0,2.6
manuals,3.38,en,wordfreq,0,2.55
manuel,3.86,en,wordfreq,1,1.9
manufacture,3.98,en,wordfreq,0,4.05
manufactured,4.13,en,wordfreq,2,4.25
manufacturer,4.21,en,wordfreq,2,4.7
manufacturers,4.35,en,wordfreq,0,5.05
manufactures,3.43,en,wordfreq,2,4.4
manufacturing,4.56,en,wordfreq,0,4.95
manure,3.2,en,wordfreq,1,1.95
manuscript,3.92,en,wordfreq,0,4.45
manuscripts,3.65,en,wordfreq,0,4.8
many,5.91,en,wordfreq,8,1.3
mao,3.6,en,wordfreq,31,1.0
maori,3.24,en,wordfreq,0,1.9
map,4.76,en,wordfreq,35,1.0
maple,3.86,en,wordfreq,0,1.95
mapped,3.5,en,wordfreq,2,1.9
mapping,3.88,en,wordfreq,4,1.8
maps,4.42,en,wordfreq,15,1.05
mar,4.19,en,wordfreq,36,1.0
mara,3.45,en,wordfreq,27,1.0
marathon,4.16,en,wordfreq,0,2.9
marathons,3.09,en,wordfreq,0,3.5
marble,3.96,en,wordfreq,0,1.95
marbles,3.19,en,wordfreq,0,2.35
marc,4.03,en,wordfreq,9,1.25
marcel,3.5,en,wordfreq,2,1.85
marcelo,3.13,en,wordfreq,0,2.65
march,5.26,en,wordfreq,5,1.6
marched,3.75,en,wordfreq,2,1.95
marches,3.42,en,wordfreq,3,1.8
marching,3.82,en,wordfreq,1,2.5
marcia,3.19,en,wordfreq,1,1.9
marco,3.92,en,wordfreq,5,1.65
marcos,3.47,en,wordfreq,1,1.85
marcus,4.09,en,wordfreq,3,1.85
marcy,2.96,en,wordfreq,6,1.55
mardi,3.14,en,wordfreq,0,1.95
mare,3.6,en,wordfreq,26,1.0
mares,2.99,en,wordfreq,9,1.4
margaret,4.23,en,wordfreq,0,3.45
margarita,3.3,en,wordfreq,0,3.8
marge,3.08,en,wordfreq,5,1.65
margin,4.27,en,wordfreq,3,1.75
marginal,3.71,en,wordfreq,0,2.5
marginalized,3.34,en,wordfreq,0,4.75
marginally,3.25,en,wordfreq,0,3.6
margins,3.84,en,wordfreq,2,1.85
margo,3.03,en,wordfreq,8,1.5
margot,3.32,en,wordfreq,0,1.95
marguerite,3.1,en,wordfreq,0,4.35
mari,3.23,en,wordfreq,17,1.0
maria,4.34,en,wordfreq,7,1.2
mariah,3.2,en,wordfreq,1,1.9
marian,3.41,en,wordfreq,2,1.65
mariana,3.07,en,wordfreq,1,1.8
marianne,3.38,en,wordfreq,0,2.75
mariano,3.09,en,wordfreq,1,2.15
marie,4.19,en,wordfreq,5,1.6
marietta,3.04,en,wordfreq,0,3.0
marijuana,4.2,en,wordfreq,0,3.65
marilyn,3.72,en,wordfreq,0,2.65
marin,3.29,en,wordfreq,6,1.15
marina,3.84,en,wordfreq,3,1.65
marine,4.53,en,wordfreq,3,1.6
mariner,3.03,en,wordfreq,1,1.95
mariners,3.57,en,wordfreq,0,2.5
marines,3.92,en,wordfreq,1,1.85
marino,3.23,en,wordfreq,2,1.75
mario,4.23,en,wordfreq,7,1.5
marion,3.8,en,wordfreq,3,1.75
maris,2.96,en,wordfreq,7,1.4
marisa,2.95,en,wordfreq,1,1.8
marissa,3.12,en,wordfreq,0,2.4
marital,3.59,en,wordfreq,0,2.35
maritime,3.96,en,wordfreq,0,2.95
marius,3.1,en,wordfreq,3,1.8
marjorie,3.25,en,wordfreq,0,3.4
mark,5.05,en,wordfreq,15,1.0
marked,4.5,en,wordfreq,5,1.75
markedly,3.29,en,wordfreq,0,2.95
marker,3.87,en,wordfreq,5,1.65
markers,3.72,en,wordfreq,1,1.85
market,5.29,en,wordfreq,2,1.85
marketable,3.06,en,wordfreq,0,4.0
marketed,3.64,en,wordfreq,1,2.6
marketer,2.95,en,wordfreq,1,2.65
marketers,3.36,en,wordfreq,0,2.85
marketing,4.78,en,wordfreq,0,2.9
marketplace,3.82,en,wordfreq,0,4.8
markets,4.61,en,wordfreq,1,2.0
markham,3.04,en,wordfreq,0,2.75
marking,3.95,en,wordfreq,3,1.75
markings,3.54,en,wordfreq,0,2.15
marko,2.95,en,wordfreq,4,1.65
markov,3.02,en,wordfreq,0,2.05
marks,4.49,en,wordfreq,6,1.55
markup,3.09,en,wordfreq,1,2.35
markus,3.12,en,wordfreq,3,1.8
marlboro,3.02,en,wordfreq,0,3.5
marlborough,3.06,en,wordfreq,0,5.3
marlene,3.12,en,wordfreq,0,2.5
marley,3.46,en,wordfreq,4,1.8
marlin,3.01,en,wordfreq,6,1.6
marlins,3.24,en,wordfreq,2,1.85
marlon,3.21,en,wordfreq,3,1.85
marlowe,3.03,en,wordfreq,0,2.7
maroon,3.35,en,wordfreq,2,1.9
marquee,3.18,en,wordfreq,1,2.8
marquette,3.08,en,wordfreq,0,3.7
marquez,3.03,en,wordfreq,1,2.8
marquis,3.45,en,wordfreq,0,2.7
marr,3.11,en,wordfreq,13,1.2
marred,3.09,en,wordfreq,2,1.85
marriage,4.91,en,wordfreq,1,2.7
marriages,3.9,en,wordfreq,1,2.8
married,5.03,en,wordfreq,2,1.85
marries,3.28,en,wordfreq,2,1.9
marriott,3.35,en,wordfreq,0,2.95
marrow,3.53,en,wordfreq,4,1.75
marry,4.4,en,wordfreq,10,1.4
marrying,3.75,en,wordfreq,1,2.45
mars,4.27,en,wordfreq,25,1.0
marsden,3.01,en,wordfreq,0,2.6
marseille,3.24,en,wordfreq,0,3.9
marsh,3.87,en,wordfreq,2,1.75
marsha,3.01,en,wordfreq,1,1.85
marshal,3.87,en,wordfreq,0,2.35
marshall,4.24,en,wordfreq,1,3.0
marshals,3.24,en,wordfreq,1,2.8
marshes,3.15,en,wordfreq,1,1.95
marshmallow,3.15,en,wordfreq,0,5.1
marshmallows,3.03,en,wordfreq,0,5.35
mart,3.69,en,wordfreq,21,1.0
marta,3.29,en,wordfreq,3,1.65
martha,3.98,en,wordfreq,1,1.9
martial,4.06,en,wordfreq,2,2.05
martian,3.39,en,wordfreq,1,1.85
martin,4.74,en,wordfreq,4,1.55
martina,3.08,en,wordfreq,2,1.8
martinez,3.69,en,wordfreq,0,2.65
martini,3.27,en,wordfreq,2,1.85
martins,3.13,en,wordfreq,4,1.75
marty,3.64,en,wordfreq,6,1.45
martyn,3.03,en,wordfreq,2,1.85
martyr,3.46,en,wordfreq,1,1.85
martyrdom,3.16,en,wordfreq,0,4.45
martyrs,3.4,en,wordfreq,0,2.55
marvel,4.16,en,wordfreq,1,1.95
marvellous,3.4,en,wordfreq,0,4.55
marvelous,3.53,en,wordfreq,0,3.7
marvin,3.66,en,wordfreq,3,1.8
marx,3.68,en,wordfreq,9,1.45
marxism,3.35,en,wordfreq,1,2.75
marxist,3.6,en,wordfreq,1,2.75
mary,4.78,en,wordfreq,15,1.0
maryland,4.27,en,wordfreq,0,2.75
mas,3.53,en,wordfreq,41,1.0
mascara,3.33,en,wordfreq,0,2.95
mascot,3.62,en,wordfreq,0,2.3
mascots,2.95,en,wordfreq,0,2.65
masculine,3.71,en,wordfreq,0,3.65
masculinity,3.37,en,wordfreq,0,5.0
maserati,2.98,en,wordfreq,0,3.95
mash,3.55,en,wordfreq,16,1.0
mashed,3.39,en,wordfreq,6,1.65
mask,4.31,en,wordfreq,8,1.4
masked,3.65,en,wordfreq,3,1.8
masking,3.13,en,wordfreq,1,1.85
masks,3.88,en,wordfreq,2,1.75
mason,4.14,en,wordfreq,2,1.75
masonic,3.14,en,wordfreq,0,2.75
masonry,3.35,en,wordfreq,0,2.7
masons,3.03,en,wordfreq,0,1.95
masquerade,3.05,en,wordfreq,0,4.65
mass,4.87,en,wordfreq,19,1.0
massa,3.12,en,wordfreq,1,1.9
massachusetts,4.31,en,wordfreq,0,6.65
massacre,3.91,en,wordfreq,0,3.0
massacred,3.12,en,wordfreq,1,3.45
massacres,3.12,en,wordfreq,1,3.35
massage,4.01,en,wordfreq,2,2.25
massages,3.08,en,wordfreq,2,2.4
masse,3.15,en,wordfreq,1,1.8
masses,3.94,en,wordfreq,4,1.7
massey,3.18,en,wordfreq,1,1.9
massive,4.72,en,wordfreq,1,2.65
massively,3.51,en,wordfreq,1,3.6
mast,3.52,en,wordfreq,16,1.05
master,4.93,en,wordfreq,6,1.55
mastercard,3.13,en,wordfreq,0,3.8
masterchef,3.01,en,wordfreq,0,4.0
mastered,3.57,en,wordfreq,2,2.15
masterful,3.06,en,wordfreq,0,3.35
mastering,3.43,en,wordfreq,0,2.65
mastermind,3.36,en,wordfreq,0,3.75
masterpiece,3.81,en,wordfreq,0,4.4
masterpieces,3.24,en,wordfreq,0,4.7
masters,4.35,en,wordfreq,2,1.85
mastery,3.57,en,wordfreq,2,1.85
masturbate,3.18,en,wordfreq,0,4.0
masturbating,3.3,en,wordfreq,0,4.5
masturbation,3.46,en,wordfreq,0,4.25
mat,3.84,en,wordfreq,37,1.0
mata,3.47,en,wordfreq,14,1.1
match,5.13,en,wordfreq,8,1.5
matched,4.01,en,wordfreq,5,1.75
matches,4.59,en,wordfreq,7,1.65
matching,4.1,en,wordfreq,4,2.0
matchmaking,3.33,en,wordfreq,0,4.6
matchup,3.4,en,wordfreq,0,2.8
mate,4.55,en,wordfreq,24,1.0
mateo,3.23,en,wordfreq,2,1.8
mater,3.47,en,wordfreq,11,1.25
material,4.95,en,wordfreq,1,2.45
materialism,3.05,en,wordfreq,0,3.9
materialistic,2.99,en,wordfreq,0,5.15
materialize,2.99,en,wordfreq,0,4.35
materially,3.36,en,wordfreq,0,3.3
materials,4.78,en,wordfreq,0,2.75
maternal,3.77,en,wordfreq,2,2.5
maternity,3.66,en,wordfreq,1,3.3
mates,3.99,en,wordfreq,15,1.15
math,4.45,en,wordfreq,13,1.1
mathematical,4.04,en,wordfreq,0,4.4
mathematically,3.18,en,wordfreq,0,4.9
mathematician,3.24,en,wordfreq,0,5.3
mathematicians,3.13,en,wordfreq,0,5.95
mathematics,4.15,en,wordfreq,0,4.35
mather,3.0,en,wordfreq,6,1.6
matheson,2.98,en,wordfreq,0,3.0
mathew,3.13,en,wordfreq,1,1.85
mathews,3.25,en,wordfreq,0,2.25
mathias,3.08,en,wordfreq,0,2.75
mathieu,3.14,en,wordfreq,0,2.85
maths,3.75,en,wordfreq,5,1.65
matic,3.06,en,wordfreq,2,1.9
matilda,3.26,en,wordfreq,0,2.95
mating,3.5,en,wordfreq,5,1.75
matrices,3.18,en,wordfreq,0,2.75
matrix,4.07,en,wordfreq,0,2.4
matron,3.01,en,wordfreq,2,1.9
mats,3.57,en,wordfreq,22,1.0
matt,4.55,en,wordfreq,10,1.3
matte,3.52,en,wordfreq,2,1.7
matteo,3.15,en,wordfreq,1,1.85
matter,5.38,en,wordfreq,6,1.55
mattered,3.53,en,wordfreq,2,2.05
matters,4.72,en,wordfreq,2,1.85
matthew,4.37,en,wordfreq,0,2.45
matthews,3.77,en,wordfreq,0,2.55
matthias,3.03,en,wordfreq,0,3.0
mattress,3.67,en,wordfreq,0,2.7
mattresses,3.11,en,wordfreq,0,3.7
matty,3.21,en,wordfreq,4,1.75
maturation,2.99,en,wordfreq,1,2.85
mature,4.28,en,wordfreq,2,1.85
matured,3.37,en,wordfreq,1,2.15
maturing,3.12,en,wordfreq,0,2.4
maturity,3.87,en,wordfreq,0,2.85
mau,3.07,en,wordfreq,26,1.0
maud,3.04,en,wordfreq,2,1.65
maude,3.05,en,wordfreq,1,1.85
maui,3.35,en,wordfreq,5,1.65
maureen,3.47,en,wordfreq,0,2.95
maurice,3.76,en,wordfreq,0,2.65
mauricio,2.97,en,wordfreq,0,3.45
mauritius,3.21,en,wordfreq,0,3.7
maury,2.99,en,wordfreq,1,1.9
maverick,3.33,en,wordfreq,0,3.4
mavericks,3.22,en,wordfreq,0,3.7
maw,2.96,en,wordfreq,29,1.0
max,4.66,en,wordfreq,29,1.0
maxi,3.26,en,wordfreq,5,1.6
maxim,3.39,en,wordfreq,0,1.9
maxima,2.97,en,wordfreq,0,2.05
maximal,3.06,en,wordfreq,0,2.45
maximise,3.1,en,wordfreq,1,3.3
maximize,3.63,en,wordfreq,1,3.1
maximizing,3.13,en,wordfreq,0,3.95
maximum,4.6,en,wordfreq,1,2.9
maximus,3.03,en,wordfreq,1,2.65
maxine,3.25,en,wordfreq,1,1.9
maxwell,3.77,en,wordfreq,0,2.95
may,5.98,en,wordfreq,34,1.0
maya,3.87,en,wordfreq,10,1.4
mayan,3.11,en,wordfreq,0,1.95
maybe,5.45,en,wordfreq,0,2.0
mayer,3.59,en,wordfreq,8,1.6
mayfair,3.01,en,wordfreq,0,3.4
mayfield,3.08,en,wordfreq,0,2.95
mayhem,3.45,en,wordfreq,0,2.65
maynard,3.28,en,wordfreq,0,2.85
mayo,3.72,en,wordfreq,3,1.7
mayonnaise,3.24,en,wordfreq,0,4.95
mayor,4.62,en,wordfreq,3,1.75
mayoral,3.28,en,wordfreq,0,2.85
mayors,3.41,en,wordfreq,1,1.9
mays,3.03,en,wordfreq,20,1.0
mayweather,3.25,en,wordfreq,0,4.55
mazda,3.34,en,wordfreq,0,2.0
maze,3.65,en,wordfreq,10,1.35
mb,3.78,en,wordfreq,44,1.0
mba,3.55,en,wordfreq,12,1.25
mbc,2.96,en,wordfreq,9,1.4
mc,4.0,en,wordfreq,45,1.0
mca,3.07,en,wordfreq,16,1.0
mcallister,3.01,en,wordfreq,0,3.95
mcbride,3.3,en,wordfreq,0,2.95
mcc,3.06,en,wordfreq,13,1.25
mccabe,3.13,en,wordfreq,0,2.8
mccain,3.77,en,wordfreq,1,2.65
mccall,3.24,en,wordfreq,0,2.6
mccann,3.29,en,wordfreq,1,2.75
mccarthy,3.74,en,wordfreq,0,3.6
mccartney,3.52,en,wordfreq,0,3.8
mcclellan,2.97,en,wordfreq,0,4.2
mcclure,2.96,en,wordfreq,0,3.0
mcconnell,3.54,en,wordfreq,1,3.75
mccormack,3.02,en,wordfreq,1,4.65
mccormick,3.2,en,wordfreq,1,4.4
mccoy,3.57,en,wordfreq,0,2.65
mcculloch,2.97,en,wordfreq,0,4.85
mcdermott,3.16,en,wordfreq,0,4.6
mcdonald,3.77,en,wordfreq,0,3.45
mcdonalds,3.39,en,wordfreq,0,3.75
mcdonnell,3.24,en,wordfreq,1,3.6
mcdowell,3.24,en,wordfreq,0,3.4
mcfadden,2.95,en,wordfreq,0,3.75
mcg,2.96,en,wordfreq,11,1.3
mcgee,3.37,en,wordfreq,1,2.55
mcgill,3.26,en,wordfreq,0,2.8
mcgovern,3.04,en,wordfreq,0,3.35
mcgowan,3.01,en,wordfreq,0,3.25
mcgrath,3.26,en,wordfreq,0,3.15
mcgraw,3.37,en,wordfreq,0,2.95
mcgregor,3.54,en,wordfreq,0,3.85
mcguire,3.31,en,wordfreq,1,2.85
mcintosh,3.12,en,wordfreq,0,3.75
mcintyre,3.1,en,wordfreq,0,3.8
mckay,3.5,en,wordfreq,0,2.25
mckee,2.99,en,wordfreq,1,2.25
mckenna,3.29,en,wordfreq,0,3.15
mckenzie,3.42,en,wordfreq,0,3.75
mckinley,3.18,en,wordfreq,1,3.6
mckinney,3.12,en,wordfreq,1,3.45
mckinnon,2.99,en,wordfreq,0,3.55
mclaren,3.49,en,wordfreq,0,2.95
mclaughlin,3.35,en,wordfreq,0,4.95
mclean,3.48,en,wordfreq,0,2.35
mcleod,3.15,en,wordfreq,0,2.8
mcmahon,3.34,en,wordfreq,0,3.45
mcmanus,2.99,en,wordfreq,0,3.0
mcmaster,3.07,en,wordfreq,0,2.85
mcmillan,3.16,en,wordfreq,0,3.45
mcnally,2.95,en,wordfreq,0,2.75
mcnamara,3.22,en,wordfreq,0,3.85
mcneil,2.95,en,wordfreq,0,2.95
mcpherson,3.1,en,wordfreq,0,3.7
mcqueen,3.29,en,wordfreq,0,3.45
mcs,2.95,en,wordfreq,18,1.0
mcu,2.98,en,wordfreq,10,1.35
md,4.2,en,wordfreq,45,1.0
me,6.48,en,wordfreq,46,1.0
mea,3.05,en,wordfreq,30,1.0
mead,3.43,en,wordfreq,9,1.35
meade,3.18,en,wordfreq,0,1.9
meadow,3.6,en,wordfreq,0,2.65
meadows,3.6,en,wordfreq,0,2.85
meager,3.05,en,wordfreq,1,1.9
meal,4.48,en,wordfreq,12,1.1
meals,4.19,en,wordfreq,5,1.6
mean,5.53,en,wordfreq,10,1.2
meaning,4.87,en,wordfreq,2,1.85
meaningful,4.14,en,wordfreq,0,4.5
meaningless,3.7,en,wordfreq,0,4.5
meanings,3.66,en,wordfreq,0,2.35
means,5.44,en,wordfreq,8,1.45
meant,4.94,en,wordfreq,1,1.8
meantime,4.04,en,wordfreq,0,3.0
meanwhile,4.48,en,wordfreq,0,4.1
measles,3.33,en,wordfreq,0,2.5
measurable,3.32,en,wordfreq,0,3.6
measure,4.65,en,wordfreq,0,2.4
measured,4.25,en,wordfreq,1,2.55
measurement,4.05,en,wordfreq,0,4.25
measurements,4.05,en,wordfreq,0,4.7
measures,4.67,en,wordfreq,1,2.55
measuring,4.07,en,wordfreq,0,2.8
meat,4.63,en,wordfreq,13,1.0
meatballs,3.2,en,wordfreq,0,3.8
meats,3.48,en,wordfreq,10,1.3
meaty,3.01,en,wordfreq,1,1.9
mecca,3.38,en,wordfreq,1,2.1
mech,3.1,en,wordfreq,6,1.6
mechanic,3.79,en,wordfreq,0,3.0
mechanical,4.33,en,wordfreq,0,3.45
mechanically,3.35,en,wordfreq,0,4.05
mechanics,4.13,en,wordfreq,0,3.5
mechanism,4.27,en,wordfreq,0,3.5
mechanisms,4.03,en,wordfreq,0,4.15
med,3.88,en,wordfreq,27,1.0
medal,4.39,en,wordfreq,3,1.7
medalist,3.22,en,wordfreq,0,3.0
medallion,3.1,en,wordfreq,0,3.5
medallist,3.08,en,wordfreq,0,3.55
medals,3.98,en,wordfreq,2,1.8
meddling,3.3,en,wordfreq,1,2.65
media,5.3,en,wordfreq,1,1.8
medial,3.21,en,wordfreq,1,1.8
median,4.05,en,wordfreq,1,1.9
mediate,3.13,en,wordfreq,0,2.35
mediated,3.51,en,wordfreq,0,2.7
mediation,3.51,en,wordfreq,0,2.35
mediator,3.29,en,wordfreq,0,2.65
mediators,2.95,en,wordfreq,0,2.9
medic,3.42,en,wordfreq,2,1.8
medicaid,3.74,en,wordfreq,0,2.85
medical,5.16,en,wordfreq,0,2.05
medically,3.44,en,wordfreq,0,3.0
medicare,3.94,en,wordfreq,0,2.65
medication,4.15,en,wordfreq,2,2.45
medications,3.76,en,wordfreq,1,2.6
medici,3.0,en,wordfreq,1,2.25
medicinal,3.53,en,wordfreq,0,3.35
medicine,4.73,en,wordfreq,0,2.75
medicines,3.77,en,wordfreq,0,3.55
medics,3.14,en,wordfreq,1,1.95
medieval,4.05,en,wordfreq,0,3.4
medina,3.32,en,wordfreq,0,2.0
mediocre,3.52,en,wordfreq,0,3.5
mediocrity,3.12,en,wordfreq,0,4.3
meditate,3.26,en,wordfreq,0,2.7
meditating,3.03,en,wordfreq,0,3.05
meditation,3.95,en,wordfreq,1,2.5
meditations,2.99,en,wordfreq,1,2.75
mediterranean,3.99,en,wordfreq,0,6.65
medium,4.61,en,wordfreq,0,2.4
mediums,3.12,en,wordfreq,0,2.85
medley,3.28,en,wordfreq,0,2.25
meds,3.59,en,wordfreq,9,1.4
medusa,3.1,en,wordfreq,0,2.7
mee,3.02,en,wordfreq,32,1.0
meek,3.32,en,wordfreq,5,1.7
meet,5.27,en,wordfreq,6,1.55
meeting,5.15,en,wordfreq,1,1.9
meetings,4.48,en,wordfreq,0,2.6
meets,4.36,en,wordfreq,3,1.75
meetup,3.17,en,wordfreq,0,2.85
meg,3.55,en,wordfreq,27,1.0
mega,4.02,en,wordfreq,6,1.5
megan,3.79,en,wordfreq,3,1.65
meghan,3.24,en,wordfreq,0,2.4
meh,3.4,en,wordfreq,18,1.0
mehta,2.97,en,wordfreq,0,1.95
mei,3.39,en,wordfreq,24,1.0
mein,3.29,en,wordfreq,5,1.55
mel,3.8,en,wordfreq,24,1.0
melancholy,3.39,en,wordfreq,0,4.9
melanie,3.53,en,wordfreq,0,2.95
melanoma,3.18,en,wordfreq,0,3.8
melatonin,2.96,en,wordfreq,0,3.8
melbourne,4.36,en,wordfreq,0,3.9
melee,3.22,en,wordfreq,0,2.0
melinda,3.25,en,wordfreq,1,2.7
melissa,3.84,en,wordfreq,0,2.85
mellon,3.21,en,wordfreq,1,1.9
mellow,3.32,en,wordfreq,3,1.9
melo,3.22,en,wordfreq,3,1.75
melodic,3.24,en,wordfreq,0,2.85
melodies,3.47,en,wordfreq,0,2.85
melodrama,3.05,en,wordfreq,0,4.4
melody,3.81,en,wordfreq,0,2.7
melon,3.32,en,wordfreq,1,1.8
melrose,3.09,en,wordfreq,0,3.0
melt,3.96,en,wordfreq,7,1.45
meltdown,3.55,en,wordfreq,0,3.35
melted,3.78,en,wordfreq,0,2.0
melting,3.8,en,wordfreq,1,1.95
melts,3.41,en,wordfreq,3,1.75
melville,3.22,en,wordfreq,0,3.4
melvin,3.34,en,wordfreq,1,2.05
member,5.18,en,wordfreq,0,1.9
members,5.35,en,wordfreq,0,2.4
membership,4.47,en,wordfreq,0,4.0
memberships,3.25,en,wordfreq,0,4.45
membrane,3.82,en,wordfreq,0,3.3
membranes,3.31,en,wordfreq,0,3.5
meme,3.91,en,wordfreq,3,1.7
memes,3.75,en,wordfreq,1,1.9
memo,3.81,en,wordfreq,5,1.65
memoir,3.77,en,wordfreq,0,2.65
memoirs,3.58,en,wordfreq,0,2.7
memorabilia,3.31,en,wordfreq,0,5.3
memorable,3.97,en,wordfreq,0,3.0
memorandum,3.47,en,wordfreq,0,4.75
memorial,4.41,en,wordfreq,0,2.8
memorials,3.24,en,wordfreq,0,3.3
memories,4.5,en,wordfreq,0,2.7
memorize,3.22,en,wordfreq,0,3.2
memorized,3.08,en,wordfreq,0,3.55
memory,4.81,en,wordfreq,0,2.5
memos,2.98,en,wordfreq,2,1.85
memphis,3.89,en,wordfreq,0,3.25
men,5.51,en,wordfreq,32,1.0
mena,2.98,en,wordfreq,15,1.15
menace,3.54,en,wordfreq,0,2.25
menacing,3.18,en,wordfreq,0,2.8
mend,3.33,en,wordfreq,12,1.2
mendes,3.22,en,wordfreq,0,2.0
mendoza,3.24,en,wordfreq,0,3.0
meng,3.14,en,wordfreq,10,1.35
meningitis,3.2,en,wordfreq,0,4.9
menopause,3.16,en,wordfreq,0,4.5
mens,3.45,en,wordfreq,18,1.0
menstrual,3.22,en,wordfreq,0,3.75
menswear,2.98,en,wordfreq,0,3.65
ment,3.14,en,wordfreq,22,1.0
mental,4.83,en,wordfreq,2,1.85
mentality,3.76,en,wordfreq,0,3.05
mentally,4.2,en,wordfreq,0,2.75
mention,4.73,en,wordfreq,0,2.3
mentioned,4.83,en,wordfreq,0,3.2
mentioning,3.75,en,wordfreq,0,3.55
mentions,4.09,en,wordfreq,0,2.45
mentor,3.93,en,wordfreq,0,1.95
mentoring,3.33,en,wordfreq,0,2.6
mentors,3.29,en,wordfreq,0,2.1
menu,4.26,en,wordfreq,6,1.6
menus,3.44,en,wordfreq,3,1.75
menzies,2.99,en,wordfreq,0,2.8
meow,3.29,en,wordfreq,0,1.9
mep,3.08,en,wordfreq,21,1.0
meps,3.14,en,wordfreq,6,1.5
mer,3.29,en,wordfreq,25,1.0
mercantile,3.21,en,wordfreq,0,3.95
mercedes,3.98,en,wordfreq,0,3.5
mercenaries,3.28,en,wordfreq,0,4.65
mercenary,3.26,en,wordfreq,0,3.8
mercer,3.47,en,wordfreq,1,1.95
merch,3.22,en,wordfreq,4,1.75
merchandise,3.93,en,wordfreq,0,4.4
merchandising,3.15,en,wordfreq,0,5.45
merchant,4.08,en,wordfreq,0,3.25
merchants,3.85,en,wordfreq,0,3.5
merciful,3.27,en,wordfreq,0,3.8
merciless,3.04,en,wordfreq,0,3.85
merck,3.03,en,wordfreq,2,1.9
mercury,4.02,en,wordfreq,0,2.8
mercy,4.25,en,wordfreq,5,1.75
mere,4.13,en,wordfreq,5,1.45
meredith,3.67,en,wordfreq,0,3.55
merely,4.37,en,wordfreq,0,2.25
merge,3.75,en,wordfreq,4,1.6
merged,3.67,en,wordfreq,1,1.85
merger,3.97,en,wordfreq,4,1.7
mergers,3.43,en,wordfreq,0,2.25
merging,3.45,en,wordfreq,0,1.95
meridian,3.38,en,wordfreq,0,3.05
merit,4.08,en,wordfreq,0,1.95
meritorious,2.98,en,wordfreq,0,4.5
merits,3.67,en,wordfreq,0,2.05
merkel,3.4,en,wordfreq,0,2.25
merle,3.04,en,wordfreq,1,1.9
merlin,3.42,en,wordfreq,2,1.9
mermaid,3.47,en,wordfreq,0,2.95
merrick,3.11,en,wordfreq,1,2.55
merrill,3.51,en,wordfreq,0,2.8
merritt,3.14,en,wordfreq,0,2.75
merry,3.83,en,wordfreq,10,1.5
merseyside,3.1,en,wordfreq,0,4.7
merton,3.02,en,wordfreq,1,1.95
meryl,3.16,en,wordfreq,0,2.0
mes,3.0,en,wordfreq,33,1.0
mesa,3.5,en,wordfreq,6,1.55
mesh,3.75,en,wordfreq,6,1.6
mesmerizing,2.96,en,wordfreq,0,4.75
mess,4.57,en,wordfreq,15,1.1
message,5.0,en,wordfreq,1,2.7
messages,4.54,en,wordfreq,1,2.65
messaging,3.8,en,wordfreq,0,3.3
messed,4.01,en,wordfreq,2,1.9
messenger,3.95,en,wordfreq,0,3.4
messengers,3.14,en,wordfreq,0,3.65
messes,3.23,en,wordfreq,3,1.85
messi,3.77,en,wordfreq,1,1.9
messiah,3.55,en,wordfreq,0,2.9
messing,3.82,en,wordfreq,1,1.95
messy,3.87,en,wordfreq,2,1.85
met,5.09,en,wordfreq,29,1.0
meta,3.74,en,wordfreq,9,1.3
metabolic,3.62,en,wordfreq,0,3.9
metabolism,3.78,en,wordfreq,0,4.2
metabolites,3.08,en,wordfreq,0,4.65
metadata,3.36,en,wordfreq,0,4.0
metal,4.82,en,wordfreq,3,1.65
metallic,3.82,en,wordfreq,0,3.45
metallica,3.22,en,wordfreq,0,3.7
metals,3.95,en,wordfreq,2,1.8
metamorphosis,3.03,en,wordfreq,0,6.35
metaphor,3.73,en,wordfreq,0,3.75
metaphorical,3.1,en,wordfreq,0,4.45
metaphorically,2.96,en,wordfreq,0,5.35
metaphors,3.23,en,wordfreq,0,3.8
metaphysical,3.22,en,wordfreq,0,4.9
metaphysics,3.08,en,wordfreq,0,4.75
metastatic,3.0,en,wordfreq,0,4.4
meteor,3.55,en,wordfreq,0,2.35
meteorite,3.2,en,wordfreq,0,3.75
meteorites,3.0,en,wordfreq,0,3.75
meteorological,3.39,en,wordfreq,0,4.9
meteorology,3.22,en,wordfreq,0,4.6
meter,4.09,en,wordfreq,5,1.65
meters,4.21,en,wordfreq,2,1.85
meth,3.62,en,wordfreq,9,1.4
methadone,2.98,en,wordfreq,0,3.95
methamphetamine,2.97,en,wordfreq,0,8.45
methane,3.54,en,wordfreq,0,2.75
methanol,2.98,en,wordfreq,0,3.3
method,4.8,en,wordfreq,0,2.65
methodical,3.02,en,wordfreq,0,3.65
methodist,3.65,en,wordfreq,0,3.75
methodological,3.03,en,wordfreq,0,4.55
methodologies,3.13,en,wordfreq,0,5.45
methodology,3.82,en,wordfreq,0,4.3
methods,4.68,en,wordfreq,0,2.8
methyl,3.22,en,wordfreq,0,2.65
meticulous,3.24,en,wordfreq,0,4.4
meticulously,3.08,en,wordfreq,0,5.2
metre,3.76,en,wordfreq,1,1.85
metres,4.17,en,wordfreq,0,1.95
metric,3.88,en,wordfreq,0,2.1
metrics,3.51,en,wordfreq,0,2.6
metro,4.18,en,wordfreq,2,1.9
metropolis,3.57,en,wordfreq,0,4.7
metropolitan,4.18,en,wordfreq,0,5.7
mets,3.68,en,wordfreq,15,1.0
mew,3.0,en,wordfreq,24,1.0
mex,2.97,en,wordfreq,21,1.0
mexican,4.41,en,wordfreq,0,2.55
mexicans,3.54,en,wordfreq,0,2.8
mexico,4.75,en,wordfreq,0,2.75
meyer,3.69,en,wordfreq,2,1.85
meyers,3.28,en,wordfreq,1,1.85
mf,3.62,en,wordfreq,40,1.0
mfa,3.13,en,wordfreq,10,1.35
mg,4.12,en,wordfreq,43,1.0
mgm,3.27,en,wordfreq,7,1.5
mh,3.28,en,wordfreq,40,1.0
mhz,3.43,en,wordfreq,2,1.8
mi,4.3,en,wordfreq,47,1.0
mia,3.87,en,wordfreq,30,1.0
miami,4.47,en,wordfreq,0,1.95
mic,3.81,en,wordfreq,21,1.0
mica,2.99,en,wordfreq,8,1.4
micah,3.13,en,wordfreq,0,1.9
mice,4.09,en,wordfreq,14,1.15
mich,3.33,en,wordfreq,8,1.4
michael,5.08,en,wordfreq,0,2.65
michaels,3.41,en,wordfreq,0,3.1
michel,3.72,en,wordfreq,0,2.1
michelangelo,3.16,en,wordfreq,0,5.7
michele,3.48,en,wordfreq,0,2.55
michelin,3.24,en,wordfreq,0,3.45
michelle,4.16,en,wordfreq,0,3.25
michigan,4.54,en,wordfreq,0,3.75
mick,3.83,en,wordfreq,18,1.05
mickey,3.86,en,wordfreq,1,1.9
micro,4.08,en,wordfreq,1,1.95
microbes,3.18,en,wordfreq,0,3.65
microbial,3.33,en,wordfreq,0,4.1
microbiology,3.25,en,wordfreq,0,5.35
microorganisms,3.13,en,wordfreq,0,7.0
microphone,3.72,en,wordfreq,0,4.35
microphones,3.15,en,wordfreq,0,4.55
microscope,3.5,en,wordfreq,1,4.2
microscopic,3.37,en,wordfreq,0,5.3
microscopy,3.26,en,wordfreq,1,4.4
microsoft,4.36,en,wordfreq,0,4.4
microwave,3.8,en,wordfreq,0,4.3
mid,4.82,en,wordfreq,25,1.0
midas,2.97,en,wordfreq,0,2.0
midday,3.37,en,wordfreq,1,2.45
middle,5.18,en,wordfreq,2,2.05
middlesbrough,3.34,en,wordfreq,0,7.0
middlesex,3.36,en,wordfreq,0,4.15
middleton,3.52,en,wordfreq,0,3.6
middletown,3.02,en,wordfreq,0,4.45
middleweight,3.03,en,wordfreq,0,5.85
midfield,3.62,en,wordfreq,0,3.05
midfielder,3.86,en,wordfreq,0,4.2
midfielders,3.2,en,wordfreq,0,4.6
midget,3.27,en,wordfreq,1,2.4
midi,3.38,en,wordfreq,4,1.75
midland,3.42,en,wordfreq,0,2.55
midlands,3.69,en,wordfreq,0,2.95
midnight,4.31,en,wordfreq,0,3.45
midst,3.89,en,wordfreq,0,1.9
midsummer,3.11,en,wordfreq,0,4.1
midterm,3.31,en,wordfreq,0,2.85
midterms,3.18,en,wordfreq,0,2.9
midtown,3.31,en,wordfreq,0,2.9
midway,3.69,en,wordfreq,1,2.8
midwest,3.8,en,wordfreq,0,2.8
midwestern,3.12,en,wordfreq,0,4.55
midwife,3.27,en,wordfreq,0,3.35
midwives,3.09,en,wordfreq,0,3.5
mifflin,3.01,en,wordfreq,0,3.15
mig,3.11,en,wordfreq,27,1.0
might,5.66,en,wordfreq,8,1.5
mighty,4.1,en,wordfreq,1,1.9
migraine,3.33,en,wordfreq,0,2.75
migraines,3.08,en,wordfreq,0,3.05
migrant,3.75,en,wordfreq,0,2.6
migrants,3.9,en,wordfreq,0,2.6
migrate,3.43,en,wordfreq,0,2.35
migrated,3.31,en,wordfreq,0,2.75
migrating,3.25,en,wordfreq,0,2.75
migration,4.14,en,wordfreq,0,2.65
migrations,3.03,en,wordfreq,0,2.9
migratory,3.21,en,wordfreq,0,3.65
miguel,3.77,en,wordfreq,0,2.75
mika,3.15,en,wordfreq,5,1.7
mike,4.8,en,wordfreq,12,1.3
mikey,3.35,en,wordfreq,1,1.85
mikhail,3.38,en,wordfreq,0,3.45
mil,3.74,en,wordfreq,22,1.0
mila,3.03,en,wordfreq,11,1.25
milan,4.05,en,wordfreq,0,1.9
milano,3.17,en,wordfreq,0,2.65
mild,4.11,en,wordfreq,9,1.45
milder,3.04,en,wordfreq,4,1.8
mildly,3.43,en,wordfreq,1,1.9
mildred,3.2,en,wordfreq,0,2.7
mile,4.59,en,wordfreq,20,1.0
mileage,3.64,en,wordfreq,0,2.85
miles,5.0,en,wordfreq,14,1.2
milestone,3.71,en,wordfreq,0,3.65
milestones,3.34,en,wordfreq,0,3.8
miley,3.56,en,wordfreq,6,1.6
milf,3.39,en,wordfreq,6,1.65
milford,3.34,en,wordfreq,0,2.85
miliband,3.23,en,wordfreq,0,3.5
militant,3.62,en,wordfreq,0,2.8
militants,3.56,en,wordfreq,0,3.6
militarily,3.0,en,wordfreq,0,4.0
military,5.2,en,wordfreq,0,3.05
militia,3.88,en,wordfreq,0,2.9
militias,3.2,en,wordfreq,0,3.45
milk,4.66,en,wordfreq,9,1.45
milking,3.19,en,wordfreq,1,1.95
milkshake,3.03,en,wordfreq,0,4.45
milky,3.5,en,wordfreq,3,1.8
mill,4.38,en,wordfreq,18,1.0
millar,2.99,en,wordfreq,2,1.9
millennia,3.19,en,wordfreq,0,3.65
millennial,3.33,en,wordfreq,0,4.2
millennials,3.51,en,wordfreq,0,4.45
millennium,3.7,en,wordfreq,0,4.6
miller,4.5,en,wordfreq,7,1.6
millers,3.06,en,wordfreq,2,1.85
millet,2.98,en,wordfreq,4,1.8
millie,3.2,en,wordfreq,2,1.9
milligrams,3.11,en,wordfreq,0,4.3
millimeter,3.13,en,wordfreq,0,4.3
millimeters,3.04,en,wordfreq,0,4.45
milling,3.34,en,wordfreq,5,1.75
million,5.33,en,wordfreq,1,2.15
millionaire,3.73,en,wordfreq,1,4.3
millionaires,3.35,en,wordfreq,1,4.65
millions,4.64,en,wordfreq,1,2.5
mills,4.22,en,wordfreq,10,1.4
millwall,2.96,en,wordfreq,0,3.9
milly,3.05,en,wordfreq,10,1.4
milne,3.2,en,wordfreq,0,1.85
milner,3.19,en,wordfreq,2,1.8
milo,3.56,en,wordfreq,9,1.45
milton,3.84,en,wordfreq,2,1.9
milwaukee,4.01,en,wordfreq,0,4.75
mime,3.06,en,wordfreq,10,1.45
mimi,3.31,en,wordfreq,5,1.65
mimic,3.49,en,wordfreq,0,2.0
mimicking,3.07,en,wordfreq,0,3.3
mimics,3.11,en,wordfreq,0,2.7
min,4.42,en,wordfreq,32,1.0
mina,3.35,en,wordfreq,22,1.0
minaj,3.13,en,wordfreq,0,1.95
mince,3.02,en,wordfreq,2,1.75
minced,3.0,en,wordfreq,2,1.8
mind,5.41,en,wordfreq,16,1.0
mindanao,2.96,en,wordfreq,0,3.65
minded,4.15,en,wordfreq,2,1.85
mindful,3.49,en,wordfreq,0,2.95
mindfulness,3.41,en,wordfreq,0,4.7
minding,3.12,en,wordfreq,3,1.8
mindless,3.22,en,wordfreq,0,2.9
minds,4.45,en,wordfreq,8,1.5
mindset,3.86,en,wordfreq,0,2.7
mindy,3.1,en,wordfreq,4,1.7
mine,5.04,en,wordfreq,23,1.0
minecraft,3.76,en,wordfreq,0,4.1
mined,3.41,en,wordfreq,6,1.45
miner,3.58,en,wordfreq,7,1.5
mineral,4.03,en,wordfreq,0,2.5
minerals,3.93,en,wordfreq,0,2.7
miners,3.93,en,wordfreq,4,1.7
minerva,2.99,en,wordfreq,0,2.85
mines,4.18,en,wordfreq,14,1.1
ming,3.54,en,wordfreq,23,1.0
mingle,3.21,en,wordfreq,2,1.9
minh,3.13,en,wordfreq,10,1.45
mini,4.44,en,wordfreq,12,1.35
miniature,3.72,en,wordfreq,0,3.35
miniatures,3.02,en,wordfreq,0,3.6
minimal,4.11,en,wordfreq,0,2.7
minimalist,3.28,en,wordfreq,0,4.2
minimally,3.07,en,wordfreq,0,3.35
minimise,3.17,en,wordfreq,1,3.35
minimize,3.8,en,wordfreq,1,3.25
minimized,3.05,en,wordfreq,0,3.4
minimizing,3.27,en,wordfreq,0,3.7
minimum,4.69,en,wordfreq,0,3.1
mining,4.56,en,wordfreq,3,1.8
minion,3.05,en,wordfreq,0,2.0
minions,3.29,en,wordfreq,0,2.35
miniseries,3.09,en,wordfreq,1,3.65
minister,5.04,en,wordfreq,1,2.35
ministerial,3.55,en,wordfreq,0,3.95
ministers,4.34,en,wordfreq,0,2.55
ministries,3.6,en,wordfreq,1,3.5
ministry,4.63,en,wordfreq,0,3.15
minivan,3.06,en,wordfreq,0,2.9
mink,3.15,en,wordfreq,19,1.0
minn,3.04,en,wordfreq,14,1.2
minneapolis,3.87,en,wordfreq,0,5.4
minnesota,4.31,en,wordfreq,0,4.45
minnie,3.34,en,wordfreq,1,2.1
minor,4.62,en,wordfreq,2,1.85
minorities,3.97,en,wordfreq,0,3.8
minority,4.41,en,wordfreq,0,3.45
minors,3.69,en,wordfreq,1,1.9
mins,3.9,en,wordfreq,19,1.0
minsk,3.11,en,wordfreq,0,1.9
minster,2.95,en,wordfreq,2,1.85
mint,3.92,en,wordfreq,18,1.0
minted,2.99,en,wordfreq,4,1.75
mints,3.02,en,wordfreq,5,1.65
minus,4.0,en,wordfreq,6,1.65
minuscule,2.99,en,wordfreq,0,3.95
minute,4.98,en,wordfreq,0,2.1
minutes,5.31,en,wordfreq,0,2.6
mio,3.03,en,wordfreq,16,1.0
mir,3.38,en,wordfreq,18,1.0
mira,3.27,en,wordfreq,9,1.35
miracle,4.13,en,wordfreq,0,2.7
miracles,3.76,en,wordfreq,0,2.8
miraculous,3.43,en,wordfreq,0,4.25
miraculously,3.19,en,wordfreq,0,5.2
mirage,3.29,en,wordfreq,0,2.25
miranda,3.84,en,wordfreq,0,3.0
miriam,3.47,en,wordfreq,0,2.7
mirror,4.47,en,wordfreq,0,2.5
mirrored,3.32,en,wordfreq,0,3.2
mirroring,3.01,en,wordfreq,0,3.3
mirrors,3.81,en,wordfreq,0,2.7
mis,3.59,en,wordfreq,29,1.0
miscarriage,3.32,en,wordfreq,0,4.6
miscellaneous,3.42,en,wordfreq,0,6.55
mischief,3.36,en,wordfreq,0,3.65
mischievous,3.15,en,wordfreq,0,5.5
misconception,3.22,en,wordfreq,0,4.95
misconceptions,3.16,en,wordfreq,0,5.25
misconduct,3.66,en,wordfreq,0,4.55
misdemeanor,3.38,en,wordfreq,0,5.75
miserable,4.07,en,wordfreq,1,3.2
miserably,3.17,en,wordfreq,1,3.65
misery,3.89,en,wordfreq,0,2.15
misfits,3.04,en,wordfreq,0,2.95
misfortune,3.38,en,wordfreq,0,4.85
misguided,3.42,en,wordfreq,0,3.7
mishap,3.0,en,wordfreq,0,2.9
misinformation,3.27,en,wordfreq,1,5.15
misinterpreted,3.03,en,wordfreq,0,5.5
mislead,3.22,en,wordfreq,1,2.75
misleading,3.9,en,wordfreq,0,3.8
misled,3.28,en,wordfreq,1,1.9
mismanagement,3.09,en,wordfreq,0,5.65
mismatch,3.1,en,wordfreq,0,3.65
misogynistic,2.98,en,wordfreq,0,5.65
misogyny,3.2,en,wordfreq,0,4.0
misplaced,3.39,en,wordfreq,1,3.25
misread,2.96,en,wordfreq,1,2.8
misrepresented,2.96,en,wordfreq,0,5.95
miss,5.22,en,wordfreq,9,1.4
missed,4.83,en,wordfreq,5,1.7
misses,3.85,en,wordfreq,5,1.75
missile,4.14,en,wordfreq,0,2.75
missiles,3.95,en,wordfreq,0,2.8
missing,5.05,en,wordfreq,3,1.85
mission,4.87,en,wordfreq,1,2.0
missionaries,3.62,en,wordfreq,0,4.7
missionary,3.83,en,wordfreq,0,3.8
missions,4.2,en,wordfreq,0,2.1
mississippi,4.19,en,wordfreq,0,5.9
missouri,4.26,en,wordfreq,0,4.0
misspelled,2.99,en,wordfreq,0,3.95
missy,3.26,en,wordfreq,3,1.8
mist,3.67,en,wordfreq,9,1.25
mistake,4.67,en,wordfreq,0,2.65
mistaken,3.98,en,wordfreq,1,3.0
mistakenly,3.45,en,wordfreq,0,4.5
mistakes,4.45,en,wordfreq,1,2.75
mistaking,3.01,en,wordfreq,0,2.95
mister,3.56,en,wordfreq,4,1.75
mistook,3.07,en,wordfreq,0,3.0
mistreated,3.05,en,wordfreq,0,3.5
mistreatment,2.98,en,wordfreq,0,4.7
mistress,3.86,en,wordfreq,1,2.75
mistrust,3.06,en,wordfreq,1,3.2
misty,3.39,en,wordfreq,1,1.9
misunderstand,3.15,en,wordfreq,0,5.5
misunderstood,3.61,en,wordfreq,0,5.8
misuse,3.54,en,wordfreq,0,2.45
misused,3.05,en,wordfreq,0,2.55
mit,3.74,en,wordfreq,24,1.0
mitch,3.91,en,wordfreq,7,1.55
mitchell,4.24,en,wordfreq,0,2.85
mite,3.08,en,wordfreq,15,1.15
mites,3.06,en,wordfreq,9,1.5
mitigate,3.54,en,wordfreq,0,2.85
mitigated,2.98,en,wordfreq,0,2.95
mitigating,3.14,en,wordfreq,0,3.3
mitigation,3.46,en,wordfreq,1,2.75
mitochondria,3.09,en,wordfreq,0,6.55
mitochondrial,3.27,en,wordfreq,0,6.5
mitsubishi,3.34,en,wordfreq,0,5.85
mitt,3.33,en,wordfreq,7,1.55
mix,4.71,en,wordfreq,16,1.05
mixed,4.64,en,wordfreq,4,1.8
mixer,3.5,en,wordfreq,4,1.75
mixers,3.03,en,wordfreq,2,1.8
mixes,3.52,en,wordfreq,6,1.65
mixing,4.11,en,wordfreq,2,1.9
mixtape,3.34,en,wordfreq,0,3.05
mixture,4.18,en,wordfreq,1,2.5
mixtures,3.09,en,wordfreq,1,2.65
mj,3.41,en,wordfreq,37,1.0
mk,3.58,en,wordfreq,41,1.0
ml,3.84,en,wordfreq,43,1.0
mla,3.32,en,wordfreq,16,1.0
mlb,3.85,en,wordfreq,4,1.65
mlm,3.1,en,wordfreq,11,1.3
mls,3.79,en,wordfreq,14,1.15
mm,4.65,en,wordfreq,45,1.0
mma,3.59,en,wordfreq,15,1.0
mme,2.96,en,wordfreq,7,1.45
mmm,3.55,en,wordfreq,10,1.3
mmmm,3.05,en,wordfreq,2,1.85
mn,3.73,en,wordfreq,39,1.0
mo,4.38,en,wordfreq,45,1.0
moa,2.98,en,wordfreq,26,1.0
moan,3.37,en,wordfreq,6,1.45
moaning,3.43,en,wordfreq,2,1.9
moans,3.13,en,wordfreq,3,1.7
moat,3.12,en,wordfreq,10,1.35
mob,4.03,en,wordfreq,22,1.0
mobil,2.99,en,wordfreq,0,1.95
mobile,4.85,en,wordfreq,0,2.3
mobiles,3.06,en,wordfreq,0,2.4
mobility,4.05,en,wordfreq,1,2.7
mobilization,3.27,en,wordfreq,0,3.6
mobilize,3.18,en,wordfreq,0,3.1
mobilized,3.15,en,wordfreq,0,3.25
mobilizing,2.97,en,wordfreq,0,3.65
mobs,3.16,en,wordfreq,7,1.55
moby,3.0,en,wordfreq,2,1.85
mocha,2.98,en,wordfreq,0,2.0
mock,3.85,en,wordfreq,10,1.45
mocked,3.43,en,wordfreq,3,1.85
mockery,3.29,en,wordfreq,0,2.45
mocking,3.55,en,wordfreq,3,1.85
mockingbird,2.98,en,wordfreq,0,5.65
mocks,3.04,en,wordfreq,6,1.65
mod,3.91,en,wordfreq,27,1.0
modal,3.13,en,wordfreq,3,1.85
mode,4.63,en,wordfreq,10,1.15
model,5.13,en,wordfreq,4,1.7
modeled,3.5,en,wordfreq,0,2.65
modeling,3.94,en,wordfreq,0,2.75
modelled,3.25,en,wordfreq,0,2.9
modelling,3.7,en,wordfreq,0,2.9
models,4.74,en,wordfreq,0,1.9
modem,3.4,en,wordfreq,2,1.85
moderate,4.27,en,wordfreq,0,2.6
moderated,3.14,en,wordfreq,1,2.55
moderately,3.56,en,wordfreq,0,3.5
moderates,3.13,en,wordfreq,1,2.75
moderation,3.47,en,wordfreq,0,2.8
moderator,3.41,en,wordfreq,0,3.15
moderators,3.01,en,wordfreq,0,3.3
modern,5.07,en,wordfreq,0,2.4
modernisation,2.97,en,wordfreq,1,4.45
modernism,3.13,en,wordfreq,1,3.55
modernist,3.21,en,wordfreq,1,3.45
modernity,3.25,en,wordfreq,0,3.3
modernization,3.36,en,wordfreq,1,4.3
modernize,3.03,en,wordfreq,0,3.45
modernized,2.97,en,wordfreq,0,3.55
modes,3.96,en,wordfreq,8,1.4
modest,4.03,en,wordfreq,0,1.9
modestly,3.06,en,wordfreq,0,3.05
modesty,3.24,en,wordfreq,0,2.65
modi,3.8,en,wordfreq,5,1.6
modification,3.77,en,wordfreq,0,3.35
modifications,3.82,en,wordfreq,0,3.55
modified,4.24,en,wordfreq,1,2.8
modify,3.79,en,wordfreq,0,2.75
modifying,3.39,en,wordfreq,0,3.45
mods,3.34,en,wordfreq,11,1.2
modular,3.51,en,wordfreq,0,2.8
modulated,2.96,en,wordfreq,0,2.9
modulation,3.29,en,wordfreq,0,2.9
module,3.89,en,wordfreq,0,2.15
modules,3.7,en,wordfreq,0,2.5
moe,3.5,en,wordfreq,28,1.0
moffat,3.09,en,wordfreq,0,2.95
mogul,3.07,en,wordfreq,1,2.0
mohamed,3.57,en,wordfreq,0,2.75
mohammad,3.62,en,wordfreq,2,3.4
mohammed,3.75,en,wordfreq,1,3.05
mohawk,3.14,en,wordfreq,0,2.95
moi,3.26,en,wordfreq,21,1.0
moines,3.39,en,wordfreq,0,1.95
moira,3.13,en,wordfreq,0,1.9
moist,3.69,en,wordfreq,1,1.85
moisture,3.9,en,wordfreq,0,2.9
moisturizer,2.99,en,wordfreq,0,4.9
mojave,3.0,en,wordfreq,0,2.85
mojo,3.32,en,wordfreq,6,1.65
mol,3.16,en,wordfreq,24,1.0
molar,2.99,en,wordfreq,2,1.9
molasses,3.0,en,wordfreq,0,2.85
mold,3.77,en,wordfreq,10,1.25
molded,3.23,en,wordfreq,1,1.9
molding,3.19,en,wordfreq,2,1.9
moldova,3.17,en,wordfreq,0,3.65
molds,3.12,en,wordfreq,6,1.55
mole,3.67,en,wordfreq,13,1.15
molecular,4.11,en,wordfreq,0,3.75
molecule,3.67,en,wordfreq,0,3.7
molecules,3.92,en,wordfreq,0,3.7
moles,3.07,en,wordfreq,14,1.25
molestation,2.99,en,wordfreq,0,3.8
molested,3.15,en,wordfreq,0,2.95
molina,3.04,en,wordfreq,0,2.3
molly,3.87,en,wordfreq,6,1.7
molotov,3.02,en,wordfreq,0,3.35
molten,3.33,en,wordfreq,0,2.0
mom,5.12,en,wordfreq,28,1.0
moment,5.24,en,wordfreq,0,1.95
momentarily,3.22,en,wordfreq,0,4.45
momentary,3.08,en,wordfreq,0,3.25
momentous,3.11,en,wordfreq,0,3.6
moments,4.62,en,wordfreq,0,2.45
momentum,4.07,en,wordfreq,0,3.65
momma,3.41,en,wordfreq,3,1.85
mommy,3.89,en,wordfreq,3,1.85
momo,3.01,en,wordfreq,8,1.5
moms,3.86,en,wordfreq,7,1.55
mon,3.86,en,wordfreq,33,1.0
mona,3.54,en,wordfreq,11,1.35
monaco,3.65,en,wordfreq,0,2.75
monarch,3.69,en,wordfreq,0,2.7
monarchs,3.14,en,wordfreq,1,3.35
monarchy,3.67,en,wordfreq,1,3.4
monasteries,3.13,en,wordfreq,0,3.8
monastery,3.65,en,wordfreq,0,2.85
monastic,3.1,en,wordfreq,0,3.1
monday,4.8,en,wordfreq,0,2.05
mondays,3.38,en,wordfreq,0,2.75
monde,3.04,en,wordfreq,1,1.9
monet,3.07,en,wordfreq,1,1.9
monetary,4.1,en,wordfreq,0,2.95
money,5.64,en,wordfreq,4,1.7
mong,2.99,en,wordfreq,21,1.0
mongering,2.95,en,wordfreq,0,2.8
mongol,2.97,en,wordfreq,0,2.55
mongolia,3.34,en,wordfreq,0,3.5
mongolian,3.09,en,wordfreq,0,3.75
mongols,3.04,en,wordfreq,0,2.85
monica,3.96,en,wordfreq,0,2.25
monies,3.15,en,wordfreq,2,1.9
moniker,3.06,en,wordfreq,0,2.8
monique,3.13,en,wordfreq,0,2.9
monitor,4.37,en,wordfreq,0,2.6
monitored,3.75,en,wordfreq,0,3.65
monitoring,4.34,en,wordfreq,0,3.55
monitors,3.82,en,wordfreq,0,2.7
monk,3.93,en,wordfreq,8,1.5
monkey,4.07,en,wordfreq,1,1.85
monkeys,3.86,en,wordfreq,1,2.4
monks,3.72,en,wordfreq,1,1.85
monmouth,3.09,en,wordfreq,0,3.8
mono,3.53,en,wordfreq,9,1.4
monochrome,3.04,en,wordfreq,0,4.8
monogram,3.02,en,wordfreq,0,3.6
monograph,3.15,en,wordfreq,0,3.5
monographs,3.0,en,wordfreq,0,3.55
monolithic,3.0,en,wordfreq,0,4.85
monologue,3.27,en,wordfreq,0,3.85
monopolies,3.1,en,wordfreq,0,4.25
monopoly,3.84,en,wordfreq,0,3.75
monotonous,2.95,en,wordfreq,0,4.55
monoxide,3.27,en,wordfreq,0,3.75
monroe,3.89,en,wordfreq,0,2.4
mons,3.05,en,wordfreq,17,1.0
monsanto,3.18,en,wordfreq,0,3.65
monsieur,3.39,en,wordfreq,0,3.4
monsoon,3.33,en,wordfreq,0,2.9
monster,4.49,en,wordfreq,2,1.85
monsters,4.17,en,wordfreq,0,2.2
monstrous,3.41,en,wordfreq,0,3.6
mont,3.46,en,wordfreq,17,1.0
montage,3.33,en,wordfreq,0,2.1
montague,3.08,en,wordfreq,0,2.9
montana,4.05,en,wordfreq,0,2.9
monte,3.69,en,wordfreq,4,1.75
montenegro,3.15,en,wordfreq,0,4.85
monterey,3.33,en,wordfreq,0,3.0
montgomery,3.92,en,wordfreq,0,4.75
month,5.25,en,wordfreq,3,1.7
monthly,4.5,en,wordfreq,0,2.75
months,5.35,en,wordfreq,1,1.85
montreal,4.07,en,wordfreq,0,3.1
montrose,2.99,en,wordfreq,0,3.3
monty,3.55,en,wordfreq,4,1.75
monument,3.9,en,wordfreq,0,2.7
monumental,3.5,en,wordfreq,0,3.75
monuments,3.69,en,wordfreq,0,3.0
moo,3.15,en,wordfreq,33,1.0
mood,4.44,en,wordfreq,8,1.4
moods,3.37,en,wordfreq,8,1.5
moody,3.7,en,wordfreq,3,1.8
moon,4.7,en,wordfreq,15,1.05
mooney,3.1,en,wordfreq,2,1.85
moonlight,3.61,en,wordfreq,0,3.7
moons,3.38,en,wordfreq,4,1.65
moor,3.35,en,wordfreq,6,1.45
moore,4.28,en,wordfreq,2,1.8
moors,3.18,en,wordfreq,4,1.7
moose,3.61,en,wordfreq,6,1.7
moot,3.23,en,wordfreq,15,1.15
mop,3.39,en,wordfreq,25,1.0
mor,3.17,en,wordfreq,23,1.0
mora,3.11,en,wordfreq,13,1.0
moral,4.46,en,wordfreq,5,1.5
morale,3.66,en,wordfreq,1,1.85
morales,3.33,en,wordfreq,0,2.2
morality,3.86,en,wordfreq,0,2.65
morally,3.63,en,wordfreq,0,2.2
morals,3.65,en,wordfreq,3,1.7
moran,3.41,en,wordfreq,5,1.55
moratorium,3.08,en,wordfreq,0,4.7
moray,3.02,en,wordfreq,4,1.75
morbid,3.26,en,wordfreq,1,2.45
morbidity,2.95,en,wordfreq,0,3.65
more,6.36,en,wordfreq,18,1.0
moreno,3.35,en,wordfreq,0,2.35
moreover,4.16,en,wordfreq,0,3.05
morgan,4.42,en,wordfreq,0,1.9
morgue,3.08,en,wordfreq,0,2.2
mori,3.12,en,wordfreq,8,1.35
moriarty,2.98,en,wordfreq,0,3.4
morley,3.18,en,wordfreq,3,1.85
mormon,3.67,en,wordfreq,1,1.85
mormons,3.1,en,wordfreq,0,2.4
morn,3.05,en,wordfreq,12,1.15
mornin,3.07,en,wordfreq,0,1.95
morning,5.33,en,wordfreq,1,1.8
mornings,3.66,en,wordfreq,0,2.5
moroccan,3.47,en,wordfreq,0,3.75
morocco,3.8,en,wordfreq,0,3.4
moron,3.75,en,wordfreq,1,1.7
morons,3.52,en,wordfreq,0,1.85
morph,3.07,en,wordfreq,0,2.0
morphine,3.37,en,wordfreq,0,3.25
morphological,3.15,en,wordfreq,0,4.7
morphology,3.41,en,wordfreq,0,4.15
morris,4.15,en,wordfreq,1,2.05
morrison,3.87,en,wordfreq,0,2.85
morrissey,3.06,en,wordfreq,0,3.9
morrow,3.42,en,wordfreq,3,1.95
morse,3.52,en,wordfreq,5,1.7
mort,3.07,en,wordfreq,14,1.15
mortal,3.86,en,wordfreq,2,1.8
mortality,3.9,en,wordfreq,0,2.8
mortals,3.19,en,wordfreq,2,2.15
mortar,3.75,en,wordfreq,1,1.9
mortars,3.14,en,wordfreq,1,2.5
mortem,3.16,en,wordfreq,0,2.0
mortgage,4.39,en,wordfreq,0,2.8
mortgages,3.69,en,wordfreq,0,3.3
mortified,2.97,en,wordfreq,1,2.95
mortimer,3.23,en,wordfreq,0,3.05
morton,3.64,en,wordfreq,4,1.7
mortuary,3.04,en,wordfreq,0,2.95
morty,3.12,en,wordfreq,4,1.75
mos,3.43,en,wordfreq,35,1.0
mosaic,3.58,en,wordfreq,0,2.85
moscow,4.42,en,wordfreq,0,2.85
moses,3.98,en,wordfreq,11,1.4
moshe,2.97,en,wordfreq,0,2.0
mosley,2.99,en,wordfreq,2,1.9
mosque,3.89,en,wordfreq,0,2.55
mosques,3.4,en,wordfreq,0,2.85
mosquito,3.61,en,wordfreq,0,3.8
mosquitoes,3.43,en,wordfreq,0,4.45
moss,3.89,en,wordfreq,15,1.1
most,6.0,en,wordfreq,13,1.15
mostly,4.83,en,wordfreq,1,2.2
mosul,3.27,en,wordfreq,1,1.95
mot,3.1,en,wordfreq,29,1.0
motel,3.61,en,wordfreq,2,1.9
moth,3.5,en,wordfreq,9,1.35
mother,5.24,en,wordfreq,2,1.8
motherboard,3.16,en,wordfreq,0,4.55
motherfucker,3.61,en,wordfreq,0,5.6
motherfuckers,3.25,en,wordfreq,0,6.0
motherfucking,3.24,en,wordfreq,0,5.55
motherhood,3.37,en,wordfreq,0,4.2
motherland,3.05,en,wordfreq,0,3.55
mothers,4.32,en,wordfreq,1,1.95
motherwell,2.95,en,wordfreq,0,4.5
moths,3.21,en,wordfreq,2,1.75
motif,3.4,en,wordfreq,0,1.95
motifs,3.26,en,wordfreq,0,2.35
motion,4.59,en,wordfreq,3,1.75
motionless,2.97,en,wordfreq,0,3.9
motions,3.55,en,wordfreq,2,1.8
motivate,3.6,en,wordfreq,0,2.65
motivated,4.14,en,wordfreq,1,2.65
motivates,3.17,en,wordfreq,1,2.85
motivating,3.34,en,wordfreq,0,3.05
motivation,4.22,en,wordfreq,0,2.65
motivational,3.48,en,wordfreq,0,3.9
motivations,3.42,en,wordfreq,0,3.2
motive,3.94,en,wordfreq,0,2.3
motives,3.73,en,wordfreq,0,2.35
motley,3.09,en,wordfreq,2,1.95
moto,3.42,en,wordfreq,8,1.4
motogp,3.05,en,wordfreq,0,2.8
motor,4.53,en,wordfreq,1,1.8
motorbike,3.19,en,wordfreq,0,3.9
motorcycle,4.07,en,wordfreq,0,4.7
motorcycles,3.49,en,wordfreq,0,5.1
motoring,3.0,en,wordfreq,0,2.55
motorist,3.07,en,wordfreq,0,2.85
motorists,3.29,en,wordfreq,0,3.45
motorized,3.12,en,wordfreq,0,3.35
motorola,3.37,en,wordfreq,0,3.7
motors,4.03,en,wordfreq,0,1.9
motorsport,3.17,en,wordfreq,0,4.6
motorsports,2.99,en,wordfreq,0,4.8
motorway,3.46,en,wordfreq,0,3.4
motown,2.98,en,wordfreq,0,2.45
mott,3.0,en,wordfreq,9,1.4
motto,3.72,en,wordfreq,1,1.8
mou,3.11,en,wordfreq,20,1.0
mould,3.45,en,wordfreq,4,1.75
moulded,3.0,en,wordfreq,0,2.25
mound,3.6,en,wordfreq,9,1.5
mounds,3.22,en,wordfreq,7,1.6
mount,4.47,en,wordfreq,2,1.75
mountain,4.73,en,wordfreq,1,2.6
mountainous,3.38,en,wordfreq,0,4.25
mountains,4.5,en,wordfreq,1,2.65
mounted,4.26,en,wordfreq,1,1.9
mounting,3.86,en,wordfreq,1,1.9
mounts,3.52,en,wordfreq,2,1.8
mourinho,3.68,en,wordfreq,0,3.55
mourn,3.43,en,wordfreq,0,1.95
mourning,3.69,en,wordfreq,0,2.35
mouse,4.31,en,wordfreq,4,1.7
mousse,2.96,en,wordfreq,0,2.35
moustache,3.24,en,wordfreq,0,3.8
mouth,4.83,en,wordfreq,3,1.75
mouthed,3.09,en,wordfreq,0,2.45
mouthful,3.01,en,wordfreq,1,3.45
mouthpiece,3.12,en,wordfreq,0,4.9
mouths,3.72,en,wordfreq,2,1.85
movable,3.15,en,wordfreq,1,2.7
move,5.35,en,wordfreq,7,1.4
moved,5.01,en,wordfreq,3,1.8
movement,4.97,en,wordfreq,0,2.75
movements,4.35,en,wordfreq,0,3.1
mover,3.21,en,wordfreq,8,1.45
movers,3.21,en,wordfreq,3,1.7
moves,4.59,en,wordfreq,8,1.45
movie,5.16,en,wordfreq,1,1.85
movies,4.79,en,wordfreq,1,1.85
movin,3.08,en,wordfreq,2,1.85
moving,5.02,en,wordfreq,3,1.8
mow,3.1,en,wordfreq,28,1.0
mower,3.1,en,wordfreq,7,1.65
mowing,3.09,en,wordfreq,5,1.7
moyes,3.16,en,wordfreq,4,1.8
mozambique,3.29,en,wordfreq,0,5.2
mozart,3.42,en,wordfreq,0,2.75
mozilla,3.03,en,wordfreq,0,2.9
mozzarella,3.1,en,wordfreq,0,5.25
mp,4.29,en,wordfreq,45,1.0
mpa,2.97,en,wordfreq,17,1.0
mpg,3.06,en,wordfreq,13,1.2
mph,4.03,en,wordfreq,5,1.6
mps,4.16,en,wordfreq,22,1.0
mr,5.69,en,wordfreq,46,1.0
mri,3.56,en,wordfreq,11,1.2
mrna,3.2,en,wordfreq,4,1.75
mrs,4.89,en,wordfreq,16,1.0
ms,4.67,en,wordfreq,46,1.0
msc,3.23,en,wordfreq,13,1.2
msg,3.16,en,wordfreq,13,1.2
msm,3.28,en,wordfreq,14,1.15
msn,2.97,en,wordfreq,12,1.25
msnbc,3.32,en,wordfreq,0,2.65
msp,3.09,en,wordfreq,14,1.15
msu,3.18,en,wordfreq,15,1.1
mt,4.13,en,wordfreq,46,1.0
mtg,3.04,en,wordfreq,8,1.45
mtv,3.87,en,wordfreq,3,1.7
mu,3.69,en,wordfreq,47,1.0
mubarak,3.24,en,wordfreq,0,3.5
much,6.0,en,wordfreq,7,1.6
muck,3.12,en,wordfreq,13,1.35
mucus,3.15,en,wordfreq,0,2.0
mud,4.13,en,wordfreq,12,1.2
muddy,3.6,en,wordfreq,3,1.85
mueller,3.61,en,wordfreq,0,2.35
muffin,3.35,en,wordfreq,0,2.75
muffins,3.24,en,wordfreq,0,2.8
muffled,3.04,en,wordfreq,0,2.9
mug,3.71,en,wordfreq,20,1.0
mugabe,3.04,en,wordfreq,0,2.9
mugs,3.24,en,wordfreq,5,1.65
muhammad,3.87,en,wordfreq,1,3.55
muir,3.31,en,wordfreq,0,1.95
mulberry,3.15,en,wordfreq,0,3.6
mulder,3.04,en,wordfreq,3,1.85
mule,3.44,en,wordfreq,6,1.65
mules,3.11,en,wordfreq,7,1.6
mullen,3.08,en,wordfreq,3,1.85
muller,3.29,en,wordfreq,5,1.7
mullet,2.97,en,wordfreq,5,1.75
mulligan,3.08,en,wordfreq,0,3.4
mullins,3.04,en,wordfreq,0,2.5
multi,4.54,en,wordfreq,0,2.45
multicultural,3.39,en,wordfreq,0,5.8
multilateral,3.1,en,wordfreq,0,4.7
multilingual,3.03,en,wordfreq,0,5.65
multimedia,3.56,en,wordfreq,0,4.95
multinational,3.56,en,wordfreq,0,4.7
multiplayer,3.64,en,wordfreq,0,4.6
multiple,4.92,en,wordfreq,1,3.15
multiples,3.14,en,wordfreq,0,3.45
multiplication,3.26,en,wordfreq,0,4.8
multiplied,3.28,en,wordfreq,1,3.65
multiplier,3.2,en,wordfreq,1,4.0
multiply,3.5,en,wordfreq,1,3.45
multiplying,3.08,en,wordfreq,0,4.25
multipurpose,2.95,en,wordfreq,0,5.95
multitude,3.59,en,wordfreq,0,3.4
mum,4.41,en,wordfreq,20,1.0
mumbai,3.96,en,wordfreq,0,2.9
mumford,3.02,en,wordfreq,0,2.95
mummy,3.57,en,wordfreq,5,1.75
mums,3.36,en,wordfreq,5,1.65
mun,3.01,en,wordfreq,23,1.0
munch,3.08,en,wordfreq,4,1.7
mundane,3.43,en,wordfreq,0,2.85
mundo,3.05,en,wordfreq,1,1.9
munich,3.95,en,wordfreq,0,2.3
municipal,4.24,en,wordfreq,0,3.7
municipalities,3.64,en,wordfreq,0,6.0
municipality,3.71,en,wordfreq,0,5.4
munitions,3.34,en,wordfreq,0,2.75
munro,3.15,en,wordfreq,1,2.15
munster,3.1,en,wordfreq,2,2.2
muppet,3.08,en,wordfreq,1,2.45
muppets,3.04,en,wordfreq,1,2.7
mural,3.49,en,wordfreq,2,1.85
murals,3.14,en,wordfreq,1,2.25
murder,4.86,en,wordfreq,1,1.9
murdered,4.32,en,wordfreq,1,2.55
murderer,3.82,en,wordfreq,1,2.9
murderers,3.53,en,wordfreq,0,3.25
murdering,3.72,en,wordfreq,0,2.85
murderous,3.37,en,wordfreq,0,3.5
murders,4.05,en,wordfreq,0,2.25
murdoch,3.49,en,wordfreq,1,3.3
murdock,3.01,en,wordfreq,1,3.05
muriel,3.07,en,wordfreq,0,2.5
murky,3.12,en,wordfreq,0,2.0
murphy,4.13,en,wordfreq,0,2.85
murray,4.27,en,wordfreq,0,2.4
mus,3.02,en,wordfreq,20,1.0
musa,3.07,en,wordfreq,5,1.65
muscat,2.95,en,wordfreq,0,2.7
muscle,4.44,en,wordfreq,0,2.55
muscles,4.14,en,wordfreq,0,2.75
muscular,3.67,en,wordfreq,0,3.45
muse,3.59,en,wordfreq,8,1.35
muses,3.04,en,wordfreq,4,1.7
museum,4.71,en,wordfreq,0,2.75
museums,3.89,en,wordfreq,0,2.8
mush,2.99,en,wordfreq,13,1.3
mushroom,3.63,en,wordfreq,0,3.75
mushrooms,3.71,en,wordfreq,0,4.1
music,5.52,en,wordfreq,0,2.0
musical,4.51,en,wordfreq,0,2.55
musically,3.27,en,wordfreq,0,3.05
musicals,3.23,en,wordfreq,0,3.0
musician,4.01,en,wordfreq,0,2.85
musicians,4.09,en,wordfreq,0,3.3
musk,3.49,en,wordfreq,7,1.6
muslim,4.67,en,wordfreq,0,2.75
muslims,4.44,en,wordfreq,0,2.8
mussels,3.09,en,wordfreq,0,2.6
mussolini,3.16,en,wordfreq,0,4.25
must,5.68,en,wordfreq,13,1.25
mustache,3.41,en,wordfreq,0,3.35
mustafa,3.19,en,wordfreq,0,2.9
mustang,3.58,en,wordfreq,0,2.65
mustangs,3.01,en,wordfreq,0,2.95
mustard,3.69,en,wordfreq,1,2.65
muster,3.42,en,wordfreq,5,1.7
mustered,3.17,en,wordfreq,1,2.45
mutant,3.64,en,wordfreq,0,2.65
mutants,3.42,en,wordfreq,0,2.85
mutated,3.1,en,wordfreq,0,2.65
mutation,3.64,en,wordfreq,0,2.35
mutations,3.65,en,wordfreq,0,2.65
mute,3.66,en,wordfreq,5,1.65
muted,3.42,en,wordfreq,0,1.95
mutilated,3.16,en,wordfreq,0,2.85
mutilation,3.17,en,wordfreq,0,2.85
mutiny,3.27,en,wordfreq,0,2.75
muttering,2.95,en,wordfreq,0,2.75
mutton,3.01,en,wordfreq,4,1.8
mutual,4.26,en,wordfreq,0,2.65
mutually,3.68,en,wordfreq,0,2.8
muzzle,3.31,en,wordfreq,1,2.6
mv,3.5,en,wordfreq,41,1.0
mvp,3.89,en,wordfreq,5,1.6
mw,3.58,en,wordfreq,42,1.0
mx,3.34,en,wordfreq,34,1.0
my,6.57,en,wordfreq,37,1.0
myanmar,3.81,en,wordfreq,0,3.05
myers,3.73,en,wordfreq,0,1.95
myles,3.23,en,wordfreq,4,1.8
myra,3.01,en,wordfreq,3,1.85
myriad,3.49,en,wordfreq,0,2.6
myrtle,3.34,en,wordfreq,0,2.75
myself,5.31,en,wordfreq,0,2.9
myspace,3.31,en,wordfreq,0,2.95
mysteries,3.73,en,wordfreq,0,3.15
mysterious,4.17,en,wordfreq,0,3.75
mysteriously,3.26,en,wordfreq,0,4.7
mystery,4.45,en,wordfreq,1,2.55
mystic,3.6,en,wordfreq,1,2.6
mystical,3.55,en,wordfreq,0,2.85
mysticism,3.07,en,wordfreq,0,3.8
mystique,3.0,en,wordfreq,0,3.6
myth,4.08,en,wordfreq,3,1.75
mythic,3.02,en,wordfreq,0,2.6
mythical,3.44,en,wordfreq,0,3.15
mythological,3.06,en,wordfreq,0,3.8
mythology,3.64,en,wordfreq,0,3.55
myths,3.75,en,wordfreq,2,1.85
na,4.42,en,wordfreq,47,1.0
naacp,3.1,en,wordfreq,0,2.75
nab,3.12,en,wordfreq,19,1.0
nacho,3.02,en,wordfreq,1,1.95
nacional,3.04,en,wordfreq,1,2.9
nada,3.14,en,wordfreq,6,1.5
nadal,3.35,en,wordfreq,3,1.8
nadia,3.3,en,wordfreq,0,1.95
nadine,3.26,en,wordfreq,0,2.0
nadu,3.22,en,wordfreq,1,1.95
nafta,3.14,en,wordfreq,1,1.95
nag,3.18,en,wordfreq,22,1.0
naga,2.97,en,wordfreq,7,1.5
nagar,3.07,en,wordfreq,0,1.9
nagasaki,2.98,en,wordfreq,0,4.3
nagging,3.27,en,wordfreq,3,1.85
nah,4.4,en,wordfreq,20,1.0
nai,2.96,en,wordfreq,24,1.0
nail,4.21,en,wordfreq,11,1.25
nailed,3.77,en,wordfreq,7,1.65
nailing,3.02,en,wordfreq,7,1.6
nails,4.04,en,wordfreq,7,1.55
nairobi,3.54,en,wordfreq,0,3.65
naive,3.75,en,wordfreq,1,1.85
nakamura,3.05,en,wordfreq,0,3.95
naked,4.43,en,wordfreq,3,1.85
nam,3.7,en,wordfreq,28,1.0
name,5.61,en,wordfreq,9,1.35
named,4.95,en,wordfreq,4,1.75
nameless,3.15,en,wordfreq,0,2.7
namely,4.02,en,wordfreq,0,2.25
names,4.91,en,wordfreq,4,1.7
namesake,3.1,en,wordfreq,0,3.9
namibia,3.25,en,wordfreq,0,2.95
naming,3.88,en,wordfreq,1,1.95
nan,3.49,en,wordfreq,31,1.0
nana,3.54,en,wordfreq,13,1.25
nancy,4.14,en,wordfreq,2,1.9
nanjing,3.0,en,wordfreq,0,2.0
nanny,3.59,en,wordfreq,4,1.8
nano,3.47,en,wordfreq,4,1.7
nanoparticles,3.11,en,wordfreq,0,6.3
nanotechnology,3.02,en,wordfreq,0,6.45
naomi,3.65,en,wordfreq,0,2.4
nap,3.82,en,wordfreq,25,1.0
napa,3.32,en,wordfreq,6,1.6
napier,3.13,en,wordfreq,0,2.45
napkin,3.16,en,wordfreq,0,2.45
napkins,3.05,en,wordfreq,0,2.6
naples,3.63,en,wordfreq,0,2.0
napoleon,3.77,en,wordfreq,0,3.8
napoli,3.33,en,wordfreq,0,2.9
napping,3.02,en,wordfreq,4,1.75
naps,3.08,en,wordfreq,8,1.35
narcissism,3.05,en,wordfreq,1,4.65
narcissist,2.99,en,wordfreq,1,4.45
narcissistic,3.22,en,wordfreq,0,5.45
narcotic,3.0,en,wordfreq,0,3.35
narcotics,3.5,en,wordfreq,0,3.75
narendra,3.28,en,wordfreq,0,3.75
narrated,3.29,en,wordfreq,0,2.85
narration,3.32,en,wordfreq,0,2.85
narrative,4.39,en,wordfreq,0,3.1
narratives,3.61,en,wordfreq,0,3.5
narrator,3.81,en,wordfreq,0,3.15
narrow,4.39,en,wordfreq,3,1.8
narrowed,3.43,en,wordfreq,1,2.65
narrower,3.29,en,wordfreq,1,2.7
narrowing,3.25,en,wordfreq,1,2.9
narrowly,3.65,en,wordfreq,0,3.25
narrows,3.13,en,wordfreq,0,2.25
naruto,3.48,en,wordfreq,0,2.9
nas,3.53,en,wordfreq,29,1.0
nasa,4.21,en,wordfreq,6,1.5
nasal,3.49,en,wordfreq,4,1.75
nascar,3.76,en,wordfreq,0,2.45
nascent,3.08,en,wordfreq,0,2.65
nasdaq,3.41,en,wordfreq,0,2.7
nash,3.84,en,wordfreq,10,1.35
nashville,3.98,en,wordfreq,0,3.8
nassau,3.32,en,wordfreq,0,2.45
nasser,3.11,en,wordfreq,1,1.95
nasty,4.22,en,wordfreq,2,1.9
nat,3.75,en,wordfreq,32,1.0
natal,3.41,en,wordfreq,4,1.8
natalia,3.15,en,wordfreq,1,2.7
natalie,3.8,en,wordfreq,1,2.85
natasha,3.48,en,wordfreq,0,3.0
nate,3.81,en,wordfreq,16,1.1
nathan,4.13,en,wordfreq,0,2.55
nathaniel,3.44,en,wordfreq,0,3.9
nation,4.88,en,wordfreq,2,1.85
national,5.51,en,wordfreq,2,2.45
nationalism,3.83,en,wordfreq,1,3.45
nationalist,3.91,en,wordfreq,1,3.3
nationalistic,3.04,en,wordfreq,0,4.6
nationalists,3.56,en,wordfreq,0,3.8
nationalities,3.31,en,wordfreq,0,4.45
nationality,3.72,en,wordfreq,1,3.2
nationally,3.84,en,wordfreq,1,3.0
nationals,3.91,en,wordfreq,0,2.8
nations,4.8,en,wordfreq,2,1.9
nationwide,4.07,en,wordfreq,0,4.5
native,4.69,en,wordfreq,0,2.05
natives,3.72,en,wordfreq,0,2.55
nativity,3.18,en,wordfreq,0,2.8
nato,4.01,en,wordfreq,6,1.65
nats,3.03,en,wordfreq,14,1.15
natural,5.11,en,wordfreq,0,2.6
naturalist,3.15,en,wordfreq,0,4.0
naturalized,2.95,en,wordfreq,0,4.3
naturally,4.48,en,wordfreq,0,3.4
nature,4.98,en,wordfreq,1,1.85
natured,3.03,en,wordfreq,2,2.3
natures,2.97,en,wordfreq,1,2.4
naught,2.96,en,wordfreq,2,2.2
naughty,3.83,en,wordfreq,0,2.8
nausea,3.54,en,wordfreq,0,2.6
nauseous,3.07,en,wordfreq,0,3.7
nautical,3.49,en,wordfreq,0,2.95
nav,3.26,en,wordfreq,14,1.05
navajo,3.25,en,wordfreq,0,2.85
naval,4.24,en,wordfreq,4,1.8
navarro,3.05,en,wordfreq,0,3.55
nave,3.06,en,wordfreq,12,1.2
navel,2.95,en,wordfreq,3,1.8
navigable,2.97,en,wordfreq,0,3.3
navigate,3.68,en,wordfreq,0,3.2
navigating,3.29,en,wordfreq,0,3.55
navigation,4.03,en,wordfreq,0,2.8
navigational,2.99,en,wordfreq,0,4.25
navigator,3.29,en,wordfreq,0,3.45
navy,4.57,en,wordfreq,3,1.75
naw,3.24,en,wordfreq,22,1.0
nawaz,3.13,en,wordfreq,0,2.4
nay,3.43,en,wordfreq,26,1.0
nazareth,3.1,en,wordfreq,0,3.9
nazi,4.28,en,wordfreq,0,1.9
nazis,3.94,en,wordfreq,0,1.9
nazism,3.1,en,wordfreq,0,2.8
nb,3.37,en,wordfreq,44,1.0
nba,4.39,en,wordfreq,9,1.35
nbc,4.02,en,wordfreq,11,1.25
nbsp,3.09,en,wordfreq,1,1.95
nc,4.05,en,wordfreq,45,1.0
ncaa,3.88,en,wordfreq,1,1.9
ncis,3.06,en,wordfreq,0,1.95
ncr,2.96,en,wordfreq,4,1.65
nd,3.71,en,wordfreq,45,1.0
nda,3.0,en,wordfreq,11,1.25
ndp,3.38,en,wordfreq,6,1.55
ne,4.05,en,wordfreq,46,1.0
nea,2.98,en,wordfreq,23,1.0
neal,3.64,en,wordfreq,13,1.2
neanderthal,2.95,en,wordfreq,0,5.55
near,5.29,en,wordfreq,13,1.25
nearby,4.55,en,wordfreq,1,2.35
nearer,3.38,en,wordfreq,2,1.9
nearest,4.11,en,wordfreq,1,2.55
nearing,3.39,en,wordfreq,7,1.65
nearly,5.0,en,wordfreq,4,1.75
neat,3.99,en,wordfreq,11,1.25
neatly,3.49,en,wordfreq,1,2.05
nebraska,3.98,en,wordfreq,0,3.95
nebula,3.23,en,wordfreq,0,2.95
nec,3.31,en,wordfreq,20,1.0
necessarily,4.48,en,wordfreq,0,4.8
necessary,4.91,en,wordfreq,0,3.65
necessitated,2.96,en,wordfreq,0,4.75
necessities,3.36,en,wordfreq,0,4.5
necessity,3.91,en,wordfreq,0,3.7
neck,4.63,en,wordfreq,5,1.65
necklace,3.85,en,wordfreq,0,3.7
necklaces,3.15,en,wordfreq,0,3.7
necks,3.4,en,wordfreq,2,1.85
nectar,3.25,en,wordfreq,0,2.65
ned,3.71,en,wordfreq,20,1.0
nee,3.21,en,wordfreq,26,1.0
need,5.97,en,wordfreq,8,1.4
needed,5.18,en,wordfreq,1,2.0
needing,4.02,en,wordfreq,2,1.9
needle,3.98,en,wordfreq,0,2.45
needles,3.7,en,wordfreq,0,2.6
needless,3.66,en,wordfreq,0,2.7
needlessly,3.06,en,wordfreq,0,4.05
needs,5.37,en,wordfreq,8,1.55
needy,3.58,en,wordfreq,2,1.85
nefarious,3.0,en,wordfreq,0,3.55
negate,2.98,en,wordfreq,0,2.6
negative,4.79,en,wordfreq,0,2.65
negatively,3.69,en,wordfreq,0,3.5
negatives,3.39,en,wordfreq,0,3.1
negativity,3.49,en,wordfreq,0,3.65
neglect,3.79,en,wordfreq,0,2.75
neglected,3.78,en,wordfreq,0,2.7
neglecting,3.18,en,wordfreq,0,3.2
negligence,3.65,en,wordfreq,0,4.0
negligent,3.33,en,wordfreq,0,3.7
negligible,3.39,en,wordfreq,0,4.4
negotiable,3.22,en,wordfreq,0,3.7
negotiate,3.99,en,wordfreq,0,3.35
negotiated,3.78,en,wordfreq,0,3.55
negotiating,3.78,en,wordfreq,0,3.6
negotiation,3.78,en,wordfreq,0,3.4
negotiations,4.21,en,wordfreq,0,3.6
negotiator,3.13,en,wordfreq,0,3.75
negotiators,2.97,en,wordfreq,0,4.05
negro,3.73,en,wordfreq,1,1.9
negroes,3.02,en,wordfreq,0,2.75
nehru,3.2,en,wordfreq,0,2.65
neighbor,4.11,en,wordfreq,0,3.45
neighborhood,4.5,en,wordfreq,0,5.1
neighborhoods,3.93,en,wordfreq,0,5.6
neighboring,3.87,en,wordfreq,0,4.3
neighbors,4.24,en,wordfreq,0,3.55
neighbour,3.69,en,wordfreq,0,4.15
neighbourhood,3.94,en,wordfreq,0,5.55
neighbourhoods,3.25,en,wordfreq,0,6.15
neighbouring,3.77,en,wordfreq,0,4.85
neighbours,3.87,en,wordfreq,0,4.2
neil,4.16,en,wordfreq,4,1.65
neill,3.01,en,wordfreq,0,1.9
neither,4.77,en,wordfreq,0,2.5
nel,3.06,en,wordfreq,21,1.0
nell,3.14,en,wordfreq,13,1.15
nellie,3.1,en,wordfreq,0,2.05
nelly,3.16,en,wordfreq,5,1.7
nelson,4.24,en,wordfreq,0,2.1
nemesis,3.34,en,wordfreq,0,3.1
nemo,3.17,en,wordfreq,3,1.75
neo,3.99,en,wordfreq,16,1.0
neoliberal,3.01,en,wordfreq,0,4.75
neolithic,2.99,en,wordfreq,0,4.15
neon,3.64,en,wordfreq,3,1.75
neonatal,3.12,en,wordfreq,0,3.6
nepal,3.83,en,wordfreq,0,1.9
nepali,3.0,en,wordfreq,0,2.8
nephew,4.01,en,wordfreq,0,2.85
nephews,3.27,en,wordfreq,0,3.3
neptune,3.36,en,wordfreq,0,3.0
nerd,3.66,en,wordfreq,4,1.65
nerds,3.36,en,wordfreq,3,1.8
nerdy,3.17,en,wordfreq,2,1.85
nero,3.36,en,wordfreq,5,1.6
nerve,4.19,en,wordfreq,1,1.9
nerves,4.02,en,wordfreq,1,1.9
nervous,4.42,en,wordfreq,0,2.85
nervously,3.27,en,wordfreq,0,3.55
nervousness,3.04,en,wordfreq,0,5.35
nes,3.29,en,wordfreq,25,1.0
ness,3.6,en,wordfreq,9,1.45
nest,4.07,en,wordfreq,14,1.1
nested,3.03,en,wordfreq,4,1.75
nesting,3.39,en,wordfreq,3,1.85
nestle,2.99,en,wordfreq,0,2.2
nestled,3.01,en,wordfreq,0,2.5
nests,3.43,en,wordfreq,4,1.65
net,4.76,en,wordfreq,28,1.0
netanyahu,3.33,en,wordfreq,0,4.95
netball,3.09,en,wordfreq,0,3.0
netflix,4.19,en,wordfreq,0,3.6
netherlands,4.28,en,wordfreq,0,4.55
nets,3.81,en,wordfreq,12,1.2
netted,3.08,en,wordfreq,2,1.9
netting,3.24,en,wordfreq,7,1.65
network,5.02,en,wordfreq,0,3.05
networked,2.98,en,wordfreq,0,3.55
networking,3.94,en,wordfreq,0,3.8
networks,4.45,en,wordfreq,0,3.35
neumann,3.04,en,wordfreq,0,2.85
neural,3.76,en,wordfreq,0,2.35
neuro,3.06,en,wordfreq,1,1.8
neurological,3.54,en,wordfreq,0,4.15
neurologist,3.04,en,wordfreq,0,4.5
neurology,3.23,en,wordfreq,0,3.75
neuron,3.16,en,wordfreq,0,2.0
neuronal,3.12,en,wordfreq,0,3.05
neurons,3.71,en,wordfreq,0,2.55
neuroscience,3.45,en,wordfreq,0,5.75
neurotic,3.08,en,wordfreq,0,3.3
neutral,4.24,en,wordfreq,0,2.75
neutrality,3.67,en,wordfreq,0,3.7
neutralize,3.12,en,wordfreq,0,4.25
neutron,3.44,en,wordfreq,0,2.6
neutrons,3.01,en,wordfreq,0,2.8
nev,3.16,en,wordfreq,15,1.1
nevada,4.04,en,wordfreq,0,2.9
never,5.91,en,wordfreq,4,1.75
nevermind,3.24,en,wordfreq,0,3.75
nevertheless,4.25,en,wordfreq,0,5.55
neville,3.57,en,wordfreq,1,2.7
new,6.25,en,wordfreq,21,1.0
newark,3.74,en,wordfreq,0,2.65
newbie,3.2,en,wordfreq,0,2.8
newbies,2.95,en,wordfreq,0,2.9
newborn,3.78,en,wordfreq,0,2.65
newborns,3.08,en,wordfreq,0,3.4
newbury,3.01,en,wordfreq,0,3.15
newcastle,4.07,en,wordfreq,0,4.15
newcomer,3.4,en,wordfreq,0,3.5
newcomers,3.44,en,wordfreq,0,3.7
newell,3.01,en,wordfreq,0,2.15
newer,3.94,en,wordfreq,3,1.85
newest,4.04,en,wordfreq,1,2.4
newfound,3.14,en,wordfreq,0,3.55
newfoundland,3.38,en,wordfreq,0,5.85
newly,4.42,en,wordfreq,1,1.95
newman,3.83,en,wordfreq,0,2.4
newport,3.78,en,wordfreq,0,2.8
news,5.44,en,wordfreq,4,1.7
newsletter,3.76,en,wordfreq,0,4.7
newspaper,4.6,en,wordfreq,0,4.15
newspapers,4.25,en,wordfreq,0,4.55
newsroom,3.15,en,wordfreq,0,3.9
newsweek,3.14,en,wordfreq,0,4.0
newt,3.23,en,wordfreq,4,1.7
newton,3.94,en,wordfreq,0,1.95
newtown,3.2,en,wordfreq,0,2.85
next,5.7,en,wordfreq,4,1.65
nexus,3.65,en,wordfreq,1,1.95
neymar,3.47,en,wordfreq,0,2.85
nf,3.24,en,wordfreq,40,1.0
nfc,3.52,en,wordfreq,12,1.25
nfl,4.54,en,wordfreq,8,1.45
ng,3.9,en,wordfreq,43,1.0
ngo,3.43,en,wordfreq,3,1.65
ngos,3.47,en,wordfreq,1,1.85
nguyen,3.23,en,wordfreq,0,3.0
nh,3.56,en,wordfreq,40,1.0
nhl,4.02,en,wordfreq,6,1.55
nhs,4.0,en,wordfreq,8,1.45
ni,3.93,en,wordfreq,47,1.0
nia,3.1,en,wordfreq,25,1.0
niagara,3.52,en,wordfreq,0,3.05
niall,3.16,en,wordfreq,0,2.0
nib,3.06,en,wordfreq,12,1.25
nic,3.4,en,wordfreq,21,1.0
nicaragua,3.44,en,wordfreq,0,4.8
nice,5.37,en,wordfreq,11,1.2
nicely,4.07,en,wordfreq,0,2.05
nicer,3.65,en,wordfreq,1,1.9
nicest,3.52,en,wordfreq,0,2.25
niche,3.85,en,wordfreq,0,1.9
niches,3.05,en,wordfreq,1,1.9
nicholas,4.03,en,wordfreq,1,3.05
nicholls,3.12,en,wordfreq,1,3.1
nichols,3.58,en,wordfreq,0,2.55
nicholson,3.44,en,wordfreq,0,3.8
nick,4.59,en,wordfreq,13,1.1
nickel,3.82,en,wordfreq,0,2.0
nickelodeon,3.12,en,wordfreq,0,5.85
nicki,3.32,en,wordfreq,4,1.7
nickname,3.91,en,wordfreq,0,3.6
nicknamed,3.44,en,wordfreq,1,3.7
nicknames,3.22,en,wordfreq,1,3.8
nicks,3.07,en,wordfreq,9,1.45
nicky,3.5,en,wordfreq,5,1.7
nico,3.51,en,wordfreq,6,1.6
nicola,3.54,en,wordfreq,2,2.3
nicolas,3.62,en,wordfreq,0,2.55
nicole,3.99,en,wordfreq,1,2.15
nicotine,3.52,en,wordfreq,0,3.7
niece,3.82,en,wordfreq,1,1.85
nieces,3.09,en,wordfreq,1,2.25
nielsen,3.43,en,wordfreq,0,2.95
nietzsche,3.23,en,wordfreq,0,4.8
nifty,3.17,en,wordfreq,1,1.95
nigel,3.77,en,wordfreq,1,1.95
niger,3.45,en,wordfreq,3,1.8
nigeria,4.33,en,wordfreq,0,2.65
nigerian,4.06,en,wordfreq,0,3.1
nigerians,3.16,en,wordfreq,0,3.55
nigga,3.63,en,wordfreq,0,2.0
niggas,3.13,en,wordfreq,0,2.55
nigger,3.35,en,wordfreq,2,1.8
niggers,2.97,en,wordfreq,0,2.3
nigh,3.24,en,wordfreq,2,1.8
night,5.61,en,wordfreq,8,1.4
nightclub,3.65,en,wordfreq,0,4.15
nightclubs,3.11,en,wordfreq,0,4.55
nightfall,3.11,en,wordfreq,0,3.8
nightingale,3.29,en,wordfreq,0,4.85
nightlife,3.15,en,wordfreq,0,3.8
nightly,3.48,en,wordfreq,3,2.35
nightmare,4.19,en,wordfreq,0,3.85
nightmares,3.73,en,wordfreq,0,4.4
nights,4.47,en,wordfreq,5,1.65
nighttime,3.27,en,wordfreq,0,3.95
nih,3.35,en,wordfreq,9,1.4
nik,3.04,en,wordfreq,8,1.25
nike,3.88,en,wordfreq,12,1.3
niki,3.03,en,wordfreq,5,1.6
nikita,3.17,en,wordfreq,0,2.85
nikki,3.67,en,wordfreq,1,2.25
niko,3.02,en,wordfreq,4,1.7
nikola,2.97,en,wordfreq,1,2.45
nikolai,3.11,en,wordfreq,0,3.05
nikon,3.33,en,wordfreq,1,1.9
nil,3.33,en,wordfreq,21,1.0
nile,3.64,en,wordfreq,10,1.4
niles,3.14,en,wordfreq,5,1.7
nimble,3.07,en,wordfreq,0,2.3
nina,3.85,en,wordfreq,8,1.45
nine,4.87,en,wordfreq,15,1.25
nineteen,3.59,en,wordfreq,0,3.4
nineteenth,3.76,en,wordfreq,0,4.15
nineties,3.14,en,wordfreq,0,3.0
ninety,3.71,en,wordfreq,0,2.65
ninja,3.87,en,wordfreq,0,2.05
ninjas,3.05,en,wordfreq,0,2.8
nino,3.26,en,wordfreq,8,1.6
nintendo,4.08,en,wordfreq,0,3.3
ninth,4.07,en,wordfreq,0,2.0
nip,3.32,en,wordfreq,20,1.0
nipple,3.45,en,wordfreq,1,2.35
nipples,3.59,en,wordfreq,1,2.55
nippon,2.95,en,wordfreq,0,2.8
nirvana,3.37,en,wordfreq,0,3.0
nissan,3.69,en,wordfreq,0,2.85
nit,3.09,en,wordfreq,25,1.0
nite,3.0,en,wordfreq,13,1.25
nitrate,3.25,en,wordfreq,0,2.75
nitric,2.95,en,wordfreq,0,2.9
nitro,3.23,en,wordfreq,1,1.95
nitrogen,3.76,en,wordfreq,0,3.65
nitrous,2.96,en,wordfreq,0,2.9
nix,3.0,en,wordfreq,12,1.25
nixon,3.91,en,wordfreq,2,1.9
nj,3.97,en,wordfreq,37,1.0
nk,3.46,en,wordfreq,41,1.0
nl,3.52,en,wordfreq,43,1.0
nm,3.82,en,wordfreq,45,1.0
nmr,3.03,en,wordfreq,3,1.7
nn,2.98,en,wordfreq,39,1.0
no,6.35,en,wordfreq,45,1.0
noaa,3.23,en,wordfreq,5,1.75
noah,3.93,en,wordfreq,2,1.85
nobel,3.84,en,wordfreq,1,1.9
nobility,3.47,en,wordfreq,1,2.8
noble,4.24,en,wordfreq,0,1.95
nobleman,3.02,en,wordfreq,0,3.4
nobles,3.4,en,wordfreq,0,1.95
nobody,4.95,en,wordfreq,0,2.7
nocturnal,3.24,en,wordfreq,0,3.85
nod,3.74,en,wordfreq,17,1.0
nodded,3.41,en,wordfreq,0,2.05
nodding,3.19,en,wordfreq,0,2.0
node,3.88,en,wordfreq,10,1.35
nodes,3.78,en,wordfreq,5,1.65
nods,3.3,en,wordfreq,6,1.55
noel,3.63,en,wordfreq,1,1.8
noir,3.48,en,wordfreq,1,1.9
noise,4.55,en,wordfreq,5,1.65
noises,3.75,en,wordfreq,0,1.9
noisy,3.67,en,wordfreq,1,1.95
nokia,3.66,en,wordfreq,0,2.3
nola,3.0,en,wordfreq,6,1.6
nolan,3.64,en,wordfreq,1,1.9
nom,3.22,en,wordfreq,17,1.0
nomad,3.07,en,wordfreq,0,1.95
nomadic,3.13,en,wordfreq,0,2.8
nomads,2.98,en,wordfreq,0,2.6
nomenclature,3.21,en,wordfreq,0,5.8
nominal,3.6,en,wordfreq,0,2.75
nominally,3.1,en,wordfreq,0,3.4
nominate,3.57,en,wordfreq,1,2.6
nominated,4.18,en,wordfreq,1,2.65
nominating,3.2,en,wordfreq,1,2.95
nomination,4.07,en,wordfreq,1,2.6
nominations,3.82,en,wordfreq,0,3.05
nominee,3.96,en,wordfreq,0,2.8
nominees,3.66,en,wordfreq,0,3.15
non,5.29,en,wordfreq,23,1.0
none,4.93,en,wordfreq,13,1.2
nonetheless,4.04,en,wordfreq,0,4.8
nonexistent,3.19,en,wordfreq,0,4.65
nonfiction,3.26,en,wordfreq,0,3.45
nonlinear,3.27,en,wordfreq,0,3.9
nonprofit,3.86,en,wordfreq,0,4.55
nonprofits,3.02,en,wordfreq,0,4.6
nonsense,4.21,en,wordfreq,0,3.35
nonsensical,2.98,en,wordfreq,0,4.8
nonstop,3.37,en,wordfreq,0,3.4
nonviolent,3.06,en,wordfreq,0,4.45
noodle,3.42,en,wordfreq,2,2.1
noodles,3.7,en,wordfreq,0,2.5
nook,3.18,en,wordfreq,8,1.6
noon,4.11,en,wordfreq,14,1.2
noone,3.08,en,wordfreq,2,1.8
noor,2.98,en,wordfreq,6,1.65
noose,2.98,en,wordfreq,6,1.65
nope,4.26,en,wordfreq,9,1.55
nor,4.78,en,wordfreq,16,1.0
nora,3.52,en,wordfreq,10,1.3
nord,3.1,en,wordfreq,7,1.5
nordic,3.52,en,wordfreq,0,2.7
nordstrom,2.98,en,wordfreq,0,4.75
norfolk,3.84,en,wordfreq,0,3.7
norm,3.93,en,wordfreq,5,1.55
norma,3.33,en,wordfreq,2,1.7
normal,5.01,en,wordfreq,2,1.85
normalization,2.99,en,wordfreq,0,3.85
normalize,3.0,en,wordfreq,0,3.4
normalized,3.27,en,wordfreq,0,3.65
normally,4.57,en,wordfreq,1,2.6
norman,4.14,en,wordfreq,3,1.8
normandy,3.48,en,wordfreq,0,2.9
normative,3.1,en,wordfreq,1,3.25
norms,3.76,en,wordfreq,4,1.75
norris,3.6,en,wordfreq,1,2.45
norse,3.23,en,wordfreq,6,1.65
north,5.34,en,wordfreq,2,1.9
northampton,3.49,en,wordfreq,0,5.0
northbound,3.2,en,wordfreq,0,4.3
northeast,4.06,en,wordfreq,0,3.5
northeastern,3.64,en,wordfreq,0,4.45
northerly,2.95,en,wordfreq,0,3.7
northern,4.85,en,wordfreq,0,2.9
northrop,2.98,en,wordfreq,0,3.75
northumberland,3.27,en,wordfreq,0,6.45
northward,3.22,en,wordfreq,0,3.55
northwest,4.14,en,wordfreq,0,3.5
northwestern,3.79,en,wordfreq,0,4.55
norton,3.75,en,wordfreq,2,1.85
norway,4.15,en,wordfreq,0,2.55
norwegian,3.95,en,wordfreq,0,4.0
norwich,3.69,en,wordfreq,0,2.95
norwood,3.22,en,wordfreq,0,3.0
nos,3.52,en,wordfreq,24,1.0
nose,4.51,en,wordfreq,12,1.1
nosed,3.14,en,wordfreq,3,1.8
noses,3.45,en,wordfreq,9,1.45
nostalgia,3.62,en,wordfreq,1,4.15
nostalgic,3.45,en,wordfreq,1,4.1
nostrils,3.1,en,wordfreq,0,3.55
not,6.69,en,wordfreq,25,1.0
notable,4.07,en,wordfreq,1,2.5
notably,4.01,en,wordfreq,1,2.8
notary,3.11,en,wordfreq,1,2.6
notation,3.47,en,wordfreq,1,2.3
notch,3.78,en,wordfreq,0,2.0
notched,3.04,en,wordfreq,1,2.15
note,5.04,en,wordfreq,9,1.35
notebook,3.74,en,wordfreq,0,3.7
notebooks,3.23,en,wordfreq,0,4.2
noted,4.69,en,wordfreq,3,1.8
notes,4.84,en,wordfreq,4,1.75
noteworthy,3.49,en,wordfreq,0,4.9
nothin,3.69,en,wordfreq,0,2.55
nothing,5.55,en,wordfreq,0,2.25
nothingness,2.97,en,wordfreq,0,4.85
notice,4.9,en,wordfreq,1,2.05
noticeable,3.75,en,wordfreq,1,3.95
noticeably,3.36,en,wordfreq,1,4.3
noticed,4.63,en,wordfreq,1,2.5
notices,3.9,en,wordfreq,1,2.45
noticing,3.64,en,wordfreq,0,2.7
notification,3.92,en,wordfreq,0,3.2
notifications,3.66,en,wordfreq,0,3.5
notified,3.83,en,wordfreq,0,2.7
notify,3.73,en,wordfreq,0,2.55
notifying,3.03,en,wordfreq,0,3.2
noting,4.0,en,wordfreq,1,1.9
notion,4.17,en,wordfreq,4,1.75
notions,3.52,en,wordfreq,3,2.0
notoriety,3.19,en,wordfreq,0,3.75
notorious,3.83,en,wordfreq,0,3.55
notoriously,3.37,en,wordfreq,0,4.2
notre,3.67,en,wordfreq,0,1.95
nottingham,3.72,en,wordfreq,0,4.5
nottinghamshire,3.09,en,wordfreq,0,8.15
notwithstanding,3.48,en,wordfreq,0,7.3
noun,3.61,en,wordfreq,2,1.75
nouns,3.26,en,wordfreq,0,1.85
nourishment,3.03,en,wordfreq,0,4.7
nous,2.99,en,wordfreq,4,1.7
nouveau,3.07,en,wordfreq,0,3.55
nov,4.37,en,wordfreq,11,1.2
nova,3.92,en,wordfreq,4,1.65
novak,3.35,en,wordfreq,0,2.05
novel,4.63,en,wordfreq,2,1.8
novelist,3.61,en,wordfreq,0,3.4
novelists,3.01,en,wordfreq,0,3.7
novella,3.08,en,wordfreq,0,2.8
novels,4.1,en,wordfreq,0,1.95
novelty,3.66,en,wordfreq,0,2.75
november,5.1,en,wordfreq,0,3.6
novice,3.41,en,wordfreq,1,2.35
novo,3.18,en,wordfreq,1,1.9
now,6.18,en,wordfreq,22,1.0
nowadays,4.11,en,wordfreq,0,3.75
nowhere,4.4,en,wordfreq,0,2.9
nozzle,3.24,en,wordfreq,0,2.75
np,3.57,en,wordfreq,45,1.0
npc,3.13,en,wordfreq,12,1.25
npr,3.46,en,wordfreq,8,1.45
nps,3.06,en,wordfreq,17,1.0
nr,3.43,en,wordfreq,46,1.0
nra,3.45,en,wordfreq,14,1.1
nrc,3.07,en,wordfreq,15,1.1
nrl,3.37,en,wordfreq,8,1.45
ns,3.48,en,wordfreq,46,1.0
nsa,3.86,en,wordfreq,17,1.0
nsf,3.05,en,wordfreq,2,1.7
nsfw,3.61,en,wordfreq,0,2.0
nsw,3.81,en,wordfreq,5,1.55
nt,3.75,en,wordfreq,46,1.0
nu,3.55,en,wordfreq,47,1.0
nuance,3.09,en,wordfreq,0,2.1
nuanced,3.26,en,wordfreq,1,2.65
nuances,3.16,en,wordfreq,1,2.4
nuclear,4.73,en,wordfreq,0,2.8
nuclei,3.19,en,wordfreq,0,2.9
nucleotide,3.0,en,wordfreq,0,4.85
nucleus,3.59,en,wordfreq,0,2.9
nude,4.0,en,wordfreq,5,1.65
nudes,3.24,en,wordfreq,4,1.75
nudge,3.22,en,wordfreq,3,1.8
nudity,3.39,en,wordfreq,0,2.7
nugent,3.02,en,wordfreq,0,2.6
nugget,3.16,en,wordfreq,0,2.4
nuggets,3.5,en,wordfreq,0,2.75
nuisance,3.5,en,wordfreq,0,3.4
nuke,3.29,en,wordfreq,5,1.7
nukes,3.14,en,wordfreq,3,1.8
null,3.73,en,wordfreq,9,1.55
num,3.1,en,wordfreq,14,1.1
numb,3.53,en,wordfreq,1,1.9
number,5.62,en,wordfreq,2,1.85
numbered,3.82,en,wordfreq,0,2.9
numbering,3.27,en,wordfreq,0,3.35
numbers,4.98,en,wordfreq,0,2.4
numerals,3.03,en,wordfreq,0,3.1
numeric,3.01,en,wordfreq,0,2.95
numerical,3.65,en,wordfreq,0,3.5
numerous,4.65,en,wordfreq,0,3.35
nun,3.64,en,wordfreq,18,1.0
nunes,3.01,en,wordfreq,4,1.75
nuns,3.49,en,wordfreq,6,1.55
nuremberg,3.06,en,wordfreq,0,3.85
nurse,4.4,en,wordfreq,3,1.8
nurseries,3.0,en,wordfreq,0,3.6
nursery,3.89,en,wordfreq,0,2.85
nurses,4.14,en,wordfreq,2,1.85
nursing,4.32,en,wordfreq,1,2.05
nurture,3.31,en,wordfreq,0,2.55
nurtured,3.1,en,wordfreq,0,2.7
nurturing,3.22,en,wordfreq,0,3.1
nut,4.04,en,wordfreq,16,1.0
nutmeg,3.04,en,wordfreq,0,3.0
nutrient,3.51,en,wordfreq,0,3.35
nutrients,3.71,en,wordfreq,0,3.75
nutrition,4.1,en,wordfreq,0,3.25
nutritional,3.64,en,wordfreq,0,4.05
nutritious,3.18,en,wordfreq,0,3.9
nuts,4.3,en,wordfreq,8,1.55
nutshell,3.43,en,wordfreq,0,3.85
nutty,3.19,en,wordfreq,0,2.0
nv,3.45,en,wordfreq,41,1.0
nvidia,3.25,en,wordfreq,0,2.9
nw,3.72,en,wordfreq,42,1.0
nxt,3.32,en,wordfreq,8,1.5
ny,4.43,en,wordfreq,37,1.0
nyc,4.05,en,wordfreq,9,1.45
nye,3.32,en,wordfreq,10,1.3
nylon,3.42,en,wordfreq,0,2.0
nypd,3.46,en,wordfreq,0,2.0
nyse,3.22,en,wordfreq,1,1.9
nyt,3.23,en,wordfreq,9,1.4
nyu,3.15,en,wordfreq,5,1.6
nz,3.79,en,wordfreq,28,1.0
oa,3.19,en,wordfreq,48,1.0
oahu,2.99,en,wordfreq,0,2.0
oak,4.18,en,wordfreq,6,1.45
oakland,3.92,en,wordfreq,0,2.9
oakley,3.27,en,wordfreq,0,2.1
oaks,3.61,en,wordfreq,2,1.85
oars,3.01,en,wordfreq,11,1.4
oasis,3.56,en,wordfreq,1,1.95
oates,3.01,en,wordfreq,8,1.5
oath,3.96,en,wordfreq,5,1.7
oatmeal,3.37,en,wordfreq,0,3.0
oats,3.4,en,wordfreq,13,1.1
ob,3.43,en,wordfreq,45,1.0
obama,4.86,en,wordfreq,1,2.1
obamacare,3.89,en,wordfreq,0,4.75
obe,2.97,en,wordfreq,7,1.3
obedience,3.5,en,wordfreq,0,3.75
obedient,3.19,en,wordfreq,0,3.65
obese,3.68,en,wordfreq,0,2.0
obesity,3.81,en,wordfreq,0,3.05
obey,3.83,en,wordfreq,0,1.9
obeyed,3.02,en,wordfreq,0,2.8
obeying,3.03,en,wordfreq,0,2.8
obi,3.35,en,wordfreq,7,1.5
obituary,3.41,en,wordfreq,0,3.7
object,4.56,en,wordfreq,1,2.55
objected,3.5,en,wordfreq,0,2.7
objection,3.77,en,wordfreq,0,2.7
objectionable,3.07,en,wordfreq,0,5.25
objections,3.69,en,wordfreq,0,2.9
objective,4.36,en,wordfreq,0,2.7
objectively,3.28,en,wordfreq,0,3.75
objectives,4.08,en,wordfreq,0,3.15
objectivity,3.1,en,wordfreq,0,4.25
objects,4.51,en,wordfreq,0,2.7
obligated,3.5,en,wordfreq,0,3.3
obligation,4.07,en,wordfreq,0,3.05
obligations,3.99,en,wordfreq,0,3.65
obligatory,3.39,en,wordfreq,0,4.25
oblige,3.1,en,wordfreq,0,2.65
obliged,3.77,en,wordfreq,0,2.85
oblique,3.2,en,wordfreq,0,3.05
obliterated,3.07,en,wordfreq,0,4.15
oblivion,3.32,en,wordfreq,0,3.35
oblivious,3.31,en,wordfreq,0,3.55
obnoxious,3.38,en,wordfreq,0,4.0
obscene,3.46,en,wordfreq,0,3.05
obscure,3.85,en,wordfreq,0,2.85
obscured,3.22,en,wordfreq,0,3.05
obscurity,3.2,en,wordfreq,0,3.9
observable,3.11,en,wordfreq,0,3.85
observance,3.13,en,wordfreq,0,3.65
observant,3.05,en,wordfreq,0,3.35
observation,4.13,en,wordfreq,0,3.25
observational,3.14,en,wordfreq,0,4.2
observations,4.02,en,wordfreq,0,3.45
observatory,3.71,en,wordfreq,0,4.2
observe,4.06,en,wordfreq,0,2.45
observed,4.39,en,wordfreq,2,2.4
observer,3.91,en,wordfreq,2,2.55
observers,3.77,en,wordfreq,0,3.05
observes,3.32,en,wordfreq,2,2.45
observing,3.75,en,wordfreq,0,2.8
obsessed,4.08,en,wordfreq,0,2.8
obsessing,2.99,en,wordfreq,0,2.85
obsession,3.9,en,wordfreq,0,3.05
obsessive,3.43,en,wordfreq,0,3.35
obsidian,2.95,en,wordfreq,0,3.85
obsolete,3.65,en,wordfreq,0,3.7
obstacle,3.72,en,wordfreq,0,3.4
obstacles,3.88,en,wordfreq,0,3.6
obstetrics,3.04,en,wordfreq,0,4.55
obstruct,3.09,en,wordfreq,0,2.85
obstructed,2.98,en,wordfreq,0,3.45
obstructing,3.08,en,wordfreq,0,3.4
obstruction,3.55,en,wordfreq,0,3.05
obstructive,2.96,en,wordfreq,0,3.35
obtain,4.4,en,wordfreq,0,2.4
obtainable,3.07,en,wordfreq,0,4.2
obtained,4.49,en,wordfreq,0,2.55
obtaining,3.93,en,wordfreq,0,2.75
obtains,3.04,en,wordfreq,0,2.65
obtuse,3.04,en,wordfreq,0,2.9
obvious,4.63,en,wordfreq,0,2.8
obviously,4.8,en,wordfreq,0,3.7
oc,3.59,en,wordfreq,46,1.0
occasion,4.38,en,wordfreq,0,3.15
occasional,4.12,en,wordfreq,0,3.65
occasionally,4.39,en,wordfreq,0,4.6
occasions,4.26,en,wordfreq,0,3.45
occult,3.29,en,wordfreq,0,2.8
occupancy,3.36,en,wordfreq,0,3.9
occupant,3.11,en,wordfreq,0,3.5
occupants,3.46,en,wordfreq,0,3.65
occupation,4.2,en,wordfreq,0,3.4
occupational,3.72,en,wordfreq,0,4.1
occupations,3.44,en,wordfreq,0,3.55
occupied,4.32,en,wordfreq,1,3.2
occupiers,2.96,en,wordfreq,0,3.65
occupies,3.51,en,wordfreq,1,3.25
occupy,3.93,en,wordfreq,0,2.95
occupying,3.63,en,wordfreq,0,3.5
occur,4.47,en,wordfreq,0,2.45
occurred,4.57,en,wordfreq,0,2.9
occurrence,3.77,en,wordfreq,0,3.7
occurrences,3.26,en,wordfreq,0,4.4
occurring,3.97,en,wordfreq,0,3.05
occurs,4.34,en,wordfreq,0,2.7
ocd,3.29,en,wordfreq,5,1.55
ocean,4.7,en,wordfreq,0,1.95
oceania,2.99,en,wordfreq,1,2.9
oceanic,3.39,en,wordfreq,1,2.7
oceans,3.76,en,wordfreq,0,2.0
oct,4.35,en,wordfreq,11,1.3
octane,3.08,en,wordfreq,1,2.65
octave,3.08,en,wordfreq,1,2.6
octavia,3.03,en,wordfreq,0,3.2
october,5.11,en,wordfreq,0,3.0
octopus,3.46,en,wordfreq,0,3.0
oculus,3.19,en,wordfreq,0,2.95
od,3.39,en,wordfreq,46,1.0
oda,3.08,en,wordfreq,12,1.15
odd,4.42,en,wordfreq,8,1.35
oddly,3.56,en,wordfreq,0,2.1
odds,4.28,en,wordfreq,2,1.85
ode,3.31,en,wordfreq,10,1.1
odell,2.96,en,wordfreq,0,1.95
odessa,3.2,en,wordfreq,0,2.95
odi,3.27,en,wordfreq,6,1.4
odin,3.23,en,wordfreq,0,1.9
odor,3.49,en,wordfreq,0,1.9
odors,2.97,en,wordfreq,0,1.95
odour,2.96,en,wordfreq,0,2.05
odyssey,3.55,en,wordfreq,0,3.7
oe,2.95,en,wordfreq,47,1.0
oecd,3.44,en,wordfreq,0,1.95
oem,3.31,en,wordfreq,6,1.5
of,7.4,en,wordfreq,41,1.0
ofc,3.3,en,wordfreq,10,1.35
ofcourse,3.04,en,wordfreq,0,3.4
off,5.93,en,wordfreq,5,1.55
offence,3.96,en,wordfreq,1,2.4
offences,3.65,en,wordfreq,1,2.4
offend,3.57,en,wordfreq,0,2.35
offended,3.93,en,wordfreq,1,2.45
offender,3.7,en,wordfreq,1,2.4
offenders,3.79,en,wordfreq,0,2.65
offending,3.43,en,wordfreq,0,2.9
offends,2.99,en,wordfreq,0,2.45
offense,4.26,en,wordfreq,1,2.4
offenses,3.58,en,wordfreq,1,2.5
offensive,4.46,en,wordfreq,0,3.2
offensively,2.97,en,wordfreq,0,4.2
offer,5.05,en,wordfreq,0,1.95
offered,4.86,en,wordfreq,0,2.65
offering,4.6,en,wordfreq,0,2.65
offerings,3.82,en,wordfreq,0,3.35
offers,4.74,en,wordfreq,0,2.0
office,5.4,en,wordfreq,0,2.55
officer,5.03,en,wordfreq,1,2.65
officers,4.87,en,wordfreq,0,3.1
offices,4.48,en,wordfreq,1,2.65
official,5.14,en,wordfreq,0,3.3
officially,4.53,en,wordfreq,0,3.8
officials,4.68,en,wordfreq,0,3.6
officiating,3.15,en,wordfreq,0,4.15
offline,3.74,en,wordfreq,0,2.75
offs,3.74,en,wordfreq,0,1.9
offseason,3.43,en,wordfreq,0,4.2
offset,3.99,en,wordfreq,0,2.8
offshoot,2.98,en,wordfreq,0,3.9
offshore,3.91,en,wordfreq,0,3.65
offside,3.24,en,wordfreq,0,2.85
offspring,3.77,en,wordfreq,0,3.75
oft,3.25,en,wordfreq,9,1.3
often,5.41,en,wordfreq,0,1.95
oftentimes,3.09,en,wordfreq,0,4.05
ofthe,3.33,en,wordfreq,0,2.55
og,3.72,en,wordfreq,44,1.0
ogden,3.19,en,wordfreq,0,2.0
ogre,3.1,en,wordfreq,0,1.9
oh,5.43,en,wordfreq,41,1.0
ohh,3.6,en,wordfreq,5,1.6
ohhh,3.32,en,wordfreq,3,1.8
ohio,4.61,en,wordfreq,0,2.0
ohm,3.01,en,wordfreq,3,1.7
oi,3.71,en,wordfreq,48,1.0
oil,5.1,en,wordfreq,10,1.0
oiled,3.1,en,wordfreq,3,1.7
oilers,3.32,en,wordfreq,0,1.95
oils,3.86,en,wordfreq,2,1.7
oily,3.35,en,wordfreq,3,1.8
ointment,2.98,en,wordfreq,0,3.1
oj,3.23,en,wordfreq,38,1.0
ok,5.14,en,wordfreq,42,1.0
okay,5.06,en,wordfreq,0,1.95
okc,3.1,en,wordfreq,3,1.7
okinawa,3.2,en,wordfreq,0,3.85
oklahoma,4.27,en,wordfreq,0,4.1
ol,3.98,en,wordfreq,44,1.0
ola,2.99,en,wordfreq,11,1.0
olaf,3.14,en,wordfreq,0,1.95
old,5.75,en,wordfreq,6,1.1
older,4.92,en,wordfreq,3,1.6
oldest,4.24,en,wordfreq,1,2.4
oldham,3.14,en,wordfreq,0,2.95
oldies,3.08,en,wordfreq,0,2.15
olds,3.98,en,wordfreq,1,1.6
ole,3.73,en,wordfreq,8,1.05
oleg,3.14,en,wordfreq,0,1.9
olfactory,3.03,en,wordfreq,0,3.8
olga,3.31,en,wordfreq,0,1.95
olive,4.09,en,wordfreq,2,1.75
oliver,4.22,en,wordfreq,2,1.75
olives,3.35,en,wordfreq,1,1.85
olivia,3.83,en,wordfreq,0,2.45
olivier,3.41,en,wordfreq,0,2.65
ollie,3.3,en,wordfreq,2,1.85
olsen,3.38,en,wordfreq,1,1.95
olson,3.31,en,wordfreq,2,1.9
olympia,3.26,en,wordfreq,1,3.15
olympian,3.29,en,wordfreq,0,3.3
olympians,3.0,en,wordfreq,0,3.85
olympic,4.49,en,wordfreq,1,3.35
olympics,4.45,en,wordfreq,0,3.4
olympus,3.25,en,wordfreq,0,3.05
om,3.55,en,wordfreq,46,1.0
omaha,3.61,en,wordfreq,0,2.0
oman,3.36,en,wordfreq,2,1.75
omar,3.75,en,wordfreq,2,1.85
ombudsman,3.14,en,wordfreq,0,4.85
omega,3.78,en,wordfreq,0,2.1
omen,3.12,en,wordfreq,5,1.65
omg,4.05,en,wordfreq,4,1.65
ominous,3.4,en,wordfreq,0,2.8
omission,3.3,en,wordfreq,1,2.4
omissions,3.11,en,wordfreq,1,2.5
omit,3.07,en,wordfreq,2,1.8
omitted,3.53,en,wordfreq,1,2.55
omni,3.08,en,wordfreq,0,2.0
omnibus,3.15,en,wordfreq,0,3.6
on,6.91,en,wordfreq,40,1.0
onboard,3.55,en,wordfreq,0,2.85
once,5.53,en,wordfreq,0,1.9
oncology,3.36,en,wordfreq,0,3.25
oncoming,3.07,en,wordfreq,1,2.65
one,6.47,en,wordfreq,10,1.0
oneplus,3.01,en,wordfreq,0,3.6
ones,5.07,en,wordfreq,3,1.45
oneself,3.55,en,wordfreq,0,3.3
ong,3.08,en,wordfreq,11,1.0
ongoing,4.32,en,wordfreq,0,2.7
onion,3.89,en,wordfreq,2,1.85
onions,3.78,en,wordfreq,1,2.3
online,5.19,en,wordfreq,1,2.15
only,6.12,en,wordfreq,1,1.95
ono,3.16,en,wordfreq,7,1.35
ons,3.56,en,wordfreq,10,1.0
onscreen,2.98,en,wordfreq,0,3.65
onset,3.72,en,wordfreq,0,2.0
onshore,2.98,en,wordfreq,0,2.85
onslaught,3.2,en,wordfreq,0,4.1
onstage,3.47,en,wordfreq,0,2.75
ont,3.13,en,wordfreq,14,1.0
ontario,4.21,en,wordfreq,0,3.05
onto,4.77,en,wordfreq,3,1.75
onus,2.99,en,wordfreq,3,1.75
onward,3.46,en,wordfreq,1,2.05
onwards,3.61,en,wordfreq,0,2.35
onyx,2.99,en,wordfreq,0,2.0
oo,3.57,en,wordfreq,46,1.0
oof,3.15,en,wordfreq,5,1.45
ooh,3.76,en,wordfreq,6,1.5
ooo,3.44,en,wordfreq,21,1.0
oooh,3.39,en,wordfreq,1,1.85
oop,3.01,en,wordfreq,10,1.15
oops,3.73,en,wordfreq,4,1.6
op,4.42,en,wordfreq,46,1.0
opal,3.2,en,wordfreq,2,1.85
opaque,3.37,en,wordfreq,0,2.95
opec,3.15,en,wordfreq,2,1.9
open,5.48,en,wordfreq,4,1.7
opened,4.85,en,wordfreq,1,2.3
opener,3.88,en,wordfreq,1,2.4
openers,2.97,en,wordfreq,0,2.6
opening,4.94,en,wordfreq,0,2.35
openings,3.71,en,wordfreq,0,2.85
openly,4.11,en,wordfreq,0,2.55
openness,3.4,en,wordfreq,0,3.3
opens,4.43,en,wordfreq,2,1.8
opera,4.27,en,wordfreq,0,1.95
operas,3.2,en,wordfreq,0,2.5
operate,4.5,en,wordfreq,0,2.4
operated,4.35,en,wordfreq,1,2.55
operates,4.13,en,wordfreq,1,2.5
operating,4.75,en,wordfreq,0,2.8
operation,4.92,en,wordfreq,0,2.55
operational,4.21,en,wordfreq,0,3.45
operations,4.87,en,wordfreq,0,2.65
operative,3.86,en,wordfreq,0,2.65
operatives,3.46,en,wordfreq,0,3.05
operator,4.32,en,wordfreq,0,2.65
operators,4.19,en,wordfreq,0,2.8
opinion,4.94,en,wordfreq,0,2.7
opinions,4.41,en,wordfreq,0,2.75
opioid,3.33,en,wordfreq,0,2.9
opioids,3.05,en,wordfreq,0,2.9
opium,3.46,en,wordfreq,0,2.7
oppa,2.99,en,wordfreq,0,2.0
opponent,4.2,en,wordfreq,0,3.15
opponents,4.23,en,wordfreq,0,3.5
opportunistic,3.07,en,wordfreq,0,6.3
opportunities,4.61,en,wordfreq,0,5.6
opportunity,4.95,en,wordfreq,0,4.9
oppose,3.94,en,wordfreq,0,2.45
opposed,4.51,en,wordfreq,1,2.5
opposes,3.36,en,wordfreq,1,2.6
opposing,4.04,en,wordfreq,0,2.7
opposite,4.62,en,wordfreq,0,3.1
opposites,3.15,en,wordfreq,0,3.3
opposition,4.57,en,wordfreq,0,3.2
oppressed,3.56,en,wordfreq,0,2.8
oppression,3.79,en,wordfreq,0,3.0
oppressive,3.45,en,wordfreq,0,3.3
oprah,3.49,en,wordfreq,0,2.35
ops,3.8,en,wordfreq,14,1.0
opt,3.9,en,wordfreq,8,1.45
opted,3.75,en,wordfreq,0,2.0
optic,3.65,en,wordfreq,0,2.0
optical,4.07,en,wordfreq,1,2.65
optics,3.58,en,wordfreq,0,2.45
optimal,3.94,en,wordfreq,1,2.7
optimism,3.66,en,wordfreq,1,3.25
optimist,3.02,en,wordfreq,1,3.25
optimistic,3.87,en,wordfreq,0,4.1
optimization,3.66,en,wordfreq,0,3.95
optimize,3.33,en,wordfreq,0,3.3
optimized,3.4,en,wordfreq,0,3.55
optimizing,3.01,en,wordfreq,0,3.8
optimum,3.54,en,wordfreq,1,3.05
optimus,3.0,en,wordfreq,1,2.65
opting,3.29,en,wordfreq,1,1.95
option,4.8,en,wordfreq,0,1.95
optional,3.91,en,wordfreq,0,2.7
options,4.71,en,wordfreq,0,2.2
opus,3.16,en,wordfreq,1,1.85
or,6.54,en,wordfreq,47,1.0
ora,3.12,en,wordfreq,18,1.0
oracle,3.7,en,wordfreq,0,2.35
oral,4.26,en,wordfreq,2,1.75
orally,3.12,en,wordfreq,0,2.2
orange,4.62,en,wordfreq,1,1.85
oranges,3.52,en,wordfreq,0,2.25
orb,3.26,en,wordfreq,8,1.45
orbit,4.03,en,wordfreq,0,1.95
orbital,3.59,en,wordfreq,0,2.9
orbiting,3.28,en,wordfreq,0,2.9
orbits,3.3,en,wordfreq,0,2.55
orc,3.01,en,wordfreq,17,1.0
orchard,3.57,en,wordfreq,0,2.8
orchards,3.16,en,wordfreq,0,2.9
orchestra,4.01,en,wordfreq,0,3.6
orchestral,3.26,en,wordfreq,1,4.25
orchestras,2.97,en,wordfreq,1,4.25
orchestrated,3.28,en,wordfreq,0,4.55
orchid,3.3,en,wordfreq,0,2.75
orchids,3.12,en,wordfreq,0,2.85
orcs,3.0,en,wordfreq,2,1.85
ord,2.96,en,wordfreq,11,1.05
ordained,3.48,en,wordfreq,0,2.8
ordeal,3.47,en,wordfreq,0,2.5
order,5.49,en,wordfreq,1,1.85
ordered,4.74,en,wordfreq,0,2.5
ordering,4.02,en,wordfreq,0,2.65
orderly,3.44,en,wordfreq,0,2.65
orders,4.73,en,wordfreq,0,1.9
ordinance,3.6,en,wordfreq,0,3.5
ordinances,3.14,en,wordfreq,0,3.7
ordinarily,3.26,en,wordfreq,0,4.25
ordinary,4.42,en,wordfreq,0,3.45
ordination,3.41,en,wordfreq,0,2.95
ordnance,3.37,en,wordfreq,0,3.15
ore,4.1,en,wordfreq,19,1.0
oregon,4.3,en,wordfreq,0,2.4
oreo,2.96,en,wordfreq,1,1.9
ores,2.97,en,wordfreq,7,1.4
org,3.55,en,wordfreq,10,1.25
organ,4.14,en,wordfreq,0,1.9
organic,4.4,en,wordfreq,0,2.65
organically,3.03,en,wordfreq,0,3.8
organisation,4.36,en,wordfreq,1,3.3
organisational,3.2,en,wordfreq,1,4.25
organisations,4.16,en,wordfreq,1,3.8
organise,3.5,en,wordfreq,2,2.25
organised,4.08,en,wordfreq,2,2.5
organiser,3.11,en,wordfreq,2,2.65
organisers,3.21,en,wordfreq,1,3.0
organising,3.49,en,wordfreq,1,3.4
organism,3.59,en,wordfreq,1,2.55
organisms,3.8,en,wordfreq,0,2.85
organization,4.92,en,wordfreq,1,3.1
organizational,3.83,en,wordfreq,1,4.15
organizations,4.67,en,wordfreq,1,3.7
organize,3.98,en,wordfreq,1,2.35
organized,4.51,en,wordfreq,3,2.5
organizer,3.57,en,wordfreq,3,2.7
organizers,3.63,en,wordfreq,1,3.05
organizes,3.08,en,wordfreq,2,2.55
organizing,3.97,en,wordfreq,1,3.45
organs,4.0,en,wordfreq,0,2.2
orgasm,3.67,en,wordfreq,0,2.75
orgasms,3.19,en,wordfreq,0,2.8
orgy,3.24,en,wordfreq,0,1.95
ori,2.98,en,wordfreq,16,1.0
orient,3.44,en,wordfreq,0,2.2
oriental,3.73,en,wordfreq,0,2.95
orientated,2.96,en,wordfreq,0,3.7
orientation,4.05,en,wordfreq,0,3.75
oriented,4.12,en,wordfreq,0,2.7
origin,4.55,en,wordfreq,0,2.55
original,5.16,en,wordfreq,0,2.6
originality,3.34,en,wordfreq,0,3.9
originally,4.69,en,wordfreq,0,3.2
originals,3.53,en,wordfreq,0,2.95
originate,3.37,en,wordfreq,0,3.1
originated,3.8,en,wordfreq,1,3.35
originates,3.19,en,wordfreq,1,3.35
originating,3.48,en,wordfreq,0,3.75
origins,4.04,en,wordfreq,0,2.75
orioles,3.34,en,wordfreq,0,2.9
orion,3.44,en,wordfreq,3,1.85
orkney,3.0,en,wordfreq,0,2.95
orlando,4.04,en,wordfreq,0,2.95
orleans,4.21,en,wordfreq,0,2.7
ornament,3.32,en,wordfreq,0,2.8
ornamental,3.34,en,wordfreq,0,3.7
ornaments,3.39,en,wordfreq,0,3.1
ornate,3.19,en,wordfreq,0,2.6
orphan,3.58,en,wordfreq,0,2.75
orphanage,3.38,en,wordfreq,0,3.8
orphaned,3.17,en,wordfreq,0,3.45
orphans,3.48,en,wordfreq,0,2.75
orr,3.27,en,wordfreq,10,1.4
orson,3.07,en,wordfreq,4,1.8
ortega,3.03,en,wordfreq,0,2.95
orthodox,3.93,en,wordfreq,0,3.9
orthodoxy,3.26,en,wordfreq,0,4.45
orthogonal,2.98,en,wordfreq,0,4.8
orthopedic,3.09,en,wordfreq,0,5.05
ortiz,3.31,en,wordfreq,0,2.5
orton,3.24,en,wordfreq,2,1.75
orwell,3.15,en,wordfreq,0,2.3
os,4.1,en,wordfreq,47,1.0
osaka,3.56,en,wordfreq,1,2.1
osama,3.29,en,wordfreq,2,1.85
osborn,3.09,en,wordfreq,0,2.6
osborne,3.6,en,wordfreq,0,2.75
osbourne,3.03,en,wordfreq,0,3.35
oscar,4.31,en,wordfreq,1,1.85
oscars,3.6,en,wordfreq,0,2.1
oscillation,2.96,en,wordfreq,0,3.8
oscillator,2.96,en,wordfreq,0,4.6
osha,3.09,en,wordfreq,0,1.95
osiris,3.02,en,wordfreq,0,2.85
oskar,2.97,en,wordfreq,1,2.2
oslo,3.51,en,wordfreq,0,2.0
oss,2.98,en,wordfreq,9,1.05
ost,3.23,en,wordfreq,16,1.0
ostensibly,3.35,en,wordfreq,0,4.35
osteoporosis,2.99,en,wordfreq,0,6.25
ostrich,3.05,en,wordfreq,0,2.95
osu,3.22,en,wordfreq,9,1.4
oswald,3.43,en,wordfreq,0,2.95
ot,3.85,en,wordfreq,47,1.0
ota,2.97,en,wordfreq,12,1.2
otc,3.16,en,wordfreq,11,1.3
othello,2.99,en,wordfreq,0,2.95
other,6.16,en,wordfreq,2,1.7
others,5.42,en,wordfreq,1,1.8
otherwise,4.88,en,wordfreq,0,3.95
otis,3.41,en,wordfreq,0,1.95
ott,3.11,en,wordfreq,10,1.3
ottawa,3.98,en,wordfreq,0,3.0
otter,3.37,en,wordfreq,3,1.7
otters,3.07,en,wordfreq,1,1.9
otto,3.67,en,wordfreq,1,1.8
ottoman,3.62,en,wordfreq,0,2.9
ottomans,2.98,en,wordfreq,0,3.6
ou,3.77,en,wordfreq,48,1.0
ouch,3.56,en,wordfreq,2,1.7
ought,4.35,en,wordfreq,0,1.85
ounce,3.8,en,wordfreq,0,1.8
ounces,3.54,en,wordfreq,0,1.9
our,6.14,en,wordfreq,8,1.05
ours,4.16,en,wordfreq,3,1.55
ourselves,4.62,en,wordfreq,0,3.7
ousted,3.19,en,wordfreq,2,1.9
out,6.38,en,wordfreq,15,1.0
outage,3.26,en,wordfreq,0,2.1
outages,3.09,en,wordfreq,0,2.6
outback,3.21,en,wordfreq,0,2.95
outbound,3.0,en,wordfreq,0,3.4
outbreak,3.99,en,wordfreq,0,3.6
outbreaks,3.35,en,wordfreq,0,3.7
outburst,3.15,en,wordfreq,0,3.55
outbursts,3.0,en,wordfreq,0,3.7
outcast,3.09,en,wordfreq,0,2.95
outcome,4.35,en,wordfreq,0,2.95
outcomes,4.1,en,wordfreq,0,3.4
outcry,3.21,en,wordfreq,0,2.95
outdated,3.66,en,wordfreq,0,2.75
outdoor,4.23,en,wordfreq,0,3.15
outdoors,3.71,en,wordfreq,0,3.45
outer,4.25,en,wordfreq,1,1.9
outfield,3.11,en,wordfreq,0,3.1
outfielder,3.01,en,wordfreq,0,4.15
outfit,4.22,en,wordfreq,0,2.7
outfits,3.83,en,wordfreq,0,2.8
outfitted,2.99,en,wordfreq,0,3.6
outflow,3.01,en,wordfreq,0,3.35
outgoing,3.59,en,wordfreq,0,2.85
outing,3.5,en,wordfreq,1,1.85
outings,3.09,en,wordfreq,0,2.4
outlandish,3.07,en,wordfreq,0,4.6
outlaw,3.51,en,wordfreq,0,2.7
outlawed,3.22,en,wordfreq,0,2.95
outlaws,3.16,en,wordfreq,0,2.8
outlet,4.0,en,wordfreq,1,2.4
outlets,4.0,en,wordfreq,0,2.65
outline,3.92,en,wordfreq,0,2.45
outlined,3.87,en,wordfreq,1,2.7
outlines,3.6,en,wordfreq,1,2.7
outlining,3.31,en,wordfreq,0,3.1
outlook,4.07,en,wordfreq,0,3.15
outlying,3.07,en,wordfreq,0,2.75
outnumber,2.98,en,wordfreq,0,3.75
outnumbered,3.35,en,wordfreq,0,4.9
outpatient,3.32,en,wordfreq,0,4.35
outperform,3.01,en,wordfreq,0,4.6
outpost,3.39,en,wordfreq,0,2.75
outposts,2.98,en,wordfreq,0,3.15
output,4.43,en,wordfreq,0,2.65
outputs,3.39,en,wordfreq,0,2.75
outrage,3.84,en,wordfreq,0,2.7
outraged,3.57,en,wordfreq,0,2.7
outrageous,3.77,en,wordfreq,0,4.15
outreach,3.68,en,wordfreq,0,3.35
outright,3.83,en,wordfreq,0,2.95
outrun,2.96,en,wordfreq,0,2.95
outs,3.86,en,wordfreq,7,1.55
outset,3.44,en,wordfreq,1,2.4
outside,5.25,en,wordfreq,0,2.7
outsider,3.55,en,wordfreq,0,3.15
outsiders,3.56,en,wordfreq,0,3.6
outskirts,3.56,en,wordfreq,0,3.9
outsourced,3.0,en,wordfreq,0,4.35
outsourcing,3.36,en,wordfreq,0,4.6
outspoken,3.35,en,wordfreq,0,4.15
outstanding,4.5,en,wordfreq,0,4.4
outta,4.1,en,wordfreq,0,2.05
outward,3.52,en,wordfreq,0,2.7
outwardly,3.02,en,wordfreq,0,3.9
outwards,2.99,en,wordfreq,0,2.75
outweigh,3.27,en,wordfreq,0,3.85
ov,2.96,en,wordfreq,42,1.0
ova,3.17,en,wordfreq,7,1.4
oval,3.98,en,wordfreq,2,1.8
ovarian,3.46,en,wordfreq,0,2.75
ovaries,3.16,en,wordfreq,0,2.7
ovation,3.29,en,wordfreq,0,2.35
oven,4.05,en,wordfreq,6,1.55
ovens,3.22,en,wordfreq,3,1.8
over,6.08,en,wordfreq,2,1.45
overall,4.9,en,wordfreq,0,2.7
overalls,3.0,en,wordfreq,0,2.9
overarching,3.15,en,wordfreq,0,3.9
overboard,3.43,en,wordfreq,0,3.25
overcame,3.26,en,wordfreq,1,2.75
overcast,3.05,en,wordfreq,0,2.9
overcome,4.27,en,wordfreq,1,2.8
overcoming,3.55,en,wordfreq,0,3.45
overcrowded,3.09,en,wordfreq,0,4.25
overcrowding,3.05,en,wordfreq,0,4.35
overdose,3.57,en,wordfreq,0,2.85
overdrive,3.18,en,wordfreq,0,3.65
overdue,3.5,en,wordfreq,0,2.7
overflow,3.39,en,wordfreq,0,3.15
overflowing,3.23,en,wordfreq,0,4.15
overgrown,3.12,en,wordfreq,0,3.65
overhaul,3.59,en,wordfreq,0,3.1
overhead,3.93,en,wordfreq,0,2.8
overheard,3.4,en,wordfreq,0,3.45
overheating,3.1,en,wordfreq,0,3.7
overjoyed,2.97,en,wordfreq,0,3.4
overkill,2.98,en,wordfreq,0,3.5
overland,3.23,en,wordfreq,0,2.75
overlap,3.7,en,wordfreq,1,2.55
overlapping,3.56,en,wordfreq,0,3.85
overlaps,2.95,en,wordfreq,0,2.75
overlay,3.24,en,wordfreq,1,2.5
overload,3.5,en,wordfreq,1,2.55
overloaded,3.13,en,wordfreq,0,3.45
overlook,3.53,en,wordfreq,1,2.85
overlooked,3.82,en,wordfreq,0,3.35
overlooking,3.68,en,wordfreq,0,3.8
overlooks,3.12,en,wordfreq,0,3.45
overlord,3.02,en,wordfreq,1,2.75
overly,3.83,en,wordfreq,0,2.05
overnight,4.19,en,wordfreq,1,3.7
overpass,2.96,en,wordfreq,0,2.95
overpowered,3.0,en,wordfreq,0,4.35
overpowering,2.98,en,wordfreq,0,4.5
overpriced,3.12,en,wordfreq,0,3.75
overrated,3.52,en,wordfreq,0,2.9
overreacting,3.1,en,wordfreq,0,4.25
override,3.42,en,wordfreq,0,2.9
overriding,3.09,en,wordfreq,0,3.7
overruled,3.12,en,wordfreq,0,3.45
overrun,3.36,en,wordfreq,0,2.9
overs,3.56,en,wordfreq,2,1.65
oversaw,3.25,en,wordfreq,0,2.7
overseas,4.29,en,wordfreq,1,2.65
oversee,3.51,en,wordfreq,0,2.35
overseeing,3.38,en,wordfreq,0,3.6
overseen,3.15,en,wordfreq,1,2.7
oversees,3.29,en,wordfreq,2,2.65
overshadowed,3.23,en,wordfreq,0,5.3
oversight,3.83,en,wordfreq,1,3.55
oversized,3.4,en,wordfreq,0,3.3
overt,3.31,en,wordfreq,2,1.75
overtake,3.3,en,wordfreq,0,2.75
overtaken,3.14,en,wordfreq,0,3.4
overtaking,3.01,en,wordfreq,0,3.4
overthrow,3.61,en,wordfreq,0,3.55
overthrown,3.1,en,wordfreq,0,4.1
overtime,3.94,en,wordfreq,0,2.7
overtly,3.16,en,wordfreq,0,2.7
overtook,3.01,en,wordfreq,1,3.0
overture,3.01,en,wordfreq,1,2.55
overturn,3.22,en,wordfreq,1,2.8
overturned,3.49,en,wordfreq,0,3.6
overuse,3.02,en,wordfreq,0,2.65
overview,4.11,en,wordfreq,0,3.25
overwatch,3.49,en,wordfreq,0,3.9
overweight,3.74,en,wordfreq,0,4.35
overwhelm,3.15,en,wordfreq,0,3.8
overwhelmed,3.88,en,wordfreq,0,4.55
overwhelming,4.08,en,wordfreq,0,4.7
overwhelmingly,3.54,en,wordfreq,0,6.2
overworked,3.0,en,wordfreq,0,3.6
ovulation,2.98,en,wordfreq,0,2.8
ow,3.64,en,wordfreq,43,1.0
owe,4.13,en,wordfreq,9,1.1
owed,3.86,en,wordfreq,2,1.6
owen,4.05,en,wordfreq,6,1.45
owens,3.63,en,wordfreq,2,1.75
owes,3.72,en,wordfreq,6,1.55
owing,3.73,en,wordfreq,2,1.55
owl,3.87,en,wordfreq,3,1.55
owls,3.41,en,wordfreq,3,1.75
own,5.74,en,wordfreq,2,1.55
owned,4.76,en,wordfreq,1,1.85
owner,4.83,en,wordfreq,1,1.85
owners,4.65,en,wordfreq,0,1.95
ownership,4.4,en,wordfreq,0,3.95
owning,3.84,en,wordfreq,0,1.9
owns,4.21,en,wordfreq,2,1.6
ox,3.47,en,wordfreq,35,1.0
oxford,4.38,en,wordfreq,0,2.9
oxfordshire,3.2,en,wordfreq,0,5.35
oxidation,3.39,en,wordfreq,0,2.95
oxidative,3.07,en,wordfreq,0,3.8
oxide,3.66,en,wordfreq,0,2.05
oxygen,4.25,en,wordfreq,0,3.15
oy,3.11,en,wordfreq,38,1.0
oyster,3.54,en,wordfreq,0,1.95
oysters,3.34,en,wordfreq,0,2.2
oz,4.01,en,wordfreq,29,1.0
ozil,3.09,en,wordfreq,0,1.95
ozone,3.42,en,wordfreq,0,1.95
ozzy,3.06,en,wordfreq,1,2.1
pa,4.46,en,wordfreq,44,1.0
pablo,3.8,en,wordfreq,2,1.85
pac,3.93,en,wordfreq,31,1.0
pace,4.38,en,wordfreq,12,1.05
paced,3.56,en,wordfreq,6,1.5
pacemaker,2.97,en,wordfreq,0,3.8
pacers,3.31,en,wordfreq,3,1.75
paces,3.17,en,wordfreq,6,1.45
pacific,4.59,en,wordfreq,0,3.3
pacifist,3.07,en,wordfreq,0,3.75
pacing,3.35,en,wordfreq,5,1.6
pack,4.66,en,wordfreq,17,1.0
package,4.46,en,wordfreq,0,2.7
packaged,3.52,en,wordfreq,1,2.7
packages,4.01,en,wordfreq,1,2.75
packaging,3.96,en,wordfreq,0,3.1
packard,3.28,en,wordfreq,0,2.6
packed,4.31,en,wordfreq,10,1.45
packer,3.26,en,wordfreq,6,1.65
packers,3.78,en,wordfreq,3,1.75
packet,3.77,en,wordfreq,6,1.65
packets,3.52,en,wordfreq,3,1.8
packing,4.06,en,wordfreq,7,1.6
packs,3.94,en,wordfreq,9,1.5
paco,2.99,en,wordfreq,8,1.5
pacquiao,3.07,en,wordfreq,0,3.9
pact,3.73,en,wordfreq,8,1.4
pad,4.01,en,wordfreq,30,1.0
padded,3.22,en,wordfreq,0,1.95
padding,3.18,en,wordfreq,1,1.9
paddington,3.11,en,wordfreq,0,3.55
paddle,3.49,en,wordfreq,2,2.05
paddock,3.11,en,wordfreq,0,3.0
paddy,3.62,en,wordfreq,3,1.85
padilla,3.0,en,wordfreq,0,2.85
padre,3.11,en,wordfreq,1,1.9
padres,3.22,en,wordfreq,0,1.95
pads,3.77,en,wordfreq,9,1.35
pagan,3.56,en,wordfreq,1,1.9
pagans,2.97,en,wordfreq,0,2.35
page,5.12,en,wordfreq,10,1.35
pageant,3.51,en,wordfreq,0,2.75
pages,4.62,en,wordfreq,4,1.7
paging,2.95,en,wordfreq,5,1.7
pai,3.09,en,wordfreq,34,1.0
paid,5.12,en,wordfreq,6,1.5
paige,3.52,en,wordfreq,1,1.9
pain,5.03,en,wordfreq,11,1.0
paine,3.17,en,wordfreq,6,1.55
painful,4.32,en,wordfreq,0,2.9
painfully,3.47,en,wordfreq,0,3.55
painkillers,3.12,en,wordfreq,0,4.8
painless,3.16,en,wordfreq,0,2.8
pains,3.84,en,wordfreq,7,1.4
paint,4.52,en,wordfreq,7,1.4
paintball,3.03,en,wordfreq,0,3.7
painted,4.35,en,wordfreq,5,1.75
painter,3.93,en,wordfreq,3,1.8
painters,3.56,en,wordfreq,2,2.25
painting,4.6,en,wordfreq,3,1.75
paintings,4.2,en,wordfreq,0,2.65
paints,3.66,en,wordfreq,3,1.65
pair,4.72,en,wordfreq,6,1.5
paired,3.78,en,wordfreq,1,1.9
pairing,3.6,en,wordfreq,0,1.9
pairings,2.98,en,wordfreq,0,2.65
pairs,4.11,en,wordfreq,3,1.75
paisley,3.31,en,wordfreq,1,2.65
pajamas,3.31,en,wordfreq,1,2.9
pak,3.4,en,wordfreq,23,1.0
pakistan,4.55,en,wordfreq,0,3.2
pakistani,4.01,en,wordfreq,0,3.65
pakistanis,3.08,en,wordfreq,0,4.35
pal,3.99,en,wordfreq,30,1.0
palace,4.45,en,wordfreq,1,1.9
palaces,3.29,en,wordfreq,0,2.3
paladin,2.98,en,wordfreq,0,2.75
palatable,3.06,en,wordfreq,0,3.25
palate,3.35,en,wordfreq,1,1.9
palazzo,2.99,en,wordfreq,0,3.35
pale,4.08,en,wordfreq,19,1.0
paleo,3.24,en,wordfreq,0,1.9
palermo,3.1,en,wordfreq,0,2.95
palestine,3.99,en,wordfreq,0,3.3
palestinian,4.11,en,wordfreq,0,4.4
palestinians,3.75,en,wordfreq,0,4.65
palette,3.74,en,wordfreq,0,2.8
palettes,2.95,en,wordfreq,0,2.9
palin,3.29,en,wordfreq,0,1.95
palladium,3.17,en,wordfreq,0,4.2
pallet,3.12,en,wordfreq,4,1.75
pallets,2.97,en,wordfreq,2,2.1
palliative,3.1,en,wordfreq,0,4.0
palm,4.23,en,wordfreq,5,1.55
palmer,4.02,en,wordfreq,1,1.95
palms,3.55,en,wordfreq,1,1.8
palo,3.31,en,wordfreq,7,1.35
palpable,3.19,en,wordfreq,0,2.8
pals,3.56,en,wordfreq,10,1.2
palsy,3.2,en,wordfreq,1,1.9
pam,3.6,en,wordfreq,33,1.0
pamela,3.57,en,wordfreq,0,2.4
pampered,2.96,en,wordfreq,1,2.75
pamphlet,3.32,en,wordfreq,0,3.35
pamphlets,3.21,en,wordfreq,0,3.65
pan,4.39,en,wordfreq,38,1.0
panama,3.86,en,wordfreq,0,2.6
panasonic,3.18,en,wordfreq,0,3.8
pancake,3.35,en,wordfreq,0,2.85
pancakes,3.59,en,wordfreq,0,2.9
pancreas,3.14,en,wordfreq,0,2.95
pancreatic,3.34,en,wordfreq,0,4.55
panda,3.65,en,wordfreq,2,1.85
pandas,3.14,en,wordfreq,0,2.05
pandemic,3.68,en,wordfreq,0,3.45
pandering,2.97,en,wordfreq,2,2.65
pandora,3.4,en,wordfreq,0,2.85
pane,3.09,en,wordfreq,19,1.0
panel,4.55,en,wordfreq,2,1.8
panels,4.06,en,wordfreq,0,1.95
pang,3.11,en,wordfreq,19,1.0
panic,4.26,en,wordfreq,1,1.95
panicked,3.4,en,wordfreq,0,2.9
panicking,3.22,en,wordfreq,0,2.9
panned,3.02,en,wordfreq,6,1.6
panorama,3.39,en,wordfreq,0,3.65
panoramic,3.21,en,wordfreq,0,3.8
pans,3.48,en,wordfreq,20,1.0
pant,3.18,en,wordfreq,14,1.0
pantheon,3.22,en,wordfreq,0,2.85
panther,3.65,en,wordfreq,0,2.1
panthers,3.83,en,wordfreq,0,2.4
panties,3.67,en,wordfreq,1,2.35
panting,2.99,en,wordfreq,3,1.75
pantomime,3.0,en,wordfreq,0,3.9
pantry,3.23,en,wordfreq,1,2.05
pants,4.48,en,wordfreq,5,1.45
panty,2.97,en,wordfreq,3,1.75
pao,3.1,en,wordfreq,28,1.0
paolo,3.4,en,wordfreq,2,1.8
pap,3.28,en,wordfreq,37,1.0
papa,3.91,en,wordfreq,3,1.65
papacy,3.02,en,wordfreq,0,2.8
papal,3.4,en,wordfreq,0,1.9
paparazzi,3.21,en,wordfreq,0,4.95
paper,5.07,en,wordfreq,3,1.8
paperback,3.62,en,wordfreq,0,3.9
papers,4.61,en,wordfreq,2,1.85
paperwork,3.84,en,wordfreq,0,3.9
papi,3.04,en,wordfreq,1,1.8
paprika,2.96,en,wordfreq,0,3.0
papua,3.42,en,wordfreq,0,2.1
par,4.15,en,wordfreq,33,1.0
para,3.85,en,wordfreq,13,1.2
parable,3.1,en,wordfreq,1,2.2
parachute,3.51,en,wordfreq,0,3.95
parade,4.16,en,wordfreq,0,1.95
parades,3.29,en,wordfreq,0,2.35
paradigm,3.61,en,wordfreq,0,3.55
paradise,4.16,en,wordfreq,0,2.75
paradox,3.63,en,wordfreq,0,2.8
paragon,3.05,en,wordfreq,0,2.75
paragraph,4.03,en,wordfreq,0,4.05
paragraphs,3.57,en,wordfreq,0,4.45
paraguay,3.23,en,wordfreq,0,3.65
parallel,4.27,en,wordfreq,0,3.2
parallels,3.57,en,wordfreq,0,3.6
paralympic,3.24,en,wordfreq,0,4.4
paralympics,3.2,en,wordfreq,0,4.7
paralysis,3.48,en,wordfreq,0,3.5
paralyzed,3.44,en,wordfreq,0,3.5
paramedic,3.19,en,wordfreq,0,3.75
paramedics,3.3,en,wordfreq,0,3.95
parameter,3.57,en,wordfreq,0,3.35
parameters,4.0,en,wordfreq,0,3.55
paramilitary,3.2,en,wordfreq,0,5.35
paramount,3.73,en,wordfreq,0,3.9
paranoia,3.42,en,wordfreq,1,3.45
paranoid,3.73,en,wordfreq,1,3.6
paranormal,3.47,en,wordfreq,0,4.55
paraphernalia,2.97,en,wordfreq,0,6.6
paraphrase,3.07,en,wordfreq,0,4.75
parasite,3.51,en,wordfreq,0,2.8
parasites,3.5,en,wordfreq,0,3.3
parasitic,3.27,en,wordfreq,0,3.55
parcel,3.67,en,wordfreq,1,1.9
parcels,3.36,en,wordfreq,0,2.4
parchment,3.23,en,wordfreq,0,3.35
pardon,3.82,en,wordfreq,1,1.95
pardoned,3.11,en,wordfreq,0,2.9
parent,4.57,en,wordfreq,1,1.85
parental,3.78,en,wordfreq,0,2.8
parentheses,3.13,en,wordfreq,0,4.85
parenthood,3.51,en,wordfreq,0,4.25
parenting,3.87,en,wordfreq,0,2.75
parents,5.21,en,wordfreq,1,2.05
paris,4.82,en,wordfreq,3,1.8
parish,4.11,en,wordfreq,1,1.85
parishes,3.32,en,wordfreq,0,2.75
parishioners,3.06,en,wordfreq,0,4.75
parisian,3.28,en,wordfreq,0,2.85
parity,3.41,en,wordfreq,2,1.85
park,5.16,en,wordfreq,10,1.25
parked,3.91,en,wordfreq,4,1.75
parker,4.23,en,wordfreq,5,1.75
parking,4.47,en,wordfreq,4,1.75
parkinson,3.21,en,wordfreq,0,3.45
parkland,3.06,en,wordfreq,0,2.7
parks,4.33,en,wordfreq,6,1.6
parkway,3.35,en,wordfreq,0,2.85
parliament,4.74,en,wordfreq,0,3.7
parliamentary,4.18,en,wordfreq,0,5.25
parliaments,3.11,en,wordfreq,0,3.9
parlor,3.34,en,wordfreq,0,1.95
parlour,3.14,en,wordfreq,0,2.75
parma,3.01,en,wordfreq,1,1.85
parmesan,3.17,en,wordfreq,0,3.35
parnell,2.95,en,wordfreq,0,2.55
parochial,3.05,en,wordfreq,0,3.9
parody,3.78,en,wordfreq,0,2.4
parole,3.78,en,wordfreq,1,1.95
parr,3.01,en,wordfreq,8,1.45
parramatta,3.12,en,wordfreq,0,4.95
parrish,3.03,en,wordfreq,0,2.65
parrot,3.49,en,wordfreq,1,1.9
parrots,3.01,en,wordfreq,1,2.35
parry,3.44,en,wordfreq,8,1.55
parse,2.98,en,wordfreq,2,1.8
parsley,3.27,en,wordfreq,1,2.35
parsons,3.6,en,wordfreq,1,2.15
part,5.78,en,wordfreq,15,1.0
partake,3.23,en,wordfreq,0,2.85
parted,3.44,en,wordfreq,3,1.85
partial,4.17,en,wordfreq,1,2.45
partially,4.19,en,wordfreq,0,3.3
participant,3.78,en,wordfreq,0,3.8
participants,4.4,en,wordfreq,0,3.95
participate,4.42,en,wordfreq,0,3.15
participated,4.01,en,wordfreq,1,3.5
participates,3.28,en,wordfreq,1,3.35
participating,4.19,en,wordfreq,0,4.1
participation,4.33,en,wordfreq,0,3.8
participatory,3.11,en,wordfreq,0,4.6
particle,3.9,en,wordfreq,0,2.7
particles,4.08,en,wordfreq,0,2.9
particular,5.0,en,wordfreq,0,3.45
particularly,4.96,en,wordfreq,0,4.4
particulars,3.17,en,wordfreq,0,3.85
particulate,3.04,en,wordfreq,0,3.25
parties,4.89,en,wordfreq,1,1.95
parting,3.37,en,wordfreq,3,1.8
partisan,3.81,en,wordfreq,0,2.5
partisans,3.11,en,wordfreq,0,2.75
partition,3.67,en,wordfreq,0,2.9
partitions,3.12,en,wordfreq,0,3.3
partly,4.3,en,wordfreq,0,1.95
partner,4.84,en,wordfreq,0,2.15
partnered,3.53,en,wordfreq,0,2.95
partnering,3.34,en,wordfreq,0,3.35
partners,4.56,en,wordfreq,0,2.65
partnership,4.48,en,wordfreq,0,4.3
partnerships,3.82,en,wordfreq,0,4.8
parton,3.03,en,wordfreq,6,1.7
partridge,3.2,en,wordfreq,1,3.25
parts,5.07,en,wordfreq,10,1.35
party,5.49,en,wordfreq,5,1.55
partying,3.49,en,wordfreq,0,2.5
pas,3.59,en,wordfreq,38,1.0
pasadena,3.45,en,wordfreq,0,3.8
pascal,3.39,en,wordfreq,1,2.3
pasha,3.14,en,wordfreq,2,1.9
paso,3.47,en,wordfreq,6,1.6
pass,5.05,en,wordfreq,15,1.15
passage,4.27,en,wordfreq,1,2.45
passages,3.68,en,wordfreq,1,2.55
passed,4.92,en,wordfreq,6,1.7
passenger,4.38,en,wordfreq,0,3.25
passengers,4.34,en,wordfreq,0,3.5
passer,3.17,en,wordfreq,3,1.85
passes,4.45,en,wordfreq,5,1.7
passing,4.63,en,wordfreq,2,1.9
passion,4.44,en,wordfreq,0,2.4
passionate,4.09,en,wordfreq,0,3.75
passionately,3.33,en,wordfreq,0,5.0
passions,3.58,en,wordfreq,0,2.5
passive,4.03,en,wordfreq,1,2.55
passively,3.01,en,wordfreq,1,3.5
passover,3.18,en,wordfreq,0,2.95
passport,4.05,en,wordfreq,0,3.15
passports,3.52,en,wordfreq,0,3.35
password,4.06,en,wordfreq,0,3.15
passwords,3.57,en,wordfreq,0,3.55
past,5.36,en,wordfreq,14,1.0
pasta,3.92,en,wordfreq,2,1.85
paste,3.91,en,wordfreq,5,1.6
pasted,3.02,en,wordfreq,7,1.6
pastel,3.25,en,wordfreq,1,1.85
pastime,3.1,en,wordfreq,0,2.7
pastor,4.08,en,wordfreq,1,1.9
pastoral,3.54,en,wordfreq,0,2.85
pastors,3.33,en,wordfreq,0,2.2
pastries,3.05,en,wordfreq,0,2.85
pastry,3.53,en,wordfreq,1,1.95
pasture,3.36,en,wordfreq,1,2.15
pastures,3.24,en,wordfreq,0,2.5
pat,4.24,en,wordfreq,39,1.0
patagonia,2.96,en,wordfreq,0,3.75
patch,4.2,en,wordfreq,7,1.6
patched,3.19,en,wordfreq,5,1.75
patches,3.86,en,wordfreq,7,1.65
patchwork,3.1,en,wordfreq,0,3.85
patel,3.49,en,wordfreq,2,1.85
patent,4.18,en,wordfreq,3,1.75
patented,3.54,en,wordfreq,0,2.75
patents,3.77,en,wordfreq,1,2.1
paternal,3.26,en,wordfreq,1,2.6
paternity,3.24,en,wordfreq,1,3.3
paterson,3.41,en,wordfreq,1,2.55
path,4.71,en,wordfreq,5,1.55
pathetic,4.11,en,wordfreq,0,3.0
pathfinder,3.07,en,wordfreq,0,4.65
pathogen,3.17,en,wordfreq,0,3.4
pathogenic,2.96,en,wordfreq,0,4.25
pathogens,3.33,en,wordfreq,0,3.65
pathological,3.36,en,wordfreq,0,3.95
pathologist,3.15,en,wordfreq,0,4.35
pathology,3.57,en,wordfreq,0,3.5
paths,4.02,en,wordfreq,2,1.8
pathway,3.77,en,wordfreq,0,2.75
pathways,3.64,en,wordfreq,0,3.25
patience,4.2,en,wordfreq,0,2.85
patient,4.77,en,wordfreq,0,2.25
patiently,3.48,en,wordfreq,0,3.45
patients,4.91,en,wordfreq,0,2.5
patio,3.44,en,wordfreq,1,1.95
patreon,3.02,en,wordfreq,0,2.4
patriarch,3.31,en,wordfreq,0,3.65
patriarchal,3.24,en,wordfreq,0,5.15
patriarchy,3.12,en,wordfreq,0,4.4
patrice,3.1,en,wordfreq,1,2.5
patricia,3.76,en,wordfreq,0,3.15
patrick,4.37,en,wordfreq,1,2.65
patriot,3.73,en,wordfreq,0,2.5
patriotic,3.79,en,wordfreq,0,3.5
patriotism,3.59,en,wordfreq,0,4.35
patriots,3.96,en,wordfreq,0,2.65
patrol,4.14,en,wordfreq,2,2.15
patrolling,3.2,en,wordfreq,0,3.55
patrols,3.48,en,wordfreq,1,2.5
patron,3.73,en,wordfreq,3,1.75
patronage,3.45,en,wordfreq,0,3.8
patrons,3.7,en,wordfreq,1,2.25
pats,3.32,en,wordfreq,20,1.0
patsy,3.12,en,wordfreq,2,1.85
pattern,4.56,en,wordfreq,0,2.1
patterned,3.25,en,wordfreq,0,2.8
patterns,4.41,en,wordfreq,0,2.7
patterson,3.69,en,wordfreq,0,3.0
patti,3.2,en,wordfreq,1,1.95
patton,3.4,en,wordfreq,4,1.8
patty,3.58,en,wordfreq,8,1.6
pau,3.06,en,wordfreq,21,1.0
paul,5.03,en,wordfreq,4,1.6
paula,3.75,en,wordfreq,1,1.9
paulie,3.1,en,wordfreq,0,2.3
pauline,3.48,en,wordfreq,0,2.6
paulo,3.76,en,wordfreq,3,1.75
paulson,3.01,en,wordfreq,0,2.85
pause,4.0,en,wordfreq,2,1.8
paused,3.38,en,wordfreq,3,1.8
pauses,3.21,en,wordfreq,3,1.8
pausing,3.04,en,wordfreq,2,1.9
pave,3.21,en,wordfreq,13,1.2
paved,3.62,en,wordfreq,6,1.65
pavel,3.11,en,wordfreq,4,1.75
pavement,3.61,en,wordfreq,0,2.8
pavilion,3.62,en,wordfreq,0,3.1
paving,3.42,en,wordfreq,7,1.65
paw,3.48,en,wordfreq,26,1.0
pawn,3.53,en,wordfreq,6,1.5
pawns,2.99,en,wordfreq,2,1.7
paws,3.43,en,wordfreq,10,1.3
pax,3.3,en,wordfreq,25,1.0
paxton,3.16,en,wordfreq,3,1.85
pay,5.4,en,wordfreq,34,1.0
payable,3.5,en,wordfreq,1,2.6
payback,3.29,en,wordfreq,0,2.85
paycheck,3.5,en,wordfreq,0,3.7
payday,3.61,en,wordfreq,0,2.75
payed,2.95,en,wordfreq,3,1.75
payer,3.22,en,wordfreq,5,1.6
payers,3.2,en,wordfreq,3,1.7
paying,4.75,en,wordfreq,5,1.65
payload,3.36,en,wordfreq,0,3.0
payment,4.66,en,wordfreq,0,2.5
payments,4.48,en,wordfreq,0,2.6
payne,3.74,en,wordfreq,3,1.8
payoff,3.25,en,wordfreq,0,2.75
payout,3.36,en,wordfreq,1,2.55
payouts,3.06,en,wordfreq,1,2.75
paypal,3.75,en,wordfreq,0,2.75
payroll,3.76,en,wordfreq,0,2.8
pays,4.26,en,wordfreq,16,1.0
payton,3.1,en,wordfreq,5,1.75
paz,3.12,en,wordfreq,17,1.05
pb,3.52,en,wordfreq,41,1.0
pbs,3.52,en,wordfreq,16,1.0
pc,4.53,en,wordfreq,42,1.0
pcb,3.15,en,wordfreq,6,1.55
pci,3.17,en,wordfreq,10,1.35
pcr,3.15,en,wordfreq,8,1.45
pcs,3.71,en,wordfreq,18,1.0
pct,3.15,en,wordfreq,16,1.0
pd,3.7,en,wordfreq,42,1.0
pda,2.95,en,wordfreq,14,1.15
pdf,3.84,en,wordfreq,5,1.6
pdp,3.12,en,wordfreq,15,1.1
pdt,3.02,en,wordfreq,13,1.2
pe,3.72,en,wordfreq,43,1.0
pea,3.54,en,wordfreq,24,1.0
peabody,3.3,en,wordfreq,0,3.1
peace,5.02,en,wordfreq,3,1.75
peaceful,4.28,en,wordfreq,0,3.15
peacefully,3.63,en,wordfreq,0,3.9
peacekeeping,3.15,en,wordfreq,0,5.35
peacetime,3.0,en,wordfreq,0,3.5
peach,3.77,en,wordfreq,6,1.6
peaches,3.5,en,wordfreq,3,1.85
peacock,3.44,en,wordfreq,0,3.0
peak,4.53,en,wordfreq,9,1.35
peaked,3.5,en,wordfreq,1,1.95
peaking,3.12,en,wordfreq,2,1.8
peaks,3.87,en,wordfreq,3,1.7
peanut,3.9,en,wordfreq,0,2.6
peanuts,3.52,en,wordfreq,0,2.75
pear,3.47,en,wordfreq,15,1.0
pearce,3.45,en,wordfreq,0,1.95
pearl,4.14,en,wordfreq,1,1.75
pearls,3.54,en,wordfreq,0,1.9
pears,3.16,en,wordfreq,11,1.2
pearson,3.73,en,wordfreq,0,2.25
peas,3.65,en,wordfreq,8,1.3
peasant,3.62,en,wordfreq,0,2.65
peasants,3.66,en,wordfreq,0,2.8
peat,3.3,en,wordfreq,12,1.2
pebble,3.34,en,wordfreq,0,2.5
pebbles,3.17,en,wordfreq,0,2.8
peck,3.46,en,wordfreq,10,1.45
peculiar,3.67,en,wordfreq,0,3.7
pedagogical,3.07,en,wordfreq,0,4.75
pedagogy,3.12,en,wordfreq,0,3.85
pedal,3.64,en,wordfreq,3,1.8
pedals,3.23,en,wordfreq,2,2.0
peddling,3.01,en,wordfreq,1,2.5
pedestal,3.35,en,wordfreq,0,3.55
pedestrian,3.71,en,wordfreq,0,3.95
pedestrians,3.44,en,wordfreq,0,4.5
pediatric,3.53,en,wordfreq,0,3.7
pediatrician,3.07,en,wordfreq,0,5.0
pediatrics,3.29,en,wordfreq,0,3.95
pedigree,3.35,en,wordfreq,0,3.95
pedophile,3.3,en,wordfreq,0,4.05
pedophiles,3.03,en,wordfreq,0,4.25
pedophilia,3.1,en,wordfreq,0,4.7
pedro,3.75,en,wordfreq,0,2.0
pee,3.96,en,wordfreq,29,1.0
peed,3.1,en,wordfreq,12,1.3
peeing,3.24,en,wordfreq,2,1.75
peek,3.7,en,wordfreq,11,1.4
peeking,2.96,en,wordfreq,4,1.7
peel,3.8,en,wordfreq,10,1.4
peeled,3.34,en,wordfreq,0,2.0
peeling,3.24,en,wordfreq,4,1.75
peep,3.39,en,wordfreq,10,1.35
peeps,3.1,en,wordfreq,2,1.85
peer,4.14,en,wordfreq,10,1.3
peering,2.99,en,wordfreq,2,1.85
peers,4.02,en,wordfreq,4,1.7
peg,3.49,en,wordfreq,21,1.0
pegasus,3.15,en,wordfreq,0,3.0
pegged,3.07,en,wordfreq,2,1.9
peggy,3.57,en,wordfreq,1,1.95
pegs,2.98,en,wordfreq,6,1.6
pei,3.0,en,wordfreq,22,1.0
peking,3.18,en,wordfreq,2,1.8
pelican,3.07,en,wordfreq,0,2.85
pelicans,3.17,en,wordfreq,0,3.0
pell,3.1,en,wordfreq,15,1.15
pellet,3.1,en,wordfreq,1,1.9
pellets,3.26,en,wordfreq,1,2.5
pelosi,3.36,en,wordfreq,0,2.9
pelvic,3.37,en,wordfreq,1,2.65
pelvis,3.26,en,wordfreq,1,2.5
pembroke,3.07,en,wordfreq,0,3.8
pen,4.38,en,wordfreq,27,1.0
penal,3.46,en,wordfreq,3,1.85
penalized,3.08,en,wordfreq,0,3.05
penalties,4.08,en,wordfreq,0,3.35
penalty,4.45,en,wordfreq,0,2.9
penance,3.13,en,wordfreq,0,2.6
penang,2.95,en,wordfreq,0,2.4
pence,3.66,en,wordfreq,3,1.8
penchant,3.07,en,wordfreq,0,3.3
pencil,3.95,en,wordfreq,0,2.65
pencils,3.39,en,wordfreq,0,2.7
pendant,3.43,en,wordfreq,0,2.7
pending,4.02,en,wordfreq,5,1.65
pendleton,3.1,en,wordfreq,0,3.85
pendulum,3.27,en,wordfreq,0,4.0
penelope,3.32,en,wordfreq,0,3.6
penetrate,3.55,en,wordfreq,0,3.35
penetrated,3.26,en,wordfreq,0,3.25
penetrating,3.33,en,wordfreq,0,3.6
penetration,3.71,en,wordfreq,0,3.45
peng,3.21,en,wordfreq,9,1.35
penguin,3.78,en,wordfreq,0,3.0
penguins,3.67,en,wordfreq,0,3.15
penicillin,3.04,en,wordfreq,0,4.9
peninsula,4.03,en,wordfreq,0,4.7
penis,4.05,en,wordfreq,1,1.9
penises,2.98,en,wordfreq,0,2.5
penitentiary,3.18,en,wordfreq,0,5.2
penn,3.9,en,wordfreq,5,1.65
penned,3.38,en,wordfreq,2,1.9
pennies,3.35,en,wordfreq,0,2.35
pennsylvania,4.4,en,wordfreq,0,6.9
penny,4.07,en,wordfreq,5,1.7
penrith,2.95,en,wordfreq,0,2.8
pens,3.75,en,wordfreq,15,1.05
pensacola,3.06,en,wordfreq,0,4.45
pension,4.22,en,wordfreq,1,2.2
pensioners,3.17,en,wordfreq,0,3.7
pensions,3.8,en,wordfreq,1,2.3
pent,2.95,en,wordfreq,21,1.0
pentagon,3.7,en,wordfreq,0,3.55
penthouse,3.31,en,wordfreq,0,3.95
penultimate,3.09,en,wordfreq,0,4.65
people,6.25,en,wordfreq,0,2.5
peoples,4.26,en,wordfreq,0,2.7
peoria,3.14,en,wordfreq,0,2.5
pep,3.52,en,wordfreq,22,1.0
pepe,3.4,en,wordfreq,3,1.75
pepper,4.14,en,wordfreq,1,1.9
peppermint,3.09,en,wordfreq,0,4.3
pepperoni,3.01,en,wordfreq,0,4.4
peppers,3.66,en,wordfreq,0,2.5
pepsi,3.44,en,wordfreq,0,2.0
peptide,3.3,en,wordfreq,0,2.8
peptides,3.15,en,wordfreq,0,2.85
per,5.45,en,wordfreq,21,1.0
perceive,3.72,en,wordfreq,0,2.75
perceived,4.16,en,wordfreq,0,3.1
percent,5.04,en,wordfreq,0,2.6
percentage,4.48,en,wordfreq,0,3.7
percentages,3.41,en,wordfreq,0,4.5
percentile,3.09,en,wordfreq,0,3.35
perception,4.18,en,wordfreq,0,2.85
perceptions,3.68,en,wordfreq,0,3.3
perceptive,2.99,en,wordfreq,0,3.25
perch,3.29,en,wordfreq,5,1.75
perched,3.24,en,wordfreq,0,2.2
percussion,3.37,en,wordfreq,0,3.3
percy,3.66,en,wordfreq,4,1.8
perennial,3.51,en,wordfreq,0,3.65
perez,3.66,en,wordfreq,0,2.0
perfect,5.2,en,wordfreq,0,2.55
perfected,3.3,en,wordfreq,0,2.65
perfecting,3.04,en,wordfreq,0,2.95
perfection,3.99,en,wordfreq,0,2.8
perfectly,4.61,en,wordfreq,0,3.6
perforated,3.01,en,wordfreq,0,3.55
perform,4.66,en,wordfreq,0,2.75
performance,5.16,en,wordfreq,0,4.35
performances,4.29,en,wordfreq,0,4.55
performed,4.68,en,wordfreq,1,2.7
performer,3.8,en,wordfreq,1,2.85
performers,3.88,en,wordfreq,0,3.35
performing,4.56,en,wordfreq,0,3.35
performs,3.97,en,wordfreq,0,2.85
perfume,3.75,en,wordfreq,0,2.9
perfumes,3.02,en,wordfreq,0,3.35
perhaps,5.09,en,wordfreq,0,3.0
peri,2.99,en,wordfreq,5,1.5
peril,3.4,en,wordfreq,0,1.85
perilous,3.18,en,wordfreq,0,2.85
perils,3.11,en,wordfreq,0,1.95
perimeter,3.68,en,wordfreq,0,3.5
period,5.21,en,wordfreq,0,2.5
periodic,3.63,en,wordfreq,0,3.35
periodical,3.14,en,wordfreq,0,3.6
periodically,3.59,en,wordfreq,0,4.1
periodicals,3.18,en,wordfreq,0,4.35
periods,4.33,en,wordfreq,0,2.65
peripheral,3.66,en,wordfreq,0,4.65
periphery,3.3,en,wordfreq,0,3.75
perish,3.32,en,wordfreq,1,1.95
perished,3.3,en,wordfreq,0,2.65
perjury,3.31,en,wordfreq,0,2.9
perk,3.19,en,wordfreq,10,1.35
perkins,3.65,en,wordfreq,0,2.4
perks,3.62,en,wordfreq,4,1.75
perky,2.95,en,wordfreq,5,1.7
perl,2.97,en,wordfreq,6,1.55
perm,3.12,en,wordfreq,6,1.55
permanent,4.57,en,wordfreq,0,3.55
permanently,4.08,en,wordfreq,0,4.55
permian,3.0,en,wordfreq,1,2.4
permissible,3.2,en,wordfreq,0,4.7
permission,4.5,en,wordfreq,0,3.1
permissions,3.11,en,wordfreq,0,3.3
permit,4.22,en,wordfreq,2,2.15
permits,3.94,en,wordfreq,0,2.5
permitted,4.13,en,wordfreq,0,3.05
permitting,3.46,en,wordfreq,0,3.4
peroxide,3.13,en,wordfreq,0,3.05
perpendicular,3.29,en,wordfreq,0,6.15
perpetrated,3.25,en,wordfreq,1,3.35
perpetrator,3.32,en,wordfreq,0,3.95
perpetrators,3.38,en,wordfreq,0,4.4
perpetual,3.61,en,wordfreq,0,3.75
perpetually,3.16,en,wordfreq,0,4.15
perpetuate,3.19,en,wordfreq,0,3.65
perpetuated,2.98,en,wordfreq,1,3.55
perpetuating,2.99,en,wordfreq,0,4.25
perplexed,3.05,en,wordfreq,0,3.95
perry,4.22,en,wordfreq,11,1.45
persecuted,3.42,en,wordfreq,0,3.45
persecution,3.72,en,wordfreq,0,3.5
perseverance,3.34,en,wordfreq,0,4.6
persevere,2.96,en,wordfreq,0,3.75
persia,3.36,en,wordfreq,0,2.25
persian,3.83,en,wordfreq,1,2.35
persians,3.07,en,wordfreq,0,2.55
persist,3.53,en,wordfreq,0,2.55
persisted,3.34,en,wordfreq,0,2.8
persistence,3.51,en,wordfreq,0,3.8
persistent,3.9,en,wordfreq,0,3.35
persistently,3.05,en,wordfreq,0,4.5
persists,3.31,en,wordfreq,0,2.7
person,5.55,en,wordfreq,0,1.8
persona,3.69,en,wordfreq,1,2.45
personal,5.2,en,wordfreq,0,2.65
personalised,3.17,en,wordfreq,1,4.5
personalities,3.9,en,wordfreq,0,4.8
personality,4.55,en,wordfreq,0,4.1
personalized,3.53,en,wordfreq,1,4.35
personally,4.57,en,wordfreq,0,3.45
personnel,4.56,en,wordfreq,0,3.7
persons,4.43,en,wordfreq,2,1.95
perspective,4.56,en,wordfreq,0,3.45
perspectives,3.89,en,wordfreq,0,4.15
persuade,3.82,en,wordfreq,0,3.2
persuaded,3.77,en,wordfreq,0,3.7
persuading,3.09,en,wordfreq,0,3.75
persuasion,3.33,en,wordfreq,0,3.7
persuasive,3.41,en,wordfreq,0,3.7
pertaining,3.6,en,wordfreq,0,2.95
pertains,3.03,en,wordfreq,0,2.8
perth,3.93,en,wordfreq,2,1.9
pertinent,3.36,en,wordfreq,0,3.45
peru,3.89,en,wordfreq,4,1.75
peruvian,3.42,en,wordfreq,0,3.45
pervasive,3.39,en,wordfreq,0,3.5
perverse,3.19,en,wordfreq,0,2.8
pervert,3.32,en,wordfreq,0,2.55
perverted,3.19,en,wordfreq,0,2.8
pes,3.01,en,wordfreq,29,1.0
peshawar,3.1,en,wordfreq,0,3.95
pesky,3.1,en,wordfreq,1,1.95
peso,3.0,en,wordfreq,2,1.8
pesos,3.23,en,wordfreq,1,1.9
pessimism,2.97,en,wordfreq,0,4.25
pessimistic,3.25,en,wordfreq,0,5.2
pest,3.64,en,wordfreq,15,1.0
pesticide,3.25,en,wordfreq,0,3.65
pesticides,3.49,en,wordfreq,0,3.65
pests,3.41,en,wordfreq,6,1.6
pet,4.45,en,wordfreq,30,1.0
peta,3.19,en,wordfreq,6,1.4
petal,3.04,en,wordfreq,4,1.7
petals,3.46,en,wordfreq,2,1.85
pete,4.12,en,wordfreq,3,1.65
peter,4.88,en,wordfreq,3,1.7
peterborough,3.23,en,wordfreq,0,5.9
peters,3.7,en,wordfreq,1,1.85
petersburg,3.7,en,wordfreq,0,4.7
petersen,3.15,en,wordfreq,1,2.8
peterson,3.85,en,wordfreq,2,2.5
petit,3.27,en,wordfreq,0,1.95
petite,3.43,en,wordfreq,0,2.4
petition,4.3,en,wordfreq,0,2.6
petitioned,3.04,en,wordfreq,0,3.6
petitions,3.43,en,wordfreq,0,2.7
petra,3.27,en,wordfreq,1,1.9
petri,2.98,en,wordfreq,1,1.85
petrie,2.97,en,wordfreq,0,2.15
petrified,3.03,en,wordfreq,0,3.1
petrochemical,2.97,en,wordfreq,0,5.75
petrol,3.72,en,wordfreq,1,2.25
petroleum,3.9,en,wordfreq,0,4.5
pets,4.08,en,wordfreq,17,1.0
petting,3.05,en,wordfreq,8,1.6
petty,4.07,en,wordfreq,5,1.7
peugeot,3.13,en,wordfreq,0,3.3
pew,3.41,en,wordfreq,20,1.0
peyton,3.58,en,wordfreq,1,1.95
pf,3.44,en,wordfreq,37,1.0
pfeiffer,2.96,en,wordfreq,0,3.8
pfft,2.96,en,wordfreq,0,2.0
pfizer,3.11,en,wordfreq,0,2.55
pg,3.88,en,wordfreq,40,1.0
pga,3.61,en,wordfreq,7,1.5
ph,3.97,en,wordfreq,37,1.0
phantom,3.78,en,wordfreq,0,2.95
pharaoh,3.32,en,wordfreq,0,3.0
pharma,3.43,en,wordfreq,2,2.15
pharmaceutical,3.9,en,wordfreq,0,6.25
pharmaceuticals,3.48,en,wordfreq,0,6.9
pharmacies,3.18,en,wordfreq,0,3.85
pharmacist,3.34,en,wordfreq,0,4.15
pharmacists,3.16,en,wordfreq,0,4.4
pharmacology,3.15,en,wordfreq,0,5.45
pharmacy,3.87,en,wordfreq,0,3.35
pharrell,3.09,en,wordfreq,0,3.05
phase,4.64,en,wordfreq,1,1.8
phased,3.33,en,wordfreq,2,1.85
phases,3.83,en,wordfreq,2,1.8
phasing,2.98,en,wordfreq,1,1.9
phd,4.07,en,wordfreq,5,1.6
pheasant,3.03,en,wordfreq,1,3.1
phelps,3.55,en,wordfreq,0,2.6
phenomena,3.74,en,wordfreq,0,4.3
phenomenal,3.76,en,wordfreq,0,4.55
phenomenon,4.13,en,wordfreq,0,4.65
phenotype,3.05,en,wordfreq,0,4.55
phew,3.14,en,wordfreq,2,1.85
phi,3.55,en,wordfreq,10,1.3
phil,4.37,en,wordfreq,0,1.95
philadelphia,4.42,en,wordfreq,0,6.7
philanthropic,3.21,en,wordfreq,0,6.35
philanthropist,3.12,en,wordfreq,0,7.15
philanthropy,3.32,en,wordfreq,0,5.8
philharmonic,3.19,en,wordfreq,0,6.2
philip,4.28,en,wordfreq,0,2.55
philippe,3.55,en,wordfreq,0,3.55
philippine,3.76,en,wordfreq,0,4.1
philippines,4.29,en,wordfreq,0,4.45
philips,3.41,en,wordfreq,0,2.6
phillies,3.34,en,wordfreq,1,2.75
phillip,3.79,en,wordfreq,0,2.55
phillips,4.03,en,wordfreq,1,2.65
philly,3.63,en,wordfreq,1,1.9
philosopher,3.72,en,wordfreq,0,4.75
philosophers,3.62,en,wordfreq,0,5.0
philosophical,3.95,en,wordfreq,0,5.7
philosophies,3.23,en,wordfreq,0,5.2
philosophy,4.49,en,wordfreq,0,4.95
phishing,2.95,en,wordfreq,0,2.65
phnom,2.98,en,wordfreq,0,2.6
phobia,3.1,en,wordfreq,0,2.95
phoebe,3.38,en,wordfreq,0,2.9
phoenix,4.21,en,wordfreq,0,3.4
phone,5.3,en,wordfreq,3,1.65
phoned,3.28,en,wordfreq,1,1.85
phones,4.45,en,wordfreq,1,1.85
phonetic,3.02,en,wordfreq,0,3.35
phony,3.35,en,wordfreq,1,1.9
phosphate,3.42,en,wordfreq,0,4.1
phosphorus,3.25,en,wordfreq,0,4.7
phosphorylation,2.99,en,wordfreq,0,6.85
photo,4.97,en,wordfreq,1,1.85
photograph,4.23,en,wordfreq,0,3.25
photographed,3.72,en,wordfreq,1,3.7
photographer,4.28,en,wordfreq,1,3.65
photographers,3.83,en,wordfreq,0,4.3
photographic,3.76,en,wordfreq,0,3.45
photographing,3.19,en,wordfreq,0,4.65
photographs,4.34,en,wordfreq,1,3.3
photography,4.45,en,wordfreq,1,3.1
photon,3.32,en,wordfreq,2,2.05
photons,3.19,en,wordfreq,1,2.5
photos,4.83,en,wordfreq,1,2.2
photoshop,3.78,en,wordfreq,0,4.3
photoshopped,3.16,en,wordfreq,0,5.5
photosynthesis,3.03,en,wordfreq,0,6.8
photovoltaic,3.02,en,wordfreq,0,6.55
php,3.42,en,wordfreq,12,1.25
phrase,4.3,en,wordfreq,0,2.2
phrases,3.89,en,wordfreq,0,2.4
phrasing,2.98,en,wordfreq,0,2.6
phuket,2.99,en,wordfreq,0,2.75
phyllis,3.33,en,wordfreq,0,2.8
physical,4.94,en,wordfreq,0,3.0
physically,4.3,en,wordfreq,0,3.7
physician,4.18,en,wordfreq,0,3.5
physicians,4.04,en,wordfreq,0,3.85
physicist,3.42,en,wordfreq,0,3.7
physicists,3.3,en,wordfreq,0,4.15
physics,4.39,en,wordfreq,0,3.1
physiological,3.54,en,wordfreq,0,4.65
physiology,3.61,en,wordfreq,0,4.35
physique,3.29,en,wordfreq,0,3.85
pi,3.92,en,wordfreq,44,1.0
pia,3.11,en,wordfreq,24,1.0
pianist,3.48,en,wordfreq,0,2.9
piano,4.31,en,wordfreq,0,1.95
pianos,2.99,en,wordfreq,0,2.25
piazza,3.17,en,wordfreq,0,2.8
pic,4.2,en,wordfreq,19,1.0
picard,3.18,en,wordfreq,0,2.5
picasso,3.46,en,wordfreq,0,3.4
piccadilly,3.02,en,wordfreq,0,4.95
piccolo,3.03,en,wordfreq,0,3.4
pick,5.08,en,wordfreq,16,1.0
picked,4.72,en,wordfreq,7,1.6
picker,2.99,en,wordfreq,6,1.7
pickering,3.14,en,wordfreq,1,2.65
picket,3.27,en,wordfreq,6,1.7
picking,4.44,en,wordfreq,4,1.8
pickle,3.39,en,wordfreq,3,1.75
pickled,3.17,en,wordfreq,2,2.0
pickles,3.48,en,wordfreq,1,2.25
picks,4.24,en,wordfreq,8,1.45
pickup,3.86,en,wordfreq,0,2.5
pickups,3.14,en,wordfreq,0,2.7
picky,3.34,en,wordfreq,5,1.7
picnic,3.8,en,wordfreq,0,2.8
pico,3.05,en,wordfreq,5,1.65
pics,4.16,en,wordfreq,8,1.4
pictorial,3.22,en,wordfreq,0,3.25
picture,5.13,en,wordfreq,0,2.5
pictured,3.79,en,wordfreq,1,2.7
pictures,4.92,en,wordfreq,1,2.6
picturesque,3.5,en,wordfreq,0,5.25
pie,4.19,en,wordfreq,15,1.0
piece,5.04,en,wordfreq,1,1.8
pieces,4.72,en,wordfreq,2,1.85
pied,3.02,en,wordfreq,6,1.5
piedmont,3.12,en,wordfreq,0,3.6
pier,3.82,en,wordfreq,4,1.55
pierce,3.93,en,wordfreq,2,2.05
pierced,3.46,en,wordfreq,0,2.55
piercing,3.57,en,wordfreq,0,2.85
piercings,3.08,en,wordfreq,0,3.65
piero,3.01,en,wordfreq,1,1.85
pierre,3.95,en,wordfreq,1,2.4
piers,3.51,en,wordfreq,3,1.75
pierson,3.0,en,wordfreq,0,2.5
pies,3.58,en,wordfreq,12,1.05
pietro,3.03,en,wordfreq,0,2.1
piety,3.09,en,wordfreq,0,1.95
pig,4.14,en,wordfreq,21,1.0
pigeon,3.61,en,wordfreq,0,2.75
pigeons,3.36,en,wordfreq,0,2.85
piggy,3.3,en,wordfreq,1,1.95
pigment,3.37,en,wordfreq,0,2.65
pigments,3.13,en,wordfreq,0,2.7
pigs,3.99,en,wordfreq,12,1.35
pikachu,3.18,en,wordfreq,0,3.65
pike,3.68,en,wordfreq,10,1.35
pilates,3.0,en,wordfreq,1,2.1
pile,4.14,en,wordfreq,12,1.25
piled,3.41,en,wordfreq,5,1.65
piles,3.59,en,wordfreq,10,1.4
pilgrim,3.38,en,wordfreq,0,3.45
pilgrimage,3.5,en,wordfreq,0,4.75
pilgrims,3.48,en,wordfreq,0,3.6
piling,3.3,en,wordfreq,3,1.85
pill,4.03,en,wordfreq,15,1.1
pillar,3.64,en,wordfreq,1,1.95
pillars,3.62,en,wordfreq,0,2.25
pillow,3.96,en,wordfreq,1,2.15
pillows,3.5,en,wordfreq,1,2.35
pills,4.05,en,wordfreq,10,1.35
pilot,4.52,en,wordfreq,2,1.8
piloted,3.03,en,wordfreq,0,2.45
piloting,3.02,en,wordfreq,0,2.7
pilots,4.12,en,wordfreq,0,1.9
pimp,3.43,en,wordfreq,3,1.75
pin,4.28,en,wordfreq,27,1.0
pinball,3.1,en,wordfreq,0,2.85
pinch,3.76,en,wordfreq,4,1.75
pinched,3.14,en,wordfreq,2,2.15
pinching,3.03,en,wordfreq,2,2.45
pine,4.1,en,wordfreq,17,1.0
pineapple,3.58,en,wordfreq,0,4.15
pines,3.44,en,wordfreq,9,1.35
ping,3.76,en,wordfreq,19,1.0
pink,4.52,en,wordfreq,13,1.2
pinky,3.39,en,wordfreq,2,1.85
pinnacle,3.45,en,wordfreq,0,3.7
pinned,3.66,en,wordfreq,3,1.85
pinning,3.13,en,wordfreq,1,1.85
pinot,3.09,en,wordfreq,2,1.85
pinpoint,3.35,en,wordfreq,0,3.5
pins,3.8,en,wordfreq,19,1.0
pint,3.66,en,wordfreq,14,1.0
pinterest,3.48,en,wordfreq,0,3.15
pinto,3.12,en,wordfreq,1,1.85
pints,3.22,en,wordfreq,5,1.45
pioneer,3.91,en,wordfreq,0,2.8
pioneered,3.29,en,wordfreq,0,3.4
pioneering,3.54,en,wordfreq,0,3.25
pioneers,3.55,en,wordfreq,0,2.85
pious,3.31,en,wordfreq,0,1.95
pip,3.35,en,wordfreq,25,1.0
pipe,4.25,en,wordfreq,7,1.4
piped,2.96,en,wordfreq,4,1.7
pipeline,4.04,en,wordfreq,0,2.8
pipelines,3.43,en,wordfreq,0,3.35
piper,3.68,en,wordfreq,4,1.7
pipes,3.95,en,wordfreq,6,1.6
piping,3.42,en,wordfreq,2,1.9
piracy,3.52,en,wordfreq,0,2.7
pirate,3.96,en,wordfreq,0,1.95
pirates,3.99,en,wordfreq,1,2.4
pisa,3.13,en,wordfreq,4,1.65
pisces,2.96,en,wordfreq,2,1.9
piss,4.17,en,wordfreq,13,1.3
pissed,4.25,en,wordfreq,4,1.8
pisses,3.48,en,wordfreq,5,1.75
pissing,3.58,en,wordfreq,3,1.85
pistol,3.93,en,wordfreq,1,2.45
pistols,3.46,en,wordfreq,1,2.7
piston,3.47,en,wordfreq,1,1.9
pistons,3.34,en,wordfreq,1,2.35
pit,4.27,en,wordfreq,25,1.0
pita,3.0,en,wordfreq,7,1.45
pitbull,3.08,en,wordfreq,0,3.45
pitch,4.43,en,wordfreq,8,1.55
pitched,3.84,en,wordfreq,5,1.75
pitcher,3.79,en,wordfreq,2,1.85
pitchers,3.44,en,wordfreq,0,2.35
pitches,3.64,en,wordfreq,6,1.65
pitchfork,3.01,en,wordfreq,0,4.3
pitching,3.75,en,wordfreq,3,1.95
pitfalls,3.15,en,wordfreq,0,3.65
pitiful,3.24,en,wordfreq,0,3.45
pits,3.72,en,wordfreq,20,1.0
pitt,3.78,en,wordfreq,7,1.55
pitted,3.16,en,wordfreq,1,1.95
pitting,3.0,en,wordfreq,5,1.7
pittsburgh,4.13,en,wordfreq,0,5.35
pity,3.98,en,wordfreq,4,1.65
pius,3.02,en,wordfreq,7,1.5
pivot,3.5,en,wordfreq,2,2.15
pivotal,3.5,en,wordfreq,0,3.1
pixar,3.16,en,wordfreq,0,2.1
pixel,3.72,en,wordfreq,0,1.95
pixels,3.49,en,wordfreq,0,2.35
pixie,3.15,en,wordfreq,1,2.5
pizza,4.43,en,wordfreq,0,2.3
pizzas,3.34,en,wordfreq,0,2.85
pj,3.23,en,wordfreq,34,1.0
pk,3.4,en,wordfreq,38,1.0
pkk,3.02,en,wordfreq,2,1.8
pl,3.88,en,wordfreq,40,1.0
pla,3.26,en,wordfreq,15,1.0
place,5.71,en,wordfreq,3,1.6
placebo,3.48,en,wordfreq,0,2.85
placed,4.85,en,wordfreq,4,1.65
placement,4.04,en,wordfreq,0,2.85
placements,3.27,en,wordfreq,0,3.35
placenta,3.09,en,wordfreq,0,3.0
places,5.03,en,wordfreq,3,1.65
placid,3.01,en,wordfreq,1,2.15
placing,4.17,en,wordfreq,2,1.85
plagiarism,3.23,en,wordfreq,0,4.9
plague,3.89,en,wordfreq,2,2.15
plagued,3.45,en,wordfreq,1,2.25
plagues,3.0,en,wordfreq,2,2.35
plaid,3.33,en,wordfreq,1,1.8
plain,4.43,en,wordfreq,3,1.65
plainly,3.38,en,wordfreq,0,2.85
plains,3.89,en,wordfreq,0,1.85
plaintiff,3.55,en,wordfreq,0,3.75
plaintiffs,3.58,en,wordfreq,0,4.15
plan,5.29,en,wordfreq,5,1.35
planar,3.07,en,wordfreq,0,2.05
planck,3.02,en,wordfreq,0,1.95
plane,4.72,en,wordfreq,5,1.5
planes,4.16,en,wordfreq,5,1.55
planet,4.68,en,wordfreq,1,1.8
planetary,3.56,en,wordfreq,0,3.55
planets,4.05,en,wordfreq,0,2.0
plank,3.46,en,wordfreq,6,1.55
planks,3.13,en,wordfreq,5,1.65
plankton,3.05,en,wordfreq,0,3.0
planned,4.69,en,wordfreq,2,1.85
planner,3.53,en,wordfreq,2,1.85
planners,3.55,en,wordfreq,1,2.35
planning,4.9,en,wordfreq,1,2.0
plans,5.01,en,wordfreq,5,1.45
plant,4.89,en,wordfreq,5,1.5
plantation,3.72,en,wordfreq,0,3.35
plantations,3.46,en,wordfreq,0,3.6
planted,4.04,en,wordfreq,2,1.85
planter,3.1,en,wordfreq,4,1.75
planters,3.09,en,wordfreq,1,2.0
planting,3.81,en,wordfreq,1,1.85
plants,4.71,en,wordfreq,2,1.7
plaque,3.69,en,wordfreq,1,2.4
plaques,3.18,en,wordfreq,1,2.55
plasma,3.95,en,wordfreq,0,2.55
plaster,3.53,en,wordfreq,3,1.85
plastered,3.18,en,wordfreq,0,2.8
plastic,4.51,en,wordfreq,1,2.65
plasticity,2.96,en,wordfreq,1,3.8
plastics,3.58,en,wordfreq,0,2.8
plat,3.1,en,wordfreq,5,1.4
plate,4.55,en,wordfreq,5,1.5
plateau,3.61,en,wordfreq,0,2.8
plated,3.45,en,wordfreq,5,1.65
plates,4.22,en,wordfreq,3,1.75
platform,4.67,en,wordfreq,0,3.5
platforms,4.19,en,wordfreq,0,3.8
plating,3.14,en,wordfreq,2,1.85
platinum,4.02,en,wordfreq,0,3.1
plato,3.37,en,wordfreq,3,1.8
platonic,3.2,en,wordfreq,0,3.3
platoon,3.52,en,wordfreq,0,2.8
platt,3.06,en,wordfreq,4,1.75
platter,3.25,en,wordfreq,3,1.8
plausible,3.64,en,wordfreq,0,3.8
play,5.61,en,wordfreq,6,1.4
playa,3.18,en,wordfreq,2,1.85
playable,3.4,en,wordfreq,0,2.8
playback,3.33,en,wordfreq,0,3.45
playbook,3.29,en,wordfreq,0,3.5
playboy,3.56,en,wordfreq,0,2.95
played,5.23,en,wordfreq,4,1.75
player,5.19,en,wordfreq,3,1.7
players,5.3,en,wordfreq,1,1.8
playful,3.53,en,wordfreq,0,2.9
playfully,2.96,en,wordfreq,0,3.7
playground,3.79,en,wordfreq,0,4.45
playgrounds,3.09,en,wordfreq,0,4.7
playhouse,3.21,en,wordfreq,0,3.9
playin,3.09,en,wordfreq,0,1.9
playing,5.37,en,wordfreq,4,1.65
playlist,3.61,en,wordfreq,0,3.3
playlists,3.19,en,wordfreq,0,3.8
playoff,4.13,en,wordfreq,0,2.85
playoffs,4.21,en,wordfreq,0,3.35
plays,4.84,en,wordfreq,3,1.7
playstation,3.94,en,wordfreq,0,3.85
playtime,3.0,en,wordfreq,0,3.0
playwright,3.39,en,wordfreq,0,4.5
plaza,3.91,en,wordfreq,1,1.95
plc,3.61,en,wordfreq,13,1.2
plea,3.95,en,wordfreq,1,1.7
plead,3.63,en,wordfreq,1,1.8
pleaded,3.66,en,wordfreq,1,1.95
pleading,3.53,en,wordfreq,1,1.9
pleads,3.16,en,wordfreq,0,1.85
pleas,3.51,en,wordfreq,2,1.7
pleasant,4.22,en,wordfreq,1,2.6
pleasantly,3.35,en,wordfreq,0,3.9
please,5.66,en,wordfreq,0,1.8
pleased,4.44,en,wordfreq,2,1.8
pleases,3.29,en,wordfreq,1,1.85
pleasing,3.75,en,wordfreq,1,1.9
pleasurable,3.09,en,wordfreq,0,4.3
pleasure,4.57,en,wordfreq,0,2.65
pleasures,3.54,en,wordfreq,0,2.7
pledge,4.0,en,wordfreq,1,2.1
pledged,3.64,en,wordfreq,2,2.15
pledges,3.39,en,wordfreq,1,2.35
pledging,2.98,en,wordfreq,0,2.55
pleistocene,3.01,en,wordfreq,0,5.3
plenary,3.1,en,wordfreq,0,2.85
plentiful,3.36,en,wordfreq,0,3.9
plenty,4.72,en,wordfreq,0,2.3
plethora,3.24,en,wordfreq,0,3.75
plight,3.46,en,wordfreq,4,1.75
plot,4.58,en,wordfreq,7,1.45
plots,3.77,en,wordfreq,2,1.7
plotted,3.31,en,wordfreq,1,2.1
plotting,3.57,en,wordfreq,0,2.3
plough,3.09,en,wordfreq,1,2.2
plow,3.21,en,wordfreq,6,1.6
ploy,3.22,en,wordfreq,3,1.8
pls,3.69,en,wordfreq,15,1.0
pluck,3.13,en,wordfreq,0,1.9
plucked,3.18,en,wordfreq,0,2.15
plug,4.14,en,wordfreq,3,1.7
plugged,3.44,en,wordfreq,1,2.1
plugging,3.11,en,wordfreq,1,2.45
plugin,3.28,en,wordfreq,0,2.45
plugins,3.08,en,wordfreq,0,2.7
plugs,3.47,en,wordfreq,2,1.8
plum,3.55,en,wordfreq,4,1.65
plumber,3.36,en,wordfreq,1,2.4
plumbers,3.04,en,wordfreq,0,2.7
plumbing,3.59,en,wordfreq,0,2.75
plume,3.19,en,wordfreq,2,1.85
plump,3.19,en,wordfreq,3,1.7
plums,2.97,en,wordfreq,4,1.7
plunder,3.1,en,wordfreq,1,2.0
plundered,2.95,en,wordfreq,0,3.1
plunge,3.49,en,wordfreq,0,1.95
plunged,3.4,en,wordfreq,1,2.4
plunging,3.06,en,wordfreq,1,2.4
plural,3.55,en,wordfreq,0,2.8
plurality,3.42,en,wordfreq,0,3.5
plus,4.95,en,wordfreq,3,1.6
plush,3.33,en,wordfreq,3,1.7
pluto,3.35,en,wordfreq,1,1.95
plutonium,3.24,en,wordfreq,0,4.25
ply,3.15,en,wordfreq,10,1.25
plymouth,3.69,en,wordfreq,0,3.7
plywood,3.29,en,wordfreq,0,3.25
plz,3.26,en,wordfreq,5,1.7
pm,4.69,en,wordfreq,42,1.0
pms,3.04,en,wordfreq,16,1.05
pneumatic,3.11,en,wordfreq,0,3.65
pneumonia,3.74,en,wordfreq,0,4.05
png,3.36,en,wordfreq,10,1.2
po,3.97,en,wordfreq,42,1.0
poached,2.99,en,wordfreq,1,2.15
poaching,3.15,en,wordfreq,1,2.3
poc,3.12,en,wordfreq,25,1.0
pocahontas,2.95,en,wordfreq,0,5.0
pocket,4.48,en,wordfreq,5,1.7
pockets,4.08,en,wordfreq,3,1.9
pod,3.71,en,wordfreq,24,1.0
podcast,4.15,en,wordfreq,0,2.95
podcasts,3.48,en,wordfreq,0,3.4
podium,3.63,en,wordfreq,1,2.8
pods,3.45,en,wordfreq,7,1.5
poe,3.55,en,wordfreq,27,1.0
poem,4.25,en,wordfreq,2,1.7
poems,4.11,en,wordfreq,1,1.9
poet,4.21,en,wordfreq,4,1.6
poetic,3.69,en,wordfreq,0,2.6
poetry,4.4,en,wordfreq,0,2.2
poets,3.84,en,wordfreq,4,1.65
pogba,3.09,en,wordfreq,0,2.8
poignant,3.27,en,wordfreq,0,3.5
point,5.54,en,wordfreq,3,1.6
pointe,3.03,en,wordfreq,2,1.75
pointed,4.46,en,wordfreq,3,1.8
pointer,3.62,en,wordfreq,3,1.75
pointers,3.48,en,wordfreq,2,2.2
pointing,4.2,en,wordfreq,2,2.1
pointless,3.88,en,wordfreq,0,2.95
points,5.23,en,wordfreq,5,1.65
pointy,3.11,en,wordfreq,2,1.85
poise,3.04,en,wordfreq,3,1.75
poised,3.43,en,wordfreq,0,1.9
poison,4.08,en,wordfreq,1,1.95
poisoned,3.58,en,wordfreq,0,2.8
poisoning,3.84,en,wordfreq,0,3.0
poisonous,3.57,en,wordfreq,0,3.65
poisons,3.16,en,wordfreq,1,2.45
poke,3.6,en,wordfreq,10,1.3
poked,3.23,en,wordfreq,3,1.8
pokemon,4.06,en,wordfreq,0,3.0
poker,3.97,en,wordfreq,3,1.8
poking,3.41,en,wordfreq,3,1.85
pol,3.43,en,wordfreq,21,1.0
poland,4.24,en,wordfreq,1,1.95
polar,3.96,en,wordfreq,2,1.85
polaris,3.08,en,wordfreq,0,2.85
polarity,3.06,en,wordfreq,0,2.8
polarization,3.26,en,wordfreq,0,3.85
polarized,3.3,en,wordfreq,0,3.4
polarizing,2.95,en,wordfreq,0,3.85
pole,4.23,en,wordfreq,16,1.0
poles,3.88,en,wordfreq,10,1.45
police,5.33,en,wordfreq,2,1.9
policeman,3.74,en,wordfreq,1,3.65
policemen,3.54,en,wordfreq,1,3.7
policies,4.71,en,wordfreq,0,2.85
policing,3.62,en,wordfreq,0,2.6
policy,5.17,en,wordfreq,1,2.65
policymakers,3.17,en,wordfreq,0,5.55
polio,3.27,en,wordfreq,1,1.9
polish,4.29,en,wordfreq,0,2.15
polished,3.76,en,wordfreq,0,2.7
polishing,3.28,en,wordfreq,0,2.75
polite,3.92,en,wordfreq,1,2.1
politely,3.47,en,wordfreq,0,3.2
political,5.29,en,wordfreq,0,3.1
politically,4.06,en,wordfreq,0,3.75
politician,4.16,en,wordfreq,0,3.65
politicians,4.54,en,wordfreq,0,4.05
politico,3.16,en,wordfreq,1,3.0
politics,4.87,en,wordfreq,1,2.8
polk,3.23,en,wordfreq,7,1.55
polka,3.2,en,wordfreq,0,1.95
poll,4.35,en,wordfreq,12,1.25
pollard,3.23,en,wordfreq,0,2.35
polled,3.23,en,wordfreq,4,1.8
pollen,3.47,en,wordfreq,1,1.95
pollination,2.98,en,wordfreq,0,3.5
polling,3.83,en,wordfreq,3,1.85
pollock,3.23,en,wordfreq,0,2.9
polls,4.1,en,wordfreq,8,1.55
pollutants,3.29,en,wordfreq,0,4.4
polluted,3.32,en,wordfreq,0,2.95
polluting,3.07,en,wordfreq,0,2.9
pollution,4.2,en,wordfreq,0,3.05
polly,3.4,en,wordfreq,6,1.55
polo,3.77,en,wordfreq,7,1.45
poly,3.64,en,wordfreq,6,1.55
polyester,3.11,en,wordfreq,0,3.25
polyethylene,2.97,en,wordfreq,0,6.85
polygamy,3.07,en,wordfreq,0,3.95
polygon,3.04,en,wordfreq,0,3.0
polymer,3.64,en,wordfreq,0,2.85
polymerase,2.96,en,wordfreq,0,4.65
polymers,3.28,en,wordfreq,0,2.85
polynomial,3.11,en,wordfreq,0,4.9
polytechnic,3.18,en,wordfreq,0,5.85
pom,3.17,en,wordfreq,22,1.0
pomp,2.95,en,wordfreq,4,1.7
pompeii,3.0,en,wordfreq,0,3.4
pompey,3.0,en,wordfreq,0,2.4
pompous,3.06,en,wordfreq,0,2.95
pond,3.98,en,wordfreq,5,1.6
ponder,3.35,en,wordfreq,3,1.85
pondering,3.08,en,wordfreq,2,2.4
ponds,3.46,en,wordfreq,1,1.8
pong,3.45,en,wordfreq,20,1.0
ponies,3.29,en,wordfreq,1,1.95
pont,3.14,en,wordfreq,15,1.1
pontiac,3.12,en,wordfreq,0,2.95
pony,3.81,en,wordfreq,7,1.6
ponytail,3.07,en,wordfreq,0,3.75
poo,3.54,en,wordfreq,31,1.0
pooch,2.97,en,wordfreq,2,1.85
poodle,3.02,en,wordfreq,2,2.0
pooh,3.29,en,wordfreq,5,1.6
pool,4.67,en,wordfreq,9,1.35
poole,3.34,en,wordfreq,1,1.75
pooled,2.98,en,wordfreq,3,1.8
pooling,2.97,en,wordfreq,4,1.8
pools,3.87,en,wordfreq,5,1.7
poop,3.66,en,wordfreq,8,1.45
pooping,3.01,en,wordfreq,3,1.85
poor,5.09,en,wordfreq,7,1.55
poorer,3.6,en,wordfreq,0,2.0
poorest,3.45,en,wordfreq,0,2.65
poorly,4.1,en,wordfreq,0,2.4
pop,4.87,en,wordfreq,28,1.0
popcorn,3.73,en,wordfreq,0,3.25
pope,4.38,en,wordfreq,12,1.25
popes,3.08,en,wordfreq,6,1.6
poplar,3.07,en,wordfreq,0,2.45
popped,3.85,en,wordfreq,3,1.8
popper,2.95,en,wordfreq,5,1.75
popping,3.83,en,wordfreq,4,1.8
poppins,2.97,en,wordfreq,1,2.6
poppy,3.59,en,wordfreq,1,1.95
pops,3.94,en,wordfreq,8,1.35
populace,3.34,en,wordfreq,0,3.25
popular,5.07,en,wordfreq,0,2.65
popularity,4.24,en,wordfreq,0,3.6
popularized,2.97,en,wordfreq,0,4.35
popularly,3.18,en,wordfreq,0,3.55
populated,3.79,en,wordfreq,0,3.05
population,5.01,en,wordfreq,0,2.85
populations,4.19,en,wordfreq,0,3.45
populism,3.02,en,wordfreq,1,3.6
populist,3.37,en,wordfreq,1,3.4
populous,3.41,en,wordfreq,0,3.45
por,3.5,en,wordfreq,21,1.0
porcelain,3.56,en,wordfreq,0,4.0
porch,3.85,en,wordfreq,4,1.8
pore,3.28,en,wordfreq,17,1.0
pores,3.4,en,wordfreq,6,1.5
pork,4.03,en,wordfreq,11,1.4
porn,4.5,en,wordfreq,9,1.45
pornhub,3.03,en,wordfreq,0,3.8
porno,3.36,en,wordfreq,1,1.9
pornographic,3.18,en,wordfreq,0,4.2
pornography,3.66,en,wordfreq,0,3.85
porous,3.37,en,wordfreq,0,2.3
porridge,3.11,en,wordfreq,0,3.2
porsche,3.7,en,wordfreq,0,2.95
port,4.73,en,wordfreq,11,1.15
portable,3.97,en,wordfreq,0,2.7
portage,3.0,en,wordfreq,1,2.2
portal,4.0,en,wordfreq,2,1.85
portals,3.3,en,wordfreq,1,2.25
porte,3.13,en,wordfreq,3,1.65
ported,3.04,en,wordfreq,4,1.75
porter,3.98,en,wordfreq,3,1.8
portfolio,4.15,en,wordfreq,0,4.25
portfolios,3.36,en,wordfreq,0,4.6
portion,4.53,en,wordfreq,0,2.05
portions,3.98,en,wordfreq,0,2.5
portland,4.18,en,wordfreq,0,2.85
portman,3.06,en,wordfreq,1,2.35
porto,3.51,en,wordfreq,3,1.8
portrait,4.22,en,wordfreq,0,3.05
portraits,3.86,en,wordfreq,0,3.25
portray,3.63,en,wordfreq,0,2.6
portrayal,3.55,en,wordfreq,0,3.4
portrayed,3.85,en,wordfreq,0,3.2
portraying,3.33,en,wordfreq,0,3.5
portrays,3.33,en,wordfreq,0,2.65
ports,4.07,en,wordfreq,9,1.4
portsmouth,3.6,en,wordfreq,0,4.75
portugal,4.1,en,wordfreq,0,3.3
portuguese,4.03,en,wordfreq,0,4.85
pos,3.7,en,wordfreq,33,1.0
pose,4.1,en,wordfreq,13,1.0
posed,3.81,en,wordfreq,3,1.7
poseidon,3.1,en,wordfreq,0,3.55
poses,3.79,en,wordfreq,11,1.4
posh,3.4,en,wordfreq,6,1.65
posing,3.71,en,wordfreq,3,1.8
position,5.21,en,wordfreq,0,2.4
positional,3.0,en,wordfreq,0,3.25
positioned,3.79,en,wordfreq,0,3.2
positioning,3.73,en,wordfreq,0,3.9
positions,4.63,en,wordfreq,0,2.6
positive,4.99,en,wordfreq,0,2.75
positively,3.89,en,wordfreq,0,3.6
positives,3.38,en,wordfreq,0,3.15
positivity,3.33,en,wordfreq,0,3.6
posse,3.18,en,wordfreq,1,1.9
possess,4.02,en,wordfreq,0,2.45
possessed,3.85,en,wordfreq,1,3.15
possesses,3.61,en,wordfreq,1,3.2
possessing,3.61,en,wordfreq,0,3.15
possession,4.38,en,wordfreq,0,3.05
possessions,3.81,en,wordfreq,0,3.4
possessive,3.17,en,wordfreq,0,3.45
possibilities,4.11,en,wordfreq,0,5.1
possibility,4.58,en,wordfreq,0,3.6
possible,5.36,en,wordfreq,1,3.1
possibly,4.77,en,wordfreq,1,3.35
post,5.43,en,wordfreq,11,1.2
postage,3.51,en,wordfreq,2,2.15
postal,3.94,en,wordfreq,1,1.95
postcard,3.44,en,wordfreq,0,2.85
postcards,3.28,en,wordfreq,0,3.55
postcode,3.0,en,wordfreq,0,3.35
postdoctoral,3.13,en,wordfreq,0,5.8
posted,4.97,en,wordfreq,4,1.75
poster,4.19,en,wordfreq,5,1.7
posterior,3.43,en,wordfreq,0,3.6
posterity,2.97,en,wordfreq,0,3.2
posters,3.99,en,wordfreq,2,1.85
postgraduate,3.28,en,wordfreq,0,5.7
posthumous,2.97,en,wordfreq,0,4.9
posting,4.39,en,wordfreq,2,1.8
postings,3.14,en,wordfreq,0,2.5
postman,3.1,en,wordfreq,1,2.75
postmaster,3.14,en,wordfreq,0,4.0
postmodern,3.08,en,wordfreq,0,4.55
postpartum,2.98,en,wordfreq,0,4.75
postpone,3.48,en,wordfreq,0,3.0
postponed,3.74,en,wordfreq,0,3.55
postponement,3.03,en,wordfreq,0,5.15
posts,4.65,en,wordfreq,7,1.55
postseason,3.46,en,wordfreq,0,4.0
posture,3.65,en,wordfreq,1,2.4
postwar,3.41,en,wordfreq,0,2.8
pot,4.4,en,wordfreq,32,1.0
potassium,3.58,en,wordfreq,0,4.65
potato,4.11,en,wordfreq,0,2.5
potatoes,4.09,en,wordfreq,0,2.9
potency,3.27,en,wordfreq,0,2.9
potent,3.74,en,wordfreq,1,1.95
potential,5.01,en,wordfreq,0,3.35
potentially,4.39,en,wordfreq,0,4.05
potentials,3.09,en,wordfreq,0,3.7
potion,3.32,en,wordfreq,3,1.75
potions,2.98,en,wordfreq,2,1.85
potomac,3.31,en,wordfreq,0,3.6
pots,3.76,en,wordfreq,10,1.0
potter,4.11,en,wordfreq,3,1.75
pottery,3.7,en,wordfreq,1,2.3
potts,3.14,en,wordfreq,5,1.7
potty,3.26,en,wordfreq,3,1.85
potus,3.13,en,wordfreq,2,1.85
pouch,3.43,en,wordfreq,5,1.7
poultry,3.54,en,wordfreq,0,2.85
pounce,2.97,en,wordfreq,1,1.9
pound,4.32,en,wordfreq,7,1.55
pounded,3.25,en,wordfreq,5,1.75
pounding,3.57,en,wordfreq,4,2.0
pounds,4.53,en,wordfreq,6,1.6
pour,4.1,en,wordfreq,7,1.5
poured,3.82,en,wordfreq,1,1.95
pouring,3.86,en,wordfreq,1,1.95
pours,3.22,en,wordfreq,4,1.7
pov,3.3,en,wordfreq,15,1.1
poverty,4.46,en,wordfreq,0,2.6
pow,3.44,en,wordfreq,26,1.0
powder,4.25,en,wordfreq,1,1.85
powdered,3.31,en,wordfreq,0,2.6
powders,3.15,en,wordfreq,0,2.1
powell,3.89,en,wordfreq,3,1.85
power,5.52,en,wordfreq,7,1.55
powered,4.25,en,wordfreq,1,2.5
powerful,4.85,en,wordfreq,0,3.45
powerfully,3.14,en,wordfreq,0,4.15
powerhouse,3.44,en,wordfreq,0,4.2
powering,3.26,en,wordfreq,2,2.4
powerless,3.49,en,wordfreq,0,3.7
powerpoint,3.24,en,wordfreq,0,4.6
powers,4.7,en,wordfreq,3,1.75
pox,3.01,en,wordfreq,18,1.0
pp,4.38,en,wordfreq,42,1.0
ppc,3.03,en,wordfreq,15,1.15
ppg,3.1,en,wordfreq,13,1.25
ppl,3.66,en,wordfreq,10,1.4
ppm,3.15,en,wordfreq,9,1.45
ppp,3.29,en,wordfreq,17,1.1
ppv,3.09,en,wordfreq,7,1.55
pr,4.19,en,wordfreq,43,1.0
practical,4.48,en,wordfreq,0,2.75
practicality,2.96,en,wordfreq,0,4.45
practically,4.19,en,wordfreq,0,3.2
practice,5.06,en,wordfreq,1,2.5
practiced,3.82,en,wordfreq,2,3.05
practices,4.55,en,wordfreq,1,2.8
practicing,3.99,en,wordfreq,1,3.5
practise,3.52,en,wordfreq,1,2.55
practised,3.33,en,wordfreq,1,2.9
practising,3.4,en,wordfreq,1,3.45
practitioner,3.63,en,wordfreq,0,4.5
practitioners,3.8,en,wordfreq,0,4.9
prada,3.21,en,wordfreq,0,2.0
pradesh,3.63,en,wordfreq,0,2.85
pragmatic,3.49,en,wordfreq,0,3.55
pragmatism,2.97,en,wordfreq,0,4.4
prague,3.65,en,wordfreq,1,2.35
prairie,3.7,en,wordfreq,0,2.95
praise,4.31,en,wordfreq,0,1.85
praised,4.02,en,wordfreq,1,1.85
praises,3.51,en,wordfreq,1,1.85
praising,3.6,en,wordfreq,0,1.95
prank,3.7,en,wordfreq,4,1.7
pranks,3.17,en,wordfreq,2,1.8
prasad,3.05,en,wordfreq,0,2.75
pratt,3.59,en,wordfreq,1,1.95
prawns,2.96,en,wordfreq,0,1.95
pray,4.4,en,wordfreq,7,1.4
prayed,3.67,en,wordfreq,2,1.8
prayer,4.42,en,wordfreq,2,1.8
prayers,4.12,en,wordfreq,1,2.0
praying,3.99,en,wordfreq,1,1.85
prays,3.1,en,wordfreq,2,1.7
prc,3.12,en,wordfreq,17,1.0
pre,4.95,en,wordfreq,15,1.0
preach,3.69,en,wordfreq,1,1.85
preached,3.37,en,wordfreq,2,2.1
preacher,3.68,en,wordfreq,1,2.35
preachers,3.25,en,wordfreq,0,2.6
preaching,3.69,en,wordfreq,1,2.5
precarious,3.27,en,wordfreq,0,3.7
precaution,3.4,en,wordfreq,0,3.05
precautionary,2.99,en,wordfreq,0,4.8
precautions,3.59,en,wordfreq,0,3.3
preceded,3.68,en,wordfreq,1,2.65
precedence,3.33,en,wordfreq,0,3.05
precedent,3.78,en,wordfreq,0,2.85
precedents,2.96,en,wordfreq,0,3.2
precedes,3.02,en,wordfreq,1,2.8
preceding,3.74,en,wordfreq,0,2.65
precinct,3.61,en,wordfreq,0,3.15
precincts,3.08,en,wordfreq,0,3.4
precious,4.33,en,wordfreq,1,2.8
precipitated,2.99,en,wordfreq,0,4.65
precipitation,3.64,en,wordfreq,0,4.65
precise,4.13,en,wordfreq,1,2.45
precisely,4.2,en,wordfreq,0,3.7
precision,4.01,en,wordfreq,0,2.85
preclude,3.03,en,wordfreq,0,3.3
precursor,3.44,en,wordfreq,0,3.75
precursors,3.04,en,wordfreq,0,4.05
predator,3.71,en,wordfreq,0,2.65
predators,3.74,en,wordfreq,1,2.95
predatory,3.39,en,wordfreq,1,3.2
predecessor,3.82,en,wordfreq,0,4.5
predecessors,3.59,en,wordfreq,0,4.6
predetermined,3.3,en,wordfreq,0,5.4
predicament,3.28,en,wordfreq,0,4.15
predicated,3.0,en,wordfreq,0,2.85
predict,4.08,en,wordfreq,0,2.55
predictable,3.76,en,wordfreq,1,3.6
predictably,3.0,en,wordfreq,1,3.85
predicted,4.12,en,wordfreq,0,2.65
predicting,3.62,en,wordfreq,0,2.85
prediction,3.96,en,wordfreq,0,2.65
predictions,3.94,en,wordfreq,0,2.75
predictive,3.37,en,wordfreq,0,3.0
predictor,3.12,en,wordfreq,0,2.7
predicts,3.43,en,wordfreq,0,2.65
predominant,3.28,en,wordfreq,0,4.45
predominantly,3.8,en,wordfreq,0,5.45
preface,3.39,en,wordfreq,0,2.75
prefect,3.09,en,wordfreq,0,2.35
prefecture,3.17,en,wordfreq,0,3.9
prefer,4.57,en,wordfreq,0,2.15
preferable,3.44,en,wordfreq,1,3.6
preferably,3.71,en,wordfreq,1,3.8
preference,4.11,en,wordfreq,0,2.85
preferences,3.88,en,wordfreq,0,3.2
preferential,3.21,en,wordfreq,0,4.5
preferred,4.35,en,wordfreq,0,2.8
preferring,3.33,en,wordfreq,0,3.2
prefers,3.67,en,wordfreq,0,2.45
prefix,3.23,en,wordfreq,0,2.8
pregnancies,3.31,en,wordfreq,0,4.55
pregnancy,4.33,en,wordfreq,0,3.7
pregnant,4.56,en,wordfreq,0,2.85
prehistoric,3.42,en,wordfreq,0,4.6
prejudice,3.79,en,wordfreq,0,3.5
prejudiced,3.05,en,wordfreq,1,3.65
prejudices,3.22,en,wordfreq,1,3.8
preliminary,4.16,en,wordfreq,0,4.75
prelude,3.3,en,wordfreq,0,2.8
prem,3.28,en,wordfreq,5,1.65
premature,3.7,en,wordfreq,0,3.05
prematurely,3.31,en,wordfreq,0,4.45
premier,4.56,en,wordfreq,0,2.35
premiere,4.16,en,wordfreq,1,2.55
premiered,3.32,en,wordfreq,1,2.7
premieres,3.25,en,wordfreq,1,2.8
premiers,3.12,en,wordfreq,1,2.45
premiership,3.61,en,wordfreq,0,4.25
premise,3.82,en,wordfreq,2,2.25
premises,4.02,en,wordfreq,1,2.25
premium,4.33,en,wordfreq,0,2.8
premiums,3.75,en,wordfreq,0,2.95
prenatal,3.16,en,wordfreq,0,2.95
prentice,3.14,en,wordfreq,0,2.8
preoccupied,3.26,en,wordfreq,0,4.8
preorder,3.03,en,wordfreq,0,2.95
prep,3.94,en,wordfreq,5,1.6
prepaid,3.3,en,wordfreq,0,2.7
preparation,4.32,en,wordfreq,0,3.15
preparations,3.87,en,wordfreq,0,3.4
preparatory,3.44,en,wordfreq,0,4.2
prepare,4.55,en,wordfreq,0,2.65
prepared,4.74,en,wordfreq,1,2.6
preparedness,3.32,en,wordfreq,0,5.15
prepares,3.66,en,wordfreq,1,2.8
preparing,4.33,en,wordfreq,0,2.85
preposterous,3.13,en,wordfreq,0,4.9
prepping,3.18,en,wordfreq,0,2.25
prequel,3.19,en,wordfreq,0,2.9
prerequisite,3.24,en,wordfreq,0,5.45
prerequisites,2.96,en,wordfreq,0,5.8
prerogative,3.08,en,wordfreq,0,4.15
pres,3.6,en,wordfreq,8,1.35
presbyterian,3.6,en,wordfreq,0,5.75
preschool,3.51,en,wordfreq,0,3.9
prescott,3.42,en,wordfreq,0,3.55
prescribe,3.39,en,wordfreq,0,3.3
prescribed,3.91,en,wordfreq,0,3.25
prescribing,3.21,en,wordfreq,0,3.65
prescription,4.0,en,wordfreq,0,3.35
prescriptions,3.43,en,wordfreq,0,3.55
preseason,3.65,en,wordfreq,0,3.65
presence,4.73,en,wordfreq,0,2.55
present,5.18,en,wordfreq,1,1.9
presentation,4.31,en,wordfreq,0,3.4
presentations,3.61,en,wordfreq,0,3.6
presented,4.75,en,wordfreq,2,2.3
presenter,3.77,en,wordfreq,1,2.5
presenters,3.31,en,wordfreq,0,3.0
presenting,4.08,en,wordfreq,1,2.75
presently,3.72,en,wordfreq,0,2.9
presents,4.41,en,wordfreq,1,2.25
preservation,4.01,en,wordfreq,0,3.4
preserve,4.19,en,wordfreq,0,2.5
preserved,4.07,en,wordfreq,1,2.45
preserves,3.36,en,wordfreq,1,2.55
preserving,3.73,en,wordfreq,0,2.85
preside,2.99,en,wordfreq,0,2.2
presided,3.41,en,wordfreq,0,2.45
presidency,4.16,en,wordfreq,0,3.1
president,5.45,en,wordfreq,0,2.45
presidential,4.52,en,wordfreq,0,4.0
presidents,4.08,en,wordfreq,0,2.65
presiding,3.46,en,wordfreq,0,2.7
presley,3.27,en,wordfreq,0,2.7
press,5.16,en,wordfreq,1,1.9
pressed,4.12,en,wordfreq,2,1.9
presses,3.52,en,wordfreq,2,1.95
pressing,4.08,en,wordfreq,1,1.95
pressure,5.01,en,wordfreq,0,2.6
pressured,3.5,en,wordfreq,1,2.55
pressures,3.91,en,wordfreq,1,2.65
pressuring,3.13,en,wordfreq,0,3.0
pressurized,3.03,en,wordfreq,0,4.05
prestige,3.75,en,wordfreq,0,2.85
prestigious,3.86,en,wordfreq,0,4.5
preston,3.79,en,wordfreq,0,2.65
presumably,4.06,en,wordfreq,0,4.2
presume,3.62,en,wordfreq,0,2.55
presumed,3.62,en,wordfreq,0,2.55
presumption,3.22,en,wordfreq,0,3.65
pretend,4.33,en,wordfreq,0,2.65
pretended,3.57,en,wordfreq,0,2.7
pretending,4.06,en,wordfreq,0,2.85
pretends,3.32,en,wordfreq,0,2.7
pretense,3.01,en,wordfreq,0,2.8
pretentious,3.17,en,wordfreq,0,3.8
pretext,3.27,en,wordfreq,0,2.7
pretoria,3.34,en,wordfreq,0,3.4
prettier,3.32,en,wordfreq,0,2.9
prettiest,3.29,en,wordfreq,0,3.65
pretty,5.38,en,wordfreq,0,2.25
pretzel,2.98,en,wordfreq,0,2.85
pretzels,2.96,en,wordfreq,0,3.0
prevail,3.55,en,wordfreq,0,2.75
prevailed,3.41,en,wordfreq,0,2.9
prevailing,3.55,en,wordfreq,0,2.95
prevails,3.09,en,wordfreq,0,2.85
prevalence,3.66,en,wordfreq,0,3.6
prevalent,3.78,en,wordfreq,0,3.5
prevent,4.79,en,wordfreq,1,2.1
preventable,3.15,en,wordfreq,0,3.8
preventative,3.13,en,wordfreq,0,4.1
prevented,4.09,en,wordfreq,1,2.6
preventing,4.12,en,wordfreq,1,2.75
prevention,4.28,en,wordfreq,0,2.9
preventive,3.5,en,wordfreq,0,3.2
prevents,3.89,en,wordfreq,1,2.55
preview,3.96,en,wordfreq,0,2.7
previews,3.33,en,wordfreq,0,2.65
previous,5.0,en,wordfreq,1,2.75
previously,4.83,en,wordfreq,0,3.9
prey,3.98,en,wordfreq,7,1.5
pri,3.09,en,wordfreq,16,1.0
price,5.23,en,wordfreq,5,1.5
priced,3.97,en,wordfreq,4,1.75
priceless,3.58,en,wordfreq,0,3.15
prices,4.88,en,wordfreq,4,1.7
pricey,3.34,en,wordfreq,2,1.85
pricing,4.04,en,wordfreq,0,2.0
prick,3.6,en,wordfreq,4,1.65
prickly,3.03,en,wordfreq,0,2.45
pricks,3.03,en,wordfreq,3,1.75
pride,4.49,en,wordfreq,4,1.75
priest,4.33,en,wordfreq,0,1.95
priestess,2.95,en,wordfreq,0,3.5
priesthood,3.3,en,wordfreq,0,4.45
priests,4.01,en,wordfreq,0,2.5
prima,3.34,en,wordfreq,2,1.85
primal,3.32,en,wordfreq,0,2.25
primaries,3.49,en,wordfreq,0,3.5
primarily,4.48,en,wordfreq,0,3.6
primary,4.88,en,wordfreq,0,2.6
primate,3.14,en,wordfreq,1,2.3
primates,3.2,en,wordfreq,0,2.6
prime,4.81,en,wordfreq,7,1.55
primed,3.15,en,wordfreq,3,1.8
primer,3.5,en,wordfreq,1,1.9
primetime,3.21,en,wordfreq,0,3.6
primitive,3.8,en,wordfreq,0,3.5
primo,2.99,en,wordfreq,3,1.85
primordial,3.07,en,wordfreq,0,4.4
prince,4.72,en,wordfreq,0,1.9
princes,3.69,en,wordfreq,0,1.95
princess,4.53,en,wordfreq,0,2.6
princesses,3.32,en,wordfreq,0,3.55
princeton,3.85,en,wordfreq,0,3.85
principal,4.52,en,wordfreq,0,3.5
principally,3.4,en,wordfreq,0,3.8
principals,3.47,en,wordfreq,0,3.8
principle,4.34,en,wordfreq,0,3.3
principled,3.01,en,wordfreq,1,3.55
principles,4.42,en,wordfreq,1,3.35
print,4.54,en,wordfreq,2,1.75
printed,4.4,en,wordfreq,3,1.85
printer,3.93,en,wordfreq,3,1.75
printers,3.62,en,wordfreq,2,2.0
printing,4.28,en,wordfreq,2,1.85
prints,4.08,en,wordfreq,2,1.75
prior,4.85,en,wordfreq,1,1.9
priorities,4.06,en,wordfreq,0,3.75
prioritize,3.31,en,wordfreq,0,4.35
priority,4.41,en,wordfreq,0,3.0
priory,3.03,en,wordfreq,0,2.5
priscilla,3.12,en,wordfreq,0,4.15
prism,3.44,en,wordfreq,0,2.0
prison,4.8,en,wordfreq,1,1.9
prisoner,4.2,en,wordfreq,0,2.85
prisoners,4.37,en,wordfreq,0,3.2
prisons,3.83,en,wordfreq,1,2.4
pristine,3.33,en,wordfreq,0,2.7
pritchard,3.17,en,wordfreq,0,3.55
prius,3.05,en,wordfreq,0,1.95
privacy,4.36,en,wordfreq,0,2.8
private,5.19,en,wordfreq,1,2.6
privately,4.01,en,wordfreq,0,3.7
privatisation,3.1,en,wordfreq,1,4.65
privatization,3.27,en,wordfreq,1,4.55
privilege,4.2,en,wordfreq,0,3.7
privileged,3.81,en,wordfreq,1,4.25
privileges,3.76,en,wordfreq,1,4.2
privy,3.46,en,wordfreq,0,2.0
prix,3.76,en,wordfreq,0,1.95
prize,4.59,en,wordfreq,3,1.75
prized,3.34,en,wordfreq,3,1.8
prizes,4.01,en,wordfreq,2,1.85
pro,4.94,en,wordfreq,8,1.05
proactive,3.41,en,wordfreq,0,2.85
prob,3.41,en,wordfreq,7,1.5
probabilities,3.16,en,wordfreq,0,4.95
probability,4.02,en,wordfreq,0,3.85
probable,3.79,en,wordfreq,1,2.8
probably,5.37,en,wordfreq,1,3.2
probate,3.16,en,wordfreq,0,2.5
probation,3.79,en,wordfreq,0,2.9
probe,3.99,en,wordfreq,3,1.7
probes,3.43,en,wordfreq,1,1.85
probing,3.21,en,wordfreq,1,2.1
problem,5.4,en,wordfreq,0,2.8
problematic,3.87,en,wordfreq,0,4.7
problems,5.19,en,wordfreq,0,2.85
proc,3.21,en,wordfreq,8,1.4
procedural,3.51,en,wordfreq,0,4.55
procedure,4.44,en,wordfreq,0,3.45
procedures,4.36,en,wordfreq,0,3.45
proceed,4.18,en,wordfreq,0,2.45
proceeded,3.87,en,wordfreq,0,2.9
proceeding,3.66,en,wordfreq,0,2.95
proceedings,4.18,en,wordfreq,0,3.7
proceeds,4.05,en,wordfreq,0,2.8
process,5.26,en,wordfreq,1,2.2
processed,3.96,en,wordfreq,2,2.4
processes,4.46,en,wordfreq,1,2.55
processing,4.46,en,wordfreq,0,2.75
procession,3.57,en,wordfreq,1,2.65
processor,3.87,en,wordfreq,1,2.6
processors,3.56,en,wordfreq,1,2.85
proclaim,3.27,en,wordfreq,0,3.4
proclaimed,3.77,en,wordfreq,0,3.45
proclaiming,3.22,en,wordfreq,0,3.65
proclaims,2.96,en,wordfreq,0,3.5
proclamation,3.44,en,wordfreq,0,4.2
procrastination,2.96,en,wordfreq,0,5.8
proctor,3.23,en,wordfreq,0,2.6
procure,3.16,en,wordfreq,0,2.75
procured,3.08,en,wordfreq,0,2.75
procurement,3.68,en,wordfreq,0,4.5
prod,3.25,en,wordfreq,7,1.45
prodigy,3.25,en,wordfreq,0,3.0
produce,4.78,en,wordfreq,1,2.35
produced,4.87,en,wordfreq,2,2.4
producer,4.44,en,wordfreq,2,2.5
producers,4.34,en,wordfreq,0,2.95
produces,4.19,en,wordfreq,3,2.4
producing,4.45,en,wordfreq,0,2.9
product,4.95,en,wordfreq,1,2.45
production,5.14,en,wordfreq,0,2.6
productions,3.92,en,wordfreq,0,2.8
productive,4.22,en,wordfreq,0,2.85
productivity,4.15,en,wordfreq,0,4.65
products,5.04,en,wordfreq,1,2.45
prof,4.12,en,wordfreq,7,1.55
profane,2.96,en,wordfreq,1,2.7
profanity,3.06,en,wordfreq,0,3.7
professed,3.12,en,wordfreq,1,2.65
profession,4.13,en,wordfreq,1,2.8
professional,5.05,en,wordfreq,0,3.5
professionalism,3.4,en,wordfreq,0,5.75
professionally,3.76,en,wordfreq,0,4.85
professionals,4.24,en,wordfreq,0,3.95
professions,3.53,en,wordfreq,0,3.0
professor,4.9,en,wordfreq,1,2.9
professors,3.92,en,wordfreq,1,3.1
proficiency,3.43,en,wordfreq,0,4.3
proficient,3.29,en,wordfreq,0,3.6
profile,4.82,en,wordfreq,0,2.55
profiled,3.03,en,wordfreq,1,2.7
profiles,3.89,en,wordfreq,1,2.6
profiling,3.34,en,wordfreq,1,2.8
profit,4.7,en,wordfreq,0,2.6
profitability,3.5,en,wordfreq,0,4.9
profitable,4.03,en,wordfreq,0,3.7
profiting,2.96,en,wordfreq,1,2.7
profits,4.36,en,wordfreq,0,2.7
profound,3.94,en,wordfreq,0,2.85
profoundly,3.51,en,wordfreq,0,4.25
profusely,2.98,en,wordfreq,0,3.85
prog,3.15,en,wordfreq,8,1.55
progeny,3.0,en,wordfreq,0,2.95
progesterone,3.01,en,wordfreq,0,4.9
prognosis,3.33,en,wordfreq,0,3.8
program,5.27,en,wordfreq,0,2.85
programmable,3.03,en,wordfreq,0,5.0
programme,4.57,en,wordfreq,0,3.15
programmed,3.71,en,wordfreq,2,3.4
programmer,3.56,en,wordfreq,2,3.55
programmers,3.45,en,wordfreq,0,3.9
programmes,4.07,en,wordfreq,2,3.4
programming,4.37,en,wordfreq,0,4.05
programs,4.9,en,wordfreq,0,3.1
progress,4.78,en,wordfreq,0,2.75
progressed,3.63,en,wordfreq,1,3.05
progresses,3.43,en,wordfreq,1,3.05
progressing,3.5,en,wordfreq,0,3.3
progression,3.9,en,wordfreq,0,3.1
progressive,4.34,en,wordfreq,0,3.15
progressively,3.48,en,wordfreq,0,4.45
progressives,3.34,en,wordfreq,0,3.8
prohibit,3.51,en,wordfreq,0,3.3
prohibited,3.99,en,wordfreq,0,3.55
prohibiting,3.32,en,wordfreq,0,3.5
prohibition,3.77,en,wordfreq,0,3.45
prohibitive,2.95,en,wordfreq,0,3.95
prohibits,3.42,en,wordfreq,0,3.4
project,5.22,en,wordfreq,1,2.4
projected,3.99,en,wordfreq,1,2.6
projectile,3.26,en,wordfreq,0,3.0
projectiles,3.07,en,wordfreq,0,3.35
projecting,3.58,en,wordfreq,1,2.55
projection,3.79,en,wordfreq,1,2.45
projections,3.71,en,wordfreq,1,2.5
projector,3.41,en,wordfreq,1,2.45
projectors,2.97,en,wordfreq,1,2.55
projects,4.81,en,wordfreq,1,2.4
proletariat,2.98,en,wordfreq,0,5.15
proliferation,3.61,en,wordfreq,0,4.9
prolific,3.6,en,wordfreq,0,3.75
prolly,3.04,en,wordfreq,0,1.95
prologue,3.23,en,wordfreq,0,3.3
prolong,3.21,en,wordfreq,0,2.7
prolonged,3.81,en,wordfreq,0,3.45
prom,3.78,en,wordfreq,10,1.3
promenade,3.17,en,wordfreq,0,3.8
prometheus,3.13,en,wordfreq,0,3.95
prominence,3.54,en,wordfreq,0,3.5
prominent,4.33,en,wordfreq,0,3.05
prominently,3.41,en,wordfreq,0,4.3
promise,4.71,en,wordfreq,1,2.2
promised,4.49,en,wordfreq,1,2.35
promises,4.25,en,wordfreq,2,2.35
promising,4.11,en,wordfreq,0,2.65
promo,3.81,en,wordfreq,2,1.75
promos,3.04,en,wordfreq,0,1.95
promote,4.56,en,wordfreq,0,2.1
promoted,4.15,en,wordfreq,3,2.35
promoter,3.56,en,wordfreq,2,2.55
promoters,3.36,en,wordfreq,0,2.7
promotes,3.79,en,wordfreq,2,2.3
promoting,4.28,en,wordfreq,1,2.55
promotion,4.41,en,wordfreq,0,2.7
promotional,3.87,en,wordfreq,0,3.45
promotions,3.78,en,wordfreq,0,2.75
prompt,3.86,en,wordfreq,0,2.4
prompted,3.88,en,wordfreq,1,2.5
prompting,3.45,en,wordfreq,1,2.8
promptly,3.84,en,wordfreq,0,3.1
prompts,3.34,en,wordfreq,0,2.55
promulgated,2.98,en,wordfreq,0,4.4
prone,3.93,en,wordfreq,6,1.7
pronoun,3.17,en,wordfreq,0,2.75
pronounce,3.66,en,wordfreq,0,3.15
pronounced,4.06,en,wordfreq,0,3.35
pronouns,3.42,en,wordfreq,0,2.85
pronunciation,3.51,en,wordfreq,0,5.0
proof,4.7,en,wordfreq,0,1.85
proofs,3.37,en,wordfreq,0,2.1
prop,3.77,en,wordfreq,11,1.3
propaganda,4.17,en,wordfreq,0,4.7
propagate,3.09,en,wordfreq,0,3.6
propagated,3.0,en,wordfreq,0,3.65
propagation,3.34,en,wordfreq,0,3.45
propane,3.21,en,wordfreq,1,2.7
propel,3.16,en,wordfreq,1,1.95
propelled,3.48,en,wordfreq,1,2.85
propeller,3.33,en,wordfreq,1,3.5
propensity,3.16,en,wordfreq,0,3.9
proper,4.72,en,wordfreq,1,1.85
properly,4.64,en,wordfreq,1,2.75
properties,4.65,en,wordfreq,0,3.7
property,5.11,en,wordfreq,1,2.75
prophecies,3.13,en,wordfreq,0,3.75
prophecy,3.71,en,wordfreq,0,3.15
prophet,3.98,en,wordfreq,0,2.6
prophetic,3.19,en,wordfreq,0,3.45
prophets,3.54,en,wordfreq,0,2.75
proponent,3.15,en,wordfreq,0,3.3
proponents,3.44,en,wordfreq,0,3.6
proportion,4.11,en,wordfreq,0,2.9
proportional,3.6,en,wordfreq,0,3.9
proportionate,3.04,en,wordfreq,0,5.15
proportions,3.66,en,wordfreq,0,3.1
proposal,4.47,en,wordfreq,0,3.05
proposals,4.2,en,wordfreq,0,3.55
propose,3.99,en,wordfreq,0,2.3
proposed,4.71,en,wordfreq,1,2.55
proposes,3.67,en,wordfreq,1,2.55
proposing,3.69,en,wordfreq,0,2.85
proposition,3.85,en,wordfreq,0,3.15
propositions,3.07,en,wordfreq,0,3.55
propped,3.05,en,wordfreq,2,1.85
proprietary,3.67,en,wordfreq,0,4.7
proprietor,3.31,en,wordfreq,0,4.2
proprietors,2.97,en,wordfreq,0,4.4
props,3.72,en,wordfreq,2,1.75
propulsion,3.46,en,wordfreq,0,3.6
pros,3.87,en,wordfreq,10,1.25
prose,3.72,en,wordfreq,4,1.65
prosecute,3.54,en,wordfreq,0,2.95
prosecuted,3.61,en,wordfreq,0,3.15
prosecuting,3.36,en,wordfreq,0,3.2
prosecution,4.06,en,wordfreq,0,2.9
prosecutions,3.25,en,wordfreq,0,3.15
prosecutor,3.94,en,wordfreq,0,3.1
prosecutors,3.64,en,wordfreq,0,3.2
prospect,4.13,en,wordfreq,0,2.65
prospecting,2.96,en,wordfreq,0,3.1
prospective,3.87,en,wordfreq,0,3.15
prospects,4.07,en,wordfreq,0,2.65
prospectus,3.22,en,wordfreq,0,3.4
prosper,3.45,en,wordfreq,0,2.45
prosperity,3.91,en,wordfreq,0,3.5
prosperous,3.6,en,wordfreq,0,3.75
prostate,3.67,en,wordfreq,0,2.85
prosthetic,3.22,en,wordfreq,0,4.05
prostitute,3.58,en,wordfreq,0,3.5
prostitutes,3.55,en,wordfreq,0,3.75
prostitution,3.72,en,wordfreq,0,3.85
protagonist,3.67,en,wordfreq,0,4.55
protagonists,3.29,en,wordfreq,0,5.05
protect,4.92,en,wordfreq,2,2.2
protected,4.51,en,wordfreq,2,2.45
protecting,4.3,en,wordfreq,2,2.55
protection,4.85,en,wordfreq,1,2.5
protections,3.64,en,wordfreq,1,2.55
protective,4.13,en,wordfreq,0,2.7
protector,3.68,en,wordfreq,1,2.35
protectors,3.15,en,wordfreq,2,2.45
protects,3.75,en,wordfreq,2,2.3
protein,4.53,en,wordfreq,0,2.7
proteins,4.1,en,wordfreq,0,2.75
protest,4.45,en,wordfreq,1,2.1
protestant,3.81,en,wordfreq,0,3.3
protestantism,2.97,en,wordfreq,0,5.4
protestants,3.35,en,wordfreq,0,3.5
protested,3.59,en,wordfreq,2,2.5
protester,3.11,en,wordfreq,1,2.55
protesters,4.0,en,wordfreq,1,2.65
protesting,3.76,en,wordfreq,1,2.75
protestors,3.43,en,wordfreq,2,2.55
protests,4.2,en,wordfreq,1,2.3
proto,3.23,en,wordfreq,2,1.85
protocol,4.15,en,wordfreq,0,3.5
protocols,3.76,en,wordfreq,0,3.65
proton,3.42,en,wordfreq,1,1.85
protons,3.05,en,wordfreq,1,2.2
prototype,3.83,en,wordfreq,0,3.75
prototypes,3.25,en,wordfreq,0,4.05
protracted,3.26,en,wordfreq,0,3.4
protruding,3.06,en,wordfreq,0,3.7
proud,4.78,en,wordfreq,0,1.95
proudly,3.71,en,wordfreq,0,2.8
prove,4.77,en,wordfreq,6,1.55
proved,4.48,en,wordfreq,2,1.85
proven,4.33,en,wordfreq,2,1.85
provenance,3.15,en,wordfreq,0,3.6
provence,3.04,en,wordfreq,1,2.6
proverb,3.14,en,wordfreq,0,2.5
proverbial,3.13,en,wordfreq,0,4.25
proverbs,3.28,en,wordfreq,0,2.8
proves,4.06,en,wordfreq,4,1.75
provide,5.15,en,wordfreq,0,2.15
provided,5.02,en,wordfreq,2,2.4
providence,3.8,en,wordfreq,0,3.0
provider,4.1,en,wordfreq,2,2.6
providers,4.13,en,wordfreq,0,2.7
provides,4.8,en,wordfreq,2,2.35
providing,4.72,en,wordfreq,0,2.7
province,4.47,en,wordfreq,1,2.6
provinces,4.03,en,wordfreq,0,2.75
provincial,4.08,en,wordfreq,0,4.05
proving,4.0,en,wordfreq,1,1.9
provision,4.14,en,wordfreq,0,2.7
provisional,3.66,en,wordfreq,0,3.75
provisions,4.12,en,wordfreq,0,3.05
provocation,3.19,en,wordfreq,0,3.35
provocative,3.44,en,wordfreq,0,4.05
provoke,3.5,en,wordfreq,0,2.55
provoked,3.51,en,wordfreq,0,2.6
provoking,3.47,en,wordfreq,0,2.8
provost,3.15,en,wordfreq,0,2.7
prowess,3.35,en,wordfreq,1,2.5
proxies,3.08,en,wordfreq,0,2.6
proximal,3.17,en,wordfreq,0,3.6
proximity,3.88,en,wordfreq,0,3.75
proxy,3.73,en,wordfreq,0,1.95
prudence,3.08,en,wordfreq,0,2.9
prudent,3.41,en,wordfreq,0,2.65
prudential,3.08,en,wordfreq,0,3.8
prune,2.96,en,wordfreq,1,1.85
pruning,3.05,en,wordfreq,0,2.25
prussia,3.35,en,wordfreq,0,2.7
prussian,3.26,en,wordfreq,0,3.05
pry,3.08,en,wordfreq,11,1.25
pryor,3.16,en,wordfreq,1,1.95
ps,4.02,en,wordfreq,43,1.0
psa,3.48,en,wordfreq,23,1.0
psalm,3.56,en,wordfreq,0,1.95
psalms,3.32,en,wordfreq,0,2.5
psd,2.95,en,wordfreq,14,1.1
pseudo,3.61,en,wordfreq,0,3.0
pseudonym,3.1,en,wordfreq,0,4.7
psg,3.32,en,wordfreq,13,1.2
psi,3.45,en,wordfreq,15,1.1
psn,3.03,en,wordfreq,13,1.25
psp,3.23,en,wordfreq,21,1.0
pst,3.29,en,wordfreq,23,1.0
psu,2.98,en,wordfreq,15,1.1
psych,3.48,en,wordfreq,0,2.2
psyche,3.42,en,wordfreq,1,2.75
psychedelic,3.34,en,wordfreq,0,5.35
psychiatric,3.87,en,wordfreq,0,4.5
psychiatrist,3.7,en,wordfreq,0,5.05
psychiatrists,3.26,en,wordfreq,0,5.45
psychiatry,3.56,en,wordfreq,0,4.5
psychic,3.8,en,wordfreq,0,3.2
psycho,3.74,en,wordfreq,1,2.75
psychoanalysis,3.08,en,wordfreq,0,6.85
psychological,4.27,en,wordfreq,0,4.05
psychologically,3.35,en,wordfreq,0,5.25
psychologist,3.8,en,wordfreq,0,4.55
psychologists,3.56,en,wordfreq,0,4.85
psychology,4.31,en,wordfreq,0,3.85
psychopath,3.32,en,wordfreq,0,4.9
psychosis,3.24,en,wordfreq,0,4.0
psychotherapy,3.25,en,wordfreq,0,6.4
psychotic,3.43,en,wordfreq,0,3.7
pt,4.04,en,wordfreq,43,1.0
pta,3.04,en,wordfreq,15,1.0
pte,2.96,en,wordfreq,11,1.25
pts,3.47,en,wordfreq,18,1.0
ptsd,3.54,en,wordfreq,0,1.9
pty,3.22,en,wordfreq,6,1.55
pu,3.44,en,wordfreq,44,1.0
pub,4.23,en,wordfreq,12,1.25
puberty,3.47,en,wordfreq,0,2.8
pubic,3.07,en,wordfreq,1,2.25
public,5.57,en,wordfreq,0,2.65
publication,4.45,en,wordfreq,0,3.3
publications,4.27,en,wordfreq,0,3.6
publicist,3.07,en,wordfreq,0,3.65
publicity,4.0,en,wordfreq,0,3.65
publicized,3.21,en,wordfreq,0,3.85
publicly,4.28,en,wordfreq,0,3.55
publish,4.1,en,wordfreq,0,2.6
published,5.07,en,wordfreq,2,2.8
publisher,4.13,en,wordfreq,2,3.1
publishers,4.07,en,wordfreq,0,3.6
publishes,3.55,en,wordfreq,2,3.05
publishing,4.37,en,wordfreq,0,3.3
pubs,3.56,en,wordfreq,10,1.35
puck,3.63,en,wordfreq,12,1.35
pudding,3.61,en,wordfreq,2,1.9
puddle,3.26,en,wordfreq,3,2.05
pueblo,3.23,en,wordfreq,0,2.9
puerto,4.04,en,wordfreq,0,2.75
puff,3.55,en,wordfreq,6,1.6
puffs,3.08,en,wordfreq,3,1.8
puffy,3.13,en,wordfreq,3,1.85
pug,3.11,en,wordfreq,19,1.0
puget,2.98,en,wordfreq,0,2.0
puig,3.06,en,wordfreq,0,1.9
puke,3.28,en,wordfreq,7,1.65
pulitzer,3.35,en,wordfreq,0,3.5
pull,4.82,en,wordfreq,12,1.35
pulled,4.67,en,wordfreq,1,1.95
pulling,4.35,en,wordfreq,1,1.95
pullman,3.1,en,wordfreq,0,3.0
pulls,4.01,en,wordfreq,4,1.75
pulmonary,3.5,en,wordfreq,0,4.25
pulp,3.68,en,wordfreq,2,1.85
pulpit,3.23,en,wordfreq,0,2.75
pulse,4.06,en,wordfreq,1,1.9
pulses,3.37,en,wordfreq,1,1.9
puma,3.22,en,wordfreq,3,1.85
pump,4.28,en,wordfreq,11,1.25
pumped,3.79,en,wordfreq,3,1.85
pumping,3.81,en,wordfreq,3,1.9
pumpkin,3.83,en,wordfreq,0,3.0
pumpkins,3.19,en,wordfreq,0,3.15
pumps,3.83,en,wordfreq,4,1.7
pun,3.55,en,wordfreq,23,1.0
punch,4.32,en,wordfreq,5,1.75
punched,3.83,en,wordfreq,2,2.3
punches,3.66,en,wordfreq,3,2.15
punching,3.67,en,wordfreq,1,2.55
punctuated,2.98,en,wordfreq,0,3.75
punctuation,3.29,en,wordfreq,0,4.05
puncture,3.23,en,wordfreq,1,2.75
punctured,2.98,en,wordfreq,0,3.0
pundit,3.06,en,wordfreq,0,2.6
pundits,3.25,en,wordfreq,0,2.75
pune,3.34,en,wordfreq,11,1.3
punish,3.95,en,wordfreq,0,2.1
punishable,3.3,en,wordfreq,0,4.25
punished,4.0,en,wordfreq,0,2.5
punishing,3.5,en,wordfreq,0,2.6
punishment,4.34,en,wordfreq,0,4.25
punishments,3.38,en,wordfreq,0,4.6
punitive,3.39,en,wordfreq,0,3.1
punjab,3.69,en,wordfreq,0,2.9
punjabi,3.16,en,wordfreq,0,3.85
punk,4.2,en,wordfreq,11,1.35
punks,2.98,en,wordfreq,0,1.9
puns,3.14,en,wordfreq,15,1.1
punt,3.48,en,wordfreq,11,1.35
punter,3.05,en,wordfreq,1,1.95
pup,3.64,en,wordfreq,18,1.0
pupil,3.81,en,wordfreq,0,2.1
pupils,4.18,en,wordfreq,0,2.7
puppet,3.8,en,wordfreq,1,2.15
puppets,3.4,en,wordfreq,1,2.6
puppies,3.67,en,wordfreq,0,2.65
puppy,4.0,en,wordfreq,1,2.15
pups,3.32,en,wordfreq,6,1.5
purcell,3.04,en,wordfreq,0,2.75
purchase,4.71,en,wordfreq,0,3.05
purchased,4.47,en,wordfreq,2,3.2
purchaser,3.36,en,wordfreq,2,3.3
purchasers,3.16,en,wordfreq,0,3.65
purchases,4.11,en,wordfreq,2,3.05
purchasing,4.06,en,wordfreq,0,3.55
purdue,3.38,en,wordfreq,1,2.35
pure,4.64,en,wordfreq,6,1.55
purely,4.1,en,wordfreq,1,2.15
purest,3.21,en,wordfreq,0,2.0
purgatory,3.1,en,wordfreq,0,3.8
purge,3.57,en,wordfreq,2,1.75
purged,3.08,en,wordfreq,1,1.85
purification,3.29,en,wordfreq,0,3.3
purified,3.19,en,wordfreq,0,2.85
purify,3.06,en,wordfreq,1,2.6
puritan,3.01,en,wordfreq,0,2.95
purity,3.69,en,wordfreq,2,2.4
purple,4.32,en,wordfreq,0,2.35
purported,3.29,en,wordfreq,0,3.25
purportedly,2.99,en,wordfreq,0,4.55
purpose,4.88,en,wordfreq,0,2.6
purposeful,3.07,en,wordfreq,0,4.5
purposefully,3.08,en,wordfreq,0,5.0
purposely,3.44,en,wordfreq,0,3.55
purposes,4.51,en,wordfreq,0,2.75
purse,3.95,en,wordfreq,5,1.6
purses,3.07,en,wordfreq,3,1.75
pursuant,3.56,en,wordfreq,0,3.3
pursue,4.26,en,wordfreq,1,2.15
pursued,3.89,en,wordfreq,1,2.45
pursues,3.08,en,wordfreq,1,2.25
pursuing,3.96,en,wordfreq,0,2.65
pursuit,4.12,en,wordfreq,0,2.65
pursuits,3.35,en,wordfreq,0,2.85
pus,3.02,en,wordfreq,21,1.0
push,4.82,en,wordfreq,8,1.45
pushed,4.43,en,wordfreq,2,1.9
pushes,3.76,en,wordfreq,3,1.85
pushing,4.44,en,wordfreq,3,1.85
pushy,3.0,en,wordfreq,2,1.85
puss,3.03,en,wordfreq,9,1.4
pussies,3.23,en,wordfreq,1,2.45
pussy,4.24,en,wordfreq,2,1.85
put,5.66,en,wordfreq,21,1.0
putative,2.96,en,wordfreq,0,3.25
putin,4.13,en,wordfreq,0,2.0
putnam,3.31,en,wordfreq,0,3.0
puts,4.53,en,wordfreq,14,1.15
putt,3.15,en,wordfreq,4,1.75
putting,4.86,en,wordfreq,3,1.85
puzzle,3.96,en,wordfreq,1,2.5
puzzled,3.28,en,wordfreq,1,2.65
puzzles,3.55,en,wordfreq,1,2.75
puzzling,3.13,en,wordfreq,0,2.8
pv,3.4,en,wordfreq,38,1.0
pvc,3.21,en,wordfreq,8,1.45
pvp,3.04,en,wordfreq,12,1.25
pvt,3.16,en,wordfreq,10,1.35
pw,3.06,en,wordfreq,39,1.0
pyjamas,2.96,en,wordfreq,1,3.35
pyongyang,3.11,en,wordfreq,0,4.75
pyramid,3.75,en,wordfreq,0,2.9
pyramids,3.33,en,wordfreq,0,3.5
python,3.78,en,wordfreq,0,2.75
qa,3.23,en,wordfreq,31,1.0
qaeda,3.65,en,wordfreq,0,2.6
qatar,3.78,en,wordfreq,0,2.0
qb,3.81,en,wordfreq,28,1.0
qc,3.44,en,wordfreq,29,1.0
qi,3.29,en,wordfreq,31,1.0
qin,3.05,en,wordfreq,17,1.0
qing,3.12,en,wordfreq,12,1.3
qld,3.16,en,wordfreq,1,1.9
qpr,3.13,en,wordfreq,3,1.75
qr,3.09,en,wordfreq,30,1.0
qs,2.97,en,wordfreq,30,1.0
qt,3.21,en,wordfreq,30,1.0
qu,3.28,en,wordfreq,31,1.0
quack,3.06,en,wordfreq,2,1.9
quad,3.7,en,wordfreq,3,1.8
quadrant,3.28,en,wordfreq,0,3.4
quadratic,2.98,en,wordfreq,0,3.95
quadruple,3.15,en,wordfreq,0,4.8
quail,3.13,en,wordfreq,0,2.0
quaint,3.27,en,wordfreq,0,2.4
quake,3.45,en,wordfreq,0,1.95
quaker,3.15,en,wordfreq,0,2.2
quakers,2.95,en,wordfreq,0,2.45
qualcomm,3.0,en,wordfreq,0,4.0
qualification,3.88,en,wordfreq,0,3.55
qualifications,3.88,en,wordfreq,0,4.0
qualified,4.46,en,wordfreq,2,2.85
qualifier,3.41,en,wordfreq,2,3.15
qualifiers,3.27,en,wordfreq,0,3.45
qualifies,3.38,en,wordfreq,3,2.95
qualify,4.19,en,wordfreq,1,2.75
qualifying,4.01,en,wordfreq,0,3.55
qualitative,3.45,en,wordfreq,0,4.6
qualities,4.06,en,wordfreq,1,2.8
quality,5.11,en,wordfreq,2,2.6
quan,2.97,en,wordfreq,4,1.75
quantified,2.97,en,wordfreq,0,3.45
quantify,3.24,en,wordfreq,1,3.35
quantitative,3.73,en,wordfreq,0,5.15
quantities,3.86,en,wordfreq,0,3.55
quantity,4.07,en,wordfreq,1,2.95
quantum,4.07,en,wordfreq,0,3.15
quarantine,3.64,en,wordfreq,0,3.8
quarantined,2.95,en,wordfreq,0,4.5
quark,3.05,en,wordfreq,3,1.85
quarrel,3.31,en,wordfreq,0,2.7
quarries,3.06,en,wordfreq,0,2.8
quarry,3.6,en,wordfreq,0,2.1
quart,3.01,en,wordfreq,1,1.9
quarter,4.72,en,wordfreq,1,2.2
quarterback,3.95,en,wordfreq,0,4.8
quarterbacks,3.14,en,wordfreq,0,5.25
quarterfinals,3.14,en,wordfreq,0,5.65
quarterly,3.99,en,wordfreq,0,3.45
quartermaster,3.04,en,wordfreq,0,6.05
quarters,4.23,en,wordfreq,0,2.65
quartet,3.54,en,wordfreq,1,2.7
quartz,3.7,en,wordfreq,0,2.65
quasi,3.49,en,wordfreq,0,2.45
quay,3.26,en,wordfreq,2,1.9
que,3.84,en,wordfreq,8,1.5
quebec,3.97,en,wordfreq,0,2.8
queen,4.86,en,wordfreq,1,1.9
queens,4.06,en,wordfreq,0,2.65
queensland,4.23,en,wordfreq,0,4.8
queer,3.76,en,wordfreq,1,1.95
quell,3.0,en,wordfreq,1,1.95
quentin,3.49,en,wordfreq,0,2.95
queries,3.45,en,wordfreq,0,2.8
query,3.64,en,wordfreq,0,2.0
quest,4.27,en,wordfreq,1,1.9
question,5.35,en,wordfreq,0,2.8
questionable,3.78,en,wordfreq,0,4.3
questioned,4.02,en,wordfreq,0,3.55
questioning,4.04,en,wordfreq,0,3.85
questionnaire,3.44,en,wordfreq,0,5.85
questionnaires,3.03,en,wordfreq,0,6.05
questions,5.15,en,wordfreq,0,2.85
quests,3.14,en,wordfreq,1,2.05
queue,3.78,en,wordfreq,0,2.35
queues,3.21,en,wordfreq,0,2.55
queuing,3.05,en,wordfreq,0,2.9
qui,3.32,en,wordfreq,7,1.35
quick,4.98,en,wordfreq,3,1.85
quicker,3.92,en,wordfreq,0,2.25
quickest,3.42,en,wordfreq,0,3.15
quickly,5.0,en,wordfreq,0,2.7
quid,3.32,en,wordfreq,3,1.75
quiet,4.65,en,wordfreq,1,1.9
quieter,3.34,en,wordfreq,0,2.65
quietly,4.15,en,wordfreq,0,2.85
quill,3.11,en,wordfreq,2,1.9
quilt,3.25,en,wordfreq,4,1.75
quincy,3.41,en,wordfreq,0,2.75
quinn,3.9,en,wordfreq,0,2.0
quinoa,3.01,en,wordfreq,0,2.75
quintessential,3.03,en,wordfreq,0,6.45
quirk,3.13,en,wordfreq,2,1.8
quirks,2.96,en,wordfreq,1,2.6
quirky,3.53,en,wordfreq,1,2.45
quit,4.54,en,wordfreq,4,1.55
quite,5.29,en,wordfreq,3,1.8
quits,3.39,en,wordfreq,2,1.85
quitting,3.7,en,wordfreq,0,2.4
quiz,3.82,en,wordfreq,4,1.75
quizzes,3.05,en,wordfreq,0,3.0
quo,3.78,en,wordfreq,4,1.7
quorum,3.07,en,wordfreq,0,2.95
quot,3.09,en,wordfreq,1,1.8
quota,3.53,en,wordfreq,1,2.15
quotas,3.33,en,wordfreq,1,2.6
quotation,3.51,en,wordfreq,0,2.7
quotations,3.29,en,wordfreq,0,3.05
quote,4.51,en,wordfreq,2,1.75
quoted,4.21,en,wordfreq,1,1.9
quotes,4.25,en,wordfreq,2,2.25
quotient,2.95,en,wordfreq,0,3.4
quoting,3.72,en,wordfreq,0,2.15
quran,3.53,en,wordfreq,1,1.9
ra,3.9,en,wordfreq,46,1.0
rabbi,3.69,en,wordfreq,0,1.9
rabbis,3.07,en,wordfreq,1,2.35
rabbit,4.05,en,wordfreq,1,2.35
rabbits,3.68,en,wordfreq,0,2.6
rabble,3.01,en,wordfreq,1,1.95
rabid,3.13,en,wordfreq,1,1.9
rabies,3.24,en,wordfreq,1,1.95
rac,2.95,en,wordfreq,29,1.0
raccoon,3.27,en,wordfreq,0,3.0
race,5.08,en,wordfreq,13,1.0
racecourse,3.0,en,wordfreq,0,4.4
raced,3.59,en,wordfreq,8,1.35
racer,3.45,en,wordfreq,3,1.65
racers,3.22,en,wordfreq,1,1.85
races,4.38,en,wordfreq,9,1.25
racetrack,3.02,en,wordfreq,0,4.0
rachael,3.15,en,wordfreq,1,2.65
rachel,4.15,en,wordfreq,0,1.95
racial,4.3,en,wordfreq,2,1.95
racially,3.37,en,wordfreq,0,2.8
racine,2.96,en,wordfreq,2,1.9
racing,4.5,en,wordfreq,8,1.45
racism,4.25,en,wordfreq,1,2.35
racist,4.42,en,wordfreq,2,2.05
racists,3.43,en,wordfreq,1,2.55
rack,3.9,en,wordfreq,14,1.1
racked,3.03,en,wordfreq,9,1.4
racket,3.33,en,wordfreq,4,1.75
racking,3.15,en,wordfreq,7,1.4
racks,3.37,en,wordfreq,9,1.4
rad,3.5,en,wordfreq,29,1.0
radar,4.2,en,wordfreq,0,2.0
radcliffe,3.25,en,wordfreq,0,4.7
radial,3.45,en,wordfreq,1,1.95
radiance,3.04,en,wordfreq,0,2.75
radiant,3.49,en,wordfreq,0,2.6
radiate,2.96,en,wordfreq,0,2.65
radiating,3.03,en,wordfreq,0,2.9
radiation,4.27,en,wordfreq,0,2.55
radiator,3.34,en,wordfreq,0,2.75
radical,4.33,en,wordfreq,0,2.55
radically,3.54,en,wordfreq,0,2.65
radicals,3.5,en,wordfreq,0,2.8
radio,5.01,en,wordfreq,1,1.9
radioactive,3.72,en,wordfreq,0,4.3
radiohead,3.05,en,wordfreq,0,3.95
radiology,3.19,en,wordfreq,0,3.65
radios,3.41,en,wordfreq,2,2.1
radiotherapy,3.08,en,wordfreq,0,5.7
radius,3.86,en,wordfreq,1,2.3
rae,3.48,en,wordfreq,26,1.0
raf,3.64,en,wordfreq,16,1.0
rafa,3.13,en,wordfreq,4,1.75
rafael,3.67,en,wordfreq,0,2.8
raffle,3.19,en,wordfreq,1,2.6
raft,3.46,en,wordfreq,5,1.4
rafters,3.01,en,wordfreq,0,2.0
rag,3.55,en,wordfreq,30,1.0
rage,4.11,en,wordfreq,13,1.05
raged,3.06,en,wordfreq,6,1.5
rages,3.06,en,wordfreq,7,1.45
ragged,3.19,en,wordfreq,7,1.55
raging,3.65,en,wordfreq,7,1.55
rags,3.33,en,wordfreq,12,1.2
rah,3.06,en,wordfreq,24,1.0
rahman,3.3,en,wordfreq,0,2.25
rahul,3.36,en,wordfreq,1,2.2
rai,3.25,en,wordfreq,31,1.0
raid,4.19,en,wordfreq,8,1.2
raided,3.47,en,wordfreq,3,1.75
raider,3.31,en,wordfreq,1,1.85
raiders,3.93,en,wordfreq,0,1.9
raiding,3.27,en,wordfreq,3,1.75
raids,3.89,en,wordfreq,3,1.65
rail,4.41,en,wordfreq,13,1.1
railing,3.26,en,wordfreq,10,1.35
railings,3.0,en,wordfreq,1,1.9
railroad,4.32,en,wordfreq,0,3.6
railroads,3.47,en,wordfreq,0,3.8
rails,3.79,en,wordfreq,9,1.45
railway,4.46,en,wordfreq,0,2.75
railways,3.85,en,wordfreq,0,2.95
rain,4.71,en,wordfreq,12,1.0
rainbow,4.07,en,wordfreq,0,3.1
rainbows,3.19,en,wordfreq,0,3.65
rained,3.31,en,wordfreq,4,1.7
rainfall,3.82,en,wordfreq,0,3.55
rainforest,3.39,en,wordfreq,0,4.45
raining,3.72,en,wordfreq,5,1.65
rains,3.84,en,wordfreq,8,1.35
rainwater,3.0,en,wordfreq,0,3.9
rainy,3.74,en,wordfreq,1,1.9
raise,4.75,en,wordfreq,0,1.8
raised,4.84,en,wordfreq,3,1.75
raises,4.05,en,wordfreq,1,1.8
raisin,3.01,en,wordfreq,0,2.05
raising,4.43,en,wordfreq,4,1.65
raisins,3.14,en,wordfreq,1,2.35
raj,3.55,en,wordfreq,17,1.0
raja,3.31,en,wordfreq,4,1.75
rajasthan,3.33,en,wordfreq,0,4.45
rajiv,2.95,en,wordfreq,0,2.3
rake,3.38,en,wordfreq,15,1.1
raking,2.95,en,wordfreq,10,1.35
raleigh,3.59,en,wordfreq,0,3.15
rallied,3.27,en,wordfreq,1,2.35
rallies,3.64,en,wordfreq,1,2.35
rally,4.34,en,wordfreq,3,1.7
rallying,3.24,en,wordfreq,0,2.65
ralph,4.1,en,wordfreq,0,2.2
ram,4.19,en,wordfreq,35,1.0
rama,3.25,en,wordfreq,12,1.2
ramadan,3.21,en,wordfreq,0,2.95
raman,3.07,en,wordfreq,3,1.75
rambling,3.21,en,wordfreq,2,2.4
rambo,3.04,en,wordfreq,0,2.0
ramen,3.35,en,wordfreq,3,1.8
rami,2.95,en,wordfreq,7,1.5
ramifications,3.29,en,wordfreq,0,3.7
ramirez,3.35,en,wordfreq,0,3.0
rammed,3.04,en,wordfreq,1,1.9
ramon,3.35,en,wordfreq,6,1.65
ramona,2.99,en,wordfreq,0,2.25
ramos,3.47,en,wordfreq,2,1.8
ramp,3.83,en,wordfreq,8,1.3
rampage,3.4,en,wordfreq,0,2.9
rampant,3.55,en,wordfreq,0,2.8
ramps,3.28,en,wordfreq,3,1.6
rams,3.74,en,wordfreq,11,1.05
ramsay,3.49,en,wordfreq,1,2.7
ramsey,3.69,en,wordfreq,1,2.4
ran,4.87,en,wordfreq,37,1.0
rana,3.15,en,wordfreq,15,1.1
ranch,4.03,en,wordfreq,0,1.9
rancher,3.03,en,wordfreq,0,1.95
ranchers,3.07,en,wordfreq,0,2.4
rancho,3.2,en,wordfreq,1,2.45
rand,3.83,en,wordfreq,11,1.15
randall,3.67,en,wordfreq,0,2.65
randolph,3.53,en,wordfreq,0,3.7
random,4.58,en,wordfreq,2,2.35
randomized,3.34,en,wordfreq,0,4.7
randomly,3.97,en,wordfreq,0,3.55
randy,3.92,en,wordfreq,5,1.6
rang,3.72,en,wordfreq,20,1.0
range,5.12,en,wordfreq,1,1.55
ranged,3.74,en,wordfreq,6,1.6
ranger,3.88,en,wordfreq,7,1.45
rangers,4.23,en,wordfreq,2,1.8
ranges,4.05,en,wordfreq,2,1.7
ranging,4.19,en,wordfreq,5,1.7
rani,2.99,en,wordfreq,9,1.4
rank,4.44,en,wordfreq,13,1.05
ranked,4.35,en,wordfreq,4,1.8
rankin,3.18,en,wordfreq,0,1.95
ranking,4.19,en,wordfreq,4,1.65
rankings,3.97,en,wordfreq,0,2.4
ranks,4.23,en,wordfreq,6,1.55
ransom,3.68,en,wordfreq,1,2.7
rant,3.67,en,wordfreq,11,1.2
ranting,3.14,en,wordfreq,5,1.65
rants,3.12,en,wordfreq,4,1.6
rao,3.3,en,wordfreq,27,1.0
raoul,3.04,en,wordfreq,1,2.1
rap,4.12,en,wordfreq,29,1.0
rape,4.48,en,wordfreq,12,1.1
raped,4.08,en,wordfreq,6,1.6
rapes,3.36,en,wordfreq,7,1.45
raphael,3.39,en,wordfreq,1,2.8
rapid,4.38,en,wordfreq,2,1.8
rapidly,4.34,en,wordfreq,0,2.9
rapids,3.64,en,wordfreq,0,1.9
raping,3.54,en,wordfreq,8,1.5
rapist,3.62,en,wordfreq,1,2.05
rapists,3.34,en,wordfreq,1,2.55
rapper,3.96,en,wordfreq,1,1.85
rappers,3.51,en,wordfreq,0,2.2
rapping,3.25,en,wordfreq,5,1.6
rapport,3.17,en,wordfreq,0,2.7
raps,3.1,en,wordfreq,13,1.0
raptor,3.15,en,wordfreq,0,1.95
raptors,3.48,en,wordfreq,1,2.15
rapture,3.17,en,wordfreq,2,2.3
rare,4.77,en,wordfreq,13,1.2
rarely,4.42,en,wordfreq,1,1.95
rarer,3.05,en,wordfreq,1,1.9
rarest,3.07,en,wordfreq,0,2.0
rarity,3.36,en,wordfreq,1,2.15
ras,3.21,en,wordfreq,36,1.0
rascal,3.07,en,wordfreq,1,2.5
rash,3.67,en,wordfreq,10,1.2
rashid,3.12,en,wordfreq,0,2.3
rasmussen,3.13,en,wordfreq,0,4.25
raspberries,2.98,en,wordfreq,0,4.7
raspberry,3.5,en,wordfreq,0,4.0
rat,4.17,en,wordfreq,33,1.0
ratchet,3.15,en,wordfreq,1,2.1
rate,5.14,en,wordfreq,18,1.0
rated,4.3,en,wordfreq,8,1.5
rates,4.88,en,wordfreq,13,1.2
rather,5.32,en,wordfreq,3,1.85
ratification,3.14,en,wordfreq,0,3.15
ratified,3.41,en,wordfreq,0,2.9
rating,4.45,en,wordfreq,9,1.4
ratings,4.25,en,wordfreq,0,1.95
ratio,4.37,en,wordfreq,2,1.8
ration,3.17,en,wordfreq,2,1.75
rational,4.06,en,wordfreq,1,2.2
rationale,3.53,en,wordfreq,0,2.8
rationality,3.1,en,wordfreq,1,3.45
rationally,3.08,en,wordfreq,1,3.1
rationing,3.01,en,wordfreq,0,2.95
rations,3.24,en,wordfreq,1,1.85
ratios,3.63,en,wordfreq,2,1.8
raton,2.96,en,wordfreq,4,1.75
rats,4.05,en,wordfreq,14,1.0
rattle,3.35,en,wordfreq,2,1.9
rattled,3.16,en,wordfreq,1,2.45
rattling,3.2,en,wordfreq,1,2.5
raul,3.24,en,wordfreq,5,1.65
ravaged,3.17,en,wordfreq,0,2.6
rave,3.52,en,wordfreq,16,1.0
raven,3.79,en,wordfreq,2,1.75
ravens,3.66,en,wordfreq,1,1.9
ravi,3.3,en,wordfreq,3,1.75
ravine,3.15,en,wordfreq,2,1.9
raving,3.15,en,wordfreq,11,1.4
raw,4.53,en,wordfreq,24,1.0
ray,4.69,en,wordfreq,32,1.0
raymond,3.98,en,wordfreq,0,2.65
rayon,2.99,en,wordfreq,2,1.85
rays,4.03,en,wordfreq,15,1.05
razor,3.72,en,wordfreq,0,2.0
rb,3.7,en,wordfreq,43,1.0
rbi,3.47,en,wordfreq,8,1.45
rbs,3.16,en,wordfreq,16,1.0
rc,3.65,en,wordfreq,44,1.0
rca,3.2,en,wordfreq,8,1.4
rcmp,3.05,en,wordfreq,2,1.9
rd,4.11,en,wordfreq,44,1.0
re,5.23,en,wordfreq,45,1.0
rea,3.31,en,wordfreq,27,1.0
reach,4.94,en,wordfreq,7,1.5
reached,4.85,en,wordfreq,2,1.8
reaches,4.16,en,wordfreq,4,1.75
reaching,4.46,en,wordfreq,2,1.8
react,4.16,en,wordfreq,1,1.9
reacted,3.64,en,wordfreq,1,1.9
reacting,3.62,en,wordfreq,1,1.95
reaction,4.73,en,wordfreq,0,2.15
reactionary,3.22,en,wordfreq,0,3.85
reactions,4.24,en,wordfreq,0,2.4
reactive,3.54,en,wordfreq,0,2.6
reactor,3.83,en,wordfreq,1,2.05
reactors,3.52,en,wordfreq,1,2.25
reacts,3.57,en,wordfreq,0,1.95
read,5.54,en,wordfreq,11,1.05
readable,3.29,en,wordfreq,0,2.8
reader,4.34,en,wordfreq,4,1.75
readers,4.41,en,wordfreq,3,1.8
readership,3.12,en,wordfreq,1,3.7
readily,3.93,en,wordfreq,0,2.6
readiness,3.59,en,wordfreq,0,3.1
reading,5.14,en,wordfreq,5,1.65
readings,3.85,en,wordfreq,0,2.15
reads,4.25,en,wordfreq,6,1.55
ready,5.28,en,wordfreq,2,1.85
reaffirmed,3.12,en,wordfreq,0,3.85
reagan,3.95,en,wordfreq,0,2.2
real,5.6,en,wordfreq,13,1.1
realisation,3.2,en,wordfreq,1,3.1
realise,4.26,en,wordfreq,3,1.95
realised,4.08,en,wordfreq,2,2.3
realises,3.16,en,wordfreq,2,2.3
realising,3.41,en,wordfreq,1,2.8
realism,3.69,en,wordfreq,2,2.35
realist,3.26,en,wordfreq,2,2.2
realistic,4.16,en,wordfreq,0,3.0
realistically,3.33,en,wordfreq,0,4.75
realities,3.67,en,wordfreq,0,2.85
reality,4.89,en,wordfreq,0,2.4
realization,3.72,en,wordfreq,1,2.9
realize,4.83,en,wordfreq,1,2.3
realized,4.59,en,wordfreq,2,2.4
realizes,3.75,en,wordfreq,2,2.45
realizing,3.97,en,wordfreq,1,2.85
really,5.97,en,wordfreq,2,1.85
realm,4.06,en,wordfreq,0,1.9
realms,3.45,en,wordfreq,0,1.95
realtor,3.25,en,wordfreq,1,2.55
realtors,2.95,en,wordfreq,1,2.65
realty,3.36,en,wordfreq,1,1.9
reap,3.53,en,wordfreq,5,1.55
reaper,3.3,en,wordfreq,1,1.95
reaping,2.96,en,wordfreq,3,1.8
reappear,3.01,en,wordfreq,0,3.15
rear,4.43,en,wordfreq,15,1.15
reared,3.07,en,wordfreq,3,1.85
rearing,3.1,en,wordfreq,10,1.5
rearrange,3.01,en,wordfreq,0,3.65
reason,5.32,en,wordfreq,1,1.85
reasonable,4.59,en,wordfreq,1,3.35
reasonably,4.03,en,wordfreq,1,3.55
reasoned,3.31,en,wordfreq,1,2.75
reasoning,4.01,en,wordfreq,1,2.85
reasons,4.93,en,wordfreq,1,2.35
reassurance,3.27,en,wordfreq,0,3.95
reassure,3.3,en,wordfreq,0,2.65
reassured,3.11,en,wordfreq,0,2.7
reassuring,3.4,en,wordfreq,0,3.15
rebate,3.31,en,wordfreq,2,1.85
rebates,3.18,en,wordfreq,2,2.3
rebecca,3.96,en,wordfreq,0,3.35
rebekah,2.98,en,wordfreq,0,3.45
rebel,4.08,en,wordfreq,2,1.8
rebelled,2.95,en,wordfreq,1,2.65
rebellion,3.94,en,wordfreq,0,3.4
rebellious,3.36,en,wordfreq,0,4.4
rebels,4.07,en,wordfreq,0,1.95
rebirth,3.4,en,wordfreq,0,2.95
reboot,3.54,en,wordfreq,0,2.55
reborn,3.39,en,wordfreq,0,2.3
rebound,3.53,en,wordfreq,0,2.55
rebounding,3.0,en,wordfreq,1,2.9
rebounds,3.76,en,wordfreq,0,2.7
rebuild,3.9,en,wordfreq,1,2.85
rebuilding,3.71,en,wordfreq,0,3.5
rebuilt,3.62,en,wordfreq,1,2.8
rebuke,3.1,en,wordfreq,0,2.45
rebuttal,3.1,en,wordfreq,0,3.8
rec,3.62,en,wordfreq,24,1.0
recall,4.4,en,wordfreq,0,2.15
recalled,3.98,en,wordfreq,0,2.7
recalling,3.38,en,wordfreq,0,2.8
recalls,3.67,en,wordfreq,0,2.7
recap,3.45,en,wordfreq,0,1.95
recapture,3.2,en,wordfreq,0,3.15
receding,2.97,en,wordfreq,0,2.2
receipt,3.92,en,wordfreq,0,2.7
receipts,3.69,en,wordfreq,0,2.8
receive,4.85,en,wordfreq,1,2.05
received,5.16,en,wordfreq,3,2.25
receiver,4.09,en,wordfreq,2,2.45
receivers,3.67,en,wordfreq,0,2.65
receives,4.19,en,wordfreq,2,2.3
receiving,4.59,en,wordfreq,1,2.75
recent,5.04,en,wordfreq,4,1.8
recently,5.02,en,wordfreq,0,2.9
reception,4.23,en,wordfreq,1,2.3
receptionist,3.26,en,wordfreq,0,4.55
receptions,3.16,en,wordfreq,0,2.65
receptive,3.32,en,wordfreq,1,2.75
receptor,3.79,en,wordfreq,0,2.8
receptors,3.65,en,wordfreq,0,2.95
recess,3.53,en,wordfreq,0,2.05
recessed,2.99,en,wordfreq,0,2.6
recession,3.85,en,wordfreq,1,2.6
recharge,3.4,en,wordfreq,0,3.15
recipe,4.23,en,wordfreq,1,2.0
recipes,3.99,en,wordfreq,0,2.4
recipient,3.94,en,wordfreq,0,3.25
recipients,3.82,en,wordfreq,0,3.65
reciprocal,3.22,en,wordfreq,0,4.8
reciprocity,3.04,en,wordfreq,0,5.0
recital,3.28,en,wordfreq,0,2.6
recite,3.28,en,wordfreq,1,1.9
recited,3.14,en,wordfreq,0,1.95
reciting,3.12,en,wordfreq,0,2.0
reckless,3.82,en,wordfreq,0,2.8
recklessly,2.99,en,wordfreq,0,4.1
reckon,3.76,en,wordfreq,0,2.6
reckoned,3.26,en,wordfreq,0,2.9
reckoning,3.28,en,wordfreq,0,2.95
reclaim,3.44,en,wordfreq,0,2.8
reclaimed,3.33,en,wordfreq,0,2.75
reclaiming,3.03,en,wordfreq,0,2.9
reclamation,3.14,en,wordfreq,0,3.1
recognisable,2.97,en,wordfreq,1,4.5
recognise,3.92,en,wordfreq,1,3.1
recognised,4.07,en,wordfreq,2,3.2
recognises,3.18,en,wordfreq,2,3.3
recognising,3.18,en,wordfreq,1,3.6
recognition,4.47,en,wordfreq,0,3.75
recognizable,3.45,en,wordfreq,1,4.55
recognize,4.52,en,wordfreq,1,3.2
recognized,4.52,en,wordfreq,2,3.15
recognizes,3.74,en,wordfreq,2,3.3
recognizing,3.77,en,wordfreq,1,3.6
recoil,3.19,en,wordfreq,0,2.6
recollection,3.28,en,wordfreq,0,3.6
recollections,3.04,en,wordfreq,0,3.9
recombination,2.97,en,wordfreq,0,4.0
recommend,4.61,en,wordfreq,0,3.4
recommendation,4.09,en,wordfreq,0,4.4
recommendations,4.29,en,wordfreq,0,4.85
recommended,4.5,en,wordfreq,0,3.5
recommending,3.55,en,wordfreq,0,3.85
recommends,3.77,en,wordfreq,0,3.55
recon,3.24,en,wordfreq,0,1.9
reconcile,3.5,en,wordfreq,0,3.55
reconciled,3.18,en,wordfreq,0,3.65
reconciliation,3.72,en,wordfreq,0,4.95
reconnaissance,3.45,en,wordfreq,0,6.4
reconnect,3.17,en,wordfreq,0,3.75
reconsider,3.63,en,wordfreq,0,3.7
reconstruct,3.22,en,wordfreq,0,4.15
reconstructed,3.28,en,wordfreq,0,4.2
reconstruction,3.96,en,wordfreq,0,4.15
record,5.21,en,wordfreq,0,2.0
recorded,4.66,en,wordfreq,1,2.3
recorder,3.71,en,wordfreq,1,2.5
recorders,3.19,en,wordfreq,0,2.65
recording,4.51,en,wordfreq,0,2.45
recordings,3.9,en,wordfreq,0,3.25
records,4.9,en,wordfreq,0,2.35
recount,3.24,en,wordfreq,0,2.5
recounted,3.2,en,wordfreq,0,2.7
recounting,2.97,en,wordfreq,0,2.75
recounts,3.23,en,wordfreq,0,2.65
recoup,2.98,en,wordfreq,0,2.6
recourse,3.29,en,wordfreq,0,2.75
recover,4.29,en,wordfreq,1,2.2
recovered,4.25,en,wordfreq,0,2.65
recoveries,3.08,en,wordfreq,0,3.4
recovering,3.84,en,wordfreq,0,2.85
recovers,3.27,en,wordfreq,1,2.4
recovery,4.58,en,wordfreq,1,2.7
recreate,3.52,en,wordfreq,0,2.65
recreated,3.15,en,wordfreq,1,2.55
recreating,3.01,en,wordfreq,1,2.6
recreation,4.04,en,wordfreq,0,2.75
recreational,3.91,en,wordfreq,0,3.8
recruit,3.89,en,wordfreq,0,2.75
recruited,3.81,en,wordfreq,1,2.6
recruiter,3.26,en,wordfreq,1,3.0
recruiters,3.21,en,wordfreq,0,3.35
recruiting,3.99,en,wordfreq,0,2.8
recruitment,4.0,en,wordfreq,0,4.1
recruits,3.68,en,wordfreq,0,2.7
rectangle,3.24,en,wordfreq,0,3.8
rectangular,3.62,en,wordfreq,0,5.05
rectify,3.17,en,wordfreq,0,2.9
rector,3.34,en,wordfreq,3,1.8
rectum,2.96,en,wordfreq,0,2.9
recurrence,3.2,en,wordfreq,0,3.3
recurrent,3.24,en,wordfreq,0,3.35
recurring,3.71,en,wordfreq,0,2.65
recycle,3.35,en,wordfreq,0,2.8
recycled,3.56,en,wordfreq,0,2.85
recycling,3.76,en,wordfreq,0,2.9
red,5.32,en,wordfreq,27,1.0
redacted,3.05,en,wordfreq,0,2.5
redding,3.03,en,wordfreq,3,1.85
reddish,3.39,en,wordfreq,0,2.8
reddit,3.66,en,wordfreq,0,2.6
reddy,3.08,en,wordfreq,4,1.7
redeem,3.53,en,wordfreq,0,2.8
redeemed,3.34,en,wordfreq,1,2.8
redeemer,3.01,en,wordfreq,1,3.3
redeeming,3.01,en,wordfreq,0,3.0
redefine,3.09,en,wordfreq,0,2.8
redefined,2.99,en,wordfreq,0,2.8
redefining,2.95,en,wordfreq,0,3.4
redemption,3.82,en,wordfreq,0,3.15
redesign,3.42,en,wordfreq,0,3.3
redesigned,3.3,en,wordfreq,0,3.45
redevelopment,3.44,en,wordfreq,0,5.2
redhead,3.23,en,wordfreq,0,2.95
redirect,3.21,en,wordfreq,0,2.85
redirected,3.02,en,wordfreq,0,3.15
rediscovered,2.98,en,wordfreq,0,4.35
redistribution,3.27,en,wordfreq,0,4.45
redmond,3.21,en,wordfreq,0,2.55
redneck,3.13,en,wordfreq,0,3.05
redness,2.95,en,wordfreq,1,2.65
redo,3.19,en,wordfreq,3,1.75
redress,3.15,en,wordfreq,1,2.6
reds,3.91,en,wordfreq,9,1.3
redskins,3.63,en,wordfreq,0,3.2
reduce,4.73,en,wordfreq,2,2.0
reduced,4.64,en,wordfreq,2,2.15
reduces,3.98,en,wordfreq,1,2.45
reducing,4.36,en,wordfreq,0,2.75
reduction,4.39,en,wordfreq,2,2.3
reductions,3.63,en,wordfreq,1,2.55
redundancy,3.32,en,wordfreq,0,4.35
redundant,3.59,en,wordfreq,0,3.55
redwood,3.22,en,wordfreq,0,2.9
reece,3.14,en,wordfreq,1,1.9
reed,4.07,en,wordfreq,12,1.1
reeds,3.02,en,wordfreq,9,1.35
reef,3.83,en,wordfreq,4,1.7
reefs,3.36,en,wordfreq,2,1.75
reel,3.68,en,wordfreq,8,1.3
reelected,2.95,en,wordfreq,1,2.6
reelection,3.32,en,wordfreq,1,2.65
reeling,3.09,en,wordfreq,2,1.9
reels,3.12,en,wordfreq,4,1.6
rees,3.25,en,wordfreq,11,1.0
reese,3.49,en,wordfreq,3,1.8
reeves,3.52,en,wordfreq,0,2.0
ref,3.95,en,wordfreq,16,1.0
refer,4.45,en,wordfreq,1,1.85
referee,3.86,en,wordfreq,0,2.45
referees,3.43,en,wordfreq,0,2.55
reference,4.74,en,wordfreq,2,2.35
referenced,3.67,en,wordfreq,1,2.9
references,4.42,en,wordfreq,1,2.75
referencing,3.36,en,wordfreq,0,3.75
referendum,3.98,en,wordfreq,0,4.1
referral,3.6,en,wordfreq,0,2.8
referrals,3.2,en,wordfreq,0,3.45
referred,4.61,en,wordfreq,1,2.35
referring,4.35,en,wordfreq,0,2.75
refers,4.25,en,wordfreq,0,1.9
refill,3.24,en,wordfreq,0,2.75
refine,3.28,en,wordfreq,1,1.9
refined,3.83,en,wordfreq,1,1.9
refinement,3.2,en,wordfreq,0,3.65
refineries,3.14,en,wordfreq,0,3.75
refinery,3.49,en,wordfreq,0,2.9
refining,3.41,en,wordfreq,1,2.15
reflect,4.39,en,wordfreq,1,2.25
reflected,4.12,en,wordfreq,2,2.3
reflecting,3.93,en,wordfreq,0,2.6
reflection,4.17,en,wordfreq,2,2.4
reflections,3.67,en,wordfreq,0,2.65
reflective,3.58,en,wordfreq,0,2.65
reflector,3.0,en,wordfreq,0,2.7
reflects,4.11,en,wordfreq,0,2.4
reflex,3.44,en,wordfreq,1,2.5
reflexes,3.24,en,wordfreq,0,2.9
reflux,2.99,en,wordfreq,1,2.75
reform,4.53,en,wordfreq,0,2.3
reformation,3.53,en,wordfreq,1,3.1
reformed,3.61,en,wordfreq,2,2.25
reformer,3.13,en,wordfreq,1,2.4
reformers,3.13,en,wordfreq,0,2.75
reforming,3.26,en,wordfreq,0,2.65
reforms,4.06,en,wordfreq,0,2.4
refrain,3.63,en,wordfreq,0,2.75
refresh,3.65,en,wordfreq,0,2.85
refreshed,3.25,en,wordfreq,0,3.1
refreshing,3.83,en,wordfreq,0,3.45
refreshments,3.01,en,wordfreq,0,4.65
refrigerated,3.1,en,wordfreq,0,4.3
refrigeration,3.18,en,wordfreq,0,4.2
refrigerator,3.61,en,wordfreq,0,5.0
refrigerators,2.96,en,wordfreq,0,5.25
refs,3.68,en,wordfreq,3,1.7
refuge,3.91,en,wordfreq,2,2.05
refugee,3.98,en,wordfreq,0,2.5
refugees,4.26,en,wordfreq,0,2.8
refund,3.94,en,wordfreq,0,2.2
refunded,3.18,en,wordfreq,0,2.5
refunds,3.37,en,wordfreq,0,2.55
refurbished,3.39,en,wordfreq,0,4.45
refurbishment,3.11,en,wordfreq,0,5.35
refusal,3.83,en,wordfreq,0,2.85
refuse,4.39,en,wordfreq,2,1.75
refused,4.54,en,wordfreq,2,1.85
refuses,4.02,en,wordfreq,1,2.2
refusing,3.99,en,wordfreq,0,2.75
refute,3.14,en,wordfreq,2,1.9
refuted,3.07,en,wordfreq,2,1.85
reg,3.68,en,wordfreq,25,1.0
regain,3.73,en,wordfreq,2,1.85
regained,3.49,en,wordfreq,2,2.35
regaining,3.06,en,wordfreq,2,2.5
regal,3.34,en,wordfreq,3,1.8
regan,3.22,en,wordfreq,4,1.65
regard,4.36,en,wordfreq,2,1.95
regarded,4.29,en,wordfreq,2,2.4
regarding,4.67,en,wordfreq,1,2.7
regardless,4.48,en,wordfreq,0,3.75
regards,4.2,en,wordfreq,1,2.45
regency,3.25,en,wordfreq,0,2.75
regenerate,3.15,en,wordfreq,1,3.4
regeneration,3.61,en,wordfreq,1,3.35
regenerative,3.06,en,wordfreq,1,4.0
regent,3.45,en,wordfreq,3,1.8
regents,3.28,en,wordfreq,0,2.05
reggae,3.47,en,wordfreq,1,2.6
reggie,3.55,en,wordfreq,2,2.45
regime,4.3,en,wordfreq,0,2.0
regimen,3.29,en,wordfreq,1,2.6
regiment,3.93,en,wordfreq,0,2.45
regimental,3.0,en,wordfreq,0,3.5
regiments,3.3,en,wordfreq,0,2.55
regimes,3.53,en,wordfreq,1,2.3
regina,3.61,en,wordfreq,1,1.95
reginald,3.17,en,wordfreq,0,2.85
region,5.0,en,wordfreq,1,1.9
regional,4.72,en,wordfreq,0,2.65
regionally,2.99,en,wordfreq,0,3.5
regions,4.53,en,wordfreq,1,2.15
regis,3.2,en,wordfreq,1,1.95
register,4.59,en,wordfreq,0,2.65
registered,4.52,en,wordfreq,0,3.35
registering,3.46,en,wordfreq,0,3.7
registers,3.51,en,wordfreq,0,2.8
registrar,3.37,en,wordfreq,0,3.65
registration,4.32,en,wordfreq,0,3.7
registrations,3.13,en,wordfreq,0,4.05
registry,3.77,en,wordfreq,0,3.1
regression,3.5,en,wordfreq,1,3.0
regressive,2.96,en,wordfreq,1,3.15
regret,4.37,en,wordfreq,0,2.55
regrets,3.78,en,wordfreq,0,2.65
regrettable,2.96,en,wordfreq,0,4.25
regretted,3.41,en,wordfreq,0,2.9
regretting,3.05,en,wordfreq,0,3.15
regroup,3.06,en,wordfreq,0,3.3
regular,4.95,en,wordfreq,0,2.6
regularity,3.03,en,wordfreq,0,3.5
regularly,4.52,en,wordfreq,0,3.4
regulars,3.37,en,wordfreq,0,2.7
regulate,3.87,en,wordfreq,0,2.55
regulated,3.98,en,wordfreq,1,2.6
regulates,3.31,en,wordfreq,1,2.6
regulating,3.55,en,wordfreq,0,2.8
regulation,4.38,en,wordfreq,0,2.55
regulations,4.5,en,wordfreq,0,2.65
regulator,3.62,en,wordfreq,0,2.75
regulators,3.59,en,wordfreq,1,3.0
regulatory,4.23,en,wordfreq,1,3.2
rehab,3.79,en,wordfreq,0,2.25
rehabilitate,3.0,en,wordfreq,0,5.0
rehabilitated,2.97,en,wordfreq,0,5.1
rehabilitation,3.99,en,wordfreq,0,4.65
rehearsal,3.68,en,wordfreq,0,3.5
rehearsals,3.4,en,wordfreq,0,4.05
rehearsed,3.06,en,wordfreq,0,2.85
rehearsing,3.13,en,wordfreq,0,3.15
rei,3.12,en,wordfreq,25,1.0
reich,3.49,en,wordfreq,1,1.9
reid,3.99,en,wordfreq,4,1.6
reign,4.07,en,wordfreq,0,1.85
reigned,3.15,en,wordfreq,0,2.4
reigning,3.45,en,wordfreq,0,2.5
reigns,3.52,en,wordfreq,0,2.05
reilly,3.33,en,wordfreq,1,1.95
reimburse,3.06,en,wordfreq,0,3.75
reimbursed,3.05,en,wordfreq,0,3.95
reimbursement,3.35,en,wordfreq,0,5.35
rein,3.37,en,wordfreq,6,1.35
reincarnation,3.15,en,wordfreq,0,4.75
reindeer,3.32,en,wordfreq,0,2.9
reinforce,3.68,en,wordfreq,0,3.45
reinforced,3.83,en,wordfreq,1,3.3
reinforcement,3.43,en,wordfreq,0,4.3
reinforcements,3.48,en,wordfreq,0,4.85
reinforces,3.24,en,wordfreq,1,3.45
reinforcing,3.35,en,wordfreq,0,3.65
reinhardt,2.99,en,wordfreq,0,3.9
reins,3.31,en,wordfreq,3,1.75
reinstate,3.09,en,wordfreq,0,3.7
reinstated,3.35,en,wordfreq,0,3.65
reinstatement,2.99,en,wordfreq,0,4.7
reinvent,3.06,en,wordfreq,0,2.95
reissue,3.01,en,wordfreq,0,2.8
reiterate,3.13,en,wordfreq,0,3.2
reiterated,3.28,en,wordfreq,0,3.2
reject,4.03,en,wordfreq,0,1.9
rejected,4.37,en,wordfreq,0,2.0
rejecting,3.59,en,wordfreq,0,2.5
rejection,3.9,en,wordfreq,0,2.2
rejects,3.67,en,wordfreq,0,2.25
rejoice,3.46,en,wordfreq,0,2.9
rejoicing,2.97,en,wordfreq,0,3.0
rejoin,3.19,en,wordfreq,0,2.35
rejoined,3.02,en,wordfreq,0,2.6
rel,3.06,en,wordfreq,22,1.0
relapse,3.32,en,wordfreq,0,2.75
relatable,3.33,en,wordfreq,0,2.9
relate,4.24,en,wordfreq,1,1.85
related,5.1,en,wordfreq,4,1.7
relates,3.82,en,wordfreq,2,1.85
relating,4.21,en,wordfreq,1,1.95
relation,4.31,en,wordfreq,0,2.1
relational,3.23,en,wordfreq,0,2.9
relations,4.67,en,wordfreq,0,2.4
relationship,5.15,en,wordfreq,0,4.7
relationships,4.68,en,wordfreq,0,5.45
relative,4.48,en,wordfreq,0,2.45
relatively,4.66,en,wordfreq,0,3.4
relatives,4.2,en,wordfreq,0,2.7
relativity,3.34,en,wordfreq,0,3.4
relax,4.29,en,wordfreq,1,1.95
relaxation,3.71,en,wordfreq,0,2.8
relaxed,4.01,en,wordfreq,2,2.25
relaxing,3.9,en,wordfreq,1,2.55
relay,3.86,en,wordfreq,3,1.7
relayed,3.02,en,wordfreq,3,2.1
relays,3.19,en,wordfreq,1,1.95
release,5.09,en,wordfreq,0,2.5
released,5.05,en,wordfreq,1,2.1
releases,4.32,en,wordfreq,1,2.6
releasing,4.14,en,wordfreq,0,2.55
relegated,3.47,en,wordfreq,1,2.55
relegation,3.43,en,wordfreq,1,2.55
relentless,3.51,en,wordfreq,0,3.85
relentlessly,3.21,en,wordfreq,0,5.15
relevance,3.75,en,wordfreq,0,3.15
relevant,4.61,en,wordfreq,0,2.75
reliability,3.92,en,wordfreq,0,3.6
reliable,4.29,en,wordfreq,1,2.6
reliably,3.4,en,wordfreq,1,3.25
reliance,3.81,en,wordfreq,0,2.7
reliant,3.41,en,wordfreq,0,2.65
relic,3.37,en,wordfreq,0,1.95
relics,3.46,en,wordfreq,1,2.1
relied,3.82,en,wordfreq,2,1.85
relief,4.55,en,wordfreq,3,2.2
relies,3.81,en,wordfreq,3,1.8
relieve,3.77,en,wordfreq,1,2.2
relieved,3.95,en,wordfreq,2,2.3
reliever,3.1,en,wordfreq,2,2.3
relieving,3.22,en,wordfreq,1,2.75
religion,4.74,en,wordfreq,0,2.7
religions,3.91,en,wordfreq,1,2.7
religious,4.85,en,wordfreq,1,3.15
religiously,3.24,en,wordfreq,0,4.4
relinquish,3.12,en,wordfreq,0,4.65
relinquished,2.99,en,wordfreq,0,5.2
relish,3.32,en,wordfreq,0,2.0
relive,3.24,en,wordfreq,1,1.9
reload,3.26,en,wordfreq,0,2.5
relocate,3.44,en,wordfreq,0,2.55
relocated,3.42,en,wordfreq,0,2.55
relocating,3.2,en,wordfreq,0,2.7
relocation,3.57,en,wordfreq,0,2.6
reluctance,3.42,en,wordfreq,0,3.85
reluctant,3.81,en,wordfreq,0,3.5
reluctantly,3.45,en,wordfreq,0,4.5
rely,4.29,en,wordfreq,1,1.7
relying,3.81,en,wordfreq,0,1.95
rem,3.28,en,wordfreq,24,1.0
remade,3.01,en,wordfreq,1,1.95
remain,4.83,en,wordfreq,2,1.85
remainder,4.03,en,wordfreq,0,2.65
remained,4.62,en,wordfreq,2,2.1
remaining,4.63,en,wordfreq,2,2.5
remains,4.8,en,wordfreq,1,2.15
remake,3.79,en,wordfreq,2,2.05
remanded,3.21,en,wordfreq,2,2.35
remark,3.66,en,wordfreq,0,2.3
remarkable,4.29,en,wordfreq,1,3.6
remarkably,3.77,en,wordfreq,1,4.15
remarked,3.59,en,wordfreq,0,2.3
remarks,4.16,en,wordfreq,0,2.6
remarried,3.08,en,wordfreq,0,3.15
remastered,3.23,en,wordfreq,0,3.5
rematch,3.44,en,wordfreq,1,2.8
rembrandt,3.08,en,wordfreq,0,3.8
remedial,3.08,en,wordfreq,0,3.0
remediation,3.03,en,wordfreq,0,3.45
remedies,3.83,en,wordfreq,0,2.9
remedy,3.82,en,wordfreq,0,2.5
remember,5.38,en,wordfreq,0,2.85
remembered,4.33,en,wordfreq,0,3.65
remembering,3.94,en,wordfreq,0,4.1
remembers,3.93,en,wordfreq,0,3.25
remembrance,3.61,en,wordfreq,0,4.15
remind,4.37,en,wordfreq,1,1.9
reminded,4.17,en,wordfreq,2,2.25
reminder,4.12,en,wordfreq,1,2.45
reminders,3.36,en,wordfreq,0,2.7
reminding,3.73,en,wordfreq,0,2.75
reminds,4.22,en,wordfreq,0,2.4
remington,3.09,en,wordfreq,0,3.35
reminiscent,3.61,en,wordfreq,0,4.7
remission,3.19,en,wordfreq,0,2.55
remit,3.09,en,wordfreq,1,1.9
remix,3.99,en,wordfreq,1,1.95
remixes,3.09,en,wordfreq,0,2.5
remnant,3.3,en,wordfreq,0,2.6
remnants,3.51,en,wordfreq,0,2.85
remodeled,3.04,en,wordfreq,0,3.55
remodeling,3.16,en,wordfreq,0,3.55
remorse,3.49,en,wordfreq,0,2.65
remote,4.41,en,wordfreq,1,2.05
remotely,3.75,en,wordfreq,0,3.3
removable,3.29,en,wordfreq,0,3.15
removal,4.35,en,wordfreq,0,2.7
remove,4.71,en,wordfreq,1,2.05
removed,4.79,en,wordfreq,2,2.15
remover,2.98,en,wordfreq,3,2.25
removes,3.72,en,wordfreq,2,2.25
removing,4.26,en,wordfreq,0,2.75
remuneration,3.26,en,wordfreq,0,3.8
remy,3.27,en,wordfreq,1,1.85
ren,3.46,en,wordfreq,32,1.0
renaissance,3.87,en,wordfreq,0,4.65
renal,3.44,en,wordfreq,2,1.8
rename,3.18,en,wordfreq,0,1.95
renamed,3.54,en,wordfreq,0,2.2
renault,3.35,en,wordfreq,0,2.85
render,3.78,en,wordfreq,7,1.6
rendered,3.88,en,wordfreq,2,2.3
rendering,3.79,en,wordfreq,0,2.55
renders,3.3,en,wordfreq,5,1.7
rendezvous,3.32,en,wordfreq,0,4.5
rendition,3.45,en,wordfreq,0,2.85
rene,3.34,en,wordfreq,4,1.6
renee,3.35,en,wordfreq,1,1.9
renegade,3.23,en,wordfreq,0,3.1
renew,3.73,en,wordfreq,1,1.9
renewable,3.91,en,wordfreq,0,3.1
renewables,3.15,en,wordfreq,0,3.6
renewal,3.84,en,wordfreq,0,2.55
renewed,4.04,en,wordfreq,0,2.55
renewing,3.24,en,wordfreq,0,2.75
reno,3.52,en,wordfreq,5,1.7
renounce,3.19,en,wordfreq,1,2.6
renounced,3.0,en,wordfreq,1,2.55
renovate,3.05,en,wordfreq,0,2.75
renovated,3.56,en,wordfreq,0,2.8
renovating,2.99,en,wordfreq,0,2.85
renovation,3.74,en,wordfreq,0,2.75
renovations,3.4,en,wordfreq,0,2.85
renown,3.11,en,wordfreq,0,2.6
renowned,3.96,en,wordfreq,0,2.8
rent,4.58,en,wordfreq,16,1.0
rental,4.1,en,wordfreq,2,1.8
rentals,3.42,en,wordfreq,0,2.3
rented,3.88,en,wordfreq,2,1.9
renters,3.16,en,wordfreq,3,1.8
renting,3.62,en,wordfreq,3,1.85
rents,3.58,en,wordfreq,6,1.65
reopen,3.42,en,wordfreq,0,2.45
reopened,3.49,en,wordfreq,0,2.85
reopening,3.24,en,wordfreq,0,2.9
reorganization,3.33,en,wordfreq,0,4.35
reorganized,3.0,en,wordfreq,0,3.75
rep,4.35,en,wordfreq,20,1.0
repaid,3.29,en,wordfreq,1,1.95
repair,4.41,en,wordfreq,1,2.3
repaired,3.77,en,wordfreq,0,2.35
repairing,3.55,en,wordfreq,0,2.55
repairs,4.08,en,wordfreq,0,2.6
reparations,3.2,en,wordfreq,0,2.75
repatriation,3.06,en,wordfreq,0,3.65
repay,3.66,en,wordfreq,2,1.85
repayment,3.44,en,wordfreq,0,3.35
repayments,2.97,en,wordfreq,0,3.4
repeal,3.87,en,wordfreq,2,1.85
repealed,3.36,en,wordfreq,3,2.45
repealing,3.08,en,wordfreq,2,2.55
repeat,4.49,en,wordfreq,2,1.85
repeated,4.28,en,wordfreq,1,2.0
repeatedly,4.21,en,wordfreq,0,3.75
repeating,3.84,en,wordfreq,1,2.4
repeats,3.55,en,wordfreq,0,2.35
repel,3.2,en,wordfreq,2,1.8
repelled,2.98,en,wordfreq,2,2.35
repent,3.35,en,wordfreq,4,1.8
repentance,3.19,en,wordfreq,0,3.7
repercussions,3.39,en,wordfreq,0,5.0
repertoire,3.43,en,wordfreq,0,3.8
repertory,2.98,en,wordfreq,0,3.55
repetition,3.48,en,wordfreq,0,2.95
repetitive,3.56,en,wordfreq,0,3.75
replace,4.58,en,wordfreq,0,2.5
replaced,4.55,en,wordfreq,1,2.45
replacement,4.44,en,wordfreq,0,3.6
replacements,3.53,en,wordfreq,0,3.9
replaces,3.63,en,wordfreq,1,2.55
replacing,4.15,en,wordfreq,0,2.7
replay,3.82,en,wordfreq,0,1.9
replays,3.15,en,wordfreq,0,2.35
replenish,3.04,en,wordfreq,0,3.9
replica,3.67,en,wordfreq,0,2.6
replicas,3.0,en,wordfreq,0,2.7
replicate,3.55,en,wordfreq,0,2.8
replicated,3.26,en,wordfreq,0,2.75
replicating,2.98,en,wordfreq,0,3.4
replication,3.42,en,wordfreq,0,2.65
replied,4.28,en,wordfreq,1,2.1
replies,3.95,en,wordfreq,1,2.1
reply,4.5,en,wordfreq,1,1.85
replying,3.55,en,wordfreq,0,2.6
repo,3.1,en,wordfreq,3,1.8
report,5.32,en,wordfreq,3,1.8
reported,5.0,en,wordfreq,3,2.0
reportedly,4.13,en,wordfreq,0,3.5
reporter,4.35,en,wordfreq,1,2.35
reporters,4.01,en,wordfreq,0,2.6
reporting,4.54,en,wordfreq,1,2.5
reports,4.9,en,wordfreq,1,2.0
repository,3.43,en,wordfreq,0,4.15
repost,3.6,en,wordfreq,1,2.1
reprehensible,2.97,en,wordfreq,0,5.5
represent,4.58,en,wordfreq,0,3.15
representation,4.34,en,wordfreq,0,4.1
representations,3.67,en,wordfreq,0,4.5
representative,4.57,en,wordfreq,0,4.65
representatives,4.52,en,wordfreq,0,5.25
represented,4.53,en,wordfreq,0,3.35
representing,4.36,en,wordfreq,0,3.75
represents,4.48,en,wordfreq,0,3.35
repressed,3.26,en,wordfreq,1,2.6
repression,3.51,en,wordfreq,2,2.55
repressive,3.08,en,wordfreq,2,2.9
reprint,3.39,en,wordfreq,0,2.55
reprinted,3.51,en,wordfreq,0,2.85
reprints,3.03,en,wordfreq,0,2.75
reprise,2.96,en,wordfreq,0,2.7
reproduce,3.63,en,wordfreq,0,3.3
reproduced,3.46,en,wordfreq,0,3.45
reproducing,3.04,en,wordfreq,0,4.05
reproduction,3.79,en,wordfreq,0,3.6
reproductive,3.8,en,wordfreq,0,4.0
reps,3.61,en,wordfreq,7,1.5
reptile,3.25,en,wordfreq,0,2.6
reptiles,3.36,en,wordfreq,0,2.65
republic,4.6,en,wordfreq,0,3.45
republican,4.7,en,wordfreq,0,4.05
republicans,4.5,en,wordfreq,0,4.25
republics,3.32,en,wordfreq,0,3.4
republished,2.97,en,wordfreq,0,3.7
repulsed,3.01,en,wordfreq,0,2.7
repulsive,3.18,en,wordfreq,0,3.55
reputable,3.41,en,wordfreq,0,3.3
reputation,4.47,en,wordfreq,0,2.75
reputations,3.04,en,wordfreq,0,2.9
reputed,3.26,en,wordfreq,1,2.05
request,4.76,en,wordfreq,0,2.7
requested,4.33,en,wordfreq,0,2.85
requesting,3.8,en,wordfreq,0,3.05
requests,4.28,en,wordfreq,0,2.8
requiem,3.06,en,wordfreq,0,2.85
require,4.78,en,wordfreq,0,2.45
required,5.02,en,wordfreq,1,2.55
requirement,4.26,en,wordfreq,0,3.75
requirements,4.64,en,wordfreq,0,4.3
requires,4.67,en,wordfreq,1,2.65
requiring,4.14,en,wordfreq,0,2.75
requisite,3.24,en,wordfreq,0,3.4
reread,3.0,en,wordfreq,0,2.25
res,3.79,en,wordfreq,33,1.0
resale,3.28,en,wordfreq,0,2.0
rescheduled,3.11,en,wordfreq,0,4.5
rescinded,3.02,en,wordfreq,0,2.8
rescue,4.48,en,wordfreq,0,2.35
rescued,3.94,en,wordfreq,1,2.55
rescues,3.25,en,wordfreq,1,2.6
rescuing,3.35,en,wordfreq,0,2.75
research,5.39,en,wordfreq,0,3.15
researched,3.56,en,wordfreq,2,3.1
researcher,3.92,en,wordfreq,2,3.3
researchers,4.39,en,wordfreq,0,3.7
researches,3.2,en,wordfreq,2,3.1
researching,3.63,en,wordfreq,0,3.55
resemblance,3.59,en,wordfreq,0,4.15
resemble,3.73,en,wordfreq,0,2.7
resembled,3.33,en,wordfreq,1,2.95
resembles,3.71,en,wordfreq,1,3.1
resembling,3.52,en,wordfreq,0,3.25
resent,3.38,en,wordfreq,3,1.75
resented,3.07,en,wordfreq,0,2.05
resentful,2.97,en,wordfreq,0,3.6
resentment,3.61,en,wordfreq,0,3.75
reservation,3.95,en,wordfreq,0,2.75
reservations,3.79,en,wordfreq,0,3.25
reserve,4.6,en,wordfreq,1,2.05
reserved,4.18,en,wordfreq,2,1.85
reserves,4.22,en,wordfreq,2,2.05
reservoir,3.9,en,wordfreq,0,3.65
reservoirs,3.4,en,wordfreq,0,3.85
reset,3.83,en,wordfreq,1,1.85
resettlement,3.14,en,wordfreq,0,4.55
reside,3.67,en,wordfreq,1,1.75
resided,3.33,en,wordfreq,1,1.85
residence,4.36,en,wordfreq,1,2.55
residences,3.44,en,wordfreq,0,3.2
residency,3.7,en,wordfreq,1,2.9
resident,4.38,en,wordfreq,0,2.25
residential,4.33,en,wordfreq,0,3.65
residents,4.64,en,wordfreq,0,2.5
resides,3.54,en,wordfreq,2,1.8
residing,3.58,en,wordfreq,0,1.95
residual,3.52,en,wordfreq,0,3.25
residue,3.53,en,wordfreq,0,2.5
residues,3.25,en,wordfreq,0,2.55
resign,3.97,en,wordfreq,1,1.95
resignation,4.02,en,wordfreq,1,3.3
resigned,4.04,en,wordfreq,1,2.3
resigning,3.26,en,wordfreq,1,2.55
resigns,3.2,en,wordfreq,1,2.15
resilience,3.58,en,wordfreq,0,3.5
resilient,3.5,en,wordfreq,0,3.05
resin,3.61,en,wordfreq,0,1.9
resist,4.2,en,wordfreq,1,1.9
resistance,4.55,en,wordfreq,0,3.2
resistant,3.99,en,wordfreq,0,2.75
resisted,3.61,en,wordfreq,0,2.15
resisting,3.58,en,wordfreq,0,2.4
resistor,3.01,en,wordfreq,0,2.8
resists,3.12,en,wordfreq,0,2.2
resolute,3.12,en,wordfreq,0,2.8
resolution,4.59,en,wordfreq,1,2.55
resolutions,3.7,en,wordfreq,1,3.1
resolve,4.17,en,wordfreq,1,2.25
resolved,4.1,en,wordfreq,2,2.1
resolves,3.13,en,wordfreq,2,2.35
resolving,3.51,en,wordfreq,1,2.6
resonance,3.65,en,wordfreq,0,3.15
resonant,3.13,en,wordfreq,0,2.85
resonate,3.19,en,wordfreq,0,2.45
resonated,2.95,en,wordfreq,1,2.55
resonates,3.08,en,wordfreq,1,2.8
resort,4.37,en,wordfreq,1,1.9
resorted,3.23,en,wordfreq,1,1.95
resorting,3.16,en,wordfreq,1,2.4
resorts,3.75,en,wordfreq,1,2.2
resounding,3.03,en,wordfreq,1,2.7
resource,4.39,en,wordfreq,0,2.75
resourceful,3.08,en,wordfreq,0,4.75
resources,4.91,en,wordfreq,0,2.85
respect,5.03,en,wordfreq,0,2.3
respectable,3.71,en,wordfreq,0,3.65
respected,4.11,en,wordfreq,0,2.5
respectful,3.71,en,wordfreq,0,3.6
respectfully,3.47,en,wordfreq,0,4.7
respecting,3.6,en,wordfreq,0,2.6
respective,4.19,en,wordfreq,0,2.7
respectively,4.45,en,wordfreq,0,3.9
respects,3.9,en,wordfreq,0,2.5
respiration,3.05,en,wordfreq,0,2.75
respiratory,3.81,en,wordfreq,0,4.35
respite,3.18,en,wordfreq,1,2.6
respond,4.53,en,wordfreq,0,2.7
responded,4.26,en,wordfreq,0,2.65
respondent,3.09,en,wordfreq,0,3.1
respondents,3.78,en,wordfreq,0,3.4
responders,3.29,en,wordfreq,0,3.15
responding,4.07,en,wordfreq,0,2.9
responds,3.8,en,wordfreq,0,2.7
response,5.03,en,wordfreq,0,2.7
responses,4.29,en,wordfreq,0,3.0
responsibility,4.75,en,wordfreq,0,5.4
responsible,4.88,en,wordfreq,1,3.8
responsibly,3.24,en,wordfreq,1,4.15
responsive,3.7,en,wordfreq,0,3.35
responsiveness,3.04,en,wordfreq,0,6.1
rest,5.23,en,wordfreq,12,1.1
restart,3.68,en,wordfreq,0,2.75
restarted,3.1,en,wordfreq,0,2.75
restaurant,4.68,en,wordfreq,0,3.95
restaurants,4.34,en,wordfreq,0,4.45
rested,3.59,en,wordfreq,4,1.8
resting,3.89,en,wordfreq,3,1.85
restitution,3.19,en,wordfreq,0,3.25
restless,3.6,en,wordfreq,0,2.9
restoration,4.11,en,wordfreq,0,2.9
restorative,2.96,en,wordfreq,0,3.8
restore,4.18,en,wordfreq,0,2.5
restored,4.12,en,wordfreq,1,2.5
restores,3.05,en,wordfreq,1,2.6
restoring,3.72,en,wordfreq,0,2.75
restrain,3.27,en,wordfreq,0,2.65
restrained,3.44,en,wordfreq,0,2.75
restraining,3.48,en,wordfreq,0,3.2
restraint,3.64,en,wordfreq,0,2.7
restraints,3.26,en,wordfreq,0,3.1
restrict,3.8,en,wordfreq,0,2.65
restricted,4.19,en,wordfreq,0,2.8
restricting,3.52,en,wordfreq,0,2.95
restriction,3.76,en,wordfreq,0,2.75
restrictions,4.31,en,wordfreq,0,3.35
restrictive,3.54,en,wordfreq,0,3.2
restricts,3.12,en,wordfreq,0,2.75
restroom,3.39,en,wordfreq,0,3.3
restrooms,3.03,en,wordfreq,0,3.6
restructure,3.01,en,wordfreq,0,3.55
restructured,2.98,en,wordfreq,0,3.95
restructuring,3.62,en,wordfreq,0,4.45
rests,3.64,en,wordfreq,5,1.7
result,5.18,en,wordfreq,0,2.25
resultant,3.13,en,wordfreq,0,3.15
resulted,4.37,en,wordfreq,0,2.35
resulting,4.48,en,wordfreq,0,2.55
results,5.23,en,wordfreq,0,2.55
resume,4.12,en,wordfreq,0,1.9
resumed,3.76,en,wordfreq,1,2.1
resumes,3.45,en,wordfreq,1,2.35
resuming,3.02,en,wordfreq,0,2.65
resumption,3.09,en,wordfreq,0,3.2
resurgence,3.31,en,wordfreq,0,3.55
resurrect,3.06,en,wordfreq,0,3.5
resurrected,3.24,en,wordfreq,0,3.7
resurrection,3.76,en,wordfreq,0,3.75
ret,3.18,en,wordfreq,30,1.0
retail,4.55,en,wordfreq,2,1.9
retailer,3.75,en,wordfreq,1,2.65
retailers,3.92,en,wordfreq,0,2.9
retailing,3.09,en,wordfreq,2,2.35
retain,4.16,en,wordfreq,4,1.75
retained,4.07,en,wordfreq,4,1.85
retainer,3.12,en,wordfreq,2,2.45
retaining,3.78,en,wordfreq,3,2.1
retains,3.64,en,wordfreq,1,2.0
retake,3.28,en,wordfreq,1,2.05
retaliate,3.1,en,wordfreq,0,3.5
retaliation,3.55,en,wordfreq,0,3.25
retard,3.37,en,wordfreq,2,1.9
retarded,3.73,en,wordfreq,2,2.3
retelling,2.95,en,wordfreq,0,2.7
retention,3.81,en,wordfreq,1,2.6
rethink,3.47,en,wordfreq,0,2.8
rethinking,3.12,en,wordfreq,0,3.15
retina,3.4,en,wordfreq,1,2.0
retinal,3.13,en,wordfreq,0,2.5
retire,4.05,en,wordfreq,0,1.9
retired,4.44,en,wordfreq,1,1.9
retirees,3.15,en,wordfreq,0,2.75
retirement,4.53,en,wordfreq,0,3.5
retires,3.29,en,wordfreq,1,2.1
retiring,3.8,en,wordfreq,0,2.35
retract,3.03,en,wordfreq,1,2.55
retracted,3.05,en,wordfreq,0,2.6
retreat,4.13,en,wordfreq,0,2.55
retreated,3.38,en,wordfreq,1,2.5
retreating,3.27,en,wordfreq,1,2.75
retreats,3.16,en,wordfreq,0,2.65
retribution,3.38,en,wordfreq,0,3.65
retrieval,3.33,en,wordfreq,0,3.45
retrieve,3.69,en,wordfreq,0,2.7
retrieved,3.8,en,wordfreq,1,2.7
retriever,2.99,en,wordfreq,1,3.1
retrieving,3.02,en,wordfreq,0,2.95
retro,3.73,en,wordfreq,1,1.95
retrograde,3.09,en,wordfreq,0,4.8
retrospect,3.29,en,wordfreq,0,4.3
retrospective,3.48,en,wordfreq,0,4.65
return,5.19,en,wordfreq,0,2.5
returned,4.82,en,wordfreq,0,2.7
returning,4.49,en,wordfreq,0,2.8
returns,4.6,en,wordfreq,0,2.7
reuben,3.24,en,wordfreq,0,2.65
reunification,3.09,en,wordfreq,0,3.8
reunion,3.93,en,wordfreq,0,2.85
reunite,3.37,en,wordfreq,0,2.65
reunited,3.72,en,wordfreq,0,2.75
reuniting,2.95,en,wordfreq,0,2.8
reusable,3.21,en,wordfreq,0,2.7
reuse,3.37,en,wordfreq,2,1.75
reused,3.09,en,wordfreq,0,1.9
reuters,3.87,en,wordfreq,2,1.9
rev,4.12,en,wordfreq,18,1.0
revamp,3.2,en,wordfreq,0,2.75
revamped,3.18,en,wordfreq,0,2.9
reveal,4.43,en,wordfreq,1,1.85
revealed,4.65,en,wordfreq,1,2.35
revealing,3.97,en,wordfreq,1,2.6
reveals,4.34,en,wordfreq,0,2.4
revel,3.11,en,wordfreq,3,1.75
revelation,3.96,en,wordfreq,0,2.7
revelations,3.56,en,wordfreq,0,2.8
revenge,4.28,en,wordfreq,1,2.7
revenue,4.64,en,wordfreq,1,2.55
revenues,4.06,en,wordfreq,0,2.7
revere,3.09,en,wordfreq,2,1.8
revered,3.34,en,wordfreq,1,1.75
reverence,3.22,en,wordfreq,1,2.6
reverend,3.74,en,wordfreq,0,2.65
reversal,3.56,en,wordfreq,0,2.65
reverse,4.37,en,wordfreq,0,1.85
reversed,3.88,en,wordfreq,2,2.0
reverses,3.05,en,wordfreq,1,2.35
reversible,3.32,en,wordfreq,0,3.7
reversing,3.43,en,wordfreq,0,2.75
revert,3.35,en,wordfreq,1,1.95
reverted,3.14,en,wordfreq,1,1.9
review,5.12,en,wordfreq,0,2.0
reviewed,4.23,en,wordfreq,1,2.45
reviewer,3.47,en,wordfreq,1,2.6
reviewers,3.47,en,wordfreq,0,3.15
reviewing,3.92,en,wordfreq,0,2.75
reviews,4.58,en,wordfreq,0,2.45
revise,3.48,en,wordfreq,2,1.85
revised,4.14,en,wordfreq,2,1.85
revising,3.18,en,wordfreq,1,2.1
revision,3.82,en,wordfreq,0,2.35
revisions,3.45,en,wordfreq,0,2.6
revisit,3.36,en,wordfreq,0,2.65
revisited,3.25,en,wordfreq,0,2.8
revisiting,3.0,en,wordfreq,0,3.0
revival,3.93,en,wordfreq,0,2.65
revive,3.68,en,wordfreq,2,1.85
revived,3.64,en,wordfreq,1,1.9
reviving,3.19,en,wordfreq,1,2.4
revoke,3.26,en,wordfreq,0,2.0
revoked,3.49,en,wordfreq,0,2.25
revolt,3.73,en,wordfreq,0,2.45
revolting,3.01,en,wordfreq,1,2.6
revolution,4.56,en,wordfreq,2,2.6
revolutionaries,3.21,en,wordfreq,0,6.0
revolutionary,4.17,en,wordfreq,0,4.4
revolutions,3.38,en,wordfreq,1,2.9
revolve,3.24,en,wordfreq,1,2.0
revolved,3.0,en,wordfreq,4,2.0
revolver,3.41,en,wordfreq,2,2.25
revolves,3.4,en,wordfreq,3,2.15
revolving,3.41,en,wordfreq,2,2.55
revue,3.07,en,wordfreq,0,2.0
reward,4.33,en,wordfreq,3,1.8
rewarded,3.81,en,wordfreq,2,2.35
rewarding,3.74,en,wordfreq,1,2.7
rewards,4.1,en,wordfreq,1,2.0
rewatch,2.97,en,wordfreq,1,2.8
rewind,3.24,en,wordfreq,1,1.95
reworked,3.11,en,wordfreq,0,2.55
rewrite,3.47,en,wordfreq,0,2.7
rewriting,3.14,en,wordfreq,0,2.8
rewritten,3.19,en,wordfreq,0,3.55
rex,3.89,en,wordfreq,20,1.0
rey,3.79,en,wordfreq,22,1.0
reyes,3.37,en,wordfreq,1,1.85
reynolds,3.99,en,wordfreq,0,3.85
reza,3.07,en,wordfreq,0,1.95
rf,3.55,en,wordfreq,39,1.0
rfc,2.96,en,wordfreq,10,1.35
rg,3.16,en,wordfreq,42,1.0
rgb,3.13,en,wordfreq,4,1.65
rh,3.31,en,wordfreq,39,1.0
rhapsody,3.01,en,wordfreq,0,4.0
rhea,3.01,en,wordfreq,2,1.85
rhetoric,3.95,en,wordfreq,0,3.65
rhetorical,3.38,en,wordfreq,0,3.8
rhett,2.98,en,wordfreq,0,2.25
rheumatoid,3.04,en,wordfreq,0,4.8
rhine,3.28,en,wordfreq,4,1.8
rhino,3.57,en,wordfreq,2,1.85
rhinos,3.18,en,wordfreq,0,2.3
rhode,3.79,en,wordfreq,0,1.9
rhodes,3.69,en,wordfreq,0,1.95
rhodesia,3.13,en,wordfreq,0,3.8
rhonda,2.97,en,wordfreq,0,2.7
rhubarb,2.97,en,wordfreq,0,3.7
rhyme,3.56,en,wordfreq,1,1.95
rhymes,3.49,en,wordfreq,0,2.45
rhyming,2.96,en,wordfreq,0,2.85
rhys,3.3,en,wordfreq,1,1.95
rhythm,4.05,en,wordfreq,0,3.1
rhythmic,3.39,en,wordfreq,0,3.95
rhythms,3.44,en,wordfreq,0,3.55
ri,3.69,en,wordfreq,46,1.0
ria,3.03,en,wordfreq,24,1.0
rib,3.59,en,wordfreq,14,1.05
ribbon,3.81,en,wordfreq,0,2.7
ribbons,3.36,en,wordfreq,1,2.75
ribs,3.8,en,wordfreq,6,1.6
ric,3.14,en,wordfreq,20,1.0
rica,3.75,en,wordfreq,7,1.4
rican,3.43,en,wordfreq,0,1.95
ricardo,3.41,en,wordfreq,0,2.85
rice,4.55,en,wordfreq,15,1.05
rich,4.91,en,wordfreq,5,1.55
richard,4.79,en,wordfreq,0,2.65
richards,3.85,en,wordfreq,0,2.75
richardson,3.91,en,wordfreq,0,4.35
richer,3.71,en,wordfreq,1,1.9
riches,3.57,en,wordfreq,2,1.85
richest,3.7,en,wordfreq,0,2.6
richie,3.67,en,wordfreq,0,2.45
richly,3.27,en,wordfreq,0,2.45
richmond,4.12,en,wordfreq,0,3.8
richness,3.26,en,wordfreq,0,2.8
richter,3.22,en,wordfreq,0,2.55
rick,4.32,en,wordfreq,18,1.0
ricky,3.91,en,wordfreq,5,1.65
rico,3.97,en,wordfreq,6,1.55
rid,4.5,en,wordfreq,22,1.0
ridden,3.62,en,wordfreq,1,2.0
riddle,3.44,en,wordfreq,2,1.95
riddled,3.19,en,wordfreq,1,2.55
riddles,2.98,en,wordfreq,1,2.35
ride,4.85,en,wordfreq,13,1.0
rider,4.02,en,wordfreq,5,1.6
riders,3.99,en,wordfreq,1,1.8
rides,4.06,en,wordfreq,7,1.45
ridge,4.12,en,wordfreq,0,1.8
ridges,3.35,en,wordfreq,0,1.85
ridicule,3.34,en,wordfreq,0,3.65
ridiculed,3.19,en,wordfreq,0,3.75
ridiculous,4.46,en,wordfreq,0,4.35
ridiculously,3.51,en,wordfreq,0,5.15
riding,4.49,en,wordfreq,4,1.75
ridley,3.34,en,wordfreq,1,1.9
rife,3.15,en,wordfreq,10,1.45
riff,3.4,en,wordfreq,5,1.7
riffs,3.1,en,wordfreq,0,1.95
rifle,4.18,en,wordfreq,0,1.9
rifles,3.84,en,wordfreq,0,1.95
rift,3.64,en,wordfreq,7,1.6
rig,3.86,en,wordfreq,22,1.0
riga,2.98,en,wordfreq,4,1.7
rigby,2.96,en,wordfreq,1,1.95
rigged,3.63,en,wordfreq,2,1.9
rigging,3.42,en,wordfreq,2,1.9
riggs,3.09,en,wordfreq,3,1.75
right,5.96,en,wordfreq,8,1.35
righteous,3.8,en,wordfreq,0,3.75
righteousness,3.48,en,wordfreq,0,6.05
rightful,3.38,en,wordfreq,0,3.5
rightfully,3.24,en,wordfreq,0,4.15
rightly,3.73,en,wordfreq,3,2.25
rights,5.19,en,wordfreq,5,1.7
rigid,3.75,en,wordfreq,0,1.95
rigidity,2.99,en,wordfreq,0,3.4
rigor,3.07,en,wordfreq,1,1.9
rigorous,3.68,en,wordfreq,1,3.35
rigorously,3.0,en,wordfreq,1,4.15
rigs,3.24,en,wordfreq,12,1.25
rihanna,3.46,en,wordfreq,0,2.9
riley,3.9,en,wordfreq,2,1.8
rim,3.85,en,wordfreq,21,1.0
rims,3.22,en,wordfreq,7,1.55
rin,3.21,en,wordfreq,29,1.0
ring,4.81,en,wordfreq,15,1.0
ringer,3.06,en,wordfreq,6,1.7
ringing,3.68,en,wordfreq,3,1.8
ringo,3.16,en,wordfreq,3,1.8
rings,4.33,en,wordfreq,5,1.6
ringtone,2.99,en,wordfreq,0,3.7
rink,3.41,en,wordfreq,11,1.25
rinse,3.48,en,wordfreq,0,1.95
rio,4.35,en,wordfreq,14,1.0
rios,2.95,en,wordfreq,6,1.5
riot,4.09,en,wordfreq,3,1.65
rioters,3.07,en,wordfreq,0,2.0
rioting,3.27,en,wordfreq,1,1.95
riots,3.87,en,wordfreq,1,1.85
rip,4.26,en,wordfreq,20,1.0
ripe,3.67,en,wordfreq,10,1.45
ripley,3.24,en,wordfreq,1,2.05
ripped,4.06,en,wordfreq,3,1.75
ripper,3.23,en,wordfreq,3,1.85
ripping,3.57,en,wordfreq,4,1.65
ripple,3.41,en,wordfreq,1,2.05
ripples,3.03,en,wordfreq,1,2.3
rips,3.28,en,wordfreq,12,1.2
rise,4.81,en,wordfreq,9,1.3
risen,3.86,en,wordfreq,2,1.8
rises,4.07,en,wordfreq,5,1.55
rising,4.52,en,wordfreq,1,1.8
risk,5.05,en,wordfreq,5,1.6
risked,3.37,en,wordfreq,0,2.0
risking,3.55,en,wordfreq,0,1.95
risks,4.35,en,wordfreq,3,1.8
risky,3.94,en,wordfreq,2,1.85
rita,3.75,en,wordfreq,6,1.6
ritchie,3.37,en,wordfreq,0,2.9
rite,3.63,en,wordfreq,15,1.15
rites,3.44,en,wordfreq,8,1.5
ritter,2.99,en,wordfreq,5,1.75
ritual,4.02,en,wordfreq,0,2.55
rituals,3.67,en,wordfreq,0,2.8
ritz,3.24,en,wordfreq,3,1.8
rival,4.18,en,wordfreq,0,1.95
rivalries,3.17,en,wordfreq,0,3.6
rivalry,3.8,en,wordfreq,0,2.8
rivals,3.95,en,wordfreq,0,2.35
river,5.03,en,wordfreq,5,1.6
rivera,3.44,en,wordfreq,1,1.95
riverdale,2.97,en,wordfreq,0,3.85
rivers,4.3,en,wordfreq,4,1.7
riverside,3.67,en,wordfreq,0,3.35
riveting,2.99,en,wordfreq,0,2.85
riviera,3.26,en,wordfreq,0,2.8
riyadh,3.1,en,wordfreq,0,3.0
rizzo,3.07,en,wordfreq,0,2.55
rj,3.28,en,wordfreq,36,1.0
rl,3.37,en,wordfreq,42,1.0
rm,3.75,en,wordfreq,44,1.0
rms,3.08,en,wordfreq,15,1.0
rn,3.71,en,wordfreq,38,1.0
rna,3.68,en,wordfreq,10,1.25
rnc,3.02,en,wordfreq,10,1.35
ro,3.62,en,wordfreq,44,1.0
roach,3.44,en,wordfreq,2,1.9
road,5.24,en,wordfreq,5,1.55
roadblock,3.02,en,wordfreq,0,4.45
roadmap,3.16,en,wordfreq,0,3.1
roads,4.55,en,wordfreq,2,1.8
roadshow,3.02,en,wordfreq,0,3.85
roadside,3.45,en,wordfreq,0,3.45
roadway,3.37,en,wordfreq,0,2.7
roadways,3.02,en,wordfreq,0,3.3
roam,3.46,en,wordfreq,4,1.7
roaming,3.5,en,wordfreq,2,1.9
roanoke,3.07,en,wordfreq,0,3.1
roar,3.7,en,wordfreq,5,1.75
roared,3.03,en,wordfreq,2,1.9
roaring,3.51,en,wordfreq,3,1.85
roast,3.87,en,wordfreq,4,1.8
roasted,3.73,en,wordfreq,2,1.9
roasting,3.34,en,wordfreq,1,1.95
rob,4.35,en,wordfreq,22,1.0
robb,3.28,en,wordfreq,3,1.75
robbed,3.88,en,wordfreq,2,1.9
robber,3.39,en,wordfreq,2,1.8
robberies,3.21,en,wordfreq,0,3.45
robbers,3.41,en,wordfreq,1,2.0
robbery,3.97,en,wordfreq,1,2.6
robbie,3.84,en,wordfreq,0,2.0
robbing,3.38,en,wordfreq,3,1.85
robbins,3.48,en,wordfreq,1,2.2
robby,3.01,en,wordfreq,3,1.8
robe,3.52,en,wordfreq,10,1.25
robert,4.85,en,wordfreq,0,1.85
roberta,3.16,en,wordfreq,2,2.6
roberto,3.67,en,wordfreq,2,2.55
roberts,4.16,en,wordfreq,2,2.35
robertson,3.87,en,wordfreq,0,3.6
robes,3.39,en,wordfreq,4,1.7
robin,4.33,en,wordfreq,3,1.8
robins,3.07,en,wordfreq,0,1.9
robinson,4.21,en,wordfreq,0,3.1
robo,3.09,en,wordfreq,6,1.55
robot,4.24,en,wordfreq,0,1.85
robotic,3.54,en,wordfreq,0,2.8
robotics,3.53,en,wordfreq,0,3.35
robots,3.99,en,wordfreq,0,2.2
robson,3.23,en,wordfreq,2,2.15
robust,3.94,en,wordfreq,0,2.5
robyn,3.25,en,wordfreq,1,1.95
roc,3.31,en,wordfreq,24,1.0
rocco,3.11,en,wordfreq,0,2.0
rochdale,3.07,en,wordfreq,0,3.65
roche,3.32,en,wordfreq,0,2.0
rochelle,3.11,en,wordfreq,0,3.35
rochester,3.81,en,wordfreq,0,2.85
rock,5.03,en,wordfreq,9,1.3
rocked,3.53,en,wordfreq,6,1.7
rockefeller,3.44,en,wordfreq,0,5.35
rocker,3.34,en,wordfreq,4,1.7
rockers,3.1,en,wordfreq,2,1.85
rocket,4.31,en,wordfreq,6,1.65
rockets,3.99,en,wordfreq,3,1.8
rockford,3.16,en,wordfreq,0,3.7
rockies,3.39,en,wordfreq,1,2.35
rockin,3.18,en,wordfreq,0,1.95
rocking,3.72,en,wordfreq,4,1.75
rocks,4.38,en,wordfreq,7,1.6
rockstar,3.3,en,wordfreq,0,3.65
rockville,3.06,en,wordfreq,0,3.9
rockwell,3.2,en,wordfreq,0,3.15
rocky,4.16,en,wordfreq,3,1.8
rod,4.14,en,wordfreq,24,1.0
roddy,2.98,en,wordfreq,3,1.85
rode,3.91,en,wordfreq,13,1.05
rodent,3.2,en,wordfreq,0,2.05
rodents,3.32,en,wordfreq,0,2.7
rodeo,3.47,en,wordfreq,1,1.9
roderick,3.0,en,wordfreq,0,3.55
rodgers,3.81,en,wordfreq,1,2.05
rodney,3.67,en,wordfreq,2,2.05
rodrigo,3.28,en,wordfreq,0,3.55
rodriguez,3.71,en,wordfreq,0,4.65
rods,3.59,en,wordfreq,8,1.45
roe,3.44,en,wordfreq,26,1.0
roger,4.39,en,wordfreq,3,1.75
rogers,4.09,en,wordfreq,1,1.85
rogue,3.89,en,wordfreq,1,1.9
rogues,3.0,en,wordfreq,0,2.3
roh,2.95,en,wordfreq,15,1.05
rohan,3.2,en,wordfreq,5,1.75
rohit,2.98,en,wordfreq,0,2.0
roi,3.39,en,wordfreq,19,1.0
rojo,2.96,en,wordfreq,5,1.7
roland,3.66,en,wordfreq,1,1.9
role,5.16,en,wordfreq,15,1.05
roles,4.44,en,wordfreq,11,1.4
rolex,3.35,en,wordfreq,1,1.9
rolf,3.24,en,wordfreq,5,1.75
roll,4.75,en,wordfreq,6,1.6
rolled,4.21,en,wordfreq,2,1.9
roller,3.99,en,wordfreq,1,1.9
rollercoaster,3.15,en,wordfreq,0,6.1
rollers,3.31,en,wordfreq,0,1.95
rollin,3.11,en,wordfreq,1,1.85
rolling,4.47,en,wordfreq,3,1.75
rollins,3.37,en,wordfreq,2,2.1
rollout,3.06,en,wordfreq,0,2.95
rolls,4.23,en,wordfreq,4,1.7
rom,3.75,en,wordfreq,25,1.0
roma,3.71,en,wordfreq,6,1.55
roman,4.5,en,wordfreq,5,1.55
romance,4.32,en,wordfreq,0,2.7
romances,3.15,en,wordfreq,0,2.85
romania,3.78,en,wordfreq,0,2.5
romanian,3.58,en,wordfreq,0,2.8
romanians,2.95,en,wordfreq,0,3.3
romano,3.07,en,wordfreq,1,2.05
romans,3.92,en,wordfreq,1,1.9
romantic,4.43,en,wordfreq,0,2.85
romantically,3.09,en,wordfreq,0,4.15
romanticism,2.97,en,wordfreq,0,4.65
rome,4.45,en,wordfreq,13,1.2
romeo,3.71,en,wordfreq,1,1.8
romero,3.34,en,wordfreq,0,2.15
romney,3.64,en,wordfreq,2,2.1
romo,3.19,en,wordfreq,7,1.45
ron,4.22,en,wordfreq,30,1.0
ronald,3.91,en,wordfreq,1,2.4
ronaldo,3.75,en,wordfreq,0,2.8
ronan,3.06,en,wordfreq,4,1.8
rondo,3.03,en,wordfreq,1,1.95
ronnie,3.7,en,wordfreq,3,2.05
ronny,2.99,en,wordfreq,3,1.85
roo,3.1,en,wordfreq,31,1.0
roof,4.55,en,wordfreq,7,1.45
roofing,3.23,en,wordfreq,1,1.95
roofs,3.58,en,wordfreq,2,1.8
rooftop,3.55,en,wordfreq,0,3.35
rooftops,3.06,en,wordfreq,0,3.7
rook,3.1,en,wordfreq,10,1.35
rookie,4.13,en,wordfreq,1,2.1
rookies,3.27,en,wordfreq,3,2.4
room,5.39,en,wordfreq,8,1.35
roommate,3.81,en,wordfreq,0,3.7
roommates,3.39,en,wordfreq,0,3.75
rooms,4.56,en,wordfreq,4,1.75
rooney,3.7,en,wordfreq,4,2.0
roosevelt,3.89,en,wordfreq,0,4.55
roost,3.0,en,wordfreq,2,1.85
rooster,3.31,en,wordfreq,1,1.85
roosters,3.07,en,wordfreq,1,2.2
root,4.41,en,wordfreq,12,1.1
rooted,3.82,en,wordfreq,4,1.8
rooting,3.55,en,wordfreq,6,1.7
roots,4.34,en,wordfreq,4,1.7
rope,4.06,en,wordfreq,13,1.15
roper,3.07,en,wordfreq,4,1.7
ropes,3.66,en,wordfreq,7,1.55
rory,3.72,en,wordfreq,6,1.65
ros,3.3,en,wordfreq,32,1.0
rosa,3.8,en,wordfreq,4,1.7
rosario,3.09,en,wordfreq,0,2.95
rosary,3.16,en,wordfreq,1,2.55
roscoe,3.04,en,wordfreq,0,2.65
rose,4.82,en,wordfreq,18,1.0
rosemary,3.57,en,wordfreq,0,3.75
rosen,3.4,en,wordfreq,2,1.85
rosenberg,3.3,en,wordfreq,0,3.95
rosenthal,3.08,en,wordfreq,0,3.75
roses,4.01,en,wordfreq,11,1.35
rosetta,3.04,en,wordfreq,0,2.9
rosewood,2.99,en,wordfreq,0,3.55
rosie,3.61,en,wordfreq,1,1.9
ross,4.39,en,wordfreq,13,1.0
rossi,3.4,en,wordfreq,0,1.95
roster,4.09,en,wordfreq,3,1.75
rosters,3.07,en,wordfreq,3,1.75
roswell,3.0,en,wordfreq,0,2.5
rosy,3.28,en,wordfreq,6,1.6
rot,3.7,en,wordfreq,27,1.0
rotary,3.61,en,wordfreq,2,2.5
rotate,3.58,en,wordfreq,0,1.95
rotated,3.33,en,wordfreq,1,2.1
rotates,3.08,en,wordfreq,1,2.3
rotating,3.77,en,wordfreq,0,2.15
rotation,4.08,en,wordfreq,1,2.1
rotational,3.23,en,wordfreq,0,3.0
rotations,3.19,en,wordfreq,0,2.35
roth,3.59,en,wordfreq,5,1.6
rotherham,3.15,en,wordfreq,0,3.85
rothschild,3.13,en,wordfreq,0,5.3
rotor,3.42,en,wordfreq,1,1.95
rotten,3.81,en,wordfreq,1,1.95
rotterdam,3.19,en,wordfreq,0,3.8
rotting,3.34,en,wordfreq,2,1.85
rouge,3.66,en,wordfreq,3,1.85
rough,4.49,en,wordfreq,6,1.65
roughly,4.36,en,wordfreq,0,2.95
roulette,3.39,en,wordfreq,0,3.6
round,5.14,en,wordfreq,7,1.5
roundabout,3.33,en,wordfreq,0,4.85
rounded,3.98,en,wordfreq,6,1.7
rounder,3.3,en,wordfreq,2,1.9
rounding,3.39,en,wordfreq,4,2.0
rounds,4.3,en,wordfreq,6,1.6
roundtable,3.11,en,wordfreq,0,3.9
roundup,3.29,en,wordfreq,0,2.8
rouse,3.1,en,wordfreq,5,1.6
rousing,2.98,en,wordfreq,2,1.9
rousseau,3.01,en,wordfreq,0,3.65
rout,3.09,en,wordfreq,5,1.5
route,4.67,en,wordfreq,2,1.7
routed,3.31,en,wordfreq,4,1.75
router,3.5,en,wordfreq,3,1.7
routers,3.0,en,wordfreq,2,1.8
routes,4.19,en,wordfreq,2,1.8
routine,4.37,en,wordfreq,1,2.45
routinely,3.71,en,wordfreq,0,3.75
routines,3.5,en,wordfreq,0,2.65
routing,3.55,en,wordfreq,4,1.75
routledge,3.41,en,wordfreq,0,3.9
roux,3.01,en,wordfreq,1,1.95
rover,3.76,en,wordfreq,9,1.4
rovers,3.45,en,wordfreq,5,1.65
roving,2.98,en,wordfreq,4,1.75
row,4.6,en,wordfreq,25,1.0
rowan,3.32,en,wordfreq,4,1.8
rowdy,3.21,en,wordfreq,2,1.9
rowe,3.35,en,wordfreq,9,1.3
rower,3.11,en,wordfreq,9,1.45
rowing,3.39,en,wordfreq,5,1.6
rowland,3.29,en,wordfreq,1,2.55
rowley,3.03,en,wordfreq,0,1.95
rowling,3.25,en,wordfreq,3,1.75
rows,3.86,en,wordfreq,7,1.4
roxy,3.19,en,wordfreq,3,1.75
roy,4.25,en,wordfreq,20,1.0
royal,4.85,en,wordfreq,1,1.85
royale,3.38,en,wordfreq,1,2.15
royals,3.72,en,wordfreq,1,2.1
royalties,3.44,en,wordfreq,1,3.4
royalty,3.8,en,wordfreq,1,2.7
royce,3.58,en,wordfreq,2,1.9
rp,3.67,en,wordfreq,44,1.0
rpg,3.52,en,wordfreq,8,1.45
rpm,3.49,en,wordfreq,8,1.45
rr,3.4,en,wordfreq,45,1.0
rs,4.18,en,wordfreq,45,1.0
rsa,3.13,en,wordfreq,15,1.05
rss,3.48,en,wordfreq,13,1.15
rsvp,3.02,en,wordfreq,0,2.0
rt,4.04,en,wordfreq,45,1.0
rts,3.18,en,wordfreq,14,1.05
ru,3.5,en,wordfreq,46,1.0
rub,3.97,en,wordfreq,15,1.0
rubbed,3.57,en,wordfreq,4,2.1
rubber,4.23,en,wordfreq,2,1.95
rubbing,3.71,en,wordfreq,1,2.2
rubbish,3.87,en,wordfreq,0,2.85
rubble,3.44,en,wordfreq,4,1.8
ruben,3.15,en,wordfreq,1,1.9
rubin,3.35,en,wordfreq,3,1.8
rubio,3.46,en,wordfreq,1,1.95
rubles,3.04,en,wordfreq,0,1.95
rubs,3.24,en,wordfreq,11,1.3
ruby,3.98,en,wordfreq,2,1.8
rudd,3.23,en,wordfreq,3,1.8
rudder,3.2,en,wordfreq,0,2.0
ruddy,3.01,en,wordfreq,4,1.7
rude,4.25,en,wordfreq,10,1.4
rudimentary,3.17,en,wordfreq,0,4.4
rudolf,3.06,en,wordfreq,0,2.8
rudolph,3.32,en,wordfreq,0,3.75
rudy,3.62,en,wordfreq,4,1.75
rue,3.56,en,wordfreq,15,1.0
ruff,3.05,en,wordfreq,7,1.65
rufus,3.31,en,wordfreq,0,2.05
rug,3.72,en,wordfreq,19,1.0
rugby,4.4,en,wordfreq,1,2.2
rugged,3.6,en,wordfreq,4,1.75
rugs,3.19,en,wordfreq,8,1.45
ruin,4.31,en,wordfreq,3,1.65
ruined,4.26,en,wordfreq,1,1.95
ruining,3.73,en,wordfreq,2,1.9
ruins,4.02,en,wordfreq,2,1.75
ruiz,3.2,en,wordfreq,3,1.85
rule,4.94,en,wordfreq,5,1.55
ruled,4.3,en,wordfreq,2,1.85
ruler,3.84,en,wordfreq,2,1.8
rulers,3.7,en,wordfreq,0,1.9
rules,5.06,en,wordfreq,5,1.6
ruling,4.29,en,wordfreq,0,1.95
rulings,3.39,en,wordfreq,0,2.6
rum,3.63,en,wordfreq,21,1.0
rumble,3.43,en,wordfreq,5,1.7
rumbling,2.96,en,wordfreq,3,2.3
rumor,3.73,en,wordfreq,2,1.8
rumored,3.39,en,wordfreq,0,2.7
rumors,4.01,en,wordfreq,1,2.15
rumour,3.38,en,wordfreq,2,2.2
rumoured,3.03,en,wordfreq,0,2.7
rumours,3.66,en,wordfreq,1,2.45
rump,3.05,en,wordfreq,9,1.4
run,5.49,en,wordfreq,24,1.0
runaway,3.54,en,wordfreq,0,3.1
rundown,3.16,en,wordfreq,1,2.85
rune,3.01,en,wordfreq,10,1.3
rung,3.2,en,wordfreq,14,1.2
runner,4.18,en,wordfreq,1,1.9
runners,3.97,en,wordfreq,1,2.05
runnin,3.15,en,wordfreq,0,2.45
running,5.23,en,wordfreq,3,1.8
runoff,3.53,en,wordfreq,0,2.85
runs,4.84,en,wordfreq,10,1.35
runtime,3.08,en,wordfreq,0,2.95
runway,3.92,en,wordfreq,0,2.6
runways,3.12,en,wordfreq,0,2.8
rupee,3.04,en,wordfreq,0,1.95
rupees,3.39,en,wordfreq,0,2.5
rupert,3.61,en,wordfreq,0,2.3
rupture,3.28,en,wordfreq,1,2.5
ruptured,3.16,en,wordfreq,0,2.65
rural,4.59,en,wordfreq,1,1.95
rus,3.08,en,wordfreq,21,1.0
ruse,3.16,en,wordfreq,10,1.25
rush,4.48,en,wordfreq,11,1.3
rushed,3.98,en,wordfreq,2,1.8
rushes,3.31,en,wordfreq,3,1.75
rushing,3.95,en,wordfreq,3,1.75
russ,3.64,en,wordfreq,9,1.3
russel,3.03,en,wordfreq,0,2.4
russell,4.33,en,wordfreq,0,2.75
russia,4.93,en,wordfreq,0,2.35
russian,5.01,en,wordfreq,0,2.65
russians,4.16,en,wordfreq,0,2.85
russo,3.24,en,wordfreq,0,1.95
rust,3.74,en,wordfreq,10,1.2
rustic,3.37,en,wordfreq,0,2.4
rusty,3.61,en,wordfreq,2,1.75
rut,3.11,en,wordfreq,17,1.0
rutgers,3.4,en,wordfreq,0,2.55
ruth,4.05,en,wordfreq,3,1.75
rutherford,3.37,en,wordfreq,0,4.45
ruthless,3.65,en,wordfreq,0,3.2
rutland,2.97,en,wordfreq,0,2.8
rv,3.55,en,wordfreq,40,1.0
rw,3.13,en,wordfreq,41,1.0
rwanda,3.53,en,wordfreq,0,2.4
rx,3.31,en,wordfreq,33,1.0
ry,2.97,en,wordfreq,36,1.0
ryan,4.59,en,wordfreq,0,1.8
ryder,3.5,en,wordfreq,1,1.95
rye,3.52,en,wordfreq,10,1.3
ryu,3.23,en,wordfreq,3,1.7
sa,4.3,en,wordfreq,47,1.0
saab,3.09,en,wordfreq,3,1.85
saas,2.98,en,wordfreq,8,1.55
saba,2.95,en,wordfreq,6,1.5
saban,3.03,en,wordfreq,2,1.85
sabbath,3.5,en,wordfreq,0,3.15
sabbatical,2.95,en,wordfreq,0,4.4
saber,3.18,en,wordfreq,4,1.8
sabha,3.1,en,wordfreq,1,1.9
sabine,3.22,en,wordfreq,1,1.95
sable,2.99,en,wordfreq,6,1.5
sabotage,3.62,en,wordfreq,0,3.5
sabotaging,2.95,en,wordfreq,0,3.9
sabre,3.02,en,wordfreq,1,1.9
sabres,3.17,en,wordfreq,0,1.95
sabrina,3.35,en,wordfreq,0,2.85
sac,3.67,en,wordfreq,28,1.0
sachin,2.95,en,wordfreq,0,2.45
sachs,3.43,en,wordfreq,1,1.95
sack,3.91,en,wordfreq,14,1.0
sacked,3.73,en,wordfreq,8,1.5
sacking,3.07,en,wordfreq,6,1.6
sacks,3.59,en,wordfreq,9,1.35
sacrament,3.19,en,wordfreq,0,3.65
sacramento,3.86,en,wordfreq,0,4.35
sacred,4.24,en,wordfreq,1,1.95
sacrifice,4.29,en,wordfreq,0,3.55
sacrificed,3.67,en,wordfreq,1,3.6
sacrifices,3.72,en,wordfreq,1,3.8
sacrificial,3.08,en,wordfreq,0,4.3
sacrificing,3.44,en,wordfreq,0,4.45
sad,4.84,en,wordfreq,32,1.0
saddam,3.44,en,wordfreq,0,2.7
saddened,3.24,en,wordfreq,0,2.95
sadder,2.95,en,wordfreq,1,1.95
saddest,3.24,en,wordfreq,0,2.8
saddle,3.73,en,wordfreq,1,1.95
sadie,3.26,en,wordfreq,0,2.0
sadistic,3.18,en,wordfreq,0,3.15
sadly,4.18,en,wordfreq,3,1.85
sadness,3.88,en,wordfreq,1,2.7
sae,3.06,en,wordfreq,31,1.0
saeed,3.04,en,wordfreq,2,1.85
safari,3.63,en,wordfreq,0,2.7
safe,5.07,en,wordfreq,7,1.55
safeguard,3.55,en,wordfreq,0,3.75
safeguarding,3.23,en,wordfreq,0,4.8
safeguards,3.38,en,wordfreq,0,4.25
safely,4.22,en,wordfreq,1,2.2
safer,4.09,en,wordfreq,3,1.8
safest,3.56,en,wordfreq,0,2.45
safety,4.97,en,wordfreq,1,2.65
saffron,3.21,en,wordfreq,0,3.0
sag,3.25,en,wordfreq,27,1.0
saga,3.87,en,wordfreq,10,1.35
sagan,2.98,en,wordfreq,3,1.8
sage,3.83,en,wordfreq,13,1.1
sahara,3.4,en,wordfreq,0,2.2
saharan,3.32,en,wordfreq,0,2.8
sahib,3.01,en,wordfreq,0,2.05
sai,3.27,en,wordfreq,35,1.0
said,6.01,en,wordfreq,8,1.35
saigon,3.22,en,wordfreq,0,2.25
sail,4.01,en,wordfreq,13,1.1
sailboat,2.95,en,wordfreq,0,3.6
sailed,3.71,en,wordfreq,9,1.55
sailing,3.99,en,wordfreq,8,1.55
sailor,3.78,en,wordfreq,1,2.15
sailors,3.75,en,wordfreq,0,2.7
sails,3.52,en,wordfreq,8,1.5
saint,4.41,en,wordfreq,4,1.7
saints,4.16,en,wordfreq,1,1.9
sake,4.4,en,wordfreq,15,1.05
sakura,3.31,en,wordfreq,0,2.45
sal,3.48,en,wordfreq,32,1.0
salaam,3.11,en,wordfreq,0,2.25
salad,4.15,en,wordfreq,2,1.85
salads,3.31,en,wordfreq,0,1.95
salah,3.2,en,wordfreq,4,1.8
salam,3.01,en,wordfreq,4,1.65
salaried,2.95,en,wordfreq,1,2.85
salaries,3.89,en,wordfreq,1,2.8
salary,4.36,en,wordfreq,0,2.0
salazar,3.03,en,wordfreq,0,2.95
sale,4.99,en,wordfreq,18,1.0
saleh,3.02,en,wordfreq,3,1.8
salem,3.7,en,wordfreq,4,1.75
sales,5.02,en,wordfreq,9,1.45
salesman,3.64,en,wordfreq,1,2.75
salesmen,2.97,en,wordfreq,1,3.3
salford,3.21,en,wordfreq,1,2.55
salient,3.12,en,wordfreq,0,2.4
salim,3.0,en,wordfreq,2,1.85
saline,3.33,en,wordfreq,1,1.95
salinity,2.96,en,wordfreq,0,2.9
salisbury,3.51,en,wordfreq,0,4.3
saliva,3.35,en,wordfreq,0,2.6
salle,3.17,en,wordfreq,3,1.8
sally,3.97,en,wordfreq,8,1.55
salman,3.34,en,wordfreq,1,1.95
salmon,4.01,en,wordfreq,2,1.8
salmond,2.95,en,wordfreq,0,2.4
salmonella,3.09,en,wordfreq,0,4.9
salon,3.87,en,wordfreq,2,1.75
salons,3.02,en,wordfreq,1,1.9
saloon,3.43,en,wordfreq,1,1.9
salsa,3.53,en,wordfreq,1,1.95
salt,4.6,en,wordfreq,5,1.45
salted,3.28,en,wordfreq,1,1.95
salts,3.41,en,wordfreq,2,1.85
saltwater,3.04,en,wordfreq,0,3.8
salty,3.74,en,wordfreq,2,1.85
salute,3.71,en,wordfreq,0,2.1
salvador,3.72,en,wordfreq,0,3.4
salvage,3.65,en,wordfreq,0,2.7
salvaged,3.06,en,wordfreq,0,2.75
salvation,3.95,en,wordfreq,0,2.9
salvatore,3.16,en,wordfreq,0,3.8
salzburg,3.0,en,wordfreq,0,3.9
sam,4.64,en,wordfreq,34,1.0
sama,3.25,en,wordfreq,13,1.05
samantha,3.75,en,wordfreq,0,3.6
samaritan,3.15,en,wordfreq,0,3.6
samba,3.18,en,wordfreq,1,1.85
same,5.8,en,wordfreq,16,1.0
sami,3.34,en,wordfreq,6,1.45
samir,3.05,en,wordfreq,0,1.9
sammy,3.6,en,wordfreq,1,1.95
samoa,3.39,en,wordfreq,1,1.9
sample,4.53,en,wordfreq,1,1.75
sampled,3.41,en,wordfreq,2,2.2
sampler,3.1,en,wordfreq,3,2.25
samples,4.34,en,wordfreq,2,2.05
sampling,3.75,en,wordfreq,0,2.7
sampson,3.16,en,wordfreq,1,2.65
samson,3.39,en,wordfreq,0,1.95
samsung,4.12,en,wordfreq,0,2.95
samuel,4.19,en,wordfreq,0,2.65
samuels,3.03,en,wordfreq,0,2.8
samurai,3.65,en,wordfreq,0,2.95
san,4.97,en,wordfreq,38,1.0
sana,3.03,en,wordfreq,18,1.0
sanchez,3.77,en,wordfreq,0,2.9
sancho,2.95,en,wordfreq,1,2.5
sanction,3.43,en,wordfreq,0,2.45
sanctioned,3.62,en,wordfreq,0,3.4
sanctions,3.95,en,wordfreq,0,2.55
sanctity,3.04,en,wordfreq,0,3.25
sanctuary,3.93,en,wordfreq,0,3.8
sand,4.44,en,wordfreq,12,1.1
sandals,3.46,en,wordfreq,1,2.3
sandbox,3.02,en,wordfreq,0,3.0
sanders,3.98,en,wordfreq,1,1.85
sanderson,3.27,en,wordfreq,0,3.3
sandler,3.01,en,wordfreq,1,2.05
sandman,2.98,en,wordfreq,0,2.85
sandra,3.8,en,wordfreq,0,2.0
sands,3.81,en,wordfreq,5,1.6
sandstone,3.57,en,wordfreq,0,3.75
sandusky,2.96,en,wordfreq,0,3.9
sandwich,4.13,en,wordfreq,0,3.75
sandwiches,3.77,en,wordfreq,0,4.5
sandy,4.19,en,wordfreq,6,1.6
sane,3.67,en,wordfreq,22,1.0
sanford,3.3,en,wordfreq,1,2.6
sang,4.1,en,wordfreq,21,1.0
sanitary,3.37,en,wordfreq,0,2.8
sanitation,3.57,en,wordfreq,0,2.85
sanity,3.49,en,wordfreq,1,2.05
sanjay,3.11,en,wordfreq,0,2.65
sank,3.7,en,wordfreq,14,1.15
sans,3.58,en,wordfreq,22,1.0
sansa,2.95,en,wordfreq,2,1.8
sanskrit,3.31,en,wordfreq,0,4.0
santa,4.49,en,wordfreq,2,1.8
santana,3.22,en,wordfreq,0,2.8
santander,3.05,en,wordfreq,0,3.75
santiago,3.66,en,wordfreq,0,3.65
santo,3.36,en,wordfreq,1,1.85
santos,3.7,en,wordfreq,0,2.05
sao,3.37,en,wordfreq,28,1.0
sap,3.6,en,wordfreq,32,1.0
sapiens,2.97,en,wordfreq,0,2.75
sapphire,3.44,en,wordfreq,0,3.55
sar,3.16,en,wordfreq,35,1.0
sara,3.96,en,wordfreq,18,1.0
sarah,4.48,en,wordfreq,2,1.85
sarajevo,3.1,en,wordfreq,0,4.0
sarasota,3.03,en,wordfreq,0,3.7
saratoga,3.14,en,wordfreq,0,3.75
sarcasm,3.62,en,wordfreq,0,2.95
sarcastic,3.6,en,wordfreq,0,3.55
sargent,3.09,en,wordfreq,0,2.4
sari,3.06,en,wordfreq,8,1.4
sars,2.99,en,wordfreq,15,1.0
sas,3.47,en,wordfreq,39,1.0
sash,3.23,en,wordfreq,10,1.15
sasha,3.65,en,wordfreq,2,1.85
saskatchewan,3.45,en,wordfreq,0,6.45
sass,2.98,en,wordfreq,11,1.3
sassy,3.21,en,wordfreq,1,1.9
sat,4.64,en,wordfreq,33,1.0
sata,3.06,en,wordfreq,9,1.3
satan,3.93,en,wordfreq,3,1.75
satanic,3.3,en,wordfreq,0,2.8
satellite,4.33,en,wordfreq,0,3.85
satellites,3.77,en,wordfreq,0,4.3
satin,3.39,en,wordfreq,3,1.85
satire,3.65,en,wordfreq,0,2.0
satirical,3.36,en,wordfreq,0,3.7
satisfaction,4.16,en,wordfreq,0,4.6
satisfactory,3.57,en,wordfreq,0,5.5
satisfied,4.28,en,wordfreq,1,3.45
satisfies,3.2,en,wordfreq,1,3.6
satisfy,3.98,en,wordfreq,0,3.05
satisfying,3.93,en,wordfreq,0,3.7
sato,3.02,en,wordfreq,5,1.6
saturated,3.66,en,wordfreq,0,3.3
saturation,3.37,en,wordfreq,1,2.85
saturday,4.87,en,wordfreq,0,3.3
saturdays,3.56,en,wordfreq,0,3.7
saturn,3.54,en,wordfreq,0,2.4
sauce,4.3,en,wordfreq,0,1.9
saucepan,3.01,en,wordfreq,0,3.85
saucer,3.06,en,wordfreq,1,2.05
sauces,3.19,en,wordfreq,1,1.9
saudi,4.31,en,wordfreq,0,1.9
saudis,3.16,en,wordfreq,0,2.25
saul,3.65,en,wordfreq,6,1.65
sauna,3.25,en,wordfreq,1,1.9
saunders,3.63,en,wordfreq,0,2.75
sausage,3.8,en,wordfreq,0,2.65
sausages,3.3,en,wordfreq,0,2.75
savage,4.05,en,wordfreq,0,2.2
savages,3.38,en,wordfreq,0,2.45
savannah,3.62,en,wordfreq,0,3.85
save,5.14,en,wordfreq,15,1.0
saved,4.67,en,wordfreq,6,1.6
saver,3.27,en,wordfreq,6,1.6
savers,2.97,en,wordfreq,0,1.9
saves,4.07,en,wordfreq,6,1.55
saving,4.59,en,wordfreq,5,1.65
savings,4.44,en,wordfreq,1,2.0
savior,3.67,en,wordfreq,0,2.25
saviour,3.33,en,wordfreq,0,2.8
savor,2.98,en,wordfreq,3,1.75
savory,3.0,en,wordfreq,0,2.2
savoy,3.09,en,wordfreq,2,1.85
savvy,3.56,en,wordfreq,1,2.05
saw,5.34,en,wordfreq,25,1.0
saws,2.95,en,wordfreq,8,1.45
sawyer,3.54,en,wordfreq,1,2.25
sax,3.15,en,wordfreq,26,1.0
saxon,3.58,en,wordfreq,1,1.85
saxons,3.02,en,wordfreq,2,2.2
saxony,2.95,en,wordfreq,1,2.45
saxophone,3.15,en,wordfreq,0,3.95
say,5.89,en,wordfreq,35,1.0
sayin,3.52,en,wordfreq,1,1.9
saying,5.37,en,wordfreq,4,1.55
sayings,3.17,en,wordfreq,1,2.05
says,5.49,en,wordfreq,15,1.1
sb,3.7,en,wordfreq,44,1.0
sbs,3.38,en,wordfreq,18,1.0
sc,4.18,en,wordfreq,45,1.0
scaffold,3.03,en,wordfreq,0,3.4
scaffolding,3.1,en,wordfreq,0,4.45
scala,3.01,en,wordfreq,2,1.9
scale,4.83,en,wordfreq,5,1.6
scaled,3.55,en,wordfreq,3,1.8
scales,3.98,en,wordfreq,2,1.8
scaling,3.63,en,wordfreq,2,1.9
scallops,2.95,en,wordfreq,0,2.9
scalp,3.48,en,wordfreq,2,1.9
scam,3.94,en,wordfreq,9,1.4
scammed,2.97,en,wordfreq,1,2.15
scammers,3.13,en,wordfreq,0,2.7
scams,3.37,en,wordfreq,4,1.7
scan,4.07,en,wordfreq,7,1.45
scandal,4.17,en,wordfreq,0,2.8
scandalous,3.28,en,wordfreq,0,4.05
scandals,3.51,en,wordfreq,0,2.65
scandinavia,3.26,en,wordfreq,0,5.2
scandinavian,3.49,en,wordfreq,0,5.65
scanned,3.53,en,wordfreq,2,1.85
scanner,3.56,en,wordfreq,1,2.05
scanners,3.26,en,wordfreq,0,2.4
scanning,3.72,en,wordfreq,1,1.95
scans,3.62,en,wordfreq,5,1.6
scant,3.1,en,wordfreq,3,1.75
scapegoat,3.11,en,wordfreq,0,4.7
scar,3.77,en,wordfreq,5,1.4
scarborough,3.27,en,wordfreq,0,5.35
scarce,3.61,en,wordfreq,0,1.95
scarcely,3.33,en,wordfreq,0,2.85
scarcity,3.37,en,wordfreq,0,3.05
scare,4.07,en,wordfreq,9,1.3
scarecrow,3.09,en,wordfreq,0,3.95
scared,4.6,en,wordfreq,7,1.5
scares,3.66,en,wordfreq,6,1.5
scarf,3.68,en,wordfreq,3,1.8
scarier,3.01,en,wordfreq,0,2.0
scariest,3.17,en,wordfreq,0,2.7
scaring,3.25,en,wordfreq,6,1.6
scarlet,3.64,en,wordfreq,0,2.3
scarlett,3.45,en,wordfreq,0,2.85
scarred,3.27,en,wordfreq,1,1.9
scarring,3.07,en,wordfreq,2,1.85
scars,3.76,en,wordfreq,7,1.4
scarves,3.15,en,wordfreq,0,1.95
scary,4.37,en,wordfreq,3,1.75
scathing,2.97,en,wordfreq,0,2.2
scatter,3.39,en,wordfreq,1,1.95
scattered,3.97,en,wordfreq,1,2.65
scattering,3.4,en,wordfreq,1,2.75
scavenger,3.03,en,wordfreq,0,3.65
scenario,4.19,en,wordfreq,0,3.65
scenarios,3.88,en,wordfreq,0,3.85
scene,4.97,en,wordfreq,1,1.9
scenery,3.68,en,wordfreq,0,2.8
scenes,4.58,en,wordfreq,1,1.9
scenic,3.67,en,wordfreq,0,2.65
scent,3.82,en,wordfreq,3,1.65
scented,3.3,en,wordfreq,0,2.35
scents,3.12,en,wordfreq,1,1.85
sceptical,3.09,en,wordfreq,1,3.45
sch,3.07,en,wordfreq,7,1.45
schedule,4.67,en,wordfreq,0,3.4
scheduled,4.45,en,wordfreq,1,3.4
schedules,3.81,en,wordfreq,1,3.45
scheduling,3.69,en,wordfreq,0,3.65
schema,3.13,en,wordfreq,1,2.65
schematic,3.12,en,wordfreq,0,3.5
scheme,4.57,en,wordfreq,1,2.35
schemes,4.03,en,wordfreq,0,2.55
scheming,3.07,en,wordfreq,0,2.75
schiff,3.05,en,wordfreq,0,2.65
schiller,3.05,en,wordfreq,0,2.9
schism,3.01,en,wordfreq,0,2.85
schizophrenia,3.56,en,wordfreq,1,7.05
schizophrenic,3.13,en,wordfreq,1,7.05
schmidt,3.73,en,wordfreq,0,3.4
schneider,3.5,en,wordfreq,0,3.85
schofield,2.98,en,wordfreq,0,3.85
scholar,3.96,en,wordfreq,0,2.75
scholarly,3.6,en,wordfreq,0,3.75
scholars,4.12,en,wordfreq,0,2.8
scholarship,4.15,en,wordfreq,0,4.5
scholarships,3.76,en,wordfreq,0,5.25
scholastic,3.19,en,wordfreq,0,3.9
scholes,3.0,en,wordfreq,0,2.15
school,5.71,en,wordfreq,0,2.5
schoolboy,3.21,en,wordfreq,0,3.9
schooled,3.11,en,wordfreq,0,2.65
schoolers,3.04,en,wordfreq,0,2.65
schoolgirl,3.1,en,wordfreq,0,4.4
schooling,3.73,en,wordfreq,0,2.8
schools,5.05,en,wordfreq,0,2.45
schoolteacher,2.98,en,wordfreq,0,6.45
schooner,3.03,en,wordfreq,0,2.75
schroeder,3.04,en,wordfreq,0,3.8
schultz,3.48,en,wordfreq,0,3.1
schulz,3.08,en,wordfreq,0,2.9
schumacher,3.21,en,wordfreq,0,4.75
schumer,3.17,en,wordfreq,0,2.85
schuster,3.15,en,wordfreq,0,2.75
schwab,2.98,en,wordfreq,0,3.0
schwartz,3.5,en,wordfreq,0,3.7
schwarzenegger,3.13,en,wordfreq,0,7.1
sci,3.94,en,wordfreq,9,1.4
science,5.12,en,wordfreq,0,2.7
sciences,4.39,en,wordfreq,0,2.85
scientific,4.67,en,wordfreq,0,4.55
scientifically,3.45,en,wordfreq,0,5.75
scientist,4.21,en,wordfreq,0,3.6
scientists,4.5,en,wordfreq,0,3.9
scientology,3.31,en,wordfreq,0,4.95
scion,3.03,en,wordfreq,0,1.95
scissors,3.58,en,wordfreq,0,3.65
sclerosis,3.3,en,wordfreq,0,4.35
scolded,2.96,en,wordfreq,0,2.5
scooby,3.31,en,wordfreq,0,2.65
scoop,3.69,en,wordfreq,3,1.75
scooped,3.04,en,wordfreq,0,2.25
scoops,2.99,en,wordfreq,0,1.95
scooter,3.57,en,wordfreq,1,2.1
scooters,3.02,en,wordfreq,1,2.65
scope,4.26,en,wordfreq,2,1.85
scorched,3.07,en,wordfreq,0,2.85
scorching,3.08,en,wordfreq,0,2.85
score,4.83,en,wordfreq,7,1.4
scoreboard,3.21,en,wordfreq,0,4.2
scored,4.63,en,wordfreq,4,1.75
scoreless,3.12,en,wordfreq,0,3.2
scorer,3.63,en,wordfreq,2,1.8
scorers,3.18,en,wordfreq,0,2.0
scores,4.43,en,wordfreq,6,1.5
scoring,4.36,en,wordfreq,3,1.8
scorn,3.13,en,wordfreq,3,1.8
scorpio,3.15,en,wordfreq,0,2.85
scorpion,3.37,en,wordfreq,0,3.1
scorpions,3.0,en,wordfreq,0,3.5
scot,3.28,en,wordfreq,4,1.55
scotch,3.69,en,wordfreq,0,2.1
scotia,3.49,en,wordfreq,0,2.6
scotland,4.68,en,wordfreq,0,2.95
scots,3.74,en,wordfreq,4,1.65
scotsman,3.07,en,wordfreq,0,3.3
scott,4.72,en,wordfreq,2,1.8
scottish,4.6,en,wordfreq,0,3.45
scottsdale,3.08,en,wordfreq,0,4.9
scotty,3.21,en,wordfreq,0,2.25
scotus,3.07,en,wordfreq,0,2.05
scour,2.97,en,wordfreq,1,1.9
scourge,3.19,en,wordfreq,0,2.7
scouring,2.99,en,wordfreq,1,2.2
scout,3.97,en,wordfreq,6,1.6
scouting,3.5,en,wordfreq,2,2.1
scouts,3.77,en,wordfreq,1,1.85
scrabble,3.04,en,wordfreq,1,2.8
scramble,3.39,en,wordfreq,1,2.75
scrambled,3.45,en,wordfreq,0,2.8
scrambling,3.23,en,wordfreq,0,3.0
scranton,3.05,en,wordfreq,0,2.8
scrap,3.9,en,wordfreq,1,1.8
scrape,3.4,en,wordfreq,1,1.85
scraped,3.2,en,wordfreq,0,1.9
scraping,3.33,en,wordfreq,0,2.4
scrapped,3.51,en,wordfreq,1,2.15
scrapping,3.06,en,wordfreq,0,2.35
scrappy,3.06,en,wordfreq,0,2.6
scraps,3.39,en,wordfreq,2,1.85
scratch,4.16,en,wordfreq,0,2.65
scratched,3.49,en,wordfreq,1,2.75
scratches,3.45,en,wordfreq,1,2.7
scratching,3.56,en,wordfreq,0,2.75
scream,4.14,en,wordfreq,1,1.9
screamed,3.72,en,wordfreq,1,2.45
screaming,4.35,en,wordfreq,1,2.5
screams,3.84,en,wordfreq,1,2.1
screeching,3.11,en,wordfreq,0,3.15
screen,4.85,en,wordfreq,0,1.95
screened,3.66,en,wordfreq,0,2.8
screening,4.15,en,wordfreq,0,2.7
screenings,3.36,en,wordfreq,0,3.55
screenplay,3.54,en,wordfreq,0,4.55
screens,4.03,en,wordfreq,0,2.5
screenshot,3.75,en,wordfreq,0,4.45
screenshots,3.53,en,wordfreq,0,4.7
screenwriter,3.17,en,wordfreq,0,5.5
screw,4.25,en,wordfreq,0,1.9
screwdriver,3.13,en,wordfreq,0,4.95
screwed,4.0,en,wordfreq,0,2.4
screwing,3.44,en,wordfreq,0,2.6
screws,3.64,en,wordfreq,0,1.9
scribe,3.08,en,wordfreq,0,2.1
scrimmage,3.04,en,wordfreq,0,4.05
script,4.36,en,wordfreq,0,2.3
scripted,3.4,en,wordfreq,0,2.65
scripting,3.07,en,wordfreq,0,2.8
scripts,3.71,en,wordfreq,0,2.65
scripture,3.77,en,wordfreq,0,3.25
scriptures,3.54,en,wordfreq,0,3.45
scroll,3.86,en,wordfreq,1,2.55
scrolling,3.48,en,wordfreq,1,2.7
scrolls,3.41,en,wordfreq,0,2.65
scrooge,2.96,en,wordfreq,0,3.0
scrub,3.69,en,wordfreq,2,1.85
scrubbed,3.01,en,wordfreq,0,2.9
scrubbing,3.09,en,wordfreq,0,2.9
scrubs,3.22,en,wordfreq,1,2.05
scrum,3.25,en,wordfreq,2,1.85
scrutiny,3.74,en,wordfreq,0,3.5
scuba,3.31,en,wordfreq,0,2.1
scully,3.23,en,wordfreq,0,2.3
sculpted,3.14,en,wordfreq,0,2.9
sculptor,3.34,en,wordfreq,0,3.5
sculpture,3.92,en,wordfreq,0,3.05
sculptures,3.57,en,wordfreq,0,3.3
scum,3.71,en,wordfreq,2,1.75
scumbag,3.32,en,wordfreq,0,3.45
sd,3.89,en,wordfreq,45,1.0
sdf,3.0,en,wordfreq,3,1.7
sds,3.02,en,wordfreq,18,1.0
se,4.29,en,wordfreq,46,1.0
sea,5.06,en,wordfreq,28,1.0
seaboard,3.04,en,wordfreq,0,3.05
seafood,3.65,en,wordfreq,0,3.0
seagull,3.02,en,wordfreq,0,2.9
seagulls,2.97,en,wordfreq,0,3.35
seahawks,3.7,en,wordfreq,0,3.8
seal,4.3,en,wordfreq,14,1.1
sealed,4.12,en,wordfreq,3,1.85
sealing,3.48,en,wordfreq,5,1.7
seals,3.85,en,wordfreq,7,1.5
seam,3.44,en,wordfreq,13,1.1
seaman,3.2,en,wordfreq,1,1.95
seamless,3.31,en,wordfreq,0,2.75
seamlessly,3.1,en,wordfreq,0,4.2
seams,3.32,en,wordfreq,8,1.45
seamus,3.03,en,wordfreq,0,2.15
sean,4.31,en,wordfreq,16,1.0
search,4.96,en,wordfreq,1,1.95
searched,3.97,en,wordfreq,1,2.5
searches,3.86,en,wordfreq,1,2.5
searching,4.36,en,wordfreq,0,2.7
sears,3.49,en,wordfreq,13,1.1
seas,3.93,en,wordfreq,11,1.1
seaside,3.58,en,wordfreq,0,2.8
season,5.48,en,wordfreq,1,1.9
seasonal,3.98,en,wordfreq,0,2.8
seasonally,3.25,en,wordfreq,0,3.6
seasoned,3.51,en,wordfreq,1,2.75
seasoning,3.28,en,wordfreq,1,2.9
seasons,4.52,en,wordfreq,1,2.15
seat,4.82,en,wordfreq,16,1.0
seatbelt,3.07,en,wordfreq,0,3.65
seated,3.89,en,wordfreq,5,1.75
seater,3.1,en,wordfreq,6,1.6
seating,3.77,en,wordfreq,8,1.5
seats,4.53,en,wordfreq,10,1.25
seattle,4.39,en,wordfreq,0,2.5
seawater,3.12,en,wordfreq,0,2.95
seaweed,3.22,en,wordfreq,0,2.8
seaworld,3.0,en,wordfreq,0,3.6
seb,2.96,en,wordfreq,19,1.0
sebastian,3.9,en,wordfreq,0,3.9
sec,4.31,en,wordfreq,22,1.0
secession,3.27,en,wordfreq,1,2.75
secluded,3.24,en,wordfreq,0,2.75
second,5.63,en,wordfreq,0,2.55
secondary,4.53,en,wordfreq,0,3.5
seconded,3.17,en,wordfreq,0,2.7
secondhand,3.05,en,wordfreq,0,4.5
secondly,3.85,en,wordfreq,0,3.25
seconds,4.86,en,wordfreq,0,2.7
secrecy,3.57,en,wordfreq,0,2.8
secret,4.92,en,wordfreq,0,2.3
secretariat,3.45,en,wordfreq,0,4.45
secretaries,3.5,en,wordfreq,0,4.15
secretary,4.95,en,wordfreq,0,3.45
secretion,3.11,en,wordfreq,0,2.85
secretive,3.26,en,wordfreq,0,3.15
secretly,4.01,en,wordfreq,0,2.9
secrets,4.31,en,wordfreq,0,2.5
secs,3.12,en,wordfreq,5,1.55
sect,3.54,en,wordfreq,4,1.6
sectarian,3.27,en,wordfreq,0,3.8
section,5.0,en,wordfreq,1,1.9
sectional,3.44,en,wordfreq,0,2.85
sections,4.36,en,wordfreq,0,2.25
sector,4.66,en,wordfreq,3,1.8
sectors,4.07,en,wordfreq,1,1.95
sects,3.14,en,wordfreq,1,1.8
secular,3.95,en,wordfreq,0,2.9
secularism,3.03,en,wordfreq,0,4.2
secure,4.64,en,wordfreq,0,2.1
secured,4.23,en,wordfreq,1,2.25
securely,3.28,en,wordfreq,0,2.6
secures,3.12,en,wordfreq,1,2.4
securing,3.93,en,wordfreq,0,2.65
securities,4.24,en,wordfreq,0,3.7
security,5.2,en,wordfreq,0,2.8
sedan,3.55,en,wordfreq,1,1.9
sedative,2.99,en,wordfreq,0,2.85
sedentary,3.14,en,wordfreq,0,3.5
sediment,3.42,en,wordfreq,0,2.75
sedimentary,3.1,en,wordfreq,0,3.95
sediments,3.26,en,wordfreq,0,3.1
sedition,3.04,en,wordfreq,0,2.5
seduce,3.24,en,wordfreq,2,2.35
seduced,3.17,en,wordfreq,1,2.5
seduction,3.22,en,wordfreq,2,2.3
seductive,3.23,en,wordfreq,0,3.0
see,6.1,en,wordfreq,37,1.0
seed,4.37,en,wordfreq,18,1.0
seeded,3.57,en,wordfreq,2,1.9
seeding,3.21,en,wordfreq,5,1.65
seedlings,3.12,en,wordfreq,0,2.9
seeds,4.28,en,wordfreq,10,1.35
seeing,5.04,en,wordfreq,2,1.75
seek,4.61,en,wordfreq,9,1.4
seeker,3.41,en,wordfreq,0,1.95
seekers,3.62,en,wordfreq,0,2.3
seeking,4.58,en,wordfreq,3,1.8
seeks,4.13,en,wordfreq,4,1.7
seem,5.08,en,wordfreq,8,1.45
seemed,4.82,en,wordfreq,2,1.9
seeming,3.42,en,wordfreq,2,1.85
seemingly,4.1,en,wordfreq,0,3.6
seems,5.24,en,wordfreq,5,1.65
seen,5.52,en,wordfreq,13,1.1
seer,3.01,en,wordfreq,10,1.2
sees,4.59,en,wordfreq,17,1.0
sega,3.23,en,wordfreq,5,1.7
segment,4.26,en,wordfreq,0,2.45
segmentation,3.23,en,wordfreq,0,3.8
segmented,3.0,en,wordfreq,0,2.75
segments,3.98,en,wordfreq,0,2.65
segregated,3.39,en,wordfreq,0,3.45
segregation,3.6,en,wordfreq,0,3.45
seine,3.17,en,wordfreq,4,1.75
seinfeld,3.29,en,wordfreq,0,3.5
seismic,3.54,en,wordfreq,0,3.35
seize,3.8,en,wordfreq,1,1.85
seized,4.03,en,wordfreq,0,1.9
seizing,3.32,en,wordfreq,0,1.95
seizure,3.74,en,wordfreq,0,2.75
seizures,3.59,en,wordfreq,0,2.95
seldom,3.63,en,wordfreq,0,2.95
select,4.45,en,wordfreq,0,2.0
selected,4.68,en,wordfreq,0,2.25
selecting,3.81,en,wordfreq,0,2.5
selection,4.62,en,wordfreq,0,2.05
selections,3.68,en,wordfreq,0,2.55
selective,3.88,en,wordfreq,0,2.55
selectively,3.32,en,wordfreq,0,3.6
selector,3.17,en,wordfreq,0,2.5
selects,3.31,en,wordfreq,0,2.4
selena,3.25,en,wordfreq,2,2.0
self,5.25,en,wordfreq,1,1.85
selfie,3.75,en,wordfreq,0,2.55
selfies,3.5,en,wordfreq,0,2.6
selfish,4.11,en,wordfreq,0,2.8
selfishness,3.22,en,wordfreq,0,4.8
selfless,3.3,en,wordfreq,0,2.8
sell,4.98,en,wordfreq,13,1.05
seller,4.01,en,wordfreq,4,1.75
sellers,3.84,en,wordfreq,0,1.95
selling,4.81,en,wordfreq,3,1.65
sells,4.09,en,wordfreq,7,1.4
selma,3.15,en,wordfreq,0,2.0
selves,3.42,en,wordfreq,2,1.8
sem,3.25,en,wordfreq,22,1.0
semantic,3.4,en,wordfreq,0,2.8
semantics,3.39,en,wordfreq,0,3.6
semblance,3.1,en,wordfreq,0,3.6
semen,3.38,en,wordfreq,2,1.85
semester,4.03,en,wordfreq,0,2.9
semesters,3.0,en,wordfreq,0,3.35
semi,4.51,en,wordfreq,2,1.75
semiconductor,3.53,en,wordfreq,0,6.4
semifinal,3.24,en,wordfreq,0,3.65
semifinals,3.34,en,wordfreq,0,4.1
seminal,3.27,en,wordfreq,1,2.5
seminar,3.77,en,wordfreq,1,2.6
seminars,3.5,en,wordfreq,1,3.0
seminary,3.54,en,wordfreq,1,2.85
semis,3.06,en,wordfreq,0,1.95
semitic,3.58,en,wordfreq,0,2.85
semitism,3.45,en,wordfreq,0,3.45
sen,4.01,en,wordfreq,32,1.0
sena,2.96,en,wordfreq,9,1.45
senate,4.8,en,wordfreq,0,2.0
senator,4.58,en,wordfreq,0,2.6
senatorial,2.98,en,wordfreq,0,3.8
senators,4.1,en,wordfreq,0,2.7
send,5.11,en,wordfreq,10,1.3
sender,3.21,en,wordfreq,6,1.65
sending,4.61,en,wordfreq,7,1.55
sends,4.15,en,wordfreq,5,1.55
seneca,3.21,en,wordfreq,0,2.65
senegal,3.38,en,wordfreq,0,2.7
senile,2.99,en,wordfreq,0,2.0
senior,4.92,en,wordfreq,1,2.15
seniority,3.16,en,wordfreq,0,3.45
seniors,3.88,en,wordfreq,1,2.35
sens,3.24,en,wordfreq,17,1.0
sensation,3.9,en,wordfreq,0,2.8
sensational,3.52,en,wordfreq,0,3.55
sensations,3.29,en,wordfreq,0,2.85
sense,5.19,en,wordfreq,2,1.7
sensed,3.32,en,wordfreq,2,1.85
sensei,3.1,en,wordfreq,2,2.2
senseless,3.35,en,wordfreq,0,3.5
senses,3.92,en,wordfreq,3,1.8
sensibilities,3.1,en,wordfreq,0,5.05
sensibility,3.2,en,wordfreq,0,3.65
sensible,3.98,en,wordfreq,0,2.9
sensing,3.64,en,wordfreq,1,1.95
sensitive,4.46,en,wordfreq,0,3.3
sensitivity,3.95,en,wordfreq,0,4.3
sensor,3.92,en,wordfreq,3,1.75
sensors,3.93,en,wordfreq,3,2.1
sensory,3.68,en,wordfreq,1,2.5
sensual,3.36,en,wordfreq,0,2.9
sent,5.16,en,wordfreq,18,1.0
sentence,4.58,en,wordfreq,0,2.75
sentenced,4.09,en,wordfreq,1,2.8
sentences,4.13,en,wordfreq,1,3.15
sentencing,3.62,en,wordfreq,0,3.25
sentient,3.12,en,wordfreq,0,2.8
sentiment,4.03,en,wordfreq,0,2.85
sentimental,3.53,en,wordfreq,0,3.75
sentiments,3.55,en,wordfreq,0,3.25
sentinel,3.41,en,wordfreq,0,3.0
sentry,3.08,en,wordfreq,1,2.3
seo,4.01,en,wordfreq,22,1.0
seoul,3.93,en,wordfreq,0,1.95
sep,3.94,en,wordfreq,22,1.0
separate,4.83,en,wordfreq,0,2.75
separated,4.3,en,wordfreq,1,2.7
separately,4.08,en,wordfreq,0,3.45
separates,3.57,en,wordfreq,1,2.75
separating,3.69,en,wordfreq,0,2.85
separation,4.13,en,wordfreq,0,2.8
separatist,3.12,en,wordfreq,0,3.55
separatists,3.03,en,wordfreq,0,4.15
sephora,3.03,en,wordfreq,0,3.0
sepsis,3.01,en,wordfreq,0,2.75
sept,4.35,en,wordfreq,7,1.45
september,5.15,en,wordfreq,0,3.9
septic,3.21,en,wordfreq,0,2.5
seq,3.09,en,wordfreq,13,1.2
sequel,3.98,en,wordfreq,0,2.65
sequels,3.31,en,wordfreq,0,2.8
sequence,4.35,en,wordfreq,0,2.85
sequences,3.85,en,wordfreq,0,3.35
sequencing,3.38,en,wordfreq,0,3.6
sequential,3.29,en,wordfreq,0,3.85
ser,3.49,en,wordfreq,28,1.0
sera,3.12,en,wordfreq,7,1.5
serb,3.12,en,wordfreq,3,1.7
serbia,3.71,en,wordfreq,0,2.4
serbian,3.53,en,wordfreq,0,2.65
serbs,3.12,en,wordfreq,2,1.85
serena,3.64,en,wordfreq,2,2.0
serene,3.27,en,wordfreq,1,1.95
serenity,3.3,en,wordfreq,0,3.2
serge,3.22,en,wordfreq,5,1.65
sergeant,4.11,en,wordfreq,0,2.85
sergei,3.49,en,wordfreq,1,1.95
sergey,3.23,en,wordfreq,1,1.9
sergio,3.57,en,wordfreq,0,2.7
serial,4.23,en,wordfreq,1,1.9
serials,2.96,en,wordfreq,0,2.4
serie,3.33,en,wordfreq,3,1.75
series,5.35,en,wordfreq,1,1.9
serious,5.1,en,wordfreq,0,2.25
seriously,4.94,en,wordfreq,0,3.3
seriousness,3.56,en,wordfreq,0,4.75
sermon,3.59,en,wordfreq,0,1.95
sermons,3.35,en,wordfreq,0,2.35
serotonin,3.26,en,wordfreq,0,4.2
serpent,3.46,en,wordfreq,0,2.5
serpentine,3.06,en,wordfreq,0,3.85
serum,3.74,en,wordfreq,1,1.95
servant,4.09,en,wordfreq,0,2.6
servants,4.03,en,wordfreq,0,2.85
serve,4.85,en,wordfreq,3,1.7
served,4.81,en,wordfreq,2,1.85
server,4.46,en,wordfreq,2,1.75
servers,4.05,en,wordfreq,0,1.9
serves,4.39,en,wordfreq,5,1.65
service,5.49,en,wordfreq,0,2.55
serviceable,2.97,en,wordfreq,0,4.55
serviced,3.26,en,wordfreq,1,2.7
servicemen,3.22,en,wordfreq,0,4.45
services,5.31,en,wordfreq,1,2.5
servicing,3.44,en,wordfreq,0,2.95
serving,4.62,en,wordfreq,0,1.95
servings,3.09,en,wordfreq,0,2.55
servitude,3.03,en,wordfreq,0,3.8
ses,3.27,en,wordfreq,35,1.0
sesame,3.46,en,wordfreq,0,2.5
session,4.72,en,wordfreq,0,2.3
sessions,4.48,en,wordfreq,0,2.45
set,5.59,en,wordfreq,29,1.0
setback,3.37,en,wordfreq,0,2.8
setbacks,3.22,en,wordfreq,0,3.1
seth,3.92,en,wordfreq,4,1.7
sets,4.69,en,wordfreq,14,1.0
setter,2.99,en,wordfreq,5,1.7
setting,4.77,en,wordfreq,9,1.45
settings,4.23,en,wordfreq,0,2.05
settle,4.37,en,wordfreq,1,1.75
settled,4.44,en,wordfreq,2,2.0
settlement,4.49,en,wordfreq,0,3.35
settlements,3.91,en,wordfreq,0,3.55
settler,3.15,en,wordfreq,2,2.1
settlers,3.75,en,wordfreq,0,2.55
settles,3.39,en,wordfreq,2,2.15
settling,3.85,en,wordfreq,0,2.05
setup,4.09,en,wordfreq,0,2.05
seung,3.08,en,wordfreq,3,1.8
seven,5.08,en,wordfreq,2,1.6
sevens,3.22,en,wordfreq,0,1.9
seventeen,3.87,en,wordfreq,0,3.7
seventeenth,3.35,en,wordfreq,0,4.5
seventh,4.25,en,wordfreq,1,2.65
seventies,3.27,en,wordfreq,0,3.55
seventy,3.78,en,wordfreq,1,2.55
sever,3.15,en,wordfreq,6,1.45
several,5.39,en,wordfreq,0,2.5
severance,3.16,en,wordfreq,0,3.1
severe,4.56,en,wordfreq,2,1.8
severed,3.53,en,wordfreq,1,2.1
severely,4.1,en,wordfreq,0,2.7
severity,3.71,en,wordfreq,0,2.8
severn,3.03,en,wordfreq,1,1.85
sevilla,3.2,en,wordfreq,1,2.8
seville,3.19,en,wordfreq,2,2.6
sew,3.45,en,wordfreq,24,1.0
sewage,3.55,en,wordfreq,0,2.5
seward,3.01,en,wordfreq,1,1.9
sewer,3.64,en,wordfreq,3,1.75
sewers,3.22,en,wordfreq,0,1.95
sewing,3.69,en,wordfreq,2,1.75
sewn,3.18,en,wordfreq,2,1.8
sex,5.22,en,wordfreq,22,1.0
sexes,3.43,en,wordfreq,0,1.9
sexiest,3.22,en,wordfreq,0,2.7
sexism,3.52,en,wordfreq,1,2.65
sexist,3.62,en,wordfreq,1,2.3
sexting,2.98,en,wordfreq,3,1.85
sexton,3.08,en,wordfreq,0,2.0
sexual,4.82,en,wordfreq,0,2.55
sexuality,3.97,en,wordfreq,0,3.3
sexually,4.13,en,wordfreq,0,2.85
sexy,4.42,en,wordfreq,0,1.95
seymour,3.6,en,wordfreq,0,3.0
sf,3.88,en,wordfreq,40,1.0
sg,3.54,en,wordfreq,43,1.0
sgt,3.55,en,wordfreq,3,1.7
sh,3.86,en,wordfreq,40,1.0
sha,3.35,en,wordfreq,17,1.0
shabby,3.28,en,wordfreq,0,2.5
shack,3.43,en,wordfreq,8,1.5
shackles,3.05,en,wordfreq,0,2.8
shade,4.16,en,wordfreq,10,1.4
shaded,3.27,en,wordfreq,5,1.7
shades,4.0,en,wordfreq,5,1.65
shading,3.3,en,wordfreq,5,1.75
shadow,4.44,en,wordfreq,0,2.3
shadows,4.06,en,wordfreq,1,2.65
shadowy,3.24,en,wordfreq,1,2.75
shady,3.71,en,wordfreq,2,1.85
shaft,3.9,en,wordfreq,2,1.85
shafts,3.29,en,wordfreq,1,1.9
shag,3.02,en,wordfreq,10,1.35
shaggy,3.18,en,wordfreq,0,2.65
shah,3.81,en,wordfreq,7,1.5
shahid,3.02,en,wordfreq,0,2.35
shake,4.33,en,wordfreq,10,1.3
shaken,3.6,en,wordfreq,2,1.85
shaker,3.23,en,wordfreq,2,1.85
shakes,3.65,en,wordfreq,7,1.6
shakespeare,4.0,en,wordfreq,0,5.7
shaking,4.08,en,wordfreq,6,1.7
shakira,2.96,en,wordfreq,0,2.65
shaky,3.45,en,wordfreq,2,1.85
shale,3.69,en,wordfreq,12,1.3
shall,5.03,en,wordfreq,6,1.65
shallow,4.04,en,wordfreq,1,2.55
shalom,3.0,en,wordfreq,1,2.3
shalt,3.34,en,wordfreq,3,1.75
sham,3.45,en,wordfreq,12,1.2
shaman,3.22,en,wordfreq,1,1.95
shambles,3.11,en,wordfreq,0,2.75
shame,4.55,en,wordfreq,7,1.5
shamed,3.21,en,wordfreq,4,1.7
shameful,3.57,en,wordfreq,0,3.35
shameless,3.39,en,wordfreq,0,2.85
shaming,3.37,en,wordfreq,5,1.75
shampoo,3.58,en,wordfreq,0,3.0
shan,3.25,en,wordfreq,17,1.0
shane,3.95,en,wordfreq,10,1.4
shanghai,4.04,en,wordfreq,0,3.9
shank,3.07,en,wordfreq,5,1.55
shankar,2.98,en,wordfreq,0,2.8
shanks,2.97,en,wordfreq,2,1.8
shannon,3.76,en,wordfreq,0,2.7
shape,4.72,en,wordfreq,8,1.45
shaped,4.38,en,wordfreq,5,1.7
shapes,3.99,en,wordfreq,4,1.75
shaping,3.72,en,wordfreq,5,1.75
shapiro,3.38,en,wordfreq,0,2.9
shaq,3.14,en,wordfreq,6,1.65
shard,3.0,en,wordfreq,3,1.7
shards,3.05,en,wordfreq,2,1.85
share,5.2,en,wordfreq,16,1.0
shared,4.68,en,wordfreq,9,1.4
shareholder,3.63,en,wordfreq,0,4.5
shareholders,3.94,en,wordfreq,0,4.9
shares,4.6,en,wordfreq,10,1.45
sharia,3.49,en,wordfreq,2,1.9
sharif,3.39,en,wordfreq,1,1.95
sharing,4.66,en,wordfreq,9,1.55
shark,4.1,en,wordfreq,7,1.6
sharks,3.96,en,wordfreq,4,1.75
sharma,3.48,en,wordfreq,3,1.85
sharon,3.92,en,wordfreq,0,2.0
sharp,4.48,en,wordfreq,3,1.75
sharpe,3.27,en,wordfreq,0,1.75
sharpen,3.15,en,wordfreq,1,2.05
sharpened,3.07,en,wordfreq,0,3.0
sharpening,3.01,en,wordfreq,0,3.3
sharper,3.25,en,wordfreq,1,1.85
sharply,3.89,en,wordfreq,0,2.65
sharpness,3.01,en,wordfreq,0,3.0
shatter,3.22,en,wordfreq,3,1.85
shattered,3.75,en,wordfreq,1,2.6
shattering,3.31,en,wordfreq,1,2.8
shaun,3.58,en,wordfreq,1,1.85
shave,3.83,en,wordfreq,10,1.35
shaved,3.66,en,wordfreq,5,1.65
shaving,3.62,en,wordfreq,6,1.6
shaw,4.08,en,wordfreq,8,1.35
shawl,3.17,en,wordfreq,2,1.85
shawn,3.81,en,wordfreq,4,1.7
shay,3.13,en,wordfreq,9,1.25
she,6.26,en,wordfreq,16,1.0
shea,3.38,en,wordfreq,8,1.4
shear,3.4,en,wordfreq,4,1.65
shearer,2.97,en,wordfreq,0,2.0
sheath,3.16,en,wordfreq,0,1.95
shed,4.23,en,wordfreq,10,1.35
shedding,3.4,en,wordfreq,0,2.25
sheds,3.48,en,wordfreq,1,1.8
sheehan,3.05,en,wordfreq,1,2.75
sheen,3.34,en,wordfreq,3,1.75
sheep,4.19,en,wordfreq,6,1.65
sheer,4.01,en,wordfreq,6,1.6
sheeran,3.08,en,wordfreq,1,2.75
sheesh,2.99,en,wordfreq,0,2.3
sheet,4.4,en,wordfreq,4,1.75
sheets,4.16,en,wordfreq,1,1.9
sheffield,3.91,en,wordfreq,0,3.75
sheik,3.1,en,wordfreq,0,1.95
sheikh,3.6,en,wordfreq,0,2.65
sheila,3.56,en,wordfreq,0,2.4
shelby,3.56,en,wordfreq,1,2.55
sheldon,3.54,en,wordfreq,1,2.85
shelf,4.02,en,wordfreq,1,1.9
shell,4.39,en,wordfreq,5,1.55
shelled,3.08,en,wordfreq,5,1.75
shelley,3.54,en,wordfreq,1,2.05
shellfish,3.15,en,wordfreq,0,3.75
shelling,3.18,en,wordfreq,4,1.75
shells,3.93,en,wordfreq,4,1.65
shelly,3.31,en,wordfreq,3,1.75
shelter,4.25,en,wordfreq,0,1.95
sheltered,3.48,en,wordfreq,0,2.95
shelters,3.68,en,wordfreq,0,2.4
shelton,3.34,en,wordfreq,1,2.6
shelved,3.01,en,wordfreq,2,2.15
shelves,3.76,en,wordfreq,1,2.3
shen,3.25,en,wordfreq,13,1.15
shenanigans,3.21,en,wordfreq,0,5.55
shenzhen,3.17,en,wordfreq,0,3.75
shep,2.96,en,wordfreq,8,1.45
shepard,3.46,en,wordfreq,0,2.55
shepherd,3.9,en,wordfreq,0,2.8
shepherds,3.22,en,wordfreq,0,3.45
sheppard,3.31,en,wordfreq,0,2.85
sher,2.99,en,wordfreq,8,1.25
sheridan,3.47,en,wordfreq,0,3.1
sheriff,4.16,en,wordfreq,0,2.85
sheriffs,3.14,en,wordfreq,0,3.35
sherlock,3.73,en,wordfreq,0,3.8
sherman,3.85,en,wordfreq,0,2.2
sherry,3.4,en,wordfreq,1,1.95
sherwood,3.47,en,wordfreq,0,3.5
sheryl,3.02,en,wordfreq,1,2.7
shes,3.59,en,wordfreq,8,1.3
shetland,3.13,en,wordfreq,0,2.9
shh,3.01,en,wordfreq,13,1.15
shhh,3.08,en,wordfreq,4,1.75
shi,3.46,en,wordfreq,16,1.0
shia,3.48,en,wordfreq,6,1.5
shield,4.3,en,wordfreq,0,2.2
shielded,3.2,en,wordfreq,0,2.6
shielding,3.23,en,wordfreq,0,2.65
shields,3.87,en,wordfreq,0,2.55
shift,4.57,en,wordfreq,3,1.7
shifted,3.98,en,wordfreq,1,2.4
shifter,3.02,en,wordfreq,1,2.15
shifting,3.98,en,wordfreq,1,2.1
shifts,4.01,en,wordfreq,2,1.8
shilling,3.17,en,wordfreq,3,1.8
shillings,3.16,en,wordfreq,0,2.6
shimmer,2.98,en,wordfreq,1,2.4
shimmering,2.97,en,wordfreq,0,3.5
shin,3.69,en,wordfreq,11,1.25
shine,4.17,en,wordfreq,11,1.25
shines,3.6,en,wordfreq,1,1.8
shingle,2.98,en,wordfreq,0,2.45
shingles,3.08,en,wordfreq,0,2.6
shining,3.98,en,wordfreq,1,1.95
shinji,3.06,en,wordfreq,0,2.7
shiny,3.88,en,wordfreq,1,1.9
ship,4.93,en,wordfreq,10,1.3
shipbuilding,3.33,en,wordfreq,0,5.2
shipment,3.76,en,wordfreq,0,3.05
shipments,3.64,en,wordfreq,0,3.5
shipped,4.03,en,wordfreq,6,1.7
shipper,3.01,en,wordfreq,4,1.75
shippers,3.13,en,wordfreq,2,2.2
shipping,4.52,en,wordfreq,5,1.7
ships,4.55,en,wordfreq,6,1.55
shipwreck,3.11,en,wordfreq,0,4.6
shipyard,3.27,en,wordfreq,0,3.4
shipyards,2.96,en,wordfreq,0,3.6
shire,3.47,en,wordfreq,6,1.6
shirley,3.73,en,wordfreq,0,2.7
shirt,4.63,en,wordfreq,4,1.7
shirtless,3.11,en,wordfreq,0,3.15
shirts,4.22,en,wordfreq,3,1.75
shit,5.48,en,wordfreq,12,1.05
shite,3.31,en,wordfreq,6,1.6
shits,3.64,en,wordfreq,6,1.45
shitting,3.4,en,wordfreq,3,1.75
shitty,4.04,en,wordfreq,0,2.15
shiv,3.09,en,wordfreq,4,1.65
shiva,3.33,en,wordfreq,0,1.9
shiver,3.05,en,wordfreq,1,1.95
shivering,3.14,en,wordfreq,0,2.85
sho,3.13,en,wordfreq,12,1.0
shoals,2.97,en,wordfreq,0,2.0
shock,4.46,en,wordfreq,4,1.7
shocked,4.27,en,wordfreq,2,1.9
shocker,3.14,en,wordfreq,1,1.95
shocking,4.1,en,wordfreq,1,1.95
shockingly,3.1,en,wordfreq,0,3.7
shocks,3.53,en,wordfreq,1,1.85
shoddy,3.04,en,wordfreq,0,2.8
shoe,4.24,en,wordfreq,3,1.45
shoemaker,3.02,en,wordfreq,0,3.7
shoes,4.67,en,wordfreq,3,1.65
shone,3.23,en,wordfreq,6,1.6
shook,4.05,en,wordfreq,2,1.85
shoot,4.73,en,wordfreq,3,1.65
shooter,4.05,en,wordfreq,2,1.85
shooters,3.66,en,wordfreq,1,2.35
shooting,4.78,en,wordfreq,1,1.9
shootings,3.69,en,wordfreq,0,2.85
shootout,3.51,en,wordfreq,0,3.25
shoots,3.96,en,wordfreq,2,1.8
shop,4.88,en,wordfreq,7,1.5
shoplifting,2.98,en,wordfreq,0,4.15
shopped,3.01,en,wordfreq,4,1.75
shopper,3.19,en,wordfreq,4,1.7
shoppers,3.55,en,wordfreq,1,2.4
shopping,4.68,en,wordfreq,4,1.75
shops,4.34,en,wordfreq,6,1.6
shore,4.33,en,wordfreq,11,1.25
shoreline,3.31,en,wordfreq,0,3.5
shores,3.77,en,wordfreq,7,1.5
short,5.33,en,wordfreq,6,1.5
shortage,3.91,en,wordfreq,0,2.75
shortages,3.5,en,wordfreq,0,2.95
shortcomings,3.45,en,wordfreq,0,4.95
shortcut,3.35,en,wordfreq,0,3.1
shortcuts,3.16,en,wordfreq,0,3.55
shorten,3.38,en,wordfreq,1,2.2
shortened,3.5,en,wordfreq,0,2.85
shortening,3.15,en,wordfreq,0,3.15
shorter,4.22,en,wordfreq,2,1.9
shortest,3.57,en,wordfreq,0,2.6
shortfall,3.02,en,wordfreq,0,3.75
shorthand,3.16,en,wordfreq,0,3.6
shortlist,3.07,en,wordfreq,0,3.55
shortlisted,3.16,en,wordfreq,0,4.6
shortly,4.47,en,wordfreq,0,2.45
shorts,4.07,en,wordfreq,6,1.55
shortstop,3.04,en,wordfreq,0,3.9
shorty,3.26,en,wordfreq,2,1.8
shot,5.22,en,wordfreq,9,1.25
shotgun,3.81,en,wordfreq,0,3.1
shotguns,3.04,en,wordfreq,0,3.55
shots,4.63,en,wordfreq,8,1.4
should,5.99,en,wordfreq,0,1.95
shoulda,3.14,en,wordfreq,0,2.75
shoulder,4.5,en,wordfreq,0,2.55
shoulders,4.18,en,wordfreq,0,2.8
shouldnt,3.18,en,wordfreq,0,3.35
shout,4.06,en,wordfreq,6,1.55
shouted,3.78,en,wordfreq,0,2.05
shouting,3.97,en,wordfreq,2,1.95
shouts,3.54,en,wordfreq,3,1.7
shove,3.66,en,wordfreq,4,1.6
shoved,3.46,en,wordfreq,3,1.8
shovel,3.5,en,wordfreq,1,1.85
shovels,2.96,en,wordfreq,0,2.45
shoving,3.22,en,wordfreq,2,1.9
show,5.68,en,wordfreq,8,1.35
showbiz,3.03,en,wordfreq,0,3.45
showcase,3.92,en,wordfreq,0,3.35
showcased,3.28,en,wordfreq,1,3.5
showcases,3.25,en,wordfreq,1,3.55
showcasing,3.34,en,wordfreq,0,3.7
showdown,3.49,en,wordfreq,1,3.35
showed,4.86,en,wordfreq,3,1.85
shower,4.5,en,wordfreq,2,1.85
showered,3.2,en,wordfreq,0,2.75
showering,3.15,en,wordfreq,0,2.65
showers,3.89,en,wordfreq,0,1.95
showing,4.88,en,wordfreq,3,1.8
shown,4.9,en,wordfreq,2,1.85
showroom,3.14,en,wordfreq,0,3.95
shows,5.23,en,wordfreq,6,1.65
showtime,3.39,en,wordfreq,0,3.45
shrapnel,3.15,en,wordfreq,0,3.25
shred,3.32,en,wordfreq,1,1.75
shredded,3.45,en,wordfreq,1,2.75
shredder,2.97,en,wordfreq,1,2.85
shredding,2.99,en,wordfreq,0,2.75
shreds,3.16,en,wordfreq,0,1.9
shrek,3.27,en,wordfreq,1,1.95
shreveport,2.97,en,wordfreq,0,4.75
shrewd,3.11,en,wordfreq,0,2.25
shrewsbury,3.1,en,wordfreq,0,4.85
shri,3.58,en,wordfreq,3,1.75
shrimp,3.79,en,wordfreq,0,2.7
shrine,3.73,en,wordfreq,1,1.85
shrines,3.16,en,wordfreq,1,1.9
shrink,3.73,en,wordfreq,2,1.85
shrinking,3.44,en,wordfreq,0,2.6
shrinks,3.09,en,wordfreq,1,2.25
shropshire,3.12,en,wordfreq,0,4.45
shroud,3.17,en,wordfreq,0,2.5
shrouded,2.99,en,wordfreq,0,2.85
shrub,3.19,en,wordfreq,2,1.85
shrubs,3.37,en,wordfreq,2,2.2
shrug,3.3,en,wordfreq,1,1.9
shrugged,3.33,en,wordfreq,0,2.8
shrugs,3.02,en,wordfreq,1,2.25
shrunk,3.18,en,wordfreq,1,1.95
shu,3.19,en,wordfreq,10,1.2
shudder,3.11,en,wordfreq,0,2.6
shuffle,3.49,en,wordfreq,0,2.8
shuffled,2.99,en,wordfreq,0,2.8
shuffling,3.06,en,wordfreq,0,3.1
shui,3.01,en,wordfreq,3,1.65
shun,3.24,en,wordfreq,8,1.4
shunned,3.11,en,wordfreq,1,2.5
shut,4.78,en,wordfreq,5,1.55
shutdown,3.62,en,wordfreq,0,3.2
shutout,3.15,en,wordfreq,0,2.85
shuts,3.49,en,wordfreq,3,1.7
shutter,3.48,en,wordfreq,1,1.85
shutters,3.17,en,wordfreq,0,2.55
shutting,3.71,en,wordfreq,1,2.2
shuttle,3.9,en,wordfreq,0,2.65
shy,4.16,en,wordfreq,13,1.15
si,4.17,en,wordfreq,47,1.0
sia,3.11,en,wordfreq,30,1.0
siam,3.09,en,wordfreq,7,1.45
siamese,2.97,en,wordfreq,0,3.0
siberia,3.45,en,wordfreq,1,2.65
siberian,3.31,en,wordfreq,1,2.7
sibling,3.61,en,wordfreq,0,1.95
siblings,4.05,en,wordfreq,0,2.65
sic,3.62,en,wordfreq,23,1.0
sichuan,3.02,en,wordfreq,0,3.3
sicilian,3.11,en,wordfreq,0,3.4
sicily,3.46,en,wordfreq,1,2.65
sick,4.88,en,wordfreq,15,1.1
sickening,3.31,en,wordfreq,0,2.85
sickle,3.15,en,wordfreq,4,2.0
sickly,3.03,en,wordfreq,2,1.9
sickness,3.83,en,wordfreq,0,2.9
sid,3.57,en,wordfreq,29,1.0
side,5.5,en,wordfreq,10,1.15
sidebar,3.07,en,wordfreq,0,3.0
sided,3.94,en,wordfreq,3,1.8
sidekick,3.24,en,wordfreq,0,3.8
sideline,3.32,en,wordfreq,0,2.55
sidelined,3.1,en,wordfreq,1,2.95
sidelines,3.32,en,wordfreq,1,2.95
sides,4.73,en,wordfreq,7,1.55
sidewalk,3.68,en,wordfreq,0,3.5
sidewalks,3.31,en,wordfreq,0,3.7
sideways,3.54,en,wordfreq,0,3.35
siding,3.49,en,wordfreq,4,1.75
sidney,3.7,en,wordfreq,2,2.25
sie,3.06,en,wordfreq,25,1.0
siege,3.93,en,wordfreq,2,1.85
siegel,3.08,en,wordfreq,0,2.5
siegfried,3.03,en,wordfreq,0,4.0
siemens,3.33,en,wordfreq,0,2.65
sienna,2.97,en,wordfreq,1,2.7
sierra,4.06,en,wordfreq,0,2.65
sieve,3.0,en,wordfreq,2,1.9
sift,3.02,en,wordfreq,5,1.6
sig,3.27,en,wordfreq,23,1.0
sigh,3.95,en,wordfreq,5,1.55
sighed,3.13,en,wordfreq,1,2.05
sighs,3.38,en,wordfreq,4,1.7
sight,4.54,en,wordfreq,9,1.35
sighted,3.54,en,wordfreq,1,2.3
sighting,3.3,en,wordfreq,2,2.5
sightings,3.28,en,wordfreq,0,2.95
sights,3.84,en,wordfreq,5,1.65
sightseeing,3.14,en,wordfreq,0,4.4
sigma,3.51,en,wordfreq,0,1.95
sign,5.08,en,wordfreq,3,1.65
signage,3.19,en,wordfreq,0,2.85
signal,4.62,en,wordfreq,0,2.4
signaled,3.1,en,wordfreq,0,2.75
signaling,3.65,en,wordfreq,0,2.85
signalling,3.41,en,wordfreq,0,3.7
signals,4.28,en,wordfreq,0,2.7
signatories,3.0,en,wordfreq,0,4.25
signature,4.25,en,wordfreq,0,3.5
signatures,3.75,en,wordfreq,0,3.65
signed,4.85,en,wordfreq,2,1.9
significance,4.18,en,wordfreq,0,5.3
significant,4.98,en,wordfreq,0,4.55
significantly,4.54,en,wordfreq,0,5.6
signifies,3.29,en,wordfreq,0,3.65
signify,3.22,en,wordfreq,0,2.9
signifying,2.97,en,wordfreq,0,3.45
signing,4.4,en,wordfreq,0,1.95
signings,3.33,en,wordfreq,0,2.7
signs,4.71,en,wordfreq,1,1.85
signup,3.06,en,wordfreq,0,2.75
sikh,3.35,en,wordfreq,2,1.85
sikhs,3.12,en,wordfreq,1,1.9
sil,2.99,en,wordfreq,26,1.0
silas,3.21,en,wordfreq,0,2.0
silence,4.46,en,wordfreq,0,2.6
silenced,3.39,en,wordfreq,0,2.9
silencing,3.08,en,wordfreq,0,3.0
silent,4.45,en,wordfreq,0,2.1
silently,3.58,en,wordfreq,0,2.95
silhouette,3.31,en,wordfreq,0,4.9
silica,3.27,en,wordfreq,0,2.65
silicon,4.0,en,wordfreq,0,2.85
silicone,3.4,en,wordfreq,0,3.6
silk,4.11,en,wordfreq,6,1.6
silky,3.26,en,wordfreq,2,1.85
sill,3.0,en,wordfreq,15,1.0
silly,4.39,en,wordfreq,9,1.5
silo,3.02,en,wordfreq,7,1.6
silt,2.96,en,wordfreq,8,1.5
silva,3.77,en,wordfreq,0,1.95
silver,4.81,en,wordfreq,0,1.95
silverman,3.07,en,wordfreq,0,3.4
silverware,3.08,en,wordfreq,0,4.75
silvery,3.0,en,wordfreq,0,2.8
silvia,2.97,en,wordfreq,2,2.6
silvio,3.0,en,wordfreq,1,2.7
sim,3.8,en,wordfreq,24,1.0
simeon,3.03,en,wordfreq,0,2.25
similar,5.21,en,wordfreq,0,2.85
similarities,3.79,en,wordfreq,0,4.75
similarity,3.58,en,wordfreq,0,3.6
similarly,4.3,en,wordfreq,0,3.7
simmer,3.27,en,wordfreq,2,1.8
simmons,3.78,en,wordfreq,1,2.35
simms,3.05,en,wordfreq,0,1.95
simon,4.48,en,wordfreq,0,1.8
simone,3.63,en,wordfreq,1,2.3
simons,3.09,en,wordfreq,1,1.85
simple,5.08,en,wordfreq,2,1.85
simpler,3.83,en,wordfreq,2,2.35
simplest,3.65,en,wordfreq,0,2.8
simplex,2.97,en,wordfreq,1,2.45
simplicity,3.77,en,wordfreq,0,3.5
simplification,2.98,en,wordfreq,0,4.5
simplified,3.69,en,wordfreq,0,3.6
simplify,3.46,en,wordfreq,0,3.2
simplifying,3.05,en,wordfreq,0,3.85
simplistic,3.32,en,wordfreq,0,4.05
simply,5.08,en,wordfreq,1,2.3
simpson,4.01,en,wordfreq,1,2.65
simpsons,3.55,en,wordfreq,0,3.0
sims,3.78,en,wordfreq,6,1.45
simulate,3.44,en,wordfreq,0,2.6
simulated,3.49,en,wordfreq,0,2.55
simulating,2.98,en,wordfreq,0,3.05
simulation,3.94,en,wordfreq,0,2.6
simulations,3.51,en,wordfreq,0,3.0
simulator,3.61,en,wordfreq,0,3.25
simultaneous,3.53,en,wordfreq,0,5.25
simultaneously,4.17,en,wordfreq,0,6.5
sin,4.37,en,wordfreq,34,1.0
sinai,3.45,en,wordfreq,0,2.0
sinatra,3.26,en,wordfreq,0,2.85
since,5.75,en,wordfreq,2,1.85
sincere,3.84,en,wordfreq,0,2.65
sincerely,3.89,en,wordfreq,0,3.7
sincerity,3.34,en,wordfreq,0,3.5
sinclair,3.6,en,wordfreq,0,3.8
sindh,2.98,en,wordfreq,1,1.95
sine,3.1,en,wordfreq,18,1.0
sinful,3.34,en,wordfreq,0,2.85
sing,4.54,en,wordfreq,20,1.0
singapore,4.35,en,wordfreq,0,3.85
singaporean,2.97,en,wordfreq,0,5.5
singer,4.52,en,wordfreq,6,1.65
singers,3.81,en,wordfreq,4,1.7
singh,4.04,en,wordfreq,2,1.8
singing,4.59,en,wordfreq,2,1.8
single,5.41,en,wordfreq,2,1.75
singled,3.3,en,wordfreq,1,2.1
singles,4.44,en,wordfreq,1,2.2
singleton,3.15,en,wordfreq,0,3.65
sings,3.89,en,wordfreq,7,1.45
singular,3.74,en,wordfreq,0,3.15
singularity,3.16,en,wordfreq,0,4.6
sinister,3.6,en,wordfreq,1,2.65
sink,4.21,en,wordfreq,16,1.0
sinking,3.83,en,wordfreq,2,1.85
sinks,3.47,en,wordfreq,4,1.6
sinn,3.22,en,wordfreq,11,1.35
sinned,3.05,en,wordfreq,3,1.8
sinner,3.39,en,wordfreq,4,1.6
sinners,3.43,en,wordfreq,3,1.75
sino,3.22,en,wordfreq,9,1.5
sins,4.04,en,wordfreq,18,1.0
sinus,3.28,en,wordfreq,4,1.75
sion,3.02,en,wordfreq,6,1.45
sioux,3.44,en,wordfreq,0,2.05
sip,3.67,en,wordfreq,27,1.0
sipping,3.3,en,wordfreq,3,1.7
sips,2.99,en,wordfreq,8,1.3
sir,5.06,en,wordfreq,23,1.0
sire,3.43,en,wordfreq,12,1.1
siren,3.46,en,wordfreq,0,1.9
sirens,3.41,en,wordfreq,0,1.95
siri,3.3,en,wordfreq,3,1.75
sirius,3.26,en,wordfreq,0,2.25
sis,3.63,en,wordfreq,33,1.0
sissy,3.23,en,wordfreq,2,1.9
sister,4.95,en,wordfreq,3,1.8
sisterhood,2.96,en,wordfreq,0,4.55
sisters,4.43,en,wordfreq,0,1.95
sit,4.9,en,wordfreq,26,1.0
sitcom,3.55,en,wordfreq,0,3.0
site,5.22,en,wordfreq,14,1.0
sites,4.74,en,wordfreq,7,1.5
sith,2.97,en,wordfreq,7,1.5
sits,4.18,en,wordfreq,14,1.0
sitter,3.18,en,wordfreq,8,1.6
sittin,3.0,en,wordfreq,0,2.1
sitting,4.86,en,wordfreq,4,1.65
situ,3.28,en,wordfreq,3,1.75
situated,4.19,en,wordfreq,0,2.8
situation,5.09,en,wordfreq,0,2.65
situational,3.14,en,wordfreq,0,3.65
situations,4.47,en,wordfreq,0,2.75
six,5.29,en,wordfreq,19,1.0
sixers,3.18,en,wordfreq,1,1.95
sixteen,3.95,en,wordfreq,0,2.85
sixteenth,3.38,en,wordfreq,0,3.65
sixth,4.38,en,wordfreq,1,1.9
sixties,3.36,en,wordfreq,0,2.75
sixty,3.93,en,wordfreq,1,1.95
sizable,3.37,en,wordfreq,0,2.55
size,5.13,en,wordfreq,4,1.6
sizeable,3.23,en,wordfreq,0,3.2
sized,4.27,en,wordfreq,2,1.8
sizes,4.18,en,wordfreq,3,1.8
sizing,3.2,en,wordfreq,1,1.9
sizzling,3.13,en,wordfreq,0,2.8
sj,3.17,en,wordfreq,37,1.0
sk,3.51,en,wordfreq,41,1.0
ska,3.05,en,wordfreq,9,1.4
skate,3.74,en,wordfreq,2,1.75
skateboard,3.21,en,wordfreq,0,4.0
skateboarding,3.15,en,wordfreq,0,5.6
skater,3.32,en,wordfreq,3,1.75
skaters,3.14,en,wordfreq,0,2.05
skates,3.29,en,wordfreq,2,1.8
skating,3.84,en,wordfreq,2,1.9
skeletal,3.39,en,wordfreq,0,3.65
skeleton,3.8,en,wordfreq,0,3.15
skeletons,3.39,en,wordfreq,0,3.7
skeptical,3.68,en,wordfreq,1,3.5
skepticism,3.4,en,wordfreq,0,4.45
skeptics,3.07,en,wordfreq,0,3.45
sketch,4.04,en,wordfreq,0,2.3
sketched,2.96,en,wordfreq,1,2.45
sketches,3.71,en,wordfreq,1,2.6
sketching,3.01,en,wordfreq,0,2.7
sketchy,3.22,en,wordfreq,0,2.85
skew,3.01,en,wordfreq,2,1.8
skewed,3.24,en,wordfreq,0,2.35
ski,4.13,en,wordfreq,9,1.1
skid,3.28,en,wordfreq,7,1.5
skier,3.2,en,wordfreq,1,1.9
skiers,3.21,en,wordfreq,0,1.9
skies,3.91,en,wordfreq,4,1.7
skiing,3.84,en,wordfreq,0,2.0
skill,4.42,en,wordfreq,3,1.7
skilled,4.13,en,wordfreq,2,1.85
skillet,3.08,en,wordfreq,1,2.55
skillful,3.13,en,wordfreq,0,3.6
skills,4.77,en,wordfreq,3,1.75
skim,3.17,en,wordfreq,7,1.5
skimming,3.01,en,wordfreq,1,2.6
skin,4.91,en,wordfreq,8,1.4
skincare,3.32,en,wordfreq,0,3.6
skinned,3.54,en,wordfreq,1,2.25
skinner,3.5,en,wordfreq,2,2.05
skinny,3.99,en,wordfreq,0,2.25
skins,3.79,en,wordfreq,3,1.7
skip,4.21,en,wordfreq,8,1.4
skipped,3.66,en,wordfreq,3,1.85
skipper,3.54,en,wordfreq,3,1.85
skipping,3.57,en,wordfreq,2,1.85
skips,3.15,en,wordfreq,4,1.65
skirmish,3.06,en,wordfreq,0,3.75
skirt,3.96,en,wordfreq,1,1.85
skirts,3.57,en,wordfreq,1,1.9
skis,3.19,en,wordfreq,5,1.5
skit,3.15,en,wordfreq,9,1.35
skull,4.09,en,wordfreq,1,1.9
skulls,3.39,en,wordfreq,1,2.0
skunk,3.1,en,wordfreq,0,1.95
sky,4.72,en,wordfreq,7,1.45
skydiving,3.01,en,wordfreq,0,3.8
skye,3.35,en,wordfreq,0,1.9
skyline,3.49,en,wordfreq,0,2.8
skype,3.68,en,wordfreq,0,2.2
skyscraper,3.2,en,wordfreq,0,4.65
skyscrapers,3.12,en,wordfreq,0,5.15
skywalker,3.13,en,wordfreq,0,4.15
sl,3.61,en,wordfreq,43,1.0
slab,3.49,en,wordfreq,6,1.6
slabs,3.2,en,wordfreq,3,1.75
slack,3.71,en,wordfreq,7,1.55
slade,3.25,en,wordfreq,6,1.7
slag,3.19,en,wordfreq,10,1.35
slain,3.54,en,wordfreq,5,1.75
slalom,3.11,en,wordfreq,1,2.65
slam,4.02,en,wordfreq,15,1.0
slammed,3.62,en,wordfreq,1,2.15
slamming,3.35,en,wordfreq,1,2.2
slams,3.63,en,wordfreq,6,1.65
slander,3.34,en,wordfreq,1,1.85
slang,3.55,en,wordfreq,2,1.75
slant,3.18,en,wordfreq,3,1.85
slap,3.97,en,wordfreq,10,1.35
slapped,3.67,en,wordfreq,4,1.8
slapping,3.36,en,wordfreq,5,1.75
slaps,3.17,en,wordfreq,7,1.55
slash,3.65,en,wordfreq,5,1.6
slashed,3.18,en,wordfreq,3,1.75
slashing,3.07,en,wordfreq,2,1.95
slate,3.82,en,wordfreq,5,1.6
slated,3.43,en,wordfreq,5,1.7
slater,3.46,en,wordfreq,4,1.7
slaughter,3.84,en,wordfreq,0,3.35
slaughtered,3.53,en,wordfreq,0,4.15
slaughtering,3.03,en,wordfreq,0,4.25
slave,4.31,en,wordfreq,4,1.7
slavery,4.21,en,wordfreq,0,2.4
slaves,4.19,en,wordfreq,0,1.9
slavic,3.15,en,wordfreq,0,2.75
slay,3.35,en,wordfreq,9,1.4
slayer,3.45,en,wordfreq,2,1.85
slaying,3.26,en,wordfreq,3,1.75
sleazy,3.04,en,wordfreq,0,2.5
sled,3.23,en,wordfreq,9,1.5
sledge,3.07,en,wordfreq,2,1.85
sleek,3.34,en,wordfreq,1,1.9
sleep,5.05,en,wordfreq,5,1.6
sleeper,3.46,en,wordfreq,0,2.3
sleepers,3.04,en,wordfreq,0,2.55
sleeping,4.56,en,wordfreq,1,2.0
sleepless,3.18,en,wordfreq,0,3.35
sleeps,3.71,en,wordfreq,2,1.85
sleepy,3.68,en,wordfreq,1,2.1
sleeve,3.93,en,wordfreq,0,2.2
sleeves,3.7,en,wordfreq,0,2.45
sleigh,2.99,en,wordfreq,0,2.45
slender,3.59,en,wordfreq,2,1.8
slept,4.18,en,wordfreq,1,1.9
slew,3.34,en,wordfreq,6,1.6
slice,4.0,en,wordfreq,5,1.6
sliced,3.57,en,wordfreq,2,1.85
slices,3.63,en,wordfreq,3,1.8
slicing,3.14,en,wordfreq,1,1.95
slick,3.71,en,wordfreq,5,1.65
slid,3.55,en,wordfreq,6,1.5
slide,4.3,en,wordfreq,4,1.6
slider,3.21,en,wordfreq,4,1.7
sliders,2.99,en,wordfreq,1,1.85
slides,3.78,en,wordfreq,2,1.75
sliding,3.87,en,wordfreq,2,1.85
slight,4.22,en,wordfreq,4,1.7
slightest,3.77,en,wordfreq,0,3.2
slightly,4.75,en,wordfreq,0,2.65
slim,4.05,en,wordfreq,7,1.4
slime,3.38,en,wordfreq,3,1.75
slimy,3.08,en,wordfreq,1,1.9
sling,3.34,en,wordfreq,7,1.55
slip,4.28,en,wordfreq,9,1.4
slipped,3.99,en,wordfreq,6,1.7
slipper,3.08,en,wordfreq,4,1.7
slippers,3.37,en,wordfreq,3,2.1
slippery,3.61,en,wordfreq,1,2.5
slipping,3.69,en,wordfreq,5,1.7
slips,3.61,en,wordfreq,5,1.6
slit,3.47,en,wordfreq,10,1.35
sliver,2.99,en,wordfreq,3,1.8
sloan,3.44,en,wordfreq,0,1.85
sloane,3.23,en,wordfreq,0,1.95
slogan,3.72,en,wordfreq,0,2.35
slogans,3.33,en,wordfreq,0,2.7
slope,3.9,en,wordfreq,1,1.9
slopes,3.79,en,wordfreq,0,1.95
sloping,3.08,en,wordfreq,1,1.95
sloppy,3.59,en,wordfreq,1,2.55
slot,4.09,en,wordfreq,11,1.3
sloth,3.1,en,wordfreq,2,1.85
slots,3.83,en,wordfreq,8,1.5
slotted,3.07,en,wordfreq,2,2.25
slough,3.06,en,wordfreq,1,2.05
slovak,3.17,en,wordfreq,0,2.7
slovakia,3.4,en,wordfreq,0,3.75
slovenia,3.41,en,wordfreq,0,3.8
slow,4.85,en,wordfreq,9,1.4
slowdown,3.1,en,wordfreq,1,3.6
slowed,3.71,en,wordfreq,3,1.85
slower,3.98,en,wordfreq,4,1.75
slowest,3.13,en,wordfreq,0,2.65
slowing,3.71,en,wordfreq,6,1.65
slowly,4.63,en,wordfreq,0,2.55
slows,3.39,en,wordfreq,5,1.65
slr,2.96,en,wordfreq,8,1.35
sls,2.98,en,wordfreq,15,1.1
sludge,3.23,en,wordfreq,1,2.2
slug,3.31,en,wordfreq,7,1.55
sluggish,3.25,en,wordfreq,0,3.8
slugs,3.05,en,wordfreq,4,1.75
slum,3.25,en,wordfreq,8,1.45
slumber,3.2,en,wordfreq,1,2.35
slump,3.36,en,wordfreq,3,1.75
slumped,3.03,en,wordfreq,0,2.4
slums,3.2,en,wordfreq,6,1.6
slur,3.18,en,wordfreq,6,1.55
slurs,3.12,en,wordfreq,4,1.75
slush,2.99,en,wordfreq,4,1.75
slut,3.76,en,wordfreq,6,1.65
sluts,3.19,en,wordfreq,5,1.7
slutty,3.12,en,wordfreq,0,2.75
sly,3.4,en,wordfreq,10,1.3
sm,3.71,en,wordfreq,45,1.0
sma,2.96,en,wordfreq,14,1.05
smack,3.64,en,wordfreq,4,1.65
smackdown,3.31,en,wordfreq,0,3.85
smacked,3.21,en,wordfreq,1,1.9
smacking,3.02,en,wordfreq,1,1.9
smacks,3.03,en,wordfreq,2,1.8
small,5.51,en,wordfreq,3,1.8
smaller,4.8,en,wordfreq,0,2.3
smallest,4.01,en,wordfreq,0,2.8
smallpox,3.26,en,wordfreq,0,3.65
smart,4.83,en,wordfreq,2,1.85
smarter,3.91,en,wordfreq,1,1.95
smartest,3.48,en,wordfreq,0,2.8
smartphone,4.06,en,wordfreq,0,4.4
smartphones,3.69,en,wordfreq,0,4.5
smartwatch,3.0,en,wordfreq,0,4.75
smash,4.09,en,wordfreq,2,1.8
smashed,3.84,en,wordfreq,2,1.95
smashes,3.04,en,wordfreq,1,2.35
smashing,3.66,en,wordfreq,1,2.35
sme,3.03,en,wordfreq,13,1.05
smear,3.46,en,wordfreq,3,1.85
smeared,3.09,en,wordfreq,0,2.15
smell,4.49,en,wordfreq,5,1.6
smelled,3.5,en,wordfreq,3,1.9
smelling,3.58,en,wordfreq,3,2.0
smells,4.04,en,wordfreq,4,1.7
smelly,3.29,en,wordfreq,2,1.85
smelt,2.99,en,wordfreq,2,1.85
smes,3.07,en,wordfreq,4,1.6
smh,3.5,en,wordfreq,7,1.5
smile,4.64,en,wordfreq,1,1.75
smiled,3.86,en,wordfreq,4,1.75
smiles,3.91,en,wordfreq,3,1.75
smiley,3.4,en,wordfreq,2,1.8
smiling,4.15,en,wordfreq,1,1.95
smirk,3.04,en,wordfreq,0,2.0
smith,4.89,en,wordfreq,1,1.85
smiths,3.21,en,wordfreq,0,2.0
smithsonian,3.4,en,wordfreq,0,5.6
smitten,3.01,en,wordfreq,0,2.65
smog,3.05,en,wordfreq,1,1.95
smoke,4.67,en,wordfreq,3,1.65
smoked,3.92,en,wordfreq,4,1.75
smoker,3.37,en,wordfreq,3,1.75
smokers,3.52,en,wordfreq,0,2.15
smokes,3.45,en,wordfreq,4,1.7
smokey,3.27,en,wordfreq,3,1.9
smokin,2.97,en,wordfreq,0,2.35
smoking,4.52,en,wordfreq,0,1.95
smoky,3.33,en,wordfreq,1,1.9
smooth,4.4,en,wordfreq,0,2.15
smoother,3.35,en,wordfreq,0,2.6
smoothie,3.25,en,wordfreq,0,3.25
smoothies,3.05,en,wordfreq,0,3.4
smoothing,3.04,en,wordfreq,0,2.75
smoothly,3.68,en,wordfreq,0,3.3
smothered,3.02,en,wordfreq,0,3.35
sms,3.66,en,wordfreq,21,1.0
smug,3.31,en,wordfreq,3,1.8
smuggle,3.11,en,wordfreq,1,2.55
smuggled,3.22,en,wordfreq,1,2.65
smuggler,2.96,en,wordfreq,1,2.95
smugglers,3.1,en,wordfreq,0,3.5
smuggling,3.54,en,wordfreq,0,3.1
smurf,3.12,en,wordfreq,0,2.2
smyth,3.04,en,wordfreq,1,2.1
sn,3.17,en,wordfreq,39,1.0
snack,3.9,en,wordfreq,6,1.6
snacks,3.86,en,wordfreq,2,1.8
snag,3.27,en,wordfreq,6,1.6
snail,3.67,en,wordfreq,0,1.85
snails,3.26,en,wordfreq,0,1.85
snake,4.23,en,wordfreq,4,1.7
snakes,3.86,en,wordfreq,2,1.85
snap,4.21,en,wordfreq,4,1.55
snapchat,3.59,en,wordfreq,0,3.75
snape,2.96,en,wordfreq,5,1.7
snapped,3.81,en,wordfreq,3,1.85
snapper,3.0,en,wordfreq,1,2.1
snapping,3.47,en,wordfreq,2,1.85
snappy,3.01,en,wordfreq,0,2.5
snaps,3.66,en,wordfreq,4,1.7
snapshot,3.39,en,wordfreq,0,3.7
snapshots,3.1,en,wordfreq,0,4.2
snare,3.25,en,wordfreq,6,1.7
snatch,3.53,en,wordfreq,1,2.05
snatched,3.48,en,wordfreq,0,2.4
snatching,2.98,en,wordfreq,0,2.5
sneak,3.99,en,wordfreq,2,1.8
sneaker,3.01,en,wordfreq,1,2.0
sneakers,3.53,en,wordfreq,1,2.45
sneaking,3.42,en,wordfreq,1,2.1
sneaks,3.04,en,wordfreq,3,1.8
sneaky,3.52,en,wordfreq,1,2.05
sneeze,3.19,en,wordfreq,0,2.65
sneezing,3.02,en,wordfreq,0,2.3
snickers,3.0,en,wordfreq,2,2.55
sniff,3.44,en,wordfreq,2,2.1
sniffing,3.23,en,wordfreq,0,2.75
snipe,3.04,en,wordfreq,2,1.85
sniper,3.73,en,wordfreq,0,1.9
snipers,3.25,en,wordfreq,0,2.45
snippet,3.12,en,wordfreq,0,2.4
snippets,3.06,en,wordfreq,0,2.75
snitch,3.1,en,wordfreq,3,1.95
snl,3.24,en,wordfreq,6,1.55
snob,2.96,en,wordfreq,2,1.85
snooker,3.03,en,wordfreq,0,2.45
snoop,3.4,en,wordfreq,3,1.85
snooping,3.02,en,wordfreq,0,2.4
snooze,2.98,en,wordfreq,0,2.7
snoring,3.26,en,wordfreq,3,1.8
snort,3.01,en,wordfreq,3,1.8
snorting,2.97,en,wordfreq,1,2.1
snout,3.08,en,wordfreq,5,1.75
snow,4.66,en,wordfreq,5,1.55
snowball,3.18,en,wordfreq,1,3.6
snowboard,3.01,en,wordfreq,0,3.7
snowboarding,3.15,en,wordfreq,0,4.8
snowden,3.44,en,wordfreq,0,2.95
snowfall,3.22,en,wordfreq,1,3.65
snowflake,3.25,en,wordfreq,0,4.3
snowflakes,3.11,en,wordfreq,0,4.55
snowing,3.1,en,wordfreq,4,1.75
snowman,3.16,en,wordfreq,0,2.8
snows,2.97,en,wordfreq,4,1.75
snowy,3.46,en,wordfreq,1,1.9
snp,3.62,en,wordfreq,7,1.45
snuck,3.27,en,wordfreq,2,1.85
snuff,3.15,en,wordfreq,2,1.95
snug,3.1,en,wordfreq,3,1.85
snuggle,3.04,en,wordfreq,1,2.7
snyder,3.61,en,wordfreq,0,2.6
so,6.52,en,wordfreq,45,1.0
soak,3.61,en,wordfreq,3,1.8
soaked,3.66,en,wordfreq,2,1.9
soaking,3.43,en,wordfreq,2,1.9
soap,4.18,en,wordfreq,6,1.6
soaps,3.19,en,wordfreq,4,1.75
soar,3.39,en,wordfreq,8,1.45
soared,3.06,en,wordfreq,6,1.7
soaring,3.44,en,wordfreq,6,1.7
sob,3.27,en,wordfreq,20,1.0
sobbing,3.47,en,wordfreq,1,2.3
sober,3.94,en,wordfreq,1,1.9
sobriety,3.19,en,wordfreq,0,3.5
sobs,3.18,en,wordfreq,5,1.6
soc,3.32,en,wordfreq,22,1.0
soccer,4.48,en,wordfreq,0,2.25
sochi,3.04,en,wordfreq,0,2.05
sociable,2.97,en,wordfreq,0,2.9
social,5.42,en,wordfreq,0,2.3
socialism,3.88,en,wordfreq,1,3.45
socialist,4.22,en,wordfreq,1,3.15
socialists,3.59,en,wordfreq,0,3.4
socialization,3.02,en,wordfreq,0,3.8
socialize,3.16,en,wordfreq,0,3.2
socializing,2.97,en,wordfreq,0,3.95
socially,3.96,en,wordfreq,0,2.75
societal,3.59,en,wordfreq,0,3.4
societies,4.08,en,wordfreq,0,3.45
society,5.17,en,wordfreq,0,2.7
socio,3.58,en,wordfreq,0,2.0
socioeconomic,3.34,en,wordfreq,0,6.8
sociological,3.26,en,wordfreq,0,3.95
sociologist,3.04,en,wordfreq,0,4.1
sociology,3.78,en,wordfreq,0,3.45
sociopath,3.07,en,wordfreq,0,4.5
sock,3.61,en,wordfreq,10,1.25
socket,3.52,en,wordfreq,3,1.8
sockets,3.2,en,wordfreq,2,1.9
socks,4.03,en,wordfreq,7,1.5
socrates,3.27,en,wordfreq,0,2.95
sod,3.25,en,wordfreq,26,1.0
soda,4.04,en,wordfreq,4,1.7
sodium,3.87,en,wordfreq,1,2.75
sodomy,2.96,en,wordfreq,0,2.95
soe,2.96,en,wordfreq,30,1.0
sofa,3.81,en,wordfreq,4,1.75
sofia,3.74,en,wordfreq,1,1.9
soft,4.68,en,wordfreq,5,1.7
softball,3.66,en,wordfreq,0,3.55
soften,3.36,en,wordfreq,1,2.35
softened,3.24,en,wordfreq,0,2.9
softening,3.09,en,wordfreq,0,3.05
softer,3.54,en,wordfreq,1,1.95
softly,3.77,en,wordfreq,0,2.4
softness,2.99,en,wordfreq,0,3.1
software,4.77,en,wordfreq,0,3.65
soggy,3.14,en,wordfreq,2,2.0
soho,3.37,en,wordfreq,3,1.75
soil,4.42,en,wordfreq,6,1.45
soiled,2.97,en,wordfreq,4,1.7
soils,3.57,en,wordfreq,4,1.65
sol,3.69,en,wordfreq,23,1.0
solace,3.28,en,wordfreq,0,2.15
solar,4.53,en,wordfreq,3,1.8
sold,4.97,en,wordfreq,9,1.35
solder,3.11,en,wordfreq,4,1.7
soldering,2.96,en,wordfreq,0,2.8
soldier,4.46,en,wordfreq,0,2.4
soldiers,4.7,en,wordfreq,0,2.7
sole,4.29,en,wordfreq,11,1.15
soleil,3.0,en,wordfreq,0,2.7
solely,4.2,en,wordfreq,1,1.95
solemn,3.41,en,wordfreq,0,2.45
solemnly,3.03,en,wordfreq,0,3.5
soles,3.18,en,wordfreq,8,1.5
solicit,3.06,en,wordfreq,0,2.85
solicitation,3.17,en,wordfreq,0,3.95
soliciting,3.08,en,wordfreq,0,3.6
solicitor,3.69,en,wordfreq,0,3.65
solicitors,3.34,en,wordfreq,0,3.75
solid,4.73,en,wordfreq,0,1.85
solidarity,3.89,en,wordfreq,0,3.85
solidified,3.06,en,wordfreq,0,4.1
solidify,2.99,en,wordfreq,0,3.3
solidly,3.15,en,wordfreq,0,2.65
solids,3.33,en,wordfreq,0,1.95
solitaire,3.01,en,wordfreq,0,3.7
solitary,3.73,en,wordfreq,0,2.85
solitude,3.42,en,wordfreq,0,3.2
solo,4.61,en,wordfreq,8,1.45
soloist,3.0,en,wordfreq,0,2.95
solomon,3.81,en,wordfreq,0,2.85
solos,3.33,en,wordfreq,2,1.85
solstice,3.1,en,wordfreq,0,3.25
solubility,2.96,en,wordfreq,0,3.8
soluble,3.44,en,wordfreq,0,2.95
solution,4.84,en,wordfreq,0,2.65
solutions,4.5,en,wordfreq,0,2.85
solve,4.42,en,wordfreq,0,1.85
solved,4.08,en,wordfreq,1,1.9
solvent,3.44,en,wordfreq,0,2.5
solvents,3.06,en,wordfreq,0,2.85
solves,3.29,en,wordfreq,3,1.75
solving,3.99,en,wordfreq,0,2.0
som,3.19,en,wordfreq,23,1.0
soma,3.21,en,wordfreq,7,1.55
somali,3.53,en,wordfreq,0,2.75
somalia,3.67,en,wordfreq,0,2.85
somber,3.05,en,wordfreq,1,1.9
some,6.2,en,wordfreq,9,1.4
somebody,4.8,en,wordfreq,0,3.65
someday,4.05,en,wordfreq,0,2.95
somehow,4.53,en,wordfreq,0,3.25
someone,5.63,en,wordfreq,0,2.8
someones,3.21,en,wordfreq,0,2.9
someplace,3.14,en,wordfreq,0,3.75
somers,2.96,en,wordfreq,1,1.95
somerset,3.78,en,wordfreq,0,3.5
somerville,3.0,en,wordfreq,0,4.15
somethin,3.51,en,wordfreq,0,3.45
something,5.81,en,wordfreq,0,2.95
somethings,3.12,en,wordfreq,0,3.6
sometime,4.16,en,wordfreq,0,3.25
sometimes,5.28,en,wordfreq,0,3.6
somewhat,4.55,en,wordfreq,0,3.75
somewhere,4.74,en,wordfreq,0,3.85
son,5.28,en,wordfreq,30,1.0
sonar,3.3,en,wordfreq,1,1.9
sonata,3.13,en,wordfreq,0,2.4
song,5.26,en,wordfreq,19,1.0
songs,4.84,en,wordfreq,2,1.8
songwriter,3.7,en,wordfreq,0,4.55
songwriters,3.1,en,wordfreq,0,4.6
songwriting,3.19,en,wordfreq,0,4.35
sonia,3.54,en,wordfreq,3,1.85
sonic,3.93,en,wordfreq,3,1.85
sonnet,2.96,en,wordfreq,1,2.1
sonny,3.64,en,wordfreq,4,1.75
sonoma,3.15,en,wordfreq,0,2.75
sons,4.5,en,wordfreq,13,1.15
sony,4.19,en,wordfreq,5,1.5
sonya,3.07,en,wordfreq,1,1.9
soo,3.78,en,wordfreq,31,1.0
soon,5.32,en,wordfreq,13,1.2
sooner,4.25,en,wordfreq,1,1.95
sooo,3.48,en,wordfreq,5,1.6
soooo,3.46,en,wordfreq,0,1.9
sooooo,3.17,en,wordfreq,0,2.8
soot,3.02,en,wordfreq,15,1.15
soothe,3.18,en,wordfreq,0,2.35
soothing,3.45,en,wordfreq,0,2.35
sophia,3.7,en,wordfreq,1,2.7
sophie,3.91,en,wordfreq,1,2.85
sophisticated,4.05,en,wordfreq,0,5.7
sophistication,3.27,en,wordfreq,0,5.25
sophomore,3.69,en,wordfreq,0,4.6
soprano,3.31,en,wordfreq,0,2.85
sopranos,3.02,en,wordfreq,0,3.35
sora,2.99,en,wordfreq,12,1.3
sorcerer,3.14,en,wordfreq,0,3.45
sorcery,3.14,en,wordfreq,0,2.7
sordid,2.99,en,wordfreq,0,2.65
sore,3.99,en,wordfreq,15,1.0
sorely,3.19,en,wordfreq,2,2.0
soreness,3.0,en,wordfreq,0,2.9
sores,3.03,en,wordfreq,5,1.45
sorority,3.26,en,wordfreq,0,3.15
soros,3.24,en,wordfreq,3,1.85
sorrow,3.73,en,wordfreq,2,2.2
sorrows,3.23,en,wordfreq,0,2.55
sorry,5.18,en,wordfreq,2,1.9
sort,5.0,en,wordfreq,8,1.35
sorta,3.29,en,wordfreq,1,1.85
sorted,3.83,en,wordfreq,1,1.95
sorting,3.61,en,wordfreq,0,1.9
sorts,4.21,en,wordfreq,5,1.6
sos,3.36,en,wordfreq,34,1.0
soto,3.02,en,wordfreq,7,1.6
sought,4.49,en,wordfreq,2,1.85
soul,4.81,en,wordfreq,6,1.55
soulful,3.13,en,wordfreq,0,3.2
souls,4.21,en,wordfreq,3,1.75
sound,5.15,en,wordfreq,7,1.6
soundcloud,3.16,en,wordfreq,0,4.8
sounded,4.12,en,wordfreq,5,1.75
sounding,3.9,en,wordfreq,4,1.95
soundly,2.97,en,wordfreq,0,2.6
sounds,4.97,en,wordfreq,6,1.65
soundtrack,3.93,en,wordfreq,0,4.6
soundtracks,2.99,en,wordfreq,0,4.75
soup,4.15,en,wordfreq,5,1.65
soups,3.1,en,wordfreq,2,1.8
sour,3.88,en,wordfreq,12,1.25
source,5.15,en,wordfreq,0,1.95
sourced,3.51,en,wordfreq,1,2.3
sources,4.84,en,wordfreq,1,2.4
sourcing,3.27,en,wordfreq,0,2.4
sous,3.11,en,wordfreq,7,1.45
south,5.4,en,wordfreq,2,1.9
southampton,3.81,en,wordfreq,0,4.85
southbound,3.22,en,wordfreq,0,4.3
southeast,4.15,en,wordfreq,0,3.4
southeastern,3.66,en,wordfreq,0,4.5
southend,3.13,en,wordfreq,0,2.9
southern,4.84,en,wordfreq,0,2.9
southerners,3.0,en,wordfreq,0,4.6
southport,3.02,en,wordfreq,0,3.65
southward,3.07,en,wordfreq,1,3.25
southwark,3.08,en,wordfreq,1,3.5
southwest,4.1,en,wordfreq,0,3.45
southwestern,3.64,en,wordfreq,0,4.65
souvenir,3.36,en,wordfreq,0,3.7
souvenirs,3.18,en,wordfreq,0,3.8
sovereign,3.95,en,wordfreq,0,3.85
sovereignty,3.86,en,wordfreq,0,4.65
soviet,4.54,en,wordfreq,0,2.6
soviets,3.59,en,wordfreq,0,2.75
sow,3.38,en,wordfreq,25,1.0
sowing,3.0,en,wordfreq,5,1.5
sox,3.84,en,wordfreq,19,1.0
soy,3.63,en,wordfreq,22,1.0
soybean,3.09,en,wordfreq,0,3.25
soybeans,2.99,en,wordfreq,0,3.6
sp,4.03,en,wordfreq,45,1.0
spa,3.96,en,wordfreq,15,1.0
space,5.23,en,wordfreq,3,1.6
spacecraft,3.75,en,wordfreq,0,4.8
spaced,3.44,en,wordfreq,5,1.65
spaces,4.28,en,wordfreq,6,1.6
spaceship,3.36,en,wordfreq,0,3.95
spacex,3.41,en,wordfreq,3,1.95
spacey,2.96,en,wordfreq,4,1.75
spacing,3.42,en,wordfreq,1,1.9
spacious,3.41,en,wordfreq,0,3.0
spade,3.33,en,wordfreq,4,1.75
spades,3.14,en,wordfreq,3,1.8
spaghetti,3.65,en,wordfreq,0,4.75
spain,4.59,en,wordfreq,4,1.65
spalding,2.96,en,wordfreq,0,2.05
spam,4.05,en,wordfreq,9,1.4
spamming,3.23,en,wordfreq,1,2.15
span,4.07,en,wordfreq,10,1.15
spaniard,3.06,en,wordfreq,0,3.25
spaniards,3.36,en,wordfreq,0,3.7
spanish,4.73,en,wordfreq,0,2.7
spank,3.08,en,wordfreq,3,1.75
spanking,3.28,en,wordfreq,2,1.9
spanned,3.11,en,wordfreq,2,1.85
spanning,3.52,en,wordfreq,4,1.8
spans,3.48,en,wordfreq,4,1.65
spar,3.06,en,wordfreq,7,1.35
spare,4.28,en,wordfreq,9,1.35
spared,3.64,en,wordfreq,6,1.6
spares,3.04,en,wordfreq,8,1.55
sparing,3.01,en,wordfreq,5,1.6
sparingly,3.02,en,wordfreq,0,3.1
spark,3.99,en,wordfreq,4,1.65
sparked,3.55,en,wordfreq,0,1.9
sparking,3.08,en,wordfreq,2,1.75
sparkle,3.38,en,wordfreq,1,2.6
sparkling,3.56,en,wordfreq,0,2.6
sparkly,3.07,en,wordfreq,1,2.55
sparks,3.76,en,wordfreq,2,1.8
sparring,3.11,en,wordfreq,3,1.8
sparrow,3.48,en,wordfreq,0,2.65
sparse,3.36,en,wordfreq,0,1.9
sparsely,3.1,en,wordfreq,0,2.85
sparta,3.16,en,wordfreq,0,1.95
spartan,3.37,en,wordfreq,0,2.7
spartans,3.24,en,wordfreq,0,2.85
spasms,2.98,en,wordfreq,0,2.35
spat,3.3,en,wordfreq,8,1.45
spatial,3.76,en,wordfreq,0,2.9
spawn,3.38,en,wordfreq,2,1.8
spawned,3.45,en,wordfreq,1,2.4
spawning,3.32,en,wordfreq,1,2.25
spd,3.26,en,wordfreq,10,1.3
speak,5.03,en,wordfreq,4,1.7
speaker,4.49,en,wordfreq,1,2.05
speakers,4.24,en,wordfreq,1,2.5
speaking,4.91,en,wordfreq,1,1.9
speaks,4.43,en,wordfreq,3,1.75
spear,3.7,en,wordfreq,4,1.65
spearheaded,3.06,en,wordfreq,0,4.85
spears,3.66,en,wordfreq,2,1.75
spec,3.59,en,wordfreq,2,1.75
special,5.34,en,wordfreq,0,2.5
specialised,3.45,en,wordfreq,2,3.05
specialises,3.07,en,wordfreq,3,2.9
specialising,3.14,en,wordfreq,1,3.85
specialist,4.28,en,wordfreq,0,2.75
specialists,3.9,en,wordfreq,1,2.95
speciality,3.14,en,wordfreq,0,2.95
specialization,3.29,en,wordfreq,0,4.3
specialize,3.28,en,wordfreq,0,2.85
specialized,4.07,en,wordfreq,2,3.05
specializes,3.5,en,wordfreq,2,2.95
specializing,3.51,en,wordfreq,1,3.75
specially,4.01,en,wordfreq,1,2.9
specials,3.66,en,wordfreq,0,2.65
specialties,3.31,en,wordfreq,0,3.3
specialty,3.89,en,wordfreq,1,3.05
species,4.85,en,wordfreq,0,2.35
specific,5.03,en,wordfreq,0,3.1
specifically,4.65,en,wordfreq,0,4.3
specification,3.75,en,wordfreq,0,3.7
specifications,3.95,en,wordfreq,0,4.3
specificity,3.22,en,wordfreq,0,4.25
specifics,3.52,en,wordfreq,1,3.25
specified,4.06,en,wordfreq,1,3.05
specifies,3.24,en,wordfreq,2,2.95
specify,3.78,en,wordfreq,0,2.8
specifying,3.17,en,wordfreq,0,3.65
specimen,3.72,en,wordfreq,0,3.2
specimens,3.77,en,wordfreq,0,3.45
speck,3.02,en,wordfreq,3,1.75
specs,3.54,en,wordfreq,1,1.85
spectacle,3.61,en,wordfreq,0,3.45
spectacles,3.11,en,wordfreq,0,3.65
spectacular,4.06,en,wordfreq,0,4.4
spectacularly,3.02,en,wordfreq,0,5.55
spectator,3.51,en,wordfreq,0,3.55
spectators,3.66,en,wordfreq,0,3.6
specter,3.08,en,wordfreq,0,2.35
spectra,3.25,en,wordfreq,1,2.65
spectral,3.46,en,wordfreq,0,2.9
spectre,3.24,en,wordfreq,1,2.7
spectrometry,2.96,en,wordfreq,0,5.6
spectroscopy,3.31,en,wordfreq,0,5.85
spectrum,4.26,en,wordfreq,0,3.45
speculate,3.48,en,wordfreq,0,3.3
speculated,3.37,en,wordfreq,0,3.3
speculating,3.07,en,wordfreq,0,3.35
speculation,3.99,en,wordfreq,0,3.2
speculations,2.97,en,wordfreq,0,3.5
speculative,3.51,en,wordfreq,0,3.8
sped,3.26,en,wordfreq,6,1.5
speech,4.85,en,wordfreq,0,2.25
speeches,3.93,en,wordfreq,0,2.75
speechless,3.26,en,wordfreq,0,3.95
speed,5.0,en,wordfreq,3,1.6
speeding,3.68,en,wordfreq,1,1.9
speeds,4.05,en,wordfreq,2,1.8
speedway,3.23,en,wordfreq,0,3.55
speedy,3.65,en,wordfreq,1,2.1
spell,4.37,en,wordfreq,5,1.6
spelled,3.79,en,wordfreq,4,1.8
spelling,4.0,en,wordfreq,4,1.75
spells,3.82,en,wordfreq,4,1.7
spelt,3.18,en,wordfreq,3,1.85
spence,3.35,en,wordfreq,0,1.9
spencer,4.07,en,wordfreq,0,2.5
spend,4.97,en,wordfreq,2,1.75
spending,4.71,en,wordfreq,1,1.85
spends,3.95,en,wordfreq,1,1.85
spent,5.02,en,wordfreq,3,1.75
sperm,3.84,en,wordfreq,0,1.95
spewing,3.04,en,wordfreq,0,1.95
sphere,3.91,en,wordfreq,0,2.15
spheres,3.41,en,wordfreq,0,2.55
spherical,3.39,en,wordfreq,0,3.6
sphinx,3.0,en,wordfreq,0,2.5
spice,3.94,en,wordfreq,7,1.5
spiced,3.02,en,wordfreq,5,1.65
spicer,3.01,en,wordfreq,3,1.8
spices,3.55,en,wordfreq,6,1.6
spicy,3.8,en,wordfreq,1,1.95
spider,4.25,en,wordfreq,2,1.85
spiderman,3.2,en,wordfreq,0,3.6
spiders,3.75,en,wordfreq,1,1.9
spied,3.08,en,wordfreq,2,1.7
spiegel,3.01,en,wordfreq,0,2.85
spielberg,3.12,en,wordfreq,0,3.95
spies,3.7,en,wordfreq,4,1.6
spike,3.96,en,wordfreq,5,1.6
spiked,3.23,en,wordfreq,2,1.8
spikes,3.53,en,wordfreq,3,1.75
spill,3.84,en,wordfreq,3,1.7
spilled,3.63,en,wordfreq,2,1.9
spilling,3.37,en,wordfreq,2,1.9
spills,3.35,en,wordfreq,3,1.75
spin,4.38,en,wordfreq,5,1.5
spinach,3.48,en,wordfreq,0,2.9
spinal,3.85,en,wordfreq,1,2.3
spindle,3.1,en,wordfreq,0,2.7
spine,3.93,en,wordfreq,8,1.4
spines,3.25,en,wordfreq,3,1.65
spinner,3.36,en,wordfreq,1,1.85
spinners,3.08,en,wordfreq,0,2.35
spinning,3.98,en,wordfreq,1,1.9
spinoff,3.16,en,wordfreq,0,3.15
spins,3.51,en,wordfreq,5,1.55
spiral,3.85,en,wordfreq,1,2.55
spire,3.11,en,wordfreq,7,1.55
spirit,4.79,en,wordfreq,0,2.3
spirited,3.55,en,wordfreq,0,2.85
spirits,4.16,en,wordfreq,0,2.45
spiritual,4.4,en,wordfreq,0,3.55
spirituality,3.55,en,wordfreq,0,4.85
spiritually,3.29,en,wordfreq,0,4.35
spit,3.85,en,wordfreq,7,1.4
spite,4.04,en,wordfreq,7,1.5
spits,3.08,en,wordfreq,6,1.5
spitting,3.47,en,wordfreq,2,1.75
splash,3.85,en,wordfreq,0,2.3
splashed,3.03,en,wordfreq,0,2.6
splashing,3.09,en,wordfreq,0,2.75
spleen,3.14,en,wordfreq,0,2.5
splendid,3.75,en,wordfreq,0,3.5
splendor,3.05,en,wordfreq,0,3.0
splinter,3.28,en,wordfreq,1,2.6
split,4.65,en,wordfreq,0,1.85
splits,3.5,en,wordfreq,0,1.9
splitting,3.78,en,wordfreq,0,2.55
spock,3.07,en,wordfreq,3,1.8
spoil,3.81,en,wordfreq,0,1.85
spoiled,3.81,en,wordfreq,1,1.9
spoiler,3.55,en,wordfreq,1,2.45
spoilers,3.46,en,wordfreq,0,2.6
spoiling,3.25,en,wordfreq,0,2.5
spoils,3.33,en,wordfreq,1,1.85
spoilt,3.1,en,wordfreq,1,2.1
spokane,3.32,en,wordfreq,0,2.85
spoke,4.61,en,wordfreq,4,1.7
spoken,4.45,en,wordfreq,0,1.95
spokesman,3.79,en,wordfreq,0,3.45
spokesperson,3.64,en,wordfreq,0,5.75
spokeswoman,3.12,en,wordfreq,0,5.2
sponge,3.59,en,wordfreq,0,2.4
spongebob,3.23,en,wordfreq,0,4.75
sponges,3.07,en,wordfreq,0,2.6
sponsor,4.04,en,wordfreq,0,2.8
sponsored,4.23,en,wordfreq,0,3.55
sponsoring,3.4,en,wordfreq,0,3.6
sponsors,3.91,en,wordfreq,0,2.8
sponsorship,3.72,en,wordfreq,0,5.0
spontaneous,3.71,en,wordfreq,0,4.65
spontaneously,3.34,en,wordfreq,0,6.0
spoof,3.1,en,wordfreq,1,1.95
spooked,3.06,en,wordfreq,0,2.0
spooky,3.53,en,wordfreq,0,2.5
spoon,3.88,en,wordfreq,1,1.85
spoons,3.28,en,wordfreq,0,1.95
sporadic,3.29,en,wordfreq,0,3.8
spore,3.0,en,wordfreq,8,1.45
spores,3.26,en,wordfreq,5,1.6
sport,4.73,en,wordfreq,4,1.55
sporting,4.16,en,wordfreq,2,1.85
sports,4.94,en,wordfreq,3,1.6
sportsman,3.16,en,wordfreq,1,3.4
sportsmanship,3.01,en,wordfreq,0,5.9
sportsmen,2.99,en,wordfreq,1,3.6
sporty,3.1,en,wordfreq,2,1.85
spot,4.89,en,wordfreq,6,1.5
spotify,3.67,en,wordfreq,0,2.9
spotless,3.12,en,wordfreq,0,2.95
spotlight,3.9,en,wordfreq,0,3.75
spots,4.33,en,wordfreq,4,1.65
spotted,4.19,en,wordfreq,1,2.4
spotting,3.39,en,wordfreq,2,1.9
spouse,3.95,en,wordfreq,0,2.05
spouses,3.52,en,wordfreq,0,2.65
spout,3.11,en,wordfreq,5,1.65
spp,3.1,en,wordfreq,11,1.35
sprained,3.03,en,wordfreq,1,2.5
sprang,3.12,en,wordfreq,2,1.9
sprawl,2.99,en,wordfreq,0,2.5
sprawling,3.19,en,wordfreq,0,2.85
spray,4.18,en,wordfreq,1,1.85
sprayed,3.49,en,wordfreq,1,2.25
spraying,3.41,en,wordfreq,0,2.15
sprays,3.2,en,wordfreq,0,1.9
spread,4.81,en,wordfreq,0,1.95
spreading,4.19,en,wordfreq,0,2.5
spreads,3.69,en,wordfreq,0,2.25
spreadsheet,3.31,en,wordfreq,0,5.35
spree,3.56,en,wordfreq,0,2.0
spring,4.92,en,wordfreq,5,1.65
springboard,2.99,en,wordfreq,0,4.9
springer,3.57,en,wordfreq,2,2.25
springfield,3.79,en,wordfreq,0,4.65
springs,4.24,en,wordfreq,2,1.85
springsteen,3.16,en,wordfreq,0,4.7
springtime,3.05,en,wordfreq,0,3.9
sprinkle,3.39,en,wordfreq,0,2.7
sprinkled,3.24,en,wordfreq,1,2.9
sprinkler,3.05,en,wordfreq,1,2.9
sprinkling,2.97,en,wordfreq,0,3.1
sprint,3.96,en,wordfreq,1,1.85
sprinter,3.19,en,wordfreq,2,2.15
sprinting,3.01,en,wordfreq,0,2.5
sprints,3.06,en,wordfreq,1,1.85
sprite,3.19,en,wordfreq,0,1.95
sprout,3.11,en,wordfreq,0,2.2
sprouts,3.23,en,wordfreq,0,2.6
spruce,3.39,en,wordfreq,0,2.3
sprung,3.41,en,wordfreq,3,1.9
spun,3.67,en,wordfreq,5,1.65
spur,3.66,en,wordfreq,4,1.7
spurious,2.96,en,wordfreq,0,2.8
spurred,3.26,en,wordfreq,0,2.45
spurs,4.0,en,wordfreq,1,1.9
spy,4.24,en,wordfreq,8,1.5
spying,3.65,en,wordfreq,2,1.9
sq,3.83,en,wordfreq,28,1.0
sql,3.38,en,wordfreq,5,1.65
squad,4.67,en,wordfreq,2,1.85
squadron,3.69,en,wordfreq,0,3.4
squadrons,3.03,en,wordfreq,0,3.65
squads,3.54,en,wordfreq,1,2.3
square,4.84,en,wordfreq,1,1.85
squared,3.39,en,wordfreq,1,2.15
squarely,3.16,en,wordfreq,0,2.8
squares,3.73,en,wordfreq,1,2.3
squash,3.63,en,wordfreq,0,2.3
squashed,2.99,en,wordfreq,0,2.75
squat,3.48,en,wordfreq,1,1.9
squats,3.28,en,wordfreq,1,2.05
squatting,2.99,en,wordfreq,0,2.9
squeaky,3.07,en,wordfreq,0,2.95
squeeze,3.94,en,wordfreq,0,2.95
squeezed,3.53,en,wordfreq,0,3.35
squeezing,3.37,en,wordfreq,0,3.1
squid,3.44,en,wordfreq,1,1.9
squire,3.28,en,wordfreq,2,1.9
squirrel,3.69,en,wordfreq,0,3.15
squirrels,3.39,en,wordfreq,0,3.65
squirt,3.22,en,wordfreq,1,2.25
squishy,3.04,en,wordfreq,0,3.1
sr,4.03,en,wordfreq,46,1.0
sri,4.12,en,wordfreq,15,1.0
srs,2.98,en,wordfreq,18,1.0
ss,4.1,en,wordfreq,46,1.0
ssc,3.02,en,wordfreq,13,1.25
ssd,3.21,en,wordfreq,15,1.15
sse,3.02,en,wordfreq,14,1.2
ssh,3.12,en,wordfreq,11,1.3
ssi,2.97,en,wordfreq,15,1.15
ssr,3.25,en,wordfreq,12,1.25
st,5.2,en,wordfreq,46,1.0
sta,3.32,en,wordfreq,19,1.0
stab,3.78,en,wordfreq,8,1.45
stabbed,3.9,en,wordfreq,0,2.1
stabbing,3.58,en,wordfreq,0,2.15
stability,4.31,en,wordfreq,0,2.6
stabilization,3.3,en,wordfreq,0,4.25
stabilize,3.46,en,wordfreq,0,3.5
stabilized,3.32,en,wordfreq,0,3.6
stabilizing,3.12,en,wordfreq,0,3.85
stable,4.48,en,wordfreq,1,1.75
stables,3.4,en,wordfreq,1,1.85
stabs,3.05,en,wordfreq,4,1.7
stacey,3.41,en,wordfreq,1,1.9
stack,4.05,en,wordfreq,10,1.35
stacked,3.63,en,wordfreq,3,1.75
stacking,3.3,en,wordfreq,4,1.75
stacks,3.49,en,wordfreq,5,1.65
stacy,3.39,en,wordfreq,1,1.85
stadium,4.63,en,wordfreq,0,2.85
stadiums,3.51,en,wordfreq,0,3.2
staff,5.08,en,wordfreq,2,1.85
staffed,3.35,en,wordfreq,2,1.9
staffer,3.1,en,wordfreq,1,2.4
staffers,3.23,en,wordfreq,0,2.65
staffing,3.53,en,wordfreq,1,2.05
stafford,3.56,en,wordfreq,2,2.35
staffordshire,3.33,en,wordfreq,0,6.05
staffs,3.23,en,wordfreq,1,1.9
stag,3.25,en,wordfreq,9,1.35
stage,5.1,en,wordfreq,5,1.55
staged,3.83,en,wordfreq,5,1.7
stages,4.43,en,wordfreq,4,1.75
staggered,3.21,en,wordfreq,0,3.35
staggering,3.5,en,wordfreq,0,3.35
staging,3.65,en,wordfreq,3,1.85
stagnant,3.31,en,wordfreq,0,3.45
stagnation,3.19,en,wordfreq,0,3.55
stain,3.7,en,wordfreq,5,1.55
stained,3.79,en,wordfreq,0,1.95
staining,3.21,en,wordfreq,0,1.95
stainless,3.76,en,wordfreq,0,3.35
stains,3.46,en,wordfreq,1,1.85
stair,3.26,en,wordfreq,2,1.75
staircase,3.58,en,wordfreq,0,3.75
stairs,4.14,en,wordfreq,1,1.8
stairway,3.15,en,wordfreq,0,3.5
stake,4.15,en,wordfreq,8,1.4
staked,2.98,en,wordfreq,7,1.5
stakeholder,3.01,en,wordfreq,0,4.7
stakeholders,3.56,en,wordfreq,0,5.0
stakes,4.02,en,wordfreq,7,1.55
stale,3.43,en,wordfreq,11,1.25
stalemate,3.04,en,wordfreq,0,3.9
stalin,3.69,en,wordfreq,0,1.95
stalk,3.46,en,wordfreq,4,1.7
stalked,3.21,en,wordfreq,3,1.75
stalker,3.45,en,wordfreq,1,1.9
stalking,3.64,en,wordfreq,2,1.85
stalks,3.16,en,wordfreq,2,1.8
stall,3.79,en,wordfreq,5,1.65
stalled,3.37,en,wordfreq,1,1.95
stalling,3.18,en,wordfreq,2,1.9
stallion,3.24,en,wordfreq,0,2.85
stalls,3.51,en,wordfreq,2,1.85
stamford,3.44,en,wordfreq,2,2.7
stamina,3.39,en,wordfreq,0,2.5
stamp,4.11,en,wordfreq,3,1.8
stamped,3.58,en,wordfreq,1,1.9
stampede,3.13,en,wordfreq,0,2.85
stamping,3.18,en,wordfreq,1,1.95
stamps,3.91,en,wordfreq,2,1.85
stan,4.06,en,wordfreq,11,1.15
stance,4.05,en,wordfreq,0,1.95
stances,3.0,en,wordfreq,0,1.95
stand,5.14,en,wordfreq,0,1.8
standalone,3.39,en,wordfreq,0,4.2
standard,5.03,en,wordfreq,0,2.8
standardization,3.09,en,wordfreq,0,6.35
standardized,3.64,en,wordfreq,0,5.5
standards,4.78,en,wordfreq,0,3.35
standby,3.42,en,wordfreq,0,2.75
standing,4.86,en,wordfreq,0,1.95
standings,3.46,en,wordfreq,0,2.85
standoff,3.13,en,wordfreq,0,3.3
standout,3.28,en,wordfreq,0,2.95
standpoint,3.65,en,wordfreq,0,4.35
stands,4.61,en,wordfreq,0,1.85
standstill,3.05,en,wordfreq,0,4.55
standup,2.97,en,wordfreq,0,2.75
stanford,3.98,en,wordfreq,2,2.55
stanley,4.19,en,wordfreq,0,2.45
stanton,3.53,en,wordfreq,0,2.5
stanza,3.01,en,wordfreq,0,2.55
staple,3.68,en,wordfreq,1,1.85
staples,3.57,en,wordfreq,1,1.9
star,5.19,en,wordfreq,9,1.05
starboard,3.17,en,wordfreq,0,3.4
starbucks,3.77,en,wordfreq,0,3.8
starch,3.3,en,wordfreq,1,1.95
stardom,3.09,en,wordfreq,0,3.0
stardust,3.17,en,wordfreq,0,3.0
stare,3.91,en,wordfreq,14,1.1
stared,3.6,en,wordfreq,10,1.3
stares,3.32,en,wordfreq,9,1.45
starfish,3.0,en,wordfreq,0,3.0
stargate,3.07,en,wordfreq,0,3.0
staring,4.14,en,wordfreq,8,1.35
stark,4.01,en,wordfreq,8,1.55
starlight,3.14,en,wordfreq,0,3.45
starling,3.03,en,wordfreq,6,1.6
starr,3.41,en,wordfreq,5,1.65
starred,3.71,en,wordfreq,4,1.75
starring,4.08,en,wordfreq,6,1.65
starry,3.15,en,wordfreq,0,1.95
stars,4.86,en,wordfreq,10,1.25
starship,3.26,en,wordfreq,0,3.2
start,5.56,en,wordfreq,5,1.5
started,5.39,en,wordfreq,3,1.7
starter,4.02,en,wordfreq,2,1.85
starters,3.73,en,wordfreq,0,2.4
starting,5.07,en,wordfreq,3,1.7
startled,3.31,en,wordfreq,0,2.6
startling,3.4,en,wordfreq,0,2.4
starts,4.83,en,wordfreq,1,1.75
startup,3.83,en,wordfreq,0,2.55
startups,3.49,en,wordfreq,0,2.7
starvation,3.52,en,wordfreq,0,3.4
starve,3.52,en,wordfreq,0,1.85
starved,3.47,en,wordfreq,2,1.8
starving,3.79,en,wordfreq,3,1.8
stash,3.54,en,wordfreq,2,1.85
stasis,2.99,en,wordfreq,0,2.0
stat,3.95,en,wordfreq,8,1.25
state,5.78,en,wordfreq,8,1.25
stated,4.74,en,wordfreq,8,1.5
statehood,3.08,en,wordfreq,0,3.9
stately,3.13,en,wordfreq,0,2.6
statement,4.97,en,wordfreq,0,3.4
statements,4.51,en,wordfreq,0,3.7
staten,3.32,en,wordfreq,2,1.85
states,5.52,en,wordfreq,7,1.45
statesman,3.46,en,wordfreq,0,3.45
statewide,3.63,en,wordfreq,0,3.95
static,4.05,en,wordfreq,0,2.0
stating,4.15,en,wordfreq,5,1.7
station,5.01,en,wordfreq,0,1.95
stationary,3.63,en,wordfreq,1,3.55
stationed,3.71,en,wordfreq,0,2.95
stationery,3.29,en,wordfreq,1,4.0
stations,4.5,en,wordfreq,0,2.4
statistic,3.45,en,wordfreq,0,3.35
statistical,4.14,en,wordfreq,0,4.1
statistically,3.67,en,wordfreq,0,4.5
statistics,4.6,en,wordfreq,0,3.7
stats,4.33,en,wordfreq,5,1.55
statue,4.09,en,wordfreq,1,1.75
statues,3.65,en,wordfreq,0,1.85
stature,3.45,en,wordfreq,1,2.25
status,4.87,en,wordfreq,2,1.8
statute,3.83,en,wordfreq,1,2.5
statutes,3.5,en,wordfreq,0,2.6
statutory,3.76,en,wordfreq,0,3.85
staunch,3.2,en,wordfreq,0,2.8
stave,3.04,en,wordfreq,9,1.45
stay,5.33,en,wordfreq,8,1.3
stayed,4.53,en,wordfreq,5,1.7
staying,4.55,en,wordfreq,5,1.7
stays,4.26,en,wordfreq,3,1.75
std,3.42,en,wordfreq,15,1.05
ste,3.22,en,wordfreq,19,1.0
stead,3.19,en,wordfreq,3,1.8
steadfast,3.14,en,wordfreq,0,3.95
steadily,3.84,en,wordfreq,0,3.15
steady,4.31,en,wordfreq,1,1.9
steak,3.97,en,wordfreq,5,1.65
steaks,3.31,en,wordfreq,3,1.75
steal,4.41,en,wordfreq,4,1.65
stealing,4.23,en,wordfreq,2,1.85
steals,3.72,en,wordfreq,1,1.85
stealth,3.53,en,wordfreq,0,2.75
steam,4.52,en,wordfreq,3,1.6
steamboat,3.03,en,wordfreq,0,4.0
steamed,3.34,en,wordfreq,2,1.8
steamer,3.36,en,wordfreq,1,2.05
steaming,3.32,en,wordfreq,2,1.8
steamship,3.07,en,wordfreq,0,3.85
steamy,3.09,en,wordfreq,1,1.9
steel,4.71,en,wordfreq,3,1.8
steele,3.59,en,wordfreq,0,1.95
steelers,3.68,en,wordfreq,0,2.8
steep,3.99,en,wordfreq,5,1.65
steeped,3.08,en,wordfreq,2,2.25
steer,3.72,en,wordfreq,3,1.8
steered,3.13,en,wordfreq,1,2.0
steering,3.93,en,wordfreq,0,2.0
stefan,3.72,en,wordfreq,0,2.25
stefano,3.05,en,wordfreq,0,2.9
stein,3.65,en,wordfreq,2,1.9
steinberg,3.03,en,wordfreq,0,3.8
steiner,3.18,en,wordfreq,0,2.5
stella,3.7,en,wordfreq,0,1.95
stellar,3.76,en,wordfreq,0,2.75
stem,4.3,en,wordfreq,4,1.6
stemmed,3.21,en,wordfreq,1,2.2
stemming,3.26,en,wordfreq,1,2.2
stems,3.83,en,wordfreq,3,1.8
stench,3.11,en,wordfreq,0,2.2
step,5.13,en,wordfreq,4,1.55
stepfather,3.24,en,wordfreq,0,4.1
steph,3.44,en,wordfreq,1,1.9
stephan,3.04,en,wordfreq,1,2.65
stephanie,3.81,en,wordfreq,0,3.8
stephen,4.5,en,wordfreq,1,2.65
stephens,3.54,en,wordfreq,0,2.75
stephenson,3.31,en,wordfreq,0,4.25
stepmother,3.16,en,wordfreq,0,4.6
stepped,4.2,en,wordfreq,2,1.9
stepping,3.98,en,wordfreq,1,1.95
steps,4.73,en,wordfreq,3,1.8
stereo,3.77,en,wordfreq,0,2.3
stereotype,3.43,en,wordfreq,0,4.65
stereotypes,3.68,en,wordfreq,0,4.7
stereotypical,3.17,en,wordfreq,0,5.75
sterile,3.43,en,wordfreq,0,2.5
sterilization,3.1,en,wordfreq,0,4.1
sterling,4.13,en,wordfreq,3,1.85
stern,3.9,en,wordfreq,1,1.95
steroid,3.33,en,wordfreq,0,2.75
steroids,3.58,en,wordfreq,0,2.95
steve,4.71,en,wordfreq,3,1.75
steven,4.24,en,wordfreq,0,1.85
stevens,3.99,en,wordfreq,0,2.45
stevenson,3.56,en,wordfreq,0,3.7
stevie,3.66,en,wordfreq,0,2.5
stew,3.48,en,wordfreq,5,1.65
steward,3.45,en,wordfreq,1,2.5
stewards,3.17,en,wordfreq,0,2.7
stewardship,3.22,en,wordfreq,0,4.55
stewart,4.25,en,wordfreq,1,2.65
sti,3.08,en,wordfreq,14,1.1
stick,4.76,en,wordfreq,5,1.55
sticker,3.71,en,wordfreq,0,1.9
stickers,3.69,en,wordfreq,1,2.45
sticking,4.02,en,wordfreq,3,1.8
sticks,4.14,en,wordfreq,4,1.7
sticky,3.8,en,wordfreq,2,1.85
stiff,3.9,en,wordfreq,3,1.8
stiffness,3.2,en,wordfreq,0,3.75
stifle,3.0,en,wordfreq,0,2.25
stifling,2.97,en,wordfreq,1,1.95
stigma,3.69,en,wordfreq,0,2.85
stiles,3.23,en,wordfreq,3,1.8
still,5.92,en,wordfreq,3,1.7
stillness,2.98,en,wordfreq,0,3.5
stills,3.28,en,wordfreq,4,1.75
stimulant,3.06,en,wordfreq,0,3.55
stimulate,3.67,en,wordfreq,0,2.65
stimulated,3.37,en,wordfreq,2,2.8
stimulates,3.14,en,wordfreq,1,3.05
stimulating,3.54,en,wordfreq,0,3.3
stimulation,3.7,en,wordfreq,0,3.05
stimuli,3.39,en,wordfreq,0,3.4
stimulus,3.82,en,wordfreq,0,3.55
sting,3.8,en,wordfreq,6,1.45
stinging,3.07,en,wordfreq,2,1.95
stings,3.11,en,wordfreq,3,1.7
stingy,3.03,en,wordfreq,2,1.85
stink,3.46,en,wordfreq,3,1.7
stinking,3.04,en,wordfreq,2,1.85
stinks,3.19,en,wordfreq,3,1.75
stinky,3.12,en,wordfreq,3,1.9
stint,3.61,en,wordfreq,4,1.75
stipend,3.01,en,wordfreq,0,2.85
stipulated,3.21,en,wordfreq,1,3.25
stir,3.96,en,wordfreq,1,1.7
stirling,3.48,en,wordfreq,5,1.75
stirred,3.47,en,wordfreq,1,2.35
stirring,3.68,en,wordfreq,2,1.95
stirs,2.99,en,wordfreq,1,1.85
stitch,3.64,en,wordfreq,2,1.9
stitched,3.22,en,wordfreq,2,2.45
stitches,3.58,en,wordfreq,2,2.35
stitching,3.12,en,wordfreq,1,2.45
stl,2.97,en,wordfreq,13,1.2
stochastic,3.11,en,wordfreq,0,4.6
stock,4.93,en,wordfreq,5,1.65
stocked,3.44,en,wordfreq,2,1.85
stockholders,3.1,en,wordfreq,0,5.15
stockholm,3.76,en,wordfreq,0,4.35
stocking,3.49,en,wordfreq,3,1.8
stockings,3.47,en,wordfreq,0,2.75
stockpile,3.12,en,wordfreq,0,3.9
stocks,4.28,en,wordfreq,3,1.75
stockton,3.34,en,wordfreq,0,3.65
stoic,3.15,en,wordfreq,0,2.0
stoke,3.73,en,wordfreq,7,1.5
stoked,3.44,en,wordfreq,5,1.65
stokes,3.57,en,wordfreq,6,1.6
stole,4.21,en,wordfreq,6,1.6
stolen,4.41,en,wordfreq,0,1.95
stomach,4.42,en,wordfreq,0,2.9
stomachs,3.09,en,wordfreq,0,3.6
stomp,3.25,en,wordfreq,3,1.8
stomping,3.14,en,wordfreq,2,2.35
stone,4.8,en,wordfreq,6,1.5
stoned,3.48,en,wordfreq,4,1.7
stoner,3.28,en,wordfreq,3,1.75
stones,4.31,en,wordfreq,5,1.65
stonewall,2.99,en,wordfreq,0,4.0
stony,3.3,en,wordfreq,2,1.8
stood,4.57,en,wordfreq,2,1.9
stool,3.52,en,wordfreq,2,1.8
stools,3.05,en,wordfreq,0,1.9
stoop,3.14,en,wordfreq,6,1.65
stop,5.52,en,wordfreq,4,1.6
stoppage,3.22,en,wordfreq,0,3.65
stopped,4.84,en,wordfreq,3,1.8
stopper,3.09,en,wordfreq,2,1.95
stopping,4.29,en,wordfreq,3,1.8
stops,4.4,en,wordfreq,2,1.8
storage,4.57,en,wordfreq,0,2.7
store,5.02,en,wordfreq,11,1.2
stored,4.18,en,wordfreq,6,1.55
stores,4.63,en,wordfreq,10,1.35
storey,3.61,en,wordfreq,3,1.75
storied,2.99,en,wordfreq,2,1.85
stories,4.95,en,wordfreq,1,1.85
storing,3.57,en,wordfreq,3,1.75
storm,4.66,en,wordfreq,2,1.8
stormed,3.3,en,wordfreq,1,1.9
storming,3.16,en,wordfreq,0,1.95
storms,3.94,en,wordfreq,2,1.85
stormy,3.46,en,wordfreq,2,1.85
story,5.45,en,wordfreq,3,1.7
storyline,3.74,en,wordfreq,0,3.35
storylines,3.22,en,wordfreq,0,3.75
storyteller,3.08,en,wordfreq,0,4.8
storytelling,3.66,en,wordfreq,0,4.55
stout,3.45,en,wordfreq,5,1.7
stove,3.71,en,wordfreq,7,1.6
stoves,3.02,en,wordfreq,3,1.8
stow,3.06,en,wordfreq,5,1.65
str,3.27,en,wordfreq,14,1.05
straight,5.04,en,wordfreq,0,2.85
straighten,3.27,en,wordfreq,0,3.65
straightened,3.13,en,wordfreq,0,4.4
straightforward,3.83,en,wordfreq,0,7.7
strain,4.15,en,wordfreq,1,1.8
strained,3.53,en,wordfreq,1,1.95
straining,3.22,en,wordfreq,0,2.45
strains,3.72,en,wordfreq,1,1.8
strait,3.6,en,wordfreq,1,1.8
straits,3.37,en,wordfreq,1,1.85
strand,3.68,en,wordfreq,0,1.9
stranded,3.7,en,wordfreq,0,2.45
strands,3.4,en,wordfreq,0,2.1
strange,4.64,en,wordfreq,0,1.9
strangely,3.67,en,wordfreq,0,2.85
stranger,4.28,en,wordfreq,2,2.15
strangers,4.14,en,wordfreq,0,2.6
strangest,3.25,en,wordfreq,1,2.65
strangle,3.04,en,wordfreq,0,2.5
strangled,3.24,en,wordfreq,0,2.6
strap,3.79,en,wordfreq,5,1.65
strapped,3.44,en,wordfreq,2,1.95
straps,3.42,en,wordfreq,3,1.75
strasbourg,3.18,en,wordfreq,0,4.85
strat,2.96,en,wordfreq,4,1.65
strata,3.25,en,wordfreq,0,2.05
strategic,4.43,en,wordfreq,0,3.6
strategically,3.45,en,wordfreq,0,4.8
strategies,4.29,en,wordfreq,0,3.7
strategist,3.26,en,wordfreq,0,4.2
strategy,4.74,en,wordfreq,0,2.95
stratford,3.34,en,wordfreq,0,3.25
stratton,3.11,en,wordfreq,0,2.85
strauss,3.48,en,wordfreq,0,2.65
straw,3.99,en,wordfreq,3,1.8
strawberries,3.54,en,wordfreq,0,5.3
strawberry,3.72,en,wordfreq,0,4.4
straws,3.25,en,wordfreq,1,1.9
stray,3.74,en,wordfreq,4,1.65
strayed,2.97,en,wordfreq,1,1.9
streak,4.06,en,wordfreq,1,1.85
streaks,3.31,en,wordfreq,1,1.95
stream,4.62,en,wordfreq,2,1.8
streamed,3.44,en,wordfreq,2,2.2
streamer,3.04,en,wordfreq,1,2.45
streamers,2.99,en,wordfreq,0,2.7
streaming,4.22,en,wordfreq,1,2.4
streamline,3.18,en,wordfreq,0,3.6
streamlined,3.27,en,wordfreq,0,3.8
streams,4.12,en,wordfreq,2,1.85
streep,3.02,en,wordfreq,1,1.9
street,5.28,en,wordfreq,1,1.9
streetcar,3.04,en,wordfreq,0,4.0
streets,4.66,en,wordfreq,0,2.3
strength,4.8,en,wordfreq,0,2.85
strengthen,4.04,en,wordfreq,0,3.5
strengthened,3.69,en,wordfreq,0,4.65
strengthening,3.82,en,wordfreq,0,5.25
strengthens,3.28,en,wordfreq,0,4.05
strengths,3.83,en,wordfreq,0,3.35
strenuous,3.12,en,wordfreq,0,3.85
stress,4.73,en,wordfreq,0,2.0
stressed,4.18,en,wordfreq,1,2.65
stresses,3.62,en,wordfreq,1,2.7
stressful,3.88,en,wordfreq,0,4.2
stressing,3.48,en,wordfreq,0,2.8
stretch,4.35,en,wordfreq,0,2.6
stretched,3.88,en,wordfreq,2,2.55
stretcher,3.23,en,wordfreq,2,2.75
stretches,3.7,en,wordfreq,2,2.55
stretching,3.85,en,wordfreq,0,2.8
strewn,3.08,en,wordfreq,0,2.15
stricken,3.52,en,wordfreq,0,2.7
strickland,3.06,en,wordfreq,0,4.15
strict,4.23,en,wordfreq,0,2.0
stricter,3.23,en,wordfreq,0,2.6
strictly,4.16,en,wordfreq,0,3.25
stride,3.43,en,wordfreq,4,1.75
strides,3.31,en,wordfreq,3,1.8
strife,3.4,en,wordfreq,4,1.8
strike,4.66,en,wordfreq,5,1.65
strikeouts,2.98,en,wordfreq,0,4.2
striker,3.9,en,wordfreq,1,1.85
strikers,3.42,en,wordfreq,0,2.45
strikes,4.25,en,wordfreq,5,1.65
striking,4.2,en,wordfreq,2,2.2
strikingly,3.12,en,wordfreq,0,3.7
string,4.4,en,wordfreq,3,1.65
stringent,3.43,en,wordfreq,0,3.0
stringer,3.04,en,wordfreq,3,2.0
strings,4.04,en,wordfreq,1,1.85
strip,4.36,en,wordfreq,1,1.8
stripe,3.51,en,wordfreq,5,1.6
striped,3.54,en,wordfreq,1,1.85
stripes,3.76,en,wordfreq,4,1.7
stripped,3.84,en,wordfreq,2,1.85
stripper,3.45,en,wordfreq,1,2.15
strippers,3.16,en,wordfreq,0,2.65
stripping,3.52,en,wordfreq,0,2.15
strips,3.86,en,wordfreq,2,1.75
strive,3.72,en,wordfreq,4,1.75
strives,3.12,en,wordfreq,3,1.8
striving,3.5,en,wordfreq,1,2.3
stroke,4.27,en,wordfreq,1,1.85
strokes,3.75,en,wordfreq,1,2.0
stroking,3.14,en,wordfreq,1,2.35
stroll,3.54,en,wordfreq,1,2.15
stroller,3.08,en,wordfreq,0,2.8
strolling,3.09,en,wordfreq,1,2.55
strong,5.22,en,wordfreq,2,1.9
stronger,4.55,en,wordfreq,2,2.4
strongest,4.12,en,wordfreq,1,3.05
stronghold,3.42,en,wordfreq,0,4.55
strongly,4.47,en,wordfreq,0,2.75
struck,4.42,en,wordfreq,0,1.95
structural,4.18,en,wordfreq,0,4.05
structurally,3.19,en,wordfreq,0,4.75
structure,4.84,en,wordfreq,0,3.1
structured,3.82,en,wordfreq,1,3.3
structures,4.48,en,wordfreq,1,3.35
structuring,2.98,en,wordfreq,0,3.6
struggle,4.62,en,wordfreq,0,2.8
struggled,4.01,en,wordfreq,1,3.0
struggles,4.08,en,wordfreq,1,3.15
struggling,4.33,en,wordfreq,0,3.6
strung,3.31,en,wordfreq,3,1.8
strut,3.16,en,wordfreq,2,1.9
sts,3.26,en,wordfreq,24,1.0
stu,3.22,en,wordfreq,8,1.25
stuart,4.13,en,wordfreq,0,2.0
stub,3.08,en,wordfreq,3,1.7
stubborn,3.76,en,wordfreq,0,3.9
stubbs,3.05,en,wordfreq,0,2.55
stuck,4.68,en,wordfreq,4,1.65
stud,3.74,en,wordfreq,2,1.7
studded,3.25,en,wordfreq,1,2.55
student,5.02,en,wordfreq,0,2.8
students,5.25,en,wordfreq,0,3.1
studied,4.49,en,wordfreq,2,2.45
studies,4.98,en,wordfreq,2,2.55
studio,4.66,en,wordfreq,0,2.45
studios,4.1,en,wordfreq,1,2.65
studs,3.34,en,wordfreq,1,1.9
study,5.26,en,wordfreq,1,1.85
studying,4.42,en,wordfreq,0,2.85
stuff,5.14,en,wordfreq,3,1.7
stuffed,3.96,en,wordfreq,1,2.4
stuffing,3.47,en,wordfreq,1,2.6
stuffs,3.14,en,wordfreq,2,2.0
stuffy,3.03,en,wordfreq,1,2.2
stumble,3.42,en,wordfreq,0,2.3
stumbled,3.66,en,wordfreq,1,2.5
stumbles,3.03,en,wordfreq,1,2.6
stumbling,3.35,en,wordfreq,0,2.75
stump,3.45,en,wordfreq,3,1.8
stumps,3.12,en,wordfreq,1,1.9
stun,3.37,en,wordfreq,5,1.5
stung,3.28,en,wordfreq,4,1.6
stunned,3.68,en,wordfreq,2,2.05
stunning,4.27,en,wordfreq,0,2.2
stunt,3.86,en,wordfreq,2,1.8
stunted,2.97,en,wordfreq,1,1.95
stunts,3.35,en,wordfreq,0,1.95
stupid,4.94,en,wordfreq,0,2.7
stupidest,3.17,en,wordfreq,0,3.7
stupidity,3.66,en,wordfreq,0,3.7
stupidly,2.98,en,wordfreq,0,3.45
sturdy,3.44,en,wordfreq,0,2.35
sturgeon,3.34,en,wordfreq,0,3.4
sturridge,3.0,en,wordfreq,0,3.8
stuttering,3.1,en,wordfreq,0,3.05
stuttgart,3.2,en,wordfreq,0,4.2
style,5.11,en,wordfreq,2,1.8
styled,3.63,en,wordfreq,1,1.9
styles,4.38,en,wordfreq,3,1.8
styling,3.48,en,wordfreq,0,2.0
stylish,3.7,en,wordfreq,1,2.75
stylist,3.4,en,wordfreq,1,2.7
stylistic,3.14,en,wordfreq,0,3.45
stylized,3.06,en,wordfreq,0,2.9
stylus,3.02,en,wordfreq,1,2.45
su,3.92,en,wordfreq,47,1.0
suarez,3.49,en,wordfreq,0,2.0
sub,4.66,en,wordfreq,18,1.0
subaru,3.26,en,wordfreq,0,2.8
subbed,3.07,en,wordfreq,2,2.25
subclass,3.02,en,wordfreq,0,3.85
subcommittee,3.46,en,wordfreq,0,5.55
subconscious,3.39,en,wordfreq,0,5.3
subculture,2.98,en,wordfreq,0,4.2
subdivided,3.1,en,wordfreq,0,3.85
subdivision,3.63,en,wordfreq,0,4.2
subdivisions,3.26,en,wordfreq,0,4.45
subdue,3.06,en,wordfreq,0,2.7
subdued,3.37,en,wordfreq,0,2.85
subgroup,3.08,en,wordfreq,0,3.7
subgroups,2.96,en,wordfreq,0,4.05
subject,4.96,en,wordfreq,0,2.65
subjected,3.86,en,wordfreq,0,3.15
subjective,3.79,en,wordfreq,0,3.45
subjects,4.38,en,wordfreq,0,2.95
sublime,3.48,en,wordfreq,0,2.95
submarine,3.81,en,wordfreq,0,3.5
submarines,3.45,en,wordfreq,0,3.5
submerged,3.51,en,wordfreq,0,3.7
submission,4.07,en,wordfreq,0,3.25
submissions,3.71,en,wordfreq,0,3.45
submissive,3.25,en,wordfreq,0,4.0
submit,4.28,en,wordfreq,1,2.6
submits,3.02,en,wordfreq,1,2.7
submitted,4.32,en,wordfreq,0,3.15
submitting,3.56,en,wordfreq,0,3.45
subordinate,3.45,en,wordfreq,0,4.6
subordinates,3.12,en,wordfreq,0,4.85
subpoena,3.34,en,wordfreq,0,3.95
subs,3.7,en,wordfreq,11,1.3
subscribe,4.02,en,wordfreq,0,3.2
subscribed,3.53,en,wordfreq,1,3.2
subscriber,3.52,en,wordfreq,1,3.45
subscribers,4.0,en,wordfreq,0,4.1
subscribing,3.06,en,wordfreq,0,4.15
subscription,4.06,en,wordfreq,0,4.0
subscriptions,3.49,en,wordfreq,0,4.2
subsection,3.25,en,wordfreq,0,3.6
subsequent,4.39,en,wordfreq,0,4.6
subsequently,4.23,en,wordfreq,0,5.3
subset,3.53,en,wordfreq,1,2.5
subsided,3.01,en,wordfreq,0,2.85
subsidiaries,3.58,en,wordfreq,0,5.15
subsidiary,3.92,en,wordfreq,0,4.4
subsidies,3.74,en,wordfreq,0,3.55
subsidized,3.36,en,wordfreq,0,3.7
subsidy,3.56,en,wordfreq,0,3.1
subsistence,3.11,en,wordfreq,0,4.45
substance,4.23,en,wordfreq,0,3.3
substances,3.93,en,wordfreq,0,3.65
substandard,2.96,en,wordfreq,0,4.65
substantial,4.33,en,wordfreq,0,4.5
substantially,3.96,en,wordfreq,0,5.55
substantive,3.41,en,wordfreq,0,4.35
substitute,4.17,en,wordfreq,0,3.3
substituted,3.47,en,wordfreq,1,3.45
substitutes,3.32,en,wordfreq,1,3.3
substituting,3.03,en,wordfreq,0,4.2
substitution,3.41,en,wordfreq,0,3.75
substitutions,2.98,en,wordfreq,0,4.0
substrate,3.64,en,wordfreq,0,3.55
substrates,3.21,en,wordfreq,0,3.75
subterranean,3.11,en,wordfreq,0,5.9
subtitle,3.23,en,wordfreq,0,2.85
subtitles,3.48,en,wordfreq,0,3.3
subtle,4.08,en,wordfreq,1,2.2
subtlety,3.09,en,wordfreq,0,3.55
subtly,3.3,en,wordfreq,1,2.5
subtract,3.1,en,wordfreq,0,3.35
subunit,3.05,en,wordfreq,0,3.3
suburb,3.81,en,wordfreq,0,2.65
suburban,3.91,en,wordfreq,0,3.5
suburbs,3.96,en,wordfreq,0,2.85
subversion,3.03,en,wordfreq,0,3.45
subversive,3.21,en,wordfreq,0,4.0
subway,4.05,en,wordfreq,0,2.8
succeed,4.29,en,wordfreq,0,2.75
succeeded,4.14,en,wordfreq,0,3.4
succeeding,3.63,en,wordfreq,0,3.55
succeeds,3.47,en,wordfreq,0,3.2
success,5.06,en,wordfreq,0,2.65
successes,3.75,en,wordfreq,0,3.1
successful,4.94,en,wordfreq,0,3.9
successfully,4.45,en,wordfreq,0,4.75
succession,3.97,en,wordfreq,0,2.95
successive,3.85,en,wordfreq,0,3.35
successively,3.02,en,wordfreq,0,4.4
successor,3.99,en,wordfreq,0,3.35
successors,3.38,en,wordfreq,0,3.45
succulent,3.0,en,wordfreq,0,3.95
succumb,3.06,en,wordfreq,0,3.55
succumbed,3.16,en,wordfreq,0,3.7
such,5.84,en,wordfreq,3,1.75
suck,4.42,en,wordfreq,13,1.15
sucked,3.86,en,wordfreq,5,1.75
sucker,3.59,en,wordfreq,3,1.8
suckers,3.18,en,wordfreq,1,1.9
sucking,3.88,en,wordfreq,3,1.85
sucks,4.38,en,wordfreq,5,1.7
suction,3.36,en,wordfreq,2,2.15
sudan,3.9,en,wordfreq,2,1.9
sudanese,3.29,en,wordfreq,0,3.55
sudden,4.4,en,wordfreq,0,2.35
suddenly,4.69,en,wordfreq,0,3.75
sue,4.22,en,wordfreq,24,1.0
sued,3.9,en,wordfreq,7,1.55
suede,3.25,en,wordfreq,1,1.9
sues,3.05,en,wordfreq,12,1.25
suez,3.19,en,wordfreq,2,1.85
suffer,4.45,en,wordfreq,2,1.85
suffered,4.52,en,wordfreq,0,2.75
sufferers,3.21,en,wordfreq,0,3.55
suffering,4.53,en,wordfreq,0,2.9
suffers,3.83,en,wordfreq,2,2.25
suffice,3.46,en,wordfreq,0,2.85
sufficiency,3.03,en,wordfreq,0,4.15
sufficient,4.32,en,wordfreq,0,3.55
sufficiently,3.8,en,wordfreq,0,4.4
suffix,3.05,en,wordfreq,0,2.85
suffocating,3.06,en,wordfreq,0,4.5
suffolk,3.62,en,wordfreq,0,3.5
suffrage,3.38,en,wordfreq,0,3.6
sugar,4.68,en,wordfreq,0,1.9
sugarcane,2.96,en,wordfreq,0,3.95
sugars,3.41,en,wordfreq,1,2.35
sugary,3.13,en,wordfreq,1,2.4
suggest,4.75,en,wordfreq,0,2.7
suggested,4.68,en,wordfreq,0,3.25
suggesting,4.25,en,wordfreq,0,3.45
suggestion,4.23,en,wordfreq,0,3.2
suggestions,4.24,en,wordfreq,0,3.65
suggestive,3.21,en,wordfreq,0,3.45
suggests,4.49,en,wordfreq,0,2.8
suh,2.97,en,wordfreq,16,1.0
sui,3.03,en,wordfreq,22,1.0
suicidal,3.61,en,wordfreq,0,3.5
suicide,4.62,en,wordfreq,0,2.85
suicides,3.42,en,wordfreq,0,2.85
suing,3.5,en,wordfreq,3,1.75
suisse,3.06,en,wordfreq,0,2.65
suit,4.7,en,wordfreq,6,1.5
suitability,3.21,en,wordfreq,0,3.5
suitable,4.38,en,wordfreq,1,2.7
suitably,3.13,en,wordfreq,1,3.4
suitcase,3.55,en,wordfreq,0,3.3
suitcases,3.03,en,wordfreq,0,3.6
suite,4.18,en,wordfreq,4,1.6
suited,4.03,en,wordfreq,1,1.9
suites,3.49,en,wordfreq,1,1.8
suitor,2.98,en,wordfreq,0,2.25
suitors,2.98,en,wordfreq,0,2.5
suits,4.25,en,wordfreq,4,1.65
suk,3.02,en,wordfreq,10,1.25
sulfate,3.19,en,wordfreq,0,2.9
sulfur,3.43,en,wordfreq,0,2.75
sullivan,3.93,en,wordfreq,0,3.45
sully,3.11,en,wordfreq,6,1.65
sulphur,3.18,en,wordfreq,0,3.5
sultan,3.64,en,wordfreq,0,2.4
sultry,2.99,en,wordfreq,0,2.55
sum,4.34,en,wordfreq,24,1.0
sumatra,3.03,en,wordfreq,0,2.95
summaries,3.31,en,wordfreq,0,3.1
summarize,3.23,en,wordfreq,0,3.35
summarized,3.35,en,wordfreq,1,3.5
summarizes,3.12,en,wordfreq,1,3.55
summary,4.37,en,wordfreq,0,2.85
summed,3.57,en,wordfreq,2,1.9
summer,5.23,en,wordfreq,4,1.75
summers,3.75,en,wordfreq,0,2.05
summertime,3.25,en,wordfreq,0,4.0
summit,4.3,en,wordfreq,1,2.45
summits,3.04,en,wordfreq,1,2.45
summon,3.55,en,wordfreq,0,2.25
summoned,3.76,en,wordfreq,0,2.9
summoning,3.07,en,wordfreq,0,3.6
summons,3.47,en,wordfreq,1,2.45
sumner,3.19,en,wordfreq,1,1.95
sumo,3.06,en,wordfreq,1,1.9
sumptuous,3.02,en,wordfreq,0,4.1
sums,3.9,en,wordfreq,9,1.35
sun,4.97,en,wordfreq,29,1.0
sundance,3.25,en,wordfreq,0,2.85
sunday,4.92,en,wordfreq,0,2.4
sundays,3.75,en,wordfreq,0,2.75
sunderland,3.63,en,wordfreq,0,3.6
sundown,2.96,en,wordfreq,1,2.85
sunflower,3.36,en,wordfreq,0,3.9
sung,3.91,en,wordfreq,15,1.0
sunglasses,3.72,en,wordfreq,0,4.25
sunk,3.74,en,wordfreq,11,1.3
sunken,3.26,en,wordfreq,0,2.5
sunlight,3.86,en,wordfreq,0,2.95
sunni,3.48,en,wordfreq,1,1.95
sunny,4.07,en,wordfreq,4,1.8
sunrise,3.82,en,wordfreq,0,2.9
suns,3.59,en,wordfreq,15,1.15
sunscreen,3.29,en,wordfreq,0,3.9
sunset,4.04,en,wordfreq,1,2.25
sunsets,3.04,en,wordfreq,0,2.75
sunshine,4.16,en,wordfreq,0,3.25
sup,3.56,en,wordfreq,19,1.0
super,5.08,en,wordfreq,0,1.9
superannuation,3.01,en,wordfreq,0,5.95
superb,3.96,en,wordfreq,0,2.55
superbly,3.0,en,wordfreq,0,3.35
superbowl,3.06,en,wordfreq,0,3.7
supercar,3.0,en,wordfreq,0,3.15
superficial,3.56,en,wordfreq,0,4.45
superfluous,3.0,en,wordfreq,0,4.8
supergirl,3.14,en,wordfreq,0,3.7
superhero,3.85,en,wordfreq,0,3.65
superheroes,3.4,en,wordfreq,0,4.45
superhuman,3.11,en,wordfreq,0,4.55
superintendent,3.97,en,wordfreq,0,6.85
superior,4.46,en,wordfreq,0,2.8
superiority,3.59,en,wordfreq,0,4.25
superiors,3.38,en,wordfreq,0,2.9
superman,4.02,en,wordfreq,0,2.85
supermarket,3.78,en,wordfreq,0,4.5
supermarkets,3.42,en,wordfreq,0,5.0
supermodel,3.1,en,wordfreq,0,4.2
supernatural,3.89,en,wordfreq,0,5.15
supernova,3.13,en,wordfreq,0,3.95
superpower,3.22,en,wordfreq,0,3.7
superpowers,3.14,en,wordfreq,0,4.25
superseded,3.17,en,wordfreq,0,3.9
supersonic,3.15,en,wordfreq,0,4.1
superstar,3.83,en,wordfreq,0,3.65
superstars,3.3,en,wordfreq,0,3.85
superstition,3.21,en,wordfreq,0,4.6
superstitious,3.14,en,wordfreq,0,5.3
supervise,3.32,en,wordfreq,0,3.2
supervised,3.59,en,wordfreq,0,3.3
supervising,3.32,en,wordfreq,0,3.4
supervision,3.94,en,wordfreq,0,3.45
supervisor,3.95,en,wordfreq,0,3.35
supervisors,3.57,en,wordfreq,1,3.5
supervisory,3.32,en,wordfreq,1,3.8
supper,3.74,en,wordfreq,0,1.9
supplement,4.03,en,wordfreq,0,3.45
supplemental,3.49,en,wordfreq,0,4.35
supplementary,3.36,en,wordfreq,0,4.85
supplemented,3.33,en,wordfreq,0,4.2
supplements,3.77,en,wordfreq,0,3.55
supplied,4.24,en,wordfreq,2,2.65
supplier,3.84,en,wordfreq,2,2.7
suppliers,3.91,en,wordfreq,0,3.3
supplies,4.48,en,wordfreq,2,2.6
supply,4.81,en,wordfreq,0,2.65
supplying,3.75,en,wordfreq,0,2.9
support,5.53,en,wordfreq,0,2.6
supported,4.68,en,wordfreq,1,2.65
supporter,4.07,en,wordfreq,1,2.85
supporters,4.46,en,wordfreq,0,3.25
supporting,4.71,en,wordfreq,0,3.05
supportive,4.05,en,wordfreq,0,3.85
supports,4.42,en,wordfreq,0,2.7
suppose,4.56,en,wordfreq,0,2.75
supposed,4.91,en,wordfreq,0,2.7
supposedly,3.96,en,wordfreq,0,4.2
supposing,2.98,en,wordfreq,0,2.95
suppress,3.66,en,wordfreq,0,2.95
suppressed,3.6,en,wordfreq,0,3.1
suppressing,3.28,en,wordfreq,0,3.35
suppression,3.68,en,wordfreq,0,3.3
supra,3.08,en,wordfreq,0,2.3
supremacist,3.26,en,wordfreq,0,4.65
supremacists,2.97,en,wordfreq,0,5.2
supremacy,3.64,en,wordfreq,0,3.8
supreme,4.69,en,wordfreq,0,2.9
supremely,3.04,en,wordfreq,0,3.65
supt,2.98,en,wordfreq,2,1.85
sur,3.7,en,wordfreq,22,1.0
surcharge,3.12,en,wordfreq,0,3.8
sure,5.67,en,wordfreq,6,1.55
surely,4.55,en,wordfreq,2,1.95
surf,3.86,en,wordfreq,2,1.8
surface,4.83,en,wordfreq,0,2.6
surfaced,3.43,en,wordfreq,1,2.8
surfaces,4.02,en,wordfreq,1,2.75
surfer,3.3,en,wordfreq,1,1.9
surfers,3.21,en,wordfreq,1,2.25
surfing,3.72,en,wordfreq,1,1.95
surge,3.82,en,wordfreq,2,1.7
surged,3.0,en,wordfreq,2,1.8
surgeon,4.13,en,wordfreq,0,2.55
surgeons,3.81,en,wordfreq,0,2.75
surgeries,3.51,en,wordfreq,0,3.4
surgery,4.63,en,wordfreq,0,2.2
surges,3.05,en,wordfreq,1,1.85
surgical,4.05,en,wordfreq,0,3.1
surgically,3.06,en,wordfreq,0,3.6
surging,3.01,en,wordfreq,1,1.9
surname,3.5,en,wordfreq,0,2.85
surpass,3.37,en,wordfreq,0,2.85
surpassed,3.62,en,wordfreq,1,3.15
surpasses,3.0,en,wordfreq,1,3.15
surpassing,3.17,en,wordfreq,0,3.45
surplus,3.87,en,wordfreq,0,2.95
surprise,4.75,en,wordfreq,0,2.8
surprised,4.68,en,wordfreq,1,3.1
surprises,3.89,en,wordfreq,1,3.1
surprising,4.28,en,wordfreq,0,3.25
surprisingly,4.09,en,wordfreq,0,4.75
surreal,3.59,en,wordfreq,0,2.85
surrender,4.09,en,wordfreq,0,3.5
surrendered,3.63,en,wordfreq,0,4.4
surrendering,3.13,en,wordfreq,0,4.55
surrey,3.77,en,wordfreq,1,1.95
surrogate,3.38,en,wordfreq,0,3.95
surround,3.79,en,wordfreq,0,3.35
surrounded,4.36,en,wordfreq,0,3.45
surrounding,4.49,en,wordfreq,0,3.7
surroundings,3.79,en,wordfreq,0,4.45
surrounds,3.46,en,wordfreq,0,3.45
surveillance,4.17,en,wordfreq,0,5.7
survey,4.69,en,wordfreq,1,1.9
surveyed,3.67,en,wordfreq,0,2.8
surveying,3.33,en,wordfreq,0,2.95
surveyor,3.36,en,wordfreq,0,3.1
surveyors,3.05,en,wordfreq,0,3.3
surveys,4.0,en,wordfreq,0,2.4
survival,4.37,en,wordfreq,0,2.9
survive,4.52,en,wordfreq,0,2.6
survived,4.32,en,wordfreq,1,2.6
survives,3.55,en,wordfreq,1,2.55
surviving,4.03,en,wordfreq,0,2.85
survivor,4.0,en,wordfreq,0,3.1
survivors,4.1,en,wordfreq,0,3.3
sus,3.04,en,wordfreq,28,1.0
susan,4.24,en,wordfreq,2,1.9
susanna,3.06,en,wordfreq,0,2.9
susceptibility,3.1,en,wordfreq,0,5.85
susceptible,3.67,en,wordfreq,0,4.85
sushi,3.68,en,wordfreq,0,2.0
susie,3.24,en,wordfreq,0,2.0
suspect,4.51,en,wordfreq,0,2.6
suspected,4.15,en,wordfreq,0,3.0
suspecting,2.96,en,wordfreq,0,3.2
suspects,3.94,en,wordfreq,0,2.7
suspend,3.68,en,wordfreq,0,2.75
suspended,4.32,en,wordfreq,0,3.25
suspending,3.15,en,wordfreq,0,3.1
suspense,3.53,en,wordfreq,0,3.05
suspension,4.24,en,wordfreq,0,3.4
suspensions,3.22,en,wordfreq,0,3.7
suspicion,3.97,en,wordfreq,0,3.6
suspicions,3.49,en,wordfreq,1,3.45
suspicious,4.09,en,wordfreq,2,3.4
suspiciously,3.08,en,wordfreq,0,4.9
sussex,3.76,en,wordfreq,0,2.7
sustain,3.93,en,wordfreq,0,2.5
sustainability,3.77,en,wordfreq,0,5.5
sustainable,4.19,en,wordfreq,0,4.15
sustained,4.19,en,wordfreq,0,3.1
sustaining,3.55,en,wordfreq,0,3.4
sustenance,2.99,en,wordfreq,0,4.0
sutherland,3.47,en,wordfreq,0,3.5
sutter,3.08,en,wordfreq,5,1.65
sutton,3.73,en,wordfreq,4,1.8
suture,3.02,en,wordfreq,1,2.1
suv,3.61,en,wordfreq,11,1.25
suvs,3.03,en,wordfreq,4,1.7
suzanne,3.53,en,wordfreq,0,2.95
suzuki,3.43,en,wordfreq,0,3.2
suzy,3.15,en,wordfreq,0,2.0
sv,3.19,en,wordfreq,41,1.0
sven,3.24,en,wordfreq,4,1.7
sw,3.68,en,wordfreq,42,1.0
swag,3.19,en,wordfreq,9,1.45
swagger,3.16,en,wordfreq,0,2.8
swain,3.0,en,wordfreq,5,1.7
swallow,3.87,en,wordfreq,1,2.65
swallowed,3.64,en,wordfreq,0,3.2
swallowing,3.36,en,wordfreq,0,3.55
swallows,3.21,en,wordfreq,0,2.6
swam,3.34,en,wordfreq,12,1.2
swami,3.04,en,wordfreq,1,1.85
swamp,3.84,en,wordfreq,2,1.75
swamped,2.99,en,wordfreq,2,2.05
swamps,3.15,en,wordfreq,1,1.85
swan,3.84,en,wordfreq,11,1.2
swann,3.07,en,wordfreq,2,1.85
swans,3.33,en,wordfreq,4,1.7
swansea,3.62,en,wordfreq,0,2.85
swanson,3.21,en,wordfreq,0,2.4
swap,3.94,en,wordfreq,8,1.45
swapped,3.37,en,wordfreq,3,1.85
swapping,3.32,en,wordfreq,2,1.9
swaps,3.15,en,wordfreq,4,1.7
swarm,3.44,en,wordfreq,0,1.9
swarming,3.0,en,wordfreq,0,1.95
swastika,2.97,en,wordfreq,0,3.95
swat,3.46,en,wordfreq,9,1.4
sway,3.65,en,wordfreq,9,1.45
swayed,3.2,en,wordfreq,1,1.95
swaying,3.08,en,wordfreq,2,1.85
swear,4.51,en,wordfreq,4,1.7
swearing,3.53,en,wordfreq,1,1.9
swears,3.18,en,wordfreq,2,1.75
sweat,4.14,en,wordfreq,3,1.65
sweater,3.78,en,wordfreq,1,1.85
sweaters,3.27,en,wordfreq,0,2.2
sweating,3.66,en,wordfreq,1,1.9
sweats,3.1,en,wordfreq,3,1.75
sweatshirt,3.19,en,wordfreq,0,4.6
sweaty,3.56,en,wordfreq,1,1.9
swede,3.05,en,wordfreq,1,1.85
sweden,4.4,en,wordfreq,1,2.15
swedes,3.25,en,wordfreq,1,1.9
swedish,4.21,en,wordfreq,0,2.95
sweeney,3.35,en,wordfreq,0,2.9
sweep,3.97,en,wordfreq,4,1.7
sweeping,3.79,en,wordfreq,1,2.0
sweeps,3.34,en,wordfreq,2,1.85
sweepstakes,3.05,en,wordfreq,0,5.4
sweet,4.91,en,wordfreq,5,1.7
sweetened,3.01,en,wordfreq,0,3.3
sweeter,3.32,en,wordfreq,1,2.2
sweetest,3.41,en,wordfreq,0,2.85
sweetheart,3.74,en,wordfreq,0,4.35
sweetie,3.57,en,wordfreq,0,2.8
sweetly,3.01,en,wordfreq,0,2.6
sweetness,3.48,en,wordfreq,0,3.25
sweets,3.62,en,wordfreq,4,1.75
swell,3.64,en,wordfreq,4,1.6
swelled,3.04,en,wordfreq,3,1.85
swelling,3.68,en,wordfreq,4,1.75
swells,3.09,en,wordfreq,3,1.7
swept,3.94,en,wordfreq,3,1.75
swift,4.15,en,wordfreq,1,1.9
swiftly,3.54,en,wordfreq,0,2.85
swim,4.21,en,wordfreq,3,1.75
swimmer,3.49,en,wordfreq,1,2.5
swimmers,3.45,en,wordfreq,0,2.65
swimming,4.43,en,wordfreq,1,2.5
swims,3.01,en,wordfreq,1,1.85
swimsuit,3.28,en,wordfreq,0,3.95
swimwear,3.01,en,wordfreq,0,3.6
swindon,3.09,en,wordfreq,0,2.9
swine,3.46,en,wordfreq,5,1.65
swing,4.34,en,wordfreq,7,1.4
swingers,2.96,en,wordfreq,0,2.3
swinging,3.79,en,wordfreq,1,2.2
swings,3.66,en,wordfreq,1,1.8
swipe,3.58,en,wordfreq,2,1.85
swiping,2.96,en,wordfreq,0,1.95
swirl,3.16,en,wordfreq,0,2.0
swirling,3.17,en,wordfreq,1,2.1
swiss,4.21,en,wordfreq,1,1.95
switch,4.6,en,wordfreq,3,1.8
switched,4.14,en,wordfreq,2,2.4
switches,3.84,en,wordfreq,2,2.3
switching,4.06,en,wordfreq,2,2.45
switzerland,4.23,en,wordfreq,0,4.7
swivel,2.99,en,wordfreq,0,2.65
swollen,3.57,en,wordfreq,0,2.85
swoop,3.2,en,wordfreq,3,1.85
sword,4.37,en,wordfreq,2,1.8
swords,3.76,en,wordfreq,0,1.9
swore,3.53,en,wordfreq,6,1.6
sworn,3.9,en,wordfreq,3,1.8
swung,3.47,en,wordfreq,3,1.8
sxsw,3.0,en,wordfreq,0,2.0
sy,3.17,en,wordfreq,37,1.0
syd,3.1,en,wordfreq,7,1.45
sydney,4.53,en,wordfreq,1,2.8
syed,3.06,en,wordfreq,7,1.6
sykes,3.29,en,wordfreq,0,2.0
syllable,3.32,en,wordfreq,0,3.15
syllables,3.24,en,wordfreq,0,3.65
syllabus,3.34,en,wordfreq,0,3.75
sylvester,3.25,en,wordfreq,0,3.85
sylvia,3.6,en,wordfreq,1,2.75
symbol,4.31,en,wordfreq,0,2.85
symbolic,3.86,en,wordfreq,0,3.55
symbolically,2.97,en,wordfreq,0,4.95
symbolism,3.46,en,wordfreq,0,3.95
symbolize,3.04,en,wordfreq,0,3.75
symbolizes,3.04,en,wordfreq,0,4.25
symbols,4.05,en,wordfreq,0,3.15
symmetric,3.21,en,wordfreq,0,3.45
symmetrical,3.28,en,wordfreq,0,4.35
symmetry,3.51,en,wordfreq,0,3.55
sympathetic,3.81,en,wordfreq,0,4.6
sympathies,3.23,en,wordfreq,0,4.25
sympathize,3.06,en,wordfreq,0,4.55
sympathy,4.01,en,wordfreq,0,3.6
symphony,3.77,en,wordfreq,0,3.6
symposium,3.61,en,wordfreq,0,4.3
symptom,3.64,en,wordfreq,0,3.4
symptomatic,3.09,en,wordfreq,0,4.7
symptoms,4.48,en,wordfreq,0,3.55
syn,3.03,en,wordfreq,8,1.45
synagogue,3.45,en,wordfreq,0,4.65
synaptic,3.02,en,wordfreq,0,3.55
sync,3.86,en,wordfreq,0,1.95
synchronization,3.11,en,wordfreq,0,6.25
synchronized,3.2,en,wordfreq,0,5.65
synchronous,3.0,en,wordfreq,0,5.6
syndicate,3.51,en,wordfreq,0,3.45
syndicated,3.05,en,wordfreq,0,3.35
syndrome,4.23,en,wordfreq,0,3.95
synergy,3.22,en,wordfreq,0,3.35
synod,3.32,en,wordfreq,0,2.35
synonym,3.13,en,wordfreq,0,3.35
synonymous,3.5,en,wordfreq,0,4.25
synonyms,3.21,en,wordfreq,0,3.7
synopsis,3.38,en,wordfreq,0,3.75
syntax,3.53,en,wordfreq,0,2.85
synth,3.35,en,wordfreq,0,1.95
synthesis,3.84,en,wordfreq,0,3.65
synthesized,3.24,en,wordfreq,0,4.95
synthetic,3.95,en,wordfreq,0,3.65
synths,2.96,en,wordfreq,0,2.6
syphilis,3.1,en,wordfreq,0,3.8
syracuse,3.62,en,wordfreq,0,3.95
syria,4.4,en,wordfreq,0,1.95
syrian,4.14,en,wordfreq,0,2.35
syrians,3.14,en,wordfreq,0,2.8
syringe,3.27,en,wordfreq,0,2.5
syrup,3.76,en,wordfreq,0,2.25
system,5.56,en,wordfreq,0,2.7
systematic,3.87,en,wordfreq,0,4.1
systematically,3.52,en,wordfreq,0,5.55
systemic,3.74,en,wordfreq,0,3.5
systems,5.07,en,wordfreq,0,2.7
ta,4.02,en,wordfreq,47,1.0
tab,3.96,en,wordfreq,26,1.0
tabernacle,3.06,en,wordfreq,0,4.8
table,5.05,en,wordfreq,4,1.55
tables,4.29,en,wordfreq,3,1.65
tablespoon,3.15,en,wordfreq,0,4.65
tablespoons,3.18,en,wordfreq,0,5.1
tablet,4.05,en,wordfreq,1,1.85
tabletop,3.1,en,wordfreq,0,3.65
tablets,3.91,en,wordfreq,0,2.2
tabloid,3.25,en,wordfreq,0,3.0
taboo,3.47,en,wordfreq,0,2.0
tabs,3.61,en,wordfreq,6,1.45
tac,3.28,en,wordfreq,31,1.0
tack,3.37,en,wordfreq,17,1.0
tackle,4.15,en,wordfreq,1,1.95
tackled,3.35,en,wordfreq,2,1.85
tackles,3.76,en,wordfreq,1,2.4
tackling,3.5,en,wordfreq,0,2.45
tacky,3.18,en,wordfreq,1,1.9
taco,3.69,en,wordfreq,4,1.65
tacoma,3.28,en,wordfreq,0,2.8
tacos,3.43,en,wordfreq,1,1.9
tact,3.08,en,wordfreq,7,1.45
tactic,3.71,en,wordfreq,0,2.4
tactical,3.97,en,wordfreq,0,2.8
tactics,4.17,en,wordfreq,0,2.75
tactile,3.1,en,wordfreq,0,2.75
tad,3.53,en,wordfreq,31,1.0
tae,3.51,en,wordfreq,32,1.0
taft,3.25,en,wordfreq,5,1.65
tag,4.44,en,wordfreq,30,1.0
tagged,3.82,en,wordfreq,4,1.8
tagging,3.37,en,wordfreq,3,1.85
tagline,3.06,en,wordfreq,0,2.85
tags,3.82,en,wordfreq,7,1.55
tahiti,3.04,en,wordfreq,0,2.9
tahoe,3.2,en,wordfreq,0,2.0
tai,3.5,en,wordfreq,33,1.0
tail,4.34,en,wordfreq,13,1.05
tailed,3.36,en,wordfreq,7,1.55
tailgate,3.02,en,wordfreq,0,3.75
tailor,3.61,en,wordfreq,2,2.15
tailored,3.56,en,wordfreq,0,2.9
tailoring,3.05,en,wordfreq,0,3.0
tails,3.68,en,wordfreq,7,1.55
taint,2.98,en,wordfreq,4,1.65
tainted,3.38,en,wordfreq,2,1.85
taipei,3.32,en,wordfreq,0,2.7
tait,2.99,en,wordfreq,7,1.4
taiwan,4.04,en,wordfreq,0,2.75
taiwanese,3.34,en,wordfreq,0,4.0
taj,3.3,en,wordfreq,20,1.0
tajikistan,3.11,en,wordfreq,0,4.65
tak,3.24,en,wordfreq,25,1.0
take,5.92,en,wordfreq,13,1.05
takeaway,3.32,en,wordfreq,0,3.6
takeaways,2.96,en,wordfreq,0,3.85
takedown,3.03,en,wordfreq,0,3.9
taken,5.33,en,wordfreq,4,1.75
takeoff,3.35,en,wordfreq,0,3.45
takeover,3.69,en,wordfreq,1,3.4
taker,3.23,en,wordfreq,6,1.5
takers,3.22,en,wordfreq,3,1.7
takes,5.18,en,wordfreq,10,1.35
takin,3.21,en,wordfreq,2,1.75
taking,5.39,en,wordfreq,7,1.55
tal,3.26,en,wordfreq,32,1.0
talbot,3.42,en,wordfreq,0,2.55
tale,4.29,en,wordfreq,18,1.0
talent,4.64,en,wordfreq,0,1.95
talented,4.3,en,wordfreq,0,2.7
talents,3.97,en,wordfreq,0,2.45
tales,4.1,en,wordfreq,9,1.45
taliban,3.69,en,wordfreq,0,2.85
talisman,3.06,en,wordfreq,0,3.1
talk,5.42,en,wordfreq,6,1.5
talkative,2.97,en,wordfreq,0,3.75
talked,4.62,en,wordfreq,3,1.8
talker,2.96,en,wordfreq,4,1.7
talkin,3.73,en,wordfreq,1,1.85
talking,5.29,en,wordfreq,1,1.8
talks,4.61,en,wordfreq,4,1.7
tall,4.52,en,wordfreq,14,1.1
tallahassee,3.2,en,wordfreq,0,5.95
taller,3.73,en,wordfreq,4,1.8
tallest,3.5,en,wordfreq,0,2.4
tally,3.62,en,wordfreq,5,1.65
talmud,2.96,en,wordfreq,0,2.8
talon,2.97,en,wordfreq,1,1.95
tam,3.28,en,wordfreq,36,1.0
tamara,3.18,en,wordfreq,0,2.45
tame,3.56,en,wordfreq,13,1.15
tamed,3.01,en,wordfreq,5,1.65
tamil,3.76,en,wordfreq,0,1.95
tammy,3.35,en,wordfreq,4,1.8
tampa,3.92,en,wordfreq,0,2.0
tampering,3.18,en,wordfreq,0,2.85
tampons,3.01,en,wordfreq,0,3.0
tan,4.01,en,wordfreq,40,1.0
tanaka,3.27,en,wordfreq,0,2.5
tandem,3.53,en,wordfreq,0,2.2
tang,3.58,en,wordfreq,17,1.0
tangent,3.19,en,wordfreq,0,2.8
tangible,3.66,en,wordfreq,0,3.15
tangle,3.1,en,wordfreq,0,1.9
tangled,3.46,en,wordfreq,0,2.05
tango,3.58,en,wordfreq,1,1.9
tania,3.0,en,wordfreq,2,1.9
tank,4.57,en,wordfreq,10,1.3
tanker,3.44,en,wordfreq,4,1.7
tankers,3.18,en,wordfreq,1,1.85
tanks,4.27,en,wordfreq,6,1.6
tanned,3.13,en,wordfreq,5,1.75
tanner,3.56,en,wordfreq,4,1.8
tanning,3.31,en,wordfreq,4,1.8
tantrum,3.13,en,wordfreq,0,3.15
tantrums,2.98,en,wordfreq,0,3.65
tanya,3.38,en,wordfreq,1,1.9
tanzania,3.57,en,wordfreq,0,3.45
tao,3.49,en,wordfreq,31,1.0
tap,4.28,en,wordfreq,35,1.0
tape,4.44,en,wordfreq,9,1.25
taped,3.5,en,wordfreq,6,1.6
taper,3.3,en,wordfreq,5,1.7
tapered,3.15,en,wordfreq,0,2.5
tapering,3.13,en,wordfreq,0,2.6
tapes,3.82,en,wordfreq,8,1.45
tapestry,3.24,en,wordfreq,0,3.5
taping,3.24,en,wordfreq,6,1.65
tapped,3.69,en,wordfreq,4,1.7
tapping,3.76,en,wordfreq,6,1.6
taps,3.56,en,wordfreq,11,1.2
tar,3.63,en,wordfreq,35,1.0
tara,3.66,en,wordfreq,12,1.2
tarantino,3.04,en,wordfreq,0,3.65
tardis,3.15,en,wordfreq,0,2.2
target,4.82,en,wordfreq,0,1.95
targeted,4.22,en,wordfreq,0,2.85
targeting,3.99,en,wordfreq,0,2.95
targets,4.29,en,wordfreq,0,2.45
tariff,3.49,en,wordfreq,0,2.65
tariffs,3.63,en,wordfreq,0,2.85
tariq,3.06,en,wordfreq,0,2.0
tarmac,3.04,en,wordfreq,0,2.75
tarot,3.12,en,wordfreq,0,1.9
tarp,2.98,en,wordfreq,5,1.65
tart,3.37,en,wordfreq,14,1.0
tarts,2.98,en,wordfreq,5,1.6
tarzan,3.17,en,wordfreq,0,2.5
tas,3.03,en,wordfreq,38,1.0
taser,3.15,en,wordfreq,3,1.8
task,4.65,en,wordfreq,5,1.5
tasked,3.53,en,wordfreq,3,1.8
tasks,4.23,en,wordfreq,3,1.75
tasmania,3.53,en,wordfreq,0,3.25
tasmanian,3.22,en,wordfreq,0,3.6
taste,4.73,en,wordfreq,5,1.6
tasted,3.7,en,wordfreq,6,1.6
tasteful,3.0,en,wordfreq,1,3.05
tasteless,3.03,en,wordfreq,0,3.4
tastes,4.08,en,wordfreq,3,1.8
tasting,3.65,en,wordfreq,5,1.75
tasty,3.84,en,wordfreq,3,1.85
tat,3.35,en,wordfreq,37,1.0
tata,3.33,en,wordfreq,5,1.65
tate,3.72,en,wordfreq,16,1.0
tatiana,3.07,en,wordfreq,0,2.85
tattoo,4.14,en,wordfreq,0,2.7
tattooed,3.4,en,wordfreq,0,3.3
tattoos,3.84,en,wordfreq,0,2.85
tatum,3.32,en,wordfreq,0,2.2
tau,3.29,en,wordfreq,26,1.0
taught,4.68,en,wordfreq,2,2.05
taunt,2.96,en,wordfreq,2,1.8
taunting,3.01,en,wordfreq,2,2.15
taunts,2.96,en,wordfreq,1,1.85
taurus,3.25,en,wordfreq,0,2.6
tavern,3.55,en,wordfreq,1,2.1
tax,5.14,en,wordfreq,28,1.0
taxable,3.35,en,wordfreq,0,2.75
taxation,3.81,en,wordfreq,0,2.9
taxed,3.52,en,wordfreq,4,1.8
taxes,4.65,en,wordfreq,5,1.7
taxi,4.19,en,wordfreq,1,1.8
taxing,3.41,en,wordfreq,3,1.85
taxis,3.44,en,wordfreq,1,1.85
taxonomy,3.08,en,wordfreq,0,3.85
taxpayer,3.86,en,wordfreq,0,3.7
taxpayers,3.85,en,wordfreq,0,3.8
tay,3.14,en,wordfreq,36,1.0
taylor,4.65,en,wordfreq,2,2.45
tb,3.71,en,wordfreq,44,1.0
tbh,4.18,en,wordfreq,2,1.75
tbs,3.05,en,wordfreq,15,1.0
tbsp,3.07,en,wordfreq,1,1.85
tc,3.52,en,wordfreq,45,1.0
tcp,3.12,en,wordfreq,7,1.5
tcu,3.08,en,wordfreq,8,1.45
td,3.89,en,wordfreq,45,1.0
tds,3.33,en,wordfreq,13,1.2
te,4.07,en,wordfreq,46,1.0
tea,4.73,en,wordfreq,23,1.0
teach,4.67,en,wordfreq,4,1.7
teacher,4.88,en,wordfreq,1,2.0
teachers,4.74,en,wordfreq,0,2.45
teaches,3.95,en,wordfreq,4,1.9
teaching,4.72,en,wordfreq,1,1.95
teachings,3.76,en,wordfreq,0,2.85
teal,3.25,en,wordfreq,13,1.15
team,5.67,en,wordfreq,7,1.45
teamed,3.6,en,wordfreq,3,1.75
teaming,3.34,en,wordfreq,3,1.8
teammate,3.84,en,wordfreq,0,3.7
teammates,3.98,en,wordfreq,0,3.7
teams,4.97,en,wordfreq,5,1.65
teamwork,3.48,en,wordfreq,0,3.85
tear,4.35,en,wordfreq,15,1.0
tearful,2.99,en,wordfreq,1,2.95
tearing,3.79,en,wordfreq,9,1.55
tears,4.47,en,wordfreq,9,1.4
teas,3.17,en,wordfreq,9,1.2
tease,3.59,en,wordfreq,3,1.65
teased,3.32,en,wordfreq,4,1.7
teaser,3.47,en,wordfreq,1,1.85
teasing,3.55,en,wordfreq,3,1.8
teaspoon,3.3,en,wordfreq,0,3.6
tec,3.01,en,wordfreq,18,1.0
tech,4.69,en,wordfreq,1,1.8
technical,4.75,en,wordfreq,0,3.4
technically,4.1,en,wordfreq,0,3.65
technician,3.7,en,wordfreq,0,4.25
technicians,3.57,en,wordfreq,0,4.55
technique,4.47,en,wordfreq,0,4.3
techniques,4.51,en,wordfreq,0,4.6
techno,3.49,en,wordfreq,0,2.9
technological,4.06,en,wordfreq,0,4.0
technologically,3.15,en,wordfreq,0,5.25
technologies,4.32,en,wordfreq,0,5.2
technology,5.09,en,wordfreq,0,3.75
tectonic,3.13,en,wordfreq,0,3.45
ted,4.26,en,wordfreq,21,1.0
teddy,3.88,en,wordfreq,1,1.9
tedious,3.5,en,wordfreq,0,2.85
tee,3.82,en,wordfreq,31,1.0
teen,4.33,en,wordfreq,7,1.45
teenage,4.14,en,wordfreq,0,2.85
teenager,4.09,en,wordfreq,0,3.3
teenagers,4.01,en,wordfreq,0,3.55
teens,4.16,en,wordfreq,1,1.8
teeny,3.05,en,wordfreq,1,1.9
tees,3.32,en,wordfreq,12,1.2
teeth,4.58,en,wordfreq,1,1.95
teh,3.04,en,wordfreq,13,1.15
tehran,3.62,en,wordfreq,0,2.7
tel,3.9,en,wordfreq,19,1.0
tele,3.13,en,wordfreq,3,1.75
telecast,3.07,en,wordfreq,0,3.25
telecom,3.58,en,wordfreq,0,3.25
telegram,3.55,en,wordfreq,0,3.75
telegraph,4.0,en,wordfreq,0,4.0
telemetry,3.0,en,wordfreq,0,3.9
telephone,4.41,en,wordfreq,0,3.5
telephones,3.18,en,wordfreq,0,3.8
teleport,2.97,en,wordfreq,0,3.6
telescope,3.75,en,wordfreq,0,3.9
telescopes,3.23,en,wordfreq,0,4.45
televised,3.53,en,wordfreq,0,3.7
television,4.79,en,wordfreq,0,3.65
televisions,3.08,en,wordfreq,0,3.8
tell,5.53,en,wordfreq,15,1.05
teller,3.49,en,wordfreq,5,1.75
tellin,3.11,en,wordfreq,0,1.95
telling,4.92,en,wordfreq,2,1.85
tells,4.78,en,wordfreq,8,1.55
telly,3.2,en,wordfreq,7,1.6
telugu,3.17,en,wordfreq,0,2.95
temp,3.75,en,wordfreq,2,1.65
tempe,3.01,en,wordfreq,3,1.7
temper,3.81,en,wordfreq,0,1.95
temperament,3.36,en,wordfreq,0,4.15
temperance,3.15,en,wordfreq,0,3.7
temperate,3.33,en,wordfreq,0,2.9
temperature,4.64,en,wordfreq,0,4.15
temperatures,4.33,en,wordfreq,0,4.55
tempered,3.53,en,wordfreq,0,2.7
tempest,3.29,en,wordfreq,0,2.7
templar,3.13,en,wordfreq,0,2.8
template,3.71,en,wordfreq,0,2.7
templates,3.3,en,wordfreq,0,3.0
temple,4.45,en,wordfreq,0,1.9
temples,3.7,en,wordfreq,0,2.4
templeton,3.0,en,wordfreq,0,3.55
tempo,3.74,en,wordfreq,3,1.9
temporal,3.63,en,wordfreq,0,3.35
temporarily,4.06,en,wordfreq,0,4.75
temporary,4.48,en,wordfreq,0,3.65
temps,3.33,en,wordfreq,3,1.8
tempt,3.22,en,wordfreq,3,1.8
temptation,3.72,en,wordfreq,0,3.15
temptations,3.16,en,wordfreq,0,3.6
tempted,3.86,en,wordfreq,0,2.4
tempting,3.65,en,wordfreq,0,2.8
ten,5.05,en,wordfreq,27,1.0
tenacious,3.04,en,wordfreq,0,3.4
tenacity,3.11,en,wordfreq,0,3.0
tenancy,3.07,en,wordfreq,0,2.75
tenant,3.78,en,wordfreq,0,2.15
tenants,3.88,en,wordfreq,0,2.5
tend,4.57,en,wordfreq,8,1.35
tended,3.75,en,wordfreq,1,1.9
tendencies,3.59,en,wordfreq,0,3.85
tendency,3.96,en,wordfreq,0,3.1
tender,4.09,en,wordfreq,8,1.55
tendered,3.05,en,wordfreq,2,2.3
tenderness,3.24,en,wordfreq,0,3.8
tenders,3.28,en,wordfreq,3,1.8
tending,3.29,en,wordfreq,5,1.65
tendon,3.31,en,wordfreq,0,1.95
tendons,3.01,en,wordfreq,0,2.6
tends,4.12,en,wordfreq,4,1.6
tenet,3.0,en,wordfreq,0,1.9
tenets,3.09,en,wordfreq,0,1.9
tenn,3.19,en,wordfreq,6,1.65
tennant,3.09,en,wordfreq,0,2.75
tennessee,4.21,en,wordfreq,0,3.95
tennis,4.35,en,wordfreq,1,2.1
tenor,3.4,en,wordfreq,0,1.95
tens,3.89,en,wordfreq,14,1.0
tense,3.95,en,wordfreq,3,1.8
tensile,2.96,en,wordfreq,0,2.65
tension,4.22,en,wordfreq,1,2.15
tensions,3.78,en,wordfreq,1,2.4
tensor,3.03,en,wordfreq,2,1.9
tent,4.05,en,wordfreq,18,1.0
tentacles,3.2,en,wordfreq,0,3.45
tentative,3.45,en,wordfreq,0,3.55
tentatively,3.14,en,wordfreq,0,4.4
tenth,3.92,en,wordfreq,2,1.8
tenths,2.97,en,wordfreq,0,1.9
tents,3.6,en,wordfreq,8,1.4
tenuous,3.02,en,wordfreq,0,2.85
tenure,3.93,en,wordfreq,0,2.4
tequila,3.48,en,wordfreq,0,3.1
ter,3.26,en,wordfreq,21,1.0
terence,3.2,en,wordfreq,0,2.6
teresa,3.71,en,wordfreq,0,2.3
teri,2.99,en,wordfreq,3,1.7
term,5.23,en,wordfreq,4,1.65
termed,3.62,en,wordfreq,1,1.95
terminal,4.31,en,wordfreq,0,2.7
terminally,3.03,en,wordfreq,0,3.25
terminals,3.61,en,wordfreq,0,3.05
terminate,3.65,en,wordfreq,0,2.95
terminated,3.75,en,wordfreq,1,2.95
terminates,2.99,en,wordfreq,1,3.0
terminating,3.22,en,wordfreq,0,3.4
termination,3.73,en,wordfreq,0,2.85
terminator,3.28,en,wordfreq,0,3.35
terminology,3.68,en,wordfreq,0,4.3
terminus,3.18,en,wordfreq,0,2.9
terms,5.1,en,wordfreq,2,1.85
terra,3.44,en,wordfreq,3,1.85
terrace,3.88,en,wordfreq,0,2.4
terraced,3.01,en,wordfreq,1,2.75
terraces,3.29,en,wordfreq,1,2.75
terrain,3.94,en,wordfreq,0,2.6
terre,3.07,en,wordfreq,3,1.85
terrell,2.98,en,wordfreq,1,2.65
terrence,3.15,en,wordfreq,0,2.75
terrestrial,3.48,en,wordfreq,0,4.75
terri,3.22,en,wordfreq,3,1.8
terrible,4.71,en,wordfreq,1,2.85
terribly,3.91,en,wordfreq,1,3.25
terrier,3.24,en,wordfreq,0,2.6
terrific,3.9,en,wordfreq,0,3.4
terrified,3.94,en,wordfreq,0,2.9
terrifying,3.95,en,wordfreq,0,3.55
territorial,3.91,en,wordfreq,0,4.2
territories,4.02,en,wordfreq,0,4.3
territory,4.6,en,wordfreq,0,3.55
terror,4.26,en,wordfreq,0,2.3
terrorism,4.24,en,wordfreq,1,3.6
terrorist,4.35,en,wordfreq,1,3.55
terrorists,4.2,en,wordfreq,0,4.1
terry,4.24,en,wordfreq,11,1.45
tertiary,3.53,en,wordfreq,0,3.6
tes,2.97,en,wordfreq,27,1.0
tesco,3.32,en,wordfreq,0,2.1
tesla,3.77,en,wordfreq,1,1.95
tess,3.23,en,wordfreq,11,1.3
tessa,3.18,en,wordfreq,1,1.9
test,5.19,en,wordfreq,13,1.2
testament,4.07,en,wordfreq,0,3.8
tested,4.48,en,wordfreq,6,1.7
tester,3.24,en,wordfreq,4,1.7
testers,3.01,en,wordfreq,0,1.95
testicles,3.18,en,wordfreq,0,3.1
testified,3.82,en,wordfreq,1,2.85
testifies,3.0,en,wordfreq,1,3.15
testify,3.84,en,wordfreq,0,2.75
testifying,3.22,en,wordfreq,0,3.3
testimonial,3.07,en,wordfreq,0,4.45
testimonies,3.15,en,wordfreq,0,4.35
testimony,4.17,en,wordfreq,0,3.7
testing,4.67,en,wordfreq,4,1.8
testosterone,3.6,en,wordfreq,0,5.95
tests,4.67,en,wordfreq,6,1.6
tether,2.96,en,wordfreq,0,1.95
tex,3.52,en,wordfreq,17,1.0
texan,3.18,en,wordfreq,1,1.9
texans,3.54,en,wordfreq,0,1.9
texas,4.89,en,wordfreq,2,1.8
text,5.01,en,wordfreq,3,1.65
textbook,3.77,en,wordfreq,0,3.7
textbooks,3.66,en,wordfreq,0,4.1
texted,3.45,en,wordfreq,1,1.95
textile,3.75,en,wordfreq,0,2.5
textiles,3.49,en,wordfreq,0,2.65
texting,3.71,en,wordfreq,2,1.9
texts,4.34,en,wordfreq,3,1.8
textual,3.34,en,wordfreq,0,2.9
texture,3.93,en,wordfreq,0,2.3
textured,3.15,en,wordfreq,1,2.55
textures,3.48,en,wordfreq,1,2.45
tf,3.56,en,wordfreq,40,1.0
tfw,3.09,en,wordfreq,1,1.8
tg,3.19,en,wordfreq,43,1.0
th,4.2,en,wordfreq,40,1.0
tha,3.62,en,wordfreq,18,1.0
thai,4.17,en,wordfreq,5,1.55
thailand,4.22,en,wordfreq,0,3.2
thames,3.73,en,wordfreq,1,1.95
than,6.13,en,wordfreq,10,1.25
thank,5.48,en,wordfreq,2,1.7
thanked,3.64,en,wordfreq,0,2.15
thankful,3.93,en,wordfreq,0,3.35
thankfully,3.8,en,wordfreq,0,4.25
thanking,3.52,en,wordfreq,1,2.0
thanks,5.43,en,wordfreq,2,1.75
thanksgiving,4.04,en,wordfreq,0,5.55
thankyou,3.29,en,wordfreq,0,3.75
that,7.01,en,wordfreq,6,1.5
thatcher,3.47,en,wordfreq,0,2.7
thats,4.52,en,wordfreq,2,1.8
thaw,3.18,en,wordfreq,4,1.7
thayer,2.96,en,wordfreq,0,2.0
thc,3.31,en,wordfreq,12,1.25
the,7.73,en,wordfreq,16,1.0
thea,2.98,en,wordfreq,8,1.4
theater,4.35,en,wordfreq,1,1.85
theaters,3.87,en,wordfreq,1,2.15
theatre,4.52,en,wordfreq,0,2.7
theatres,3.54,en,wordfreq,0,2.7
theatrical,3.68,en,wordfreq,0,3.9
thee,4.04,en,wordfreq,7,1.3
theft,4.13,en,wordfreq,0,2.0
their,6.33,en,wordfreq,0,1.85
theirs,3.96,en,wordfreq,0,1.9
thelma,3.02,en,wordfreq,0,2.6
them,6.19,en,wordfreq,9,1.4
thematic,3.33,en,wordfreq,0,3.05
theme,4.62,en,wordfreq,3,1.65
themed,3.94,en,wordfreq,1,1.9
themes,4.19,en,wordfreq,4,1.75
themselves,5.16,en,wordfreq,0,4.4
then,6.07,en,wordfreq,12,1.25
thence,3.07,en,wordfreq,1,2.0
theo,3.66,en,wordfreq,6,1.6
theodore,3.67,en,wordfreq,0,3.65
theologian,3.0,en,wordfreq,0,4.15
theologians,3.12,en,wordfreq,0,4.55
theological,3.77,en,wordfreq,0,3.3
theology,3.92,en,wordfreq,0,3.0
theorem,3.71,en,wordfreq,0,2.75
theoretical,4.01,en,wordfreq,0,4.45
theoretically,3.64,en,wordfreq,0,4.9
theories,4.22,en,wordfreq,0,2.7
theorist,3.16,en,wordfreq,0,2.85
theorists,3.42,en,wordfreq,0,3.45
theory,4.88,en,wordfreq,0,2.15
ther,3.1,en,wordfreq,10,1.05
therapeutic,3.85,en,wordfreq,0,4.9
therapeutics,3.2,en,wordfreq,0,5.25
therapies,3.49,en,wordfreq,0,3.4
therapist,3.97,en,wordfreq,0,3.55
therapists,3.43,en,wordfreq,0,3.75
therapy,4.52,en,wordfreq,0,2.95
there,6.31,en,wordfreq,3,1.6
thereafter,3.97,en,wordfreq,0,3.75
thereby,4.03,en,wordfreq,1,2.45
therefore,4.87,en,wordfreq,0,3.8
therein,3.42,en,wordfreq,1,2.5
thereof,3.74,en,wordfreq,0,2.75
theres,3.9,en,wordfreq,2,1.75
theresa,3.71,en,wordfreq,0,2.4
thermal,4.04,en,wordfreq,0,2.75
thermodynamics,3.1,en,wordfreq,0,6.95
thermometer,3.22,en,wordfreq,0,4.85
thermostat,3.1,en,wordfreq,0,4.8
these,6.04,en,wordfreq,3,1.75
theses,3.21,en,wordfreq,3,1.8
thesis,4.05,en,wordfreq,1,2.35
theta,3.16,en,wordfreq,0,1.95
they,6.5,en,wordfreq,8,1.45
theyre,3.49,en,wordfreq,0,2.0
thi,3.16,en,wordfreq,13,1.05
thiago,2.98,en,wordfreq,0,2.7
thick,4.46,en,wordfreq,3,1.8
thicker,3.6,en,wordfreq,1,1.9
thickness,3.75,en,wordfreq,0,3.5
thief,3.88,en,wordfreq,2,1.9
thier,2.99,en,wordfreq,1,1.85
thierry,3.15,en,wordfreq,0,2.7
thieves,3.83,en,wordfreq,0,2.65
thigh,3.73,en,wordfreq,0,1.9
thighs,3.67,en,wordfreq,0,2.2
thin,4.47,en,wordfreq,6,1.45
thine,3.31,en,wordfreq,5,1.7
thing,5.72,en,wordfreq,5,1.55
things,5.74,en,wordfreq,2,1.85
thingy,3.22,en,wordfreq,2,1.95
think,6.08,en,wordfreq,4,1.7
thinker,3.39,en,wordfreq,2,2.0
thinkers,3.48,en,wordfreq,0,2.5
thinkin,3.34,en,wordfreq,0,2.65
thinking,5.24,en,wordfreq,2,2.05
thinks,4.78,en,wordfreq,2,1.85
thinly,3.27,en,wordfreq,1,2.2
thinner,3.56,en,wordfreq,1,2.15
thinning,3.14,en,wordfreq,1,2.25
third,5.32,en,wordfreq,0,1.95
thirdly,3.06,en,wordfreq,0,2.65
thirds,3.91,en,wordfreq,0,2.0
thirst,3.64,en,wordfreq,0,2.35
thirsty,3.74,en,wordfreq,0,2.7
thirteen,3.89,en,wordfreq,0,3.35
thirteenth,3.36,en,wordfreq,0,4.4
thirties,3.24,en,wordfreq,0,2.9
thirty,4.38,en,wordfreq,0,2.2
this,6.82,en,wordfreq,3,1.7
thistle,3.24,en,wordfreq,1,2.7
tho,4.41,en,wordfreq,14,1.0
thom,3.2,en,wordfreq,4,1.7
thomas,4.84,en,wordfreq,0,2.45
thompson,4.28,en,wordfreq,0,3.4
thomson,3.78,en,wordfreq,0,2.85
thong,3.16,en,wordfreq,2,1.8
thor,3.69,en,wordfreq,3,1.65
thoracic,3.05,en,wordfreq,0,3.75
thorn,3.48,en,wordfreq,0,1.75
thorne,3.3,en,wordfreq,2,1.8
thorns,3.25,en,wordfreq,1,1.85
thornton,3.51,en,wordfreq,0,3.0
thorough,3.97,en,wordfreq,0,3.2
thoroughbred,2.98,en,wordfreq,0,5.5
thoroughly,4.09,en,wordfreq,0,4.2
thorpe,3.32,en,wordfreq,1,2.05
those,5.9,en,wordfreq,3,1.8
thou,4.16,en,wordfreq,5,1.6
though,5.5,en,wordfreq,1,1.75
thought,5.59,en,wordfreq,0,2.2
thoughtful,3.83,en,wordfreq,0,4.05
thoughtfully,2.97,en,wordfreq,0,5.35
thoughts,4.75,en,wordfreq,0,2.8
thousand,4.64,en,wordfreq,0,3.5
thousands,4.77,en,wordfreq,0,3.75
thr,2.97,en,wordfreq,11,1.15
thrash,3.15,en,wordfreq,0,2.45
thrashing,2.99,en,wordfreq,0,2.9
thread,4.44,en,wordfreq,1,1.85
threaded,3.23,en,wordfreq,0,2.6
threads,3.85,en,wordfreq,1,2.2
threat,4.6,en,wordfreq,2,1.8
threaten,3.94,en,wordfreq,0,2.6
threatened,4.36,en,wordfreq,0,3.65
threatening,4.19,en,wordfreq,0,3.8
threatens,3.75,en,wordfreq,0,2.75
threats,4.28,en,wordfreq,2,2.05
three,5.78,en,wordfreq,1,1.8
threes,3.02,en,wordfreq,0,1.9
threesome,3.33,en,wordfreq,0,3.75
threshold,4.03,en,wordfreq,0,4.25
thresholds,3.15,en,wordfreq,0,4.6
threw,4.46,en,wordfreq,2,1.9
thrice,3.14,en,wordfreq,1,1.95
thrift,3.4,en,wordfreq,0,2.35
thrill,3.72,en,wordfreq,0,2.25
thrilled,3.94,en,wordfreq,1,2.5
thriller,3.91,en,wordfreq,1,2.7
thrillers,2.97,en,wordfreq,0,3.1
thrilling,3.61,en,wordfreq,0,2.7
thrills,3.16,en,wordfreq,0,2.45
thrive,3.73,en,wordfreq,1,2.05
thrived,3.01,en,wordfreq,1,2.55
thrives,3.1,en,wordfreq,1,2.1
thriving,3.62,en,wordfreq,0,2.7
throat,4.3,en,wordfreq,1,2.15
throats,3.37,en,wordfreq,1,2.5
throbbing,3.12,en,wordfreq,0,3.25
throne,4.11,en,wordfreq,1,1.9
thrones,3.8,en,wordfreq,0,2.4
throttle,3.47,en,wordfreq,0,3.4
through,5.87,en,wordfreq,0,2.45
throughout,4.99,en,wordfreq,1,4.05
throughput,3.18,en,wordfreq,1,4.05
throw,4.83,en,wordfreq,1,1.85
throwback,3.25,en,wordfreq,0,4.35
throwing,4.4,en,wordfreq,0,2.65
thrown,4.4,en,wordfreq,1,2.15
throws,4.08,en,wordfreq,1,2.2
thru,3.83,en,wordfreq,1,1.8
thrust,3.86,en,wordfreq,0,2.25
thu,3.14,en,wordfreq,15,1.0
thug,3.48,en,wordfreq,1,1.75
thugs,3.56,en,wordfreq,0,1.85
thumb,4.01,en,wordfreq,1,1.9
thumbnail,3.24,en,wordfreq,0,4.75
thumbs,3.69,en,wordfreq,0,2.35
thump,2.97,en,wordfreq,2,1.85
thumping,3.16,en,wordfreq,0,2.75
thunder,4.14,en,wordfreq,0,2.35
thunderbolt,3.09,en,wordfreq,0,4.95
thundering,2.96,en,wordfreq,0,3.45
thunderstorm,3.25,en,wordfreq,0,5.1
thunderstorms,3.33,en,wordfreq,0,5.55
thursday,4.62,en,wordfreq,0,3.55
thursdays,3.27,en,wordfreq,0,3.8
thurston,3.11,en,wordfreq,0,3.1
thus,4.91,en,wordfreq,2,1.8
thwart,3.06,en,wordfreq,0,2.55
thwarted,3.15,en,wordfreq,0,2.85
thx,3.15,en,wordfreq,10,1.4
thy,4.11,en,wordfreq,13,1.15
thyme,3.07,en,wordfreq,2,1.9
thyroid,3.53,en,wordfreq,0,3.05
ti,3.85,en,wordfreq,47,1.0
tia,3.2,en,wordfreq,25,1.0
tian,3.03,en,wordfreq,2,1.65
tiara,2.98,en,wordfreq,0,1.95
tibet,3.52,en,wordfreq,0,2.0
tibetan,3.51,en,wordfreq,0,3.0
tic,3.21,en,wordfreq,19,1.0
tick,3.8,en,wordfreq,12,1.15
ticked,3.06,en,wordfreq,7,1.55
ticker,3.03,en,wordfreq,7,1.55
ticket,4.61,en,wordfreq,4,1.75
ticketing,3.05,en,wordfreq,0,2.75
tickets,4.6,en,wordfreq,1,2.05
ticking,3.46,en,wordfreq,3,1.75
tickle,3.24,en,wordfreq,4,1.7
tickled,3.01,en,wordfreq,2,1.8
ticks,3.38,en,wordfreq,6,1.55
tidal,3.7,en,wordfreq,1,1.95
tide,4.05,en,wordfreq,10,1.35
tides,3.47,en,wordfreq,7,1.55
tidy,3.53,en,wordfreq,2,1.9
tie,4.51,en,wordfreq,19,1.0
tied,4.47,en,wordfreq,5,1.45
tier,4.16,en,wordfreq,4,1.5
tiered,3.09,en,wordfreq,0,1.95
tiers,3.25,en,wordfreq,1,1.75
ties,4.35,en,wordfreq,11,1.0
tiff,3.03,en,wordfreq,3,1.8
tiffany,3.59,en,wordfreq,0,3.55
tiger,4.3,en,wordfreq,2,1.8
tigers,4.15,en,wordfreq,1,1.85
tight,4.57,en,wordfreq,8,1.5
tighten,3.51,en,wordfreq,2,2.25
tightened,3.29,en,wordfreq,0,3.2
tightening,3.3,en,wordfreq,1,3.25
tighter,3.58,en,wordfreq,3,2.15
tightly,3.76,en,wordfreq,3,2.25
tightness,2.96,en,wordfreq,1,3.1
tights,3.29,en,wordfreq,5,1.7
tijuana,3.03,en,wordfreq,0,3.35
tiki,3.1,en,wordfreq,3,1.85
til,4.03,en,wordfreq,19,1.0
tile,3.72,en,wordfreq,13,1.1
tiled,3.0,en,wordfreq,6,1.45
tiles,3.71,en,wordfreq,10,1.3
till,4.79,en,wordfreq,16,1.05
tilt,3.66,en,wordfreq,6,1.6
tilted,3.33,en,wordfreq,1,1.9
tilting,3.12,en,wordfreq,0,2.0
tim,4.51,en,wordfreq,19,1.0
timber,4.01,en,wordfreq,0,1.9
timberlake,3.22,en,wordfreq,0,4.55
timbers,3.17,en,wordfreq,0,2.35
time,6.29,en,wordfreq,8,1.35
timed,3.62,en,wordfreq,7,1.55
timeframe,3.16,en,wordfreq,0,4.3
timeless,3.53,en,wordfreq,1,2.7
timeline,4.15,en,wordfreq,0,2.75
timelines,3.18,en,wordfreq,0,3.2
timely,3.85,en,wordfreq,0,2.2
timeout,3.21,en,wordfreq,0,3.05
timer,3.68,en,wordfreq,4,1.6
timers,3.28,en,wordfreq,1,1.75
times,5.56,en,wordfreq,5,1.6
timetable,3.44,en,wordfreq,0,3.7
timid,3.25,en,wordfreq,1,1.95
timing,4.29,en,wordfreq,2,1.9
timmy,3.31,en,wordfreq,4,1.8
timor,3.27,en,wordfreq,2,1.9
timothy,3.82,en,wordfreq,0,3.4
tin,4.03,en,wordfreq,29,1.0
tina,3.76,en,wordfreq,10,1.3
tinder,3.69,en,wordfreq,7,1.65
ting,3.37,en,wordfreq,19,1.0
tinged,3.08,en,wordfreq,3,1.85
tingling,3.1,en,wordfreq,0,2.7
tiniest,3.07,en,wordfreq,0,2.85
tinker,3.28,en,wordfreq,3,1.8
tinkering,2.96,en,wordfreq,0,2.75
tins,3.06,en,wordfreq,15,1.05
tint,3.22,en,wordfreq,11,1.15
tinted,3.27,en,wordfreq,4,1.75
tiny,4.62,en,wordfreq,6,1.65
tip,4.55,en,wordfreq,23,1.0
tipped,3.67,en,wordfreq,4,1.75
tipping,3.56,en,wordfreq,5,1.7
tips,4.58,en,wordfreq,10,1.3
tire,4.02,en,wordfreq,10,1.25
tired,4.71,en,wordfreq,7,1.5
tireless,3.04,en,wordfreq,2,2.65
tirelessly,3.08,en,wordfreq,0,4.25
tires,4.03,en,wordfreq,9,1.4
tiresome,3.08,en,wordfreq,0,3.6
tiring,3.37,en,wordfreq,6,1.7
tis,3.6,en,wordfreq,25,1.0
tissue,4.32,en,wordfreq,0,2.6
tissues,3.83,en,wordfreq,0,2.5
tit,3.48,en,wordfreq,23,1.0
titan,3.69,en,wordfreq,0,1.9
titanic,3.59,en,wordfreq,0,2.75
titanium,3.55,en,wordfreq,0,3.65
titans,3.9,en,wordfreq,0,2.45
title,5.1,en,wordfreq,0,1.85
titled,4.1,en,wordfreq,1,1.85
titles,4.41,en,wordfreq,1,1.85
tito,3.29,en,wordfreq,3,1.75
tits,4.0,en,wordfreq,12,1.2
titties,3.24,en,wordfreq,0,2.75
titty,3.01,en,wordfreq,2,1.9
titus,3.32,en,wordfreq,0,1.95
tj,3.44,en,wordfreq,37,1.0
tk,3.16,en,wordfreq,41,1.0
tl,4.02,en,wordfreq,43,1.0
tlc,3.3,en,wordfreq,7,1.5
tm,3.62,en,wordfreq,45,1.0
tmz,3.13,en,wordfreq,0,1.95
tn,3.71,en,wordfreq,39,1.0
tna,3.13,en,wordfreq,11,1.2
tnt,3.31,en,wordfreq,9,1.3
to,7.43,en,wordfreq,45,1.0
toad,3.34,en,wordfreq,4,1.7
toast,3.96,en,wordfreq,3,1.85
toasted,3.26,en,wordfreq,3,1.8
toaster,3.33,en,wordfreq,2,1.9
tobacco,4.19,en,wordfreq,0,3.6
tobago,3.41,en,wordfreq,0,2.8
tobias,3.29,en,wordfreq,0,2.65
tobin,3.02,en,wordfreq,2,1.9
toby,3.67,en,wordfreq,3,1.8
tod,3.16,en,wordfreq,21,1.0
today,5.55,en,wordfreq,0,1.95
todays,3.1,en,wordfreq,0,2.6
todd,4.09,en,wordfreq,4,1.7
toddler,3.83,en,wordfreq,0,2.85
toddlers,3.38,en,wordfreq,0,2.9
todo,2.96,en,wordfreq,4,1.7
toe,4.07,en,wordfreq,27,1.0
toes,3.96,en,wordfreq,14,1.1
tofu,3.29,en,wordfreq,0,2.0
together,5.46,en,wordfreq,0,3.25
toggle,3.09,en,wordfreq,0,2.6
togo,3.0,en,wordfreq,4,1.75
toil,3.03,en,wordfreq,7,1.55
toilet,4.31,en,wordfreq,0,2.25
toilets,3.67,en,wordfreq,0,2.6
token,3.82,en,wordfreq,2,1.85
tokens,3.53,en,wordfreq,0,1.95
tokyo,4.27,en,wordfreq,0,2.3
told,5.54,en,wordfreq,10,1.4
toledo,3.52,en,wordfreq,0,2.6
tolerable,3.11,en,wordfreq,0,3.35
tolerance,4.06,en,wordfreq,0,3.0
tolerant,3.58,en,wordfreq,0,3.0
tolerate,3.84,en,wordfreq,0,2.65
tolerated,3.54,en,wordfreq,0,2.8
tolkien,3.18,en,wordfreq,0,2.9
toll,4.08,en,wordfreq,10,1.4
tolls,3.3,en,wordfreq,5,1.65
tolstoy,3.0,en,wordfreq,0,3.0
tom,4.83,en,wordfreq,21,1.0
tomas,3.38,en,wordfreq,1,1.85
tomato,3.85,en,wordfreq,0,2.7
tomatoes,3.9,en,wordfreq,0,3.3
tomb,3.89,en,wordfreq,5,1.65
tombs,3.34,en,wordfreq,3,1.75
tombstone,3.15,en,wordfreq,0,3.8
tome,3.21,en,wordfreq,12,1.3
tomlinson,3.22,en,wordfreq,0,3.9
tommy,4.16,en,wordfreq,4,1.8
tomography,3.03,en,wordfreq,1,3.45
tomorrow,5.02,en,wordfreq,0,3.7
toms,3.08,en,wordfreq,9,1.3
ton,4.29,en,wordfreq,28,1.0
tonal,3.09,en,wordfreq,1,1.95
tone,4.49,en,wordfreq,17,1.0
toned,3.48,en,wordfreq,6,1.6
toner,3.07,en,wordfreq,5,1.65
tones,3.76,en,wordfreq,7,1.35
tong,3.23,en,wordfreq,21,1.0
tonga,3.1,en,wordfreq,0,1.95
tongue,4.37,en,wordfreq,0,2.4
tongues,3.45,en,wordfreq,0,2.75
toni,3.56,en,wordfreq,6,1.6
tonic,3.39,en,wordfreq,5,1.7
tonight,5.03,en,wordfreq,0,2.85
tonne,3.21,en,wordfreq,0,1.9
tonnes,3.72,en,wordfreq,0,1.9
tons,4.46,en,wordfreq,17,1.0
tony,4.64,en,wordfreq,10,1.35
too,5.95,en,wordfreq,30,1.0
took,5.51,en,wordfreq,9,1.5
tool,4.56,en,wordfreq,10,1.35
toolbox,2.99,en,wordfreq,0,3.65
toolkit,3.08,en,wordfreq,0,3.35
tools,4.59,en,wordfreq,4,1.7
toon,3.03,en,wordfreq,16,1.1
toot,3.03,en,wordfreq,13,1.2
tooth,4.08,en,wordfreq,1,1.9
toothbrush,3.38,en,wordfreq,0,5.15
toothed,3.04,en,wordfreq,0,2.5
toothless,2.96,en,wordfreq,0,3.6
toothpaste,3.37,en,wordfreq,0,4.8
top,5.57,en,wordfreq,22,1.0
topeka,3.1,en,wordfreq,0,2.95
topic,4.49,en,wordfreq,2,1.85
topical,3.45,en,wordfreq,1,2.45
topics,4.27,en,wordfreq,0,2.25
topless,3.36,en,wordfreq,0,2.85
topographic,3.02,en,wordfreq,0,3.7
topography,3.28,en,wordfreq,2,3.4
topology,3.2,en,wordfreq,0,3.2
topped,3.92,en,wordfreq,5,1.7
topper,3.11,en,wordfreq,4,1.75
topping,3.56,en,wordfreq,4,1.7
toppings,3.01,en,wordfreq,0,2.6
tops,4.07,en,wordfreq,12,1.2
tor,3.57,en,wordfreq,19,1.0
torah,3.41,en,wordfreq,1,1.95
torch,3.74,en,wordfreq,3,1.85
torches,3.15,en,wordfreq,1,2.4
tore,3.71,en,wordfreq,19,1.0
tori,3.19,en,wordfreq,9,1.4
tories,3.76,en,wordfreq,1,1.85
torment,3.36,en,wordfreq,1,2.55
tormented,3.17,en,wordfreq,0,2.8
torn,4.08,en,wordfreq,14,1.15
tornado,3.82,en,wordfreq,0,2.85
tornadoes,3.27,en,wordfreq,0,3.7
toro,3.24,en,wordfreq,8,1.45
toronto,4.49,en,wordfreq,0,3.0
torpedo,3.44,en,wordfreq,0,2.8
torpedoes,3.15,en,wordfreq,0,3.8
torque,3.65,en,wordfreq,0,2.65
torrance,3.09,en,wordfreq,0,2.9
torrent,3.43,en,wordfreq,1,2.55
torres,3.67,en,wordfreq,1,1.95
torso,3.41,en,wordfreq,0,1.95
tort,3.1,en,wordfreq,12,1.3
tortilla,3.06,en,wordfreq,0,3.55
tortoise,3.26,en,wordfreq,0,3.8
torture,4.15,en,wordfreq,0,2.6
tortured,3.78,en,wordfreq,0,2.75
torturing,3.23,en,wordfreq,0,2.9
tory,3.9,en,wordfreq,11,1.25
tos,3.3,en,wordfreq,29,1.0
toshiba,3.04,en,wordfreq,0,3.65
toss,3.91,en,wordfreq,14,1.2
tossed,3.75,en,wordfreq,0,2.0
tossing,3.39,en,wordfreq,0,2.0
tot,3.16,en,wordfreq,26,1.0
total,5.21,en,wordfreq,1,1.9
totaled,3.37,en,wordfreq,0,2.6
totaling,3.3,en,wordfreq,0,2.75
totalitarian,3.21,en,wordfreq,0,5.25
totality,2.98,en,wordfreq,0,2.65
totalled,2.97,en,wordfreq,0,2.8
totalling,3.07,en,wordfreq,0,2.85
totally,4.83,en,wordfreq,0,2.45
totals,3.48,en,wordfreq,0,1.95
tote,3.27,en,wordfreq,9,1.4
totem,3.09,en,wordfreq,0,1.95
toto,3.15,en,wordfreq,9,1.45
tots,3.0,en,wordfreq,13,1.25
tottenham,3.61,en,wordfreq,0,4.45
touch,4.91,en,wordfreq,5,1.65
touchdown,3.96,en,wordfreq,0,3.85
touchdowns,3.58,en,wordfreq,0,4.6
touched,4.3,en,wordfreq,1,2.05
touches,3.98,en,wordfreq,3,2.25
touching,4.22,en,wordfreq,0,2.7
touchscreen,3.1,en,wordfreq,0,5.6
touchy,3.14,en,wordfreq,0,2.4
tough,4.77,en,wordfreq,6,1.6
tougher,3.66,en,wordfreq,0,2.75
toughest,3.61,en,wordfreq,0,2.85
toughness,3.31,en,wordfreq,0,3.6
toulon,3.03,en,wordfreq,0,2.75
toulouse,3.22,en,wordfreq,0,3.75
tour,4.99,en,wordfreq,7,1.5
toured,3.4,en,wordfreq,2,1.9
touring,3.89,en,wordfreq,1,1.9
tourism,4.28,en,wordfreq,1,2.75
tourist,4.2,en,wordfreq,1,2.7
tourists,4.06,en,wordfreq,0,3.05
tournament,4.56,en,wordfreq,0,3.65
tournaments,3.84,en,wordfreq,0,4.2
tourney,3.09,en,wordfreq,1,2.5
tours,4.14,en,wordfreq,4,1.7
tout,3.18,en,wordfreq,6,1.5
touted,3.19,en,wordfreq,2,1.9
tow,3.72,en,wordfreq,23,1.0
toward,4.72,en,wordfreq,2,1.85
towards,5.06,en,wordfreq,1,2.2
towed,3.38,en,wordfreq,5,1.7
towel,3.94,en,wordfreq,4,1.75
towels,3.65,en,wordfreq,3,1.8
tower,4.5,en,wordfreq,9,1.5
towering,3.25,en,wordfreq,2,2.45
towers,4.02,en,wordfreq,4,1.75
towing,3.32,en,wordfreq,5,1.7
town,5.24,en,wordfreq,4,1.6
townhouse,3.06,en,wordfreq,0,4.0
towns,4.39,en,wordfreq,2,1.75
townsend,3.51,en,wordfreq,0,3.5
township,3.98,en,wordfreq,0,3.55
townships,3.23,en,wordfreq,0,3.85
townsville,3.03,en,wordfreq,0,4.3
toxic,4.24,en,wordfreq,3,1.9
toxicity,3.58,en,wordfreq,0,3.5
toxicology,3.13,en,wordfreq,0,4.15
toxin,3.3,en,wordfreq,2,1.85
toxins,3.5,en,wordfreq,0,1.95
toy,4.3,en,wordfreq,19,1.0
toying,2.99,en,wordfreq,2,1.85
toyota,3.95,en,wordfreq,0,2.8
toys,4.25,en,wordfreq,8,1.5
tp,3.43,en,wordfreq,45,1.0
tpp,3.24,en,wordfreq,8,1.5
tr,3.73,en,wordfreq,46,1.0
tra,3.1,en,wordfreq,16,1.0
trace,4.19,en,wordfreq,7,1.35
traced,3.8,en,wordfreq,6,1.55
tracer,3.19,en,wordfreq,4,1.65
traces,3.89,en,wordfreq,8,1.5
tracey,3.31,en,wordfreq,3,1.75
tracing,3.56,en,wordfreq,2,1.8
track,5.02,en,wordfreq,6,1.55
tracked,3.95,en,wordfreq,3,1.75
tracker,3.63,en,wordfreq,2,1.8
trackers,3.1,en,wordfreq,1,1.9
tracking,4.25,en,wordfreq,4,1.7
tracks,4.45,en,wordfreq,5,1.65
tract,3.71,en,wordfreq,4,1.7
traction,3.78,en,wordfreq,1,2.3
tractor,3.78,en,wordfreq,1,2.2
tractors,3.31,en,wordfreq,1,2.4
tracts,3.25,en,wordfreq,3,1.8
tracy,3.82,en,wordfreq,3,1.75
trade,5.12,en,wordfreq,2,1.75
traded,4.15,en,wordfreq,4,1.75
trademark,3.89,en,wordfreq,0,3.7
trademarks,3.3,en,wordfreq,0,4.15
trader,3.77,en,wordfreq,4,1.7
traders,3.95,en,wordfreq,2,1.8
trades,4.04,en,wordfreq,4,1.7
trading,4.63,en,wordfreq,2,1.9
tradition,4.5,en,wordfreq,0,2.65
traditional,4.84,en,wordfreq,0,3.4
traditionally,4.06,en,wordfreq,0,4.45
traditions,4.1,en,wordfreq,0,3.0
trafalgar,3.02,en,wordfreq,0,4.8
traffic,4.85,en,wordfreq,0,3.05
trafficked,3.07,en,wordfreq,0,3.7
traffickers,3.01,en,wordfreq,0,4.35
trafficking,3.9,en,wordfreq,0,3.95
trafford,3.35,en,wordfreq,0,2.75
tragedies,3.29,en,wordfreq,0,3.8
tragedy,4.14,en,wordfreq,0,2.8
tragic,4.08,en,wordfreq,0,2.65
tragically,3.26,en,wordfreq,0,3.1
trail,4.45,en,wordfreq,4,1.65
trailed,3.12,en,wordfreq,2,1.85
trailer,4.32,en,wordfreq,2,1.95
trailers,3.65,en,wordfreq,1,2.3
trailing,3.55,en,wordfreq,1,1.9
trails,3.92,en,wordfreq,2,1.75
train,4.96,en,wordfreq,7,1.45
trained,4.58,en,wordfreq,4,1.7
trainee,3.43,en,wordfreq,2,2.2
trainees,3.27,en,wordfreq,1,2.6
trainer,4.08,en,wordfreq,4,1.8
trainers,3.72,en,wordfreq,2,2.2
training,5.18,en,wordfreq,2,1.95
trains,4.27,en,wordfreq,5,1.55
trait,3.69,en,wordfreq,3,1.7
traitor,3.69,en,wordfreq,1,2.45
traitors,3.44,en,wordfreq,1,2.55
traits,3.96,en,wordfreq,3,1.75
trajectory,3.61,en,wordfreq,0,4.1
tram,3.46,en,wordfreq,7,1.4
tramp,3.21,en,wordfreq,3,1.7
trampled,3.07,en,wordfreq,0,2.7
trampoline,3.14,en,wordfreq,0,4.1
trams,3.05,en,wordfreq,6,1.6
tran,3.09,en,wordfreq,10,1.25
trance,3.49,en,wordfreq,1,1.9
tranny,2.98,en,wordfreq,1,1.9
tranquil,3.14,en,wordfreq,0,3.8
tranquility,3.02,en,wordfreq,0,4.85
trans,4.41,en,wordfreq,3,1.75
transaction,4.21,en,wordfreq,0,3.45
transactions,4.22,en,wordfreq,0,3.55
transatlantic,3.2,en,wordfreq,0,5.35
transcend,3.1,en,wordfreq,0,3.3
transcendental,3.0,en,wordfreq,0,6.15
transcends,3.01,en,wordfreq,0,3.7
transcribed,3.16,en,wordfreq,0,3.9
transcript,3.7,en,wordfreq,0,3.65
transcription,3.54,en,wordfreq,0,3.9
transcripts,3.41,en,wordfreq,0,3.95
transfer,4.72,en,wordfreq,0,2.85
transferable,3.06,en,wordfreq,0,4.7
transferred,4.36,en,wordfreq,0,3.55
transferring,3.74,en,wordfreq,0,4.25
transfers,4.02,en,wordfreq,0,2.75
transform,4.04,en,wordfreq,0,3.1
transformation,4.21,en,wordfreq,0,4.25
transformations,3.4,en,wordfreq,0,4.75
transformative,3.14,en,wordfreq,0,4.8
transformed,4.08,en,wordfreq,1,3.2
transformer,3.37,en,wordfreq,1,3.2
transformers,3.57,en,wordfreq,0,3.75
transforming,3.65,en,wordfreq,0,3.8
transforms,3.45,en,wordfreq,0,3.2
transfusion,3.13,en,wordfreq,0,4.25
transgender,3.91,en,wordfreq,0,4.3
transient,3.37,en,wordfreq,0,3.25
transistor,3.21,en,wordfreq,0,3.45
transistors,3.06,en,wordfreq,0,3.55
transit,4.2,en,wordfreq,0,2.7
transition,4.46,en,wordfreq,0,2.75
transitional,3.64,en,wordfreq,0,3.35
transitioned,3.09,en,wordfreq,0,3.65
transitioning,3.26,en,wordfreq,0,4.35
transitions,3.59,en,wordfreq,0,3.05
translate,3.93,en,wordfreq,0,3.15
translated,4.15,en,wordfreq,1,3.15
translates,3.67,en,wordfreq,1,3.2
translating,3.49,en,wordfreq,0,3.4
translation,4.39,en,wordfreq,0,2.95
translational,3.0,en,wordfreq,1,3.6
translations,3.72,en,wordfreq,0,3.1
translator,3.67,en,wordfreq,0,3.2
translators,3.26,en,wordfreq,0,3.3
translucent,3.21,en,wordfreq,0,4.4
transmission,4.33,en,wordfreq,0,4.15
transmissions,3.35,en,wordfreq,0,4.35
transmit,3.67,en,wordfreq,0,3.2
transmits,3.02,en,wordfreq,0,3.3
transmitted,3.87,en,wordfreq,1,3.45
transmitter,3.59,en,wordfreq,1,3.45
transmitters,3.09,en,wordfreq,0,3.9
transmitting,3.43,en,wordfreq,0,4.0
transnational,3.18,en,wordfreq,1,3.9
transparency,3.9,en,wordfreq,0,4.85
transparent,4.01,en,wordfreq,0,3.65
transpired,3.06,en,wordfreq,0,3.35
transplant,3.76,en,wordfreq,0,3.55
transplantation,3.23,en,wordfreq,0,5.35
transplanted,3.06,en,wordfreq,0,3.95
transplants,3.15,en,wordfreq,0,3.8
transponder,3.07,en,wordfreq,0,3.9
transport,4.68,en,wordfreq,0,2.95
transportation,4.57,en,wordfreq,0,4.45
transported,3.88,en,wordfreq,1,3.1
transporter,3.19,en,wordfreq,1,3.2
transporting,3.59,en,wordfreq,0,3.9
transports,3.29,en,wordfreq,0,3.2
transsexual,2.99,en,wordfreq,0,5.25
transverse,3.27,en,wordfreq,0,3.65
trap,4.33,en,wordfreq,6,1.4
trapped,4.19,en,wordfreq,2,1.8
trapping,3.38,en,wordfreq,2,1.8
traps,3.76,en,wordfreq,5,1.55
trash,4.42,en,wordfreq,3,1.7
trashed,3.21,en,wordfreq,1,1.95
trashy,3.07,en,wordfreq,0,2.15
trauma,4.14,en,wordfreq,0,2.65
traumatic,3.79,en,wordfreq,0,3.55
traumatized,3.17,en,wordfreq,0,4.9
travel,5.0,en,wordfreq,1,1.9
traveled,4.06,en,wordfreq,1,2.5
traveler,3.57,en,wordfreq,1,2.45
travelers,3.84,en,wordfreq,0,2.7
traveling,4.27,en,wordfreq,0,2.85
travelled,3.98,en,wordfreq,1,2.8
traveller,3.49,en,wordfreq,1,2.9
travellers,3.68,en,wordfreq,0,3.25
travelling,4.16,en,wordfreq,0,3.4
travels,4.05,en,wordfreq,1,2.05
travers,3.07,en,wordfreq,2,1.85
traverse,3.4,en,wordfreq,0,2.65
travesty,3.0,en,wordfreq,0,2.95
travis,4.01,en,wordfreq,0,2.0
tray,3.75,en,wordfreq,10,1.15
trays,3.24,en,wordfreq,4,1.7
trayvon,2.96,en,wordfreq,0,2.85
tre,3.11,en,wordfreq,17,1.0
treacherous,3.32,en,wordfreq,0,4.3
treachery,3.13,en,wordfreq,0,2.8
tread,3.52,en,wordfreq,5,1.65
treadmill,3.35,en,wordfreq,0,3.95
treason,3.84,en,wordfreq,0,2.75
treasure,4.17,en,wordfreq,1,2.35
treasured,3.12,en,wordfreq,2,2.5
treasurer,3.93,en,wordfreq,2,2.8
treasures,3.7,en,wordfreq,2,2.45
treasury,4.24,en,wordfreq,1,2.95
treat,4.75,en,wordfreq,3,1.7
treated,4.71,en,wordfreq,1,1.95
treaties,3.71,en,wordfreq,0,2.6
treating,4.27,en,wordfreq,1,1.95
treatise,3.38,en,wordfreq,0,2.75
treatment,5.01,en,wordfreq,0,3.2
treatments,4.09,en,wordfreq,0,3.5
treats,4.06,en,wordfreq,2,1.8
treaty,4.31,en,wordfreq,1,1.9
treble,3.33,en,wordfreq,0,2.4
tree,4.85,en,wordfreq,8,1.4
trees,4.69,en,wordfreq,3,1.6
trek,3.96,en,wordfreq,3,1.8
trekking,3.02,en,wordfreq,0,2.55
tremble,3.04,en,wordfreq,0,2.65
trembling,3.27,en,wordfreq,0,2.75
tremendous,4.07,en,wordfreq,0,4.15
tremendously,3.41,en,wordfreq,0,5.55
tremor,3.05,en,wordfreq,1,2.5
tremors,2.98,en,wordfreq,0,2.7
trench,3.7,en,wordfreq,2,1.9
trenches,3.51,en,wordfreq,0,2.6
trend,4.51,en,wordfreq,2,1.75
trending,3.62,en,wordfreq,0,1.95
trends,4.32,en,wordfreq,1,1.85
trendy,3.47,en,wordfreq,1,1.9
trent,3.8,en,wordfreq,4,1.7
trenton,3.29,en,wordfreq,0,2.55
tres,3.06,en,wordfreq,10,1.15
trespass,3.11,en,wordfreq,0,3.8
trespassing,3.14,en,wordfreq,0,4.15
trevor,3.86,en,wordfreq,1,2.75
trey,3.43,en,wordfreq,9,1.4
tri,3.71,en,wordfreq,13,1.0
triad,3.23,en,wordfreq,3,1.85
trial,4.87,en,wordfreq,1,1.8
trials,4.32,en,wordfreq,0,1.95
triangle,3.93,en,wordfreq,0,2.8
triangles,3.27,en,wordfreq,0,3.2
triangular,3.42,en,wordfreq,0,4.3
triathlon,3.25,en,wordfreq,0,4.0
tribal,4.03,en,wordfreq,0,2.35
tribe,4.12,en,wordfreq,1,1.9
tribes,4.03,en,wordfreq,1,1.85
tribunal,3.88,en,wordfreq,0,3.25
tribunals,3.08,en,wordfreq,0,3.45
tribune,3.71,en,wordfreq,1,2.75
tributaries,3.15,en,wordfreq,0,4.6
tributary,3.15,en,wordfreq,0,3.75
tribute,4.25,en,wordfreq,1,2.7
tributes,3.27,en,wordfreq,0,2.75
trick,4.48,en,wordfreq,6,1.5
tricked,3.42,en,wordfreq,1,1.9
tricking,3.0,en,wordfreq,2,1.85
trickle,3.25,en,wordfreq,0,2.25
tricks,4.15,en,wordfreq,5,1.65
tricky,3.96,en,wordfreq,1,1.85
trident,3.27,en,wordfreq,0,2.7
tried,5.16,en,wordfreq,5,1.7
tries,4.53,en,wordfreq,7,1.4
trigger,4.25,en,wordfreq,0,2.5
triggered,3.99,en,wordfreq,0,3.55
triggering,3.48,en,wordfreq,0,3.6
triggers,3.61,en,wordfreq,0,2.75
trillion,3.79,en,wordfreq,0,2.8
trillions,3.04,en,wordfreq,0,3.25
trilogy,3.86,en,wordfreq,0,3.0
trim,3.89,en,wordfreq,6,1.55
trimester,3.07,en,wordfreq,0,3.7
trimmed,3.47,en,wordfreq,0,2.6
trimming,3.23,en,wordfreq,0,2.7
trinidad,3.65,en,wordfreq,0,3.75
trinity,3.9,en,wordfreq,0,3.0
trio,3.94,en,wordfreq,3,1.75
trip,4.9,en,wordfreq,6,1.45
triple,4.31,en,wordfreq,0,1.95
tripled,3.09,en,wordfreq,1,1.9
triplets,3.05,en,wordfreq,0,2.8
tripod,3.18,en,wordfreq,0,2.45
tripoli,3.29,en,wordfreq,0,3.05
tripped,3.43,en,wordfreq,3,1.7
tripping,3.52,en,wordfreq,3,1.7
trips,4.23,en,wordfreq,3,1.6
tris,3.06,en,wordfreq,7,1.4
trish,3.06,en,wordfreq,2,1.85
tristan,3.38,en,wordfreq,0,2.85
triumph,3.96,en,wordfreq,0,2.8
triumphant,3.37,en,wordfreq,0,4.55
triumphs,3.22,en,wordfreq,0,3.45
trivia,3.47,en,wordfreq,0,2.8
trivial,3.66,en,wordfreq,0,2.75
trojan,3.41,en,wordfreq,0,2.5
trojans,3.27,en,wordfreq,0,2.8
troll,3.73,en,wordfreq,0,1.8
trolley,3.44,en,wordfreq,0,2.5
trolling,3.44,en,wordfreq,0,2.05
trolls,3.62,en,wordfreq,0,1.85
trombone,2.97,en,wordfreq,0,3.6
tron,3.07,en,wordfreq,6,1.6
troop,3.69,en,wordfreq,0,1.95
trooper,3.42,en,wordfreq,0,2.35
troopers,3.34,en,wordfreq,0,2.75
troops,4.64,en,wordfreq,0,1.95
trope,3.1,en,wordfreq,1,1.8
tropes,3.01,en,wordfreq,0,1.9
trophies,3.67,en,wordfreq,0,2.9
trophy,4.17,en,wordfreq,0,2.7
tropical,4.18,en,wordfreq,0,2.8
tropics,3.16,en,wordfreq,0,2.7
trot,3.21,en,wordfreq,3,1.65
trouble,4.79,en,wordfreq,0,2.6
troubled,3.91,en,wordfreq,1,2.75
troubles,3.99,en,wordfreq,1,2.7
troubleshooting,2.96,en,wordfreq,0,7.35
troublesome,3.39,en,wordfreq,0,4.9
troubling,3.5,en,wordfreq,0,2.85
trough,3.43,en,wordfreq,1,1.8
troupe,3.25,en,wordfreq,0,1.95
trousers,3.7,en,wordfreq,0,2.85
trout,3.78,en,wordfreq,0,1.85
trove,3.04,en,wordfreq,4,1.8
troy,3.95,en,wordfreq,4,1.65
tru,3.03,en,wordfreq,8,1.35
truce,3.52,en,wordfreq,3,1.8
truck,4.64,en,wordfreq,4,1.65
trucking,3.35,en,wordfreq,2,2.15
trucks,4.2,en,wordfreq,3,1.8
trudeau,3.44,en,wordfreq,0,3.1
true,5.4,en,wordfreq,1,1.65
truer,2.97,en,wordfreq,0,1.95
truffle,3.06,en,wordfreq,0,2.8
truffles,2.96,en,wordfreq,0,3.2
truly,4.87,en,wordfreq,0,2.0
truman,3.56,en,wordfreq,0,2.6
trump,4.93,en,wordfreq,2,1.8
trumpet,3.58,en,wordfreq,0,2.8
trumpets,3.15,en,wordfreq,0,3.0
trumps,3.47,en,wordfreq,0,1.95
truncated,3.03,en,wordfreq,0,3.7
trunk,4.03,en,wordfreq,2,1.85
trunks,3.43,en,wordfreq,1,1.9
truss,3.29,en,wordfreq,1,1.85
trust,5.13,en,wordfreq,2,1.7
trusted,4.2,en,wordfreq,1,1.95
trustee,3.68,en,wordfreq,1,2.65
trustees,3.84,en,wordfreq,0,2.8
trusting,3.72,en,wordfreq,0,2.35
trusts,3.8,en,wordfreq,1,1.85
trustworthy,3.51,en,wordfreq,0,5.6
trusty,3.03,en,wordfreq,2,1.85
truth,5.05,en,wordfreq,0,1.9
truthful,3.42,en,wordfreq,0,3.4
truthfully,3.23,en,wordfreq,0,4.3
truths,3.69,en,wordfreq,0,2.4
try,5.5,en,wordfreq,11,1.1
tryin,3.46,en,wordfreq,1,1.9
trying,5.47,en,wordfreq,4,1.7
ts,3.67,en,wordfreq,46,1.0
tsa,3.34,en,wordfreq,17,1.0
tsar,3.16,en,wordfreq,1,1.8
tsk,3.01,en,wordfreq,4,1.6
tsp,3.25,en,wordfreq,12,1.2
tsunami,3.52,en,wordfreq,0,3.7
tt,3.61,en,wordfreq,46,1.0
tu,3.76,en,wordfreq,47,1.0
tub,3.85,en,wordfreq,11,1.2
tube,4.36,en,wordfreq,4,1.65
tuberculosis,3.58,en,wordfreq,0,6.65
tubes,3.94,en,wordfreq,2,1.8
tubing,3.29,en,wordfreq,2,1.9
tubs,3.07,en,wordfreq,8,1.45
tubular,3.24,en,wordfreq,0,3.45
tuck,3.55,en,wordfreq,11,1.35
tucked,3.62,en,wordfreq,5,1.75
tucker,3.79,en,wordfreq,4,1.8
tucson,3.54,en,wordfreq,0,2.85
tudor,3.3,en,wordfreq,2,2.1
tue,3.24,en,wordfreq,16,1.0
tuesday,4.63,en,wordfreq,0,3.05
tuesdays,3.29,en,wordfreq,0,3.45
tuff,2.99,en,wordfreq,8,1.55
tufts,3.1,en,wordfreq,0,2.0
tug,3.5,en,wordfreq,14,1.05
tuition,3.97,en,wordfreq,0,2.65
tulip,3.18,en,wordfreq,0,2.15
tully,3.07,en,wordfreq,6,1.7
tulsa,3.48,en,wordfreq,0,2.3
tum,3.07,en,wordfreq,17,1.0
tumble,3.41,en,wordfreq,5,1.65
tumbled,3.01,en,wordfreq,2,2.2
tumbling,3.24,en,wordfreq,2,2.4
tumblr,3.74,en,wordfreq,1,2.2
tummy,3.43,en,wordfreq,7,1.8
tumor,3.97,en,wordfreq,5,1.65
tumors,3.62,en,wordfreq,2,2.1
tumour,3.39,en,wordfreq,2,2.0
tumours,3.1,en,wordfreq,1,2.4
tumultuous,3.06,en,wordfreq,0,4.9
tun,2.97,en,wordfreq,22,1.0
tuna,3.64,en,wordfreq,4,1.65
tundra,3.08,en,wordfreq,0,2.85
tune,4.27,en,wordfreq,9,1.3
tuned,3.87,en,wordfreq,2,1.8
tunes,3.82,en,wordfreq,6,1.6
tung,3.13,en,wordfreq,15,1.1
tungsten,3.12,en,wordfreq,0,3.55
tunic,3.08,en,wordfreq,2,1.9
tuning,3.67,en,wordfreq,2,1.85
tunis,3.0,en,wordfreq,2,1.9
tunisia,3.57,en,wordfreq,0,3.0
tunisian,3.2,en,wordfreq,0,3.15
tunnel,4.24,en,wordfreq,1,2.0
tunnels,3.82,en,wordfreq,0,2.65
tupac,2.98,en,wordfreq,0,2.75
turbine,3.63,en,wordfreq,0,2.65
turbines,3.52,en,wordfreq,0,2.9
turbo,3.74,en,wordfreq,0,2.2
turbulence,3.55,en,wordfreq,0,4.6
turbulent,3.47,en,wordfreq,0,3.85
turd,3.15,en,wordfreq,3,1.85
turf,3.76,en,wordfreq,5,1.75
turin,3.31,en,wordfreq,0,1.9
turing,3.19,en,wordfreq,5,1.6
turk,3.3,en,wordfreq,5,1.7
turkey,4.56,en,wordfreq,0,2.15
turkeys,3.24,en,wordfreq,0,2.75
turkish,4.28,en,wordfreq,0,2.8
turkmenistan,2.96,en,wordfreq,0,5.75
turks,3.66,en,wordfreq,1,1.9
turmoil,3.52,en,wordfreq,0,3.45
turn,5.32,en,wordfreq,5,1.55
turnaround,3.4,en,wordfreq,0,4.7
turnbull,3.32,en,wordfreq,0,3.95
turned,5.09,en,wordfreq,2,1.85
turner,4.19,en,wordfreq,2,1.9
turning,4.71,en,wordfreq,1,1.85
turnout,3.68,en,wordfreq,1,2.85
turnover,3.78,en,wordfreq,0,3.15
turnovers,3.29,en,wordfreq,0,3.6
turnpike,3.18,en,wordfreq,0,3.85
turns,4.76,en,wordfreq,2,1.85
turntable,2.96,en,wordfreq,0,3.55
turquoise,3.33,en,wordfreq,0,4.35
turret,3.42,en,wordfreq,0,2.4
turrets,3.15,en,wordfreq,0,2.7
turtle,3.91,en,wordfreq,1,2.4
turtles,3.72,en,wordfreq,0,2.75
tuscan,3.02,en,wordfreq,0,2.6
tuscany,3.15,en,wordfreq,0,3.15
tutor,3.67,en,wordfreq,2,1.85
tutorial,3.8,en,wordfreq,0,3.0
tutorials,3.46,en,wordfreq,0,3.5
tutoring,3.2,en,wordfreq,0,2.8
tutors,3.15,en,wordfreq,1,2.25
tuttle,2.96,en,wordfreq,1,2.1
tutu,3.02,en,wordfreq,0,2.0
tuxedo,3.11,en,wordfreq,0,2.85
tv,5.2,en,wordfreq,41,1.0
tvs,3.51,en,wordfreq,7,1.5
tw,3.12,en,wordfreq,42,1.0
twain,3.39,en,wordfreq,2,1.85
twas,3.01,en,wordfreq,2,1.8
twat,3.29,en,wordfreq,3,1.75
tweak,3.27,en,wordfreq,0,1.9
tweaked,3.08,en,wordfreq,0,2.4
tweaking,3.13,en,wordfreq,0,2.1
tweaks,3.15,en,wordfreq,0,1.95
tweed,3.25,en,wordfreq,1,1.9
tweet,4.17,en,wordfreq,2,1.85
tweeted,4.09,en,wordfreq,0,2.5
tweeting,3.54,en,wordfreq,0,2.45
tweets,4.01,en,wordfreq,1,1.9
twelfth,3.51,en,wordfreq,0,3.5
twelve,4.35,en,wordfreq,0,2.85
twenties,3.48,en,wordfreq,0,2.9
twentieth,3.8,en,wordfreq,0,3.9
twenty,4.65,en,wordfreq,0,2.3
twice,4.84,en,wordfreq,0,2.0
twig,3.03,en,wordfreq,1,1.85
twigs,3.12,en,wordfreq,1,1.85
twilight,3.82,en,wordfreq,0,3.2
twin,4.34,en,wordfreq,2,1.7
twinkle,3.17,en,wordfreq,0,2.85
twins,4.15,en,wordfreq,1,1.8
twist,4.22,en,wordfreq,0,1.95
twisted,3.98,en,wordfreq,1,2.1
twister,3.05,en,wordfreq,2,2.3
twisting,3.47,en,wordfreq,0,2.55
twists,3.5,en,wordfreq,0,2.2
twitch,3.76,en,wordfreq,1,2.1
twitching,2.99,en,wordfreq,1,2.6
twitter,4.83,en,wordfreq,1,2.4
two,6.1,en,wordfreq,3,1.7
tx,4.01,en,wordfreq,34,1.0
txt,3.12,en,wordfreq,6,1.55
ty,3.73,en,wordfreq,37,1.0
tycoon,3.16,en,wordfreq,0,2.6
tying,3.68,en,wordfreq,3,1.6
tyler,4.17,en,wordfreq,0,2.0
tyne,3.17,en,wordfreq,4,1.8
type,5.27,en,wordfreq,5,1.65
typed,3.52,en,wordfreq,3,1.8
types,4.85,en,wordfreq,4,1.75
typewriter,3.26,en,wordfreq,0,4.7
typhoon,3.59,en,wordfreq,0,3.3
typical,4.59,en,wordfreq,1,2.6
typically,4.62,en,wordfreq,0,3.3
typing,3.84,en,wordfreq,1,1.9
typo,3.3,en,wordfreq,1,1.9
typography,3.01,en,wordfreq,1,3.95
typos,3.01,en,wordfreq,1,2.25
tyrannical,2.97,en,wordfreq,0,4.15
tyranny,3.52,en,wordfreq,0,2.75
tyrant,3.36,en,wordfreq,0,2.35
tyrants,2.98,en,wordfreq,0,2.55
tyre,3.51,en,wordfreq,5,1.65
tyres,3.52,en,wordfreq,2,1.8
tyrion,3.01,en,wordfreq,0,2.5
tyrone,3.34,en,wordfreq,1,2.2
tyson,3.63,en,wordfreq,1,1.95
tzu,3.02,en,wordfreq,4,1.7
ua,3.28,en,wordfreq,42,1.0
uae,3.75,en,wordfreq,11,1.3
uber,3.96,en,wordfreq,1,1.95
ubiquitous,3.42,en,wordfreq,0,4.95
ubuntu,3.27,en,wordfreq,0,2.95
uc,3.72,en,wordfreq,40,1.0
ucl,3.12,en,wordfreq,2,1.7
ucla,3.75,en,wordfreq,0,1.95
uconn,3.09,en,wordfreq,0,1.95
ud,3.18,en,wordfreq,40,1.0
ue,3.04,en,wordfreq,41,1.0
uefa,3.53,en,wordfreq,0,2.0
uf,3.03,en,wordfreq,35,1.0
ufc,3.85,en,wordfreq,9,1.4
ufo,3.48,en,wordfreq,3,1.75
ug,2.97,en,wordfreq,38,1.0
uganda,3.78,en,wordfreq,0,2.6
ugandan,3.2,en,wordfreq,0,2.9
ugh,4.22,en,wordfreq,1,1.75
ugliest,2.98,en,wordfreq,0,2.95
ugliness,2.98,en,wordfreq,0,3.2
ugly,4.42,en,wordfreq,0,2.0
uh,4.26,en,wordfreq,35,1.0
uhh,3.45,en,wordfreq,5,1.6
uhhh,3.01,en,wordfreq,3,1.95
uhm,3.12,en,wordfreq,3,1.7
ui,3.62,en,wordfreq,42,1.0
uk,5.12,en,wordfreq,36,1.0
ukip,3.58,en,wordfreq,1,1.9
ukraine,4.32,en,wordfreq,0,2.95
ukrainian,4.18,en,wordfreq,0,3.75
ukrainians,3.08,en,wordfreq,0,4.2
ukulele,3.01,en,wordfreq,0,3.85
ul,3.54,en,wordfreq,38,1.0
ulcer,3.03,en,wordfreq,0,1.95
ulcers,3.09,en,wordfreq,0,2.5
ulrich,3.05,en,wordfreq,0,2.75
ulster,3.55,en,wordfreq,0,2.0
ultimate,4.53,en,wordfreq,0,2.85
ultimately,4.57,en,wordfreq,0,3.75
ultimatum,3.25,en,wordfreq,0,4.2
ultra,4.23,en,wordfreq,0,2.4
ultrasonic,3.09,en,wordfreq,0,4.65
ultrasound,3.51,en,wordfreq,0,4.85
ultraviolet,3.33,en,wordfreq,0,5.5
ultron,3.06,en,wordfreq,0,2.6
ulysses,3.18,en,wordfreq,0,2.85
um,4.13,en,wordfreq,40,1.0
umar,3.07,en,wordfreq,1,1.85
umbilical,3.02,en,wordfreq,0,3.9
umbrella,3.89,en,wordfreq,0,3.8
umbrellas,3.11,en,wordfreq,0,4.45
umm,3.57,en,wordfreq,4,1.65
ummm,3.03,en,wordfreq,2,1.8
ump,3.01,en,wordfreq,4,1.25
umpire,3.37,en,wordfreq,1,2.5
umpires,3.12,en,wordfreq,1,2.65
un,4.62,en,wordfreq,34,1.0
una,3.44,en,wordfreq,12,1.15
unable,4.61,en,wordfreq,2,1.9
unacceptable,3.87,en,wordfreq,0,4.7
unaccompanied,2.98,en,wordfreq,0,5.45
unaffected,3.34,en,wordfreq,0,3.65
unanimous,3.68,en,wordfreq,0,3.85
unanimously,3.62,en,wordfreq,0,4.5
unannounced,3.05,en,wordfreq,0,4.25
unanswered,3.31,en,wordfreq,0,4.05
unarmed,3.72,en,wordfreq,0,2.45
unattended,3.18,en,wordfreq,0,3.7
unattractive,3.36,en,wordfreq,0,4.55
unauthorised,3.01,en,wordfreq,1,5.0
unauthorized,3.57,en,wordfreq,1,4.85
unavailable,3.63,en,wordfreq,0,4.05
unavoidable,3.35,en,wordfreq,0,4.0
unaware,3.87,en,wordfreq,0,2.95
unbalanced,3.21,en,wordfreq,0,3.8
unbearable,3.47,en,wordfreq,1,3.4
unbeatable,3.18,en,wordfreq,1,3.35
unbeaten,3.36,en,wordfreq,0,3.35
unbelievable,4.08,en,wordfreq,1,4.35
unbelievably,3.42,en,wordfreq,1,5.1
unbiased,3.33,en,wordfreq,0,3.1
unborn,3.37,en,wordfreq,0,2.75
unbreakable,3.13,en,wordfreq,0,4.15
unbroken,3.22,en,wordfreq,0,3.55
unc,3.33,en,wordfreq,12,1.25
uncanny,3.33,en,wordfreq,0,3.05
uncensored,3.01,en,wordfreq,0,3.85
uncertain,3.99,en,wordfreq,0,3.4
uncertainties,3.39,en,wordfreq,0,5.4
uncertainty,4.03,en,wordfreq,0,4.2
unchanged,3.74,en,wordfreq,0,2.75
uncharted,3.17,en,wordfreq,0,2.95
unchecked,3.15,en,wordfreq,0,3.7
uncle,4.45,en,wordfreq,0,1.95
unclean,3.06,en,wordfreq,1,2.65
unclear,3.93,en,wordfreq,1,2.7
uncles,3.34,en,wordfreq,0,2.1
uncomfortable,4.19,en,wordfreq,1,5.05
uncomfortably,3.0,en,wordfreq,1,5.4
uncommon,3.87,en,wordfreq,0,3.85
uncompromising,3.08,en,wordfreq,0,5.55
unconditional,3.49,en,wordfreq,0,4.45
unconditionally,3.16,en,wordfreq,0,5.35
unconfirmed,3.03,en,wordfreq,0,4.35
unconscious,3.94,en,wordfreq,0,4.5
unconsciously,3.04,en,wordfreq,0,5.3
uncontrollable,3.16,en,wordfreq,1,6.0
uncontrollably,2.98,en,wordfreq,1,6.15
uncontrolled,3.2,en,wordfreq,0,4.75
unconventional,3.42,en,wordfreq,0,4.65
uncover,3.48,en,wordfreq,0,2.8
uncovered,3.73,en,wordfreq,0,3.5
uncovering,3.05,en,wordfreq,0,3.45
uncut,3.25,en,wordfreq,0,2.45
und,3.94,en,wordfreq,10,1.2
undated,3.04,en,wordfreq,1,2.45
undead,3.27,en,wordfreq,0,2.6
undecided,3.2,en,wordfreq,0,3.35
undefeated,3.62,en,wordfreq,0,3.25
undefined,3.04,en,wordfreq,0,2.8
undeniable,3.34,en,wordfreq,1,3.45
undeniably,3.16,en,wordfreq,1,4.1
under,5.73,en,wordfreq,0,2.0
underage,3.47,en,wordfreq,0,2.9
undercover,3.77,en,wordfreq,0,3.7
undercut,3.1,en,wordfreq,0,3.65
underdeveloped,2.99,en,wordfreq,0,6.6
underdog,3.33,en,wordfreq,0,3.2
underdogs,2.96,en,wordfreq,0,3.5
underestimate,3.69,en,wordfreq,0,5.3
underestimated,3.39,en,wordfreq,0,5.2
undergo,3.81,en,wordfreq,0,2.75
undergoes,3.19,en,wordfreq,0,3.3
undergoing,3.71,en,wordfreq,0,3.35
undergone,3.58,en,wordfreq,0,2.75
undergraduate,3.85,en,wordfreq,0,5.5
undergraduates,3.14,en,wordfreq,0,6.0
underground,4.32,en,wordfreq,0,4.4
underline,2.98,en,wordfreq,1,2.55
underlined,3.1,en,wordfreq,1,2.95
underlying,4.17,en,wordfreq,0,3.55
undermine,3.65,en,wordfreq,1,2.8
undermined,3.32,en,wordfreq,2,3.0
undermines,3.13,en,wordfreq,1,3.2
undermining,3.32,en,wordfreq,0,3.6
underneath,4.08,en,wordfreq,0,4.25
underrated,3.61,en,wordfreq,0,2.95
underscore,2.97,en,wordfreq,0,3.8
underside,3.24,en,wordfreq,0,3.35
understand,5.37,en,wordfreq,0,3.45
understandable,3.74,en,wordfreq,1,5.1
understandably,3.26,en,wordfreq,1,5.55
understanding,4.82,en,wordfreq,0,4.35
understandings,2.96,en,wordfreq,0,5.1
understands,4.13,en,wordfreq,0,3.95
understated,3.11,en,wordfreq,0,3.35
understatement,3.36,en,wordfreq,0,5.55
understood,4.58,en,wordfreq,0,3.5
undertake,3.73,en,wordfreq,0,2.95
undertaken,3.85,en,wordfreq,1,3.3
undertaker,3.18,en,wordfreq,1,3.35
undertaking,3.72,en,wordfreq,0,3.5
undertook,3.44,en,wordfreq,0,3.45
underwater,3.92,en,wordfreq,0,3.4
underway,3.87,en,wordfreq,0,3.3
underwear,3.96,en,wordfreq,0,3.65
underwent,3.65,en,wordfreq,0,3.4
underwood,3.46,en,wordfreq,0,3.2
underworld,3.46,en,wordfreq,0,3.9
underwriting,3.14,en,wordfreq,0,4.55
undesirable,3.36,en,wordfreq,0,3.65
undetected,3.03,en,wordfreq,0,3.55
undeveloped,3.11,en,wordfreq,0,4.15
undisclosed,3.37,en,wordfreq,0,4.35
undiscovered,3.0,en,wordfreq,0,4.3
undisputed,3.26,en,wordfreq,0,3.75
undisturbed,2.99,en,wordfreq,0,4.55
undivided,3.05,en,wordfreq,0,3.4
undo,3.57,en,wordfreq,2,1.75
undocumented,3.44,en,wordfreq,0,4.85
undoing,3.08,en,wordfreq,0,2.7
undone,3.37,en,wordfreq,0,2.45
undoubtedly,3.88,en,wordfreq,0,5.2
undressed,2.96,en,wordfreq,0,3.15
undue,3.29,en,wordfreq,0,2.0
unduly,2.98,en,wordfreq,1,2.75
une,3.34,en,wordfreq,9,1.15
unearthed,3.19,en,wordfreq,0,3.35
uneasy,3.45,en,wordfreq,0,2.8
uneducated,3.24,en,wordfreq,0,3.5
unemployed,3.9,en,wordfreq,0,4.0
unemployment,4.22,en,wordfreq,0,4.7
unequal,3.3,en,wordfreq,0,3.1
unequivocally,3.06,en,wordfreq,0,6.25
unesco,3.55,en,wordfreq,0,2.9
unethical,3.31,en,wordfreq,0,3.85
uneven,3.55,en,wordfreq,0,2.7
unexpected,4.23,en,wordfreq,0,3.55
unexpectedly,3.71,en,wordfreq,0,5.15
unexplained,3.28,en,wordfreq,0,4.3
unfair,4.17,en,wordfreq,0,2.75
unfairly,3.36,en,wordfreq,0,3.7
unfaithful,3.07,en,wordfreq,0,4.65
unfamiliar,3.62,en,wordfreq,0,4.6
unfavorable,3.21,en,wordfreq,0,4.25
unfinished,3.72,en,wordfreq,0,3.75
unfit,3.52,en,wordfreq,0,2.15
unfold,3.45,en,wordfreq,1,2.55
unfolded,3.16,en,wordfreq,0,2.7
unfolding,3.33,en,wordfreq,0,2.95
unfolds,3.15,en,wordfreq,0,2.75
unforeseen,3.17,en,wordfreq,0,4.55
unforgettable,3.49,en,wordfreq,0,5.45
unforgivable,3.01,en,wordfreq,0,4.85
unfortunate,4.12,en,wordfreq,0,4.5
unfortunately,4.62,en,wordfreq,0,5.5
unfounded,3.23,en,wordfreq,0,3.15
unfriendly,3.1,en,wordfreq,0,4.6
ungrateful,3.33,en,wordfreq,0,4.4
unhappiness,3.15,en,wordfreq,0,4.75
unhappy,4.06,en,wordfreq,0,3.5
unharmed,3.12,en,wordfreq,0,2.65
unhealthy,3.72,en,wordfreq,0,3.8
unheard,3.37,en,wordfreq,0,2.9
unhelpful,2.99,en,wordfreq,0,4.65
unhinged,3.02,en,wordfreq,0,2.9
unholy,3.07,en,wordfreq,0,2.7
uni,3.69,en,wordfreq,9,1.25
unicef,3.23,en,wordfreq,0,2.7
unicorn,3.54,en,wordfreq,0,2.7
unicorns,3.09,en,wordfreq,0,3.2
unidentified,3.61,en,wordfreq,0,4.45
unification,3.36,en,wordfreq,0,3.35
unified,3.87,en,wordfreq,0,2.9
uniform,4.33,en,wordfreq,0,2.7
uniformed,3.18,en,wordfreq,0,2.9
uniformity,3.03,en,wordfreq,0,4.05
uniformly,3.19,en,wordfreq,0,3.55
uniforms,3.88,en,wordfreq,0,2.9
unify,3.07,en,wordfreq,1,2.35
unifying,3.15,en,wordfreq,0,2.9
unilateral,3.35,en,wordfreq,0,4.1
unilaterally,3.12,en,wordfreq,0,4.9
unimaginable,3.15,en,wordfreq,0,4.7
unimportant,3.23,en,wordfreq,0,4.75
unincorporated,2.98,en,wordfreq,0,5.55
uninformed,2.99,en,wordfreq,0,3.4
uninhabited,3.01,en,wordfreq,0,4.6
uninsured,3.23,en,wordfreq,0,3.45
unintended,3.28,en,wordfreq,0,3.7
unintentional,3.12,en,wordfreq,0,4.3
unintentionally,3.21,en,wordfreq,0,5.2
uninterested,3.02,en,wordfreq,0,4.4
uninterrupted,3.25,en,wordfreq,0,4.9
union,5.08,en,wordfreq,1,1.85
unionist,3.29,en,wordfreq,0,3.4
unionists,3.18,en,wordfreq,0,3.65
unions,4.24,en,wordfreq,1,2.25
unique,4.75,en,wordfreq,0,2.6
uniquely,3.54,en,wordfreq,0,3.6
uniqueness,3.21,en,wordfreq,0,4.75
unisex,3.0,en,wordfreq,0,2.6
unison,3.27,en,wordfreq,0,2.25
unit,4.95,en,wordfreq,3,1.55
unitary,3.06,en,wordfreq,0,2.8
unite,3.9,en,wordfreq,2,1.7
united,5.47,en,wordfreq,1,1.9
unites,3.15,en,wordfreq,1,1.85
uniting,3.31,en,wordfreq,0,2.1
units,4.77,en,wordfreq,2,1.8
unity,4.22,en,wordfreq,3,1.8
univ,3.11,en,wordfreq,2,1.85
universal,4.49,en,wordfreq,0,3.6
universally,3.63,en,wordfreq,0,4.4
universe,4.59,en,wordfreq,0,2.8
universes,3.1,en,wordfreq,0,3.45
universities,4.36,en,wordfreq,0,4.65
university,5.39,en,wordfreq,0,3.5
unix,3.31,en,wordfreq,2,1.8
unjust,3.43,en,wordfreq,0,2.8
unjustified,3.03,en,wordfreq,0,4.25
unkind,2.99,en,wordfreq,1,2.8
unknowingly,3.11,en,wordfreq,0,5.15
unknown,4.53,en,wordfreq,0,3.2
unknowns,2.96,en,wordfreq,0,3.65
unlawful,3.72,en,wordfreq,0,3.75
unlawfully,3.09,en,wordfreq,0,4.4
unleash,3.41,en,wordfreq,0,2.8
unleashed,3.47,en,wordfreq,0,3.2
unless,4.98,en,wordfreq,0,2.6
unlicensed,3.1,en,wordfreq,0,3.75
unlike,4.57,en,wordfreq,0,2.6
unlikely,4.31,en,wordfreq,0,3.45
unlimited,4.1,en,wordfreq,0,3.55
unload,3.24,en,wordfreq,1,2.5
unloaded,3.18,en,wordfreq,1,2.7
unloading,3.24,en,wordfreq,1,2.9
unlock,3.9,en,wordfreq,0,2.35
unlocked,3.76,en,wordfreq,0,2.65
unlocking,3.27,en,wordfreq,0,2.8
unlocks,2.97,en,wordfreq,0,2.55
unlucky,3.63,en,wordfreq,0,3.1
unmanned,3.28,en,wordfreq,0,2.8
unmarked,3.24,en,wordfreq,0,2.7
unmarried,3.47,en,wordfreq,0,3.3
unmatched,3.13,en,wordfreq,0,3.1
unmistakable,3.08,en,wordfreq,0,4.9
unnamed,3.57,en,wordfreq,0,2.75
unnatural,3.48,en,wordfreq,0,3.85
unnecessarily,3.42,en,wordfreq,0,6.05
unnecessary,4.18,en,wordfreq,0,5.15
unnoticed,3.42,en,wordfreq,0,3.7
uno,3.28,en,wordfreq,8,1.35
unofficial,3.66,en,wordfreq,0,4.5
unorthodox,3.16,en,wordfreq,0,4.95
unpack,3.04,en,wordfreq,0,2.75
unpaid,3.73,en,wordfreq,0,2.75
unparalleled,3.2,en,wordfreq,0,5.75
unplanned,3.14,en,wordfreq,0,3.15
unpleasant,3.8,en,wordfreq,0,4.3
unplugged,3.11,en,wordfreq,0,3.8
unpopular,3.72,en,wordfreq,0,4.4
unprecedented,3.82,en,wordfreq,0,5.4
unpredictable,3.68,en,wordfreq,0,4.9
unprepared,3.27,en,wordfreq,0,3.95
unproductive,3.1,en,wordfreq,0,4.4
unprofessional,3.26,en,wordfreq,0,5.1
unprotected,3.29,en,wordfreq,0,4.05
unpublished,3.41,en,wordfreq,0,4.15
unqualified,3.19,en,wordfreq,0,4.05
unquestionably,3.19,en,wordfreq,0,5.7
unravel,3.19,en,wordfreq,0,2.85
unreal,3.59,en,wordfreq,0,2.6
unrealistic,3.54,en,wordfreq,0,4.65
unreasonable,3.75,en,wordfreq,0,4.35
unregistered,3.03,en,wordfreq,0,4.75
unregulated,3.07,en,wordfreq,0,3.65
unrelated,3.8,en,wordfreq,0,2.8
unreleased,3.24,en,wordfreq,0,3.6
unreliable,3.53,en,wordfreq,0,3.4
unresolved,3.3,en,wordfreq,0,3.65
unresponsive,2.99,en,wordfreq,0,4.85
unrest,3.61,en,wordfreq,0,2.4
unrestricted,3.27,en,wordfreq,0,4.6
unruly,3.08,en,wordfreq,1,2.8
unsafe,3.67,en,wordfreq,0,2.75
unsatisfactory,3.05,en,wordfreq,0,6.9
unsatisfied,2.98,en,wordfreq,0,4.25
unscathed,2.99,en,wordfreq,0,3.75
unscrupulous,3.07,en,wordfreq,0,6.3
unsecured,3.15,en,wordfreq,0,3.35
unseen,3.61,en,wordfreq,0,2.9
unsettled,3.22,en,wordfreq,0,3.3
unsettling,3.29,en,wordfreq,0,3.55
unsigned,3.17,en,wordfreq,0,2.8
unskilled,3.05,en,wordfreq,0,3.3
unsolicited,3.2,en,wordfreq,0,4.55
unsolved,3.28,en,wordfreq,0,2.75
unspeakable,3.12,en,wordfreq,0,4.15
unspecified,3.3,en,wordfreq,0,4.25
unspoken,3.17,en,wordfreq,0,3.55
unstable,3.87,en,wordfreq,0,2.65
unstoppable,3.48,en,wordfreq,0,4.6
unsubscribe,3.03,en,wordfreq,0,5.0
unsuccessful,3.73,en,wordfreq,0,5.3
unsuccessfully,3.28,en,wordfreq,0,6.2
unsuitable,3.27,en,wordfreq,0,3.5
unsupported,2.99,en,wordfreq,0,4.5
unsure,3.75,en,wordfreq,2,2.3
unsurprisingly,3.01,en,wordfreq,0,6.15
unsuspecting,3.14,en,wordfreq,0,4.6
unsustainable,3.15,en,wordfreq,0,4.9
untenable,3.01,en,wordfreq,0,3.45
unthinkable,3.27,en,wordfreq,0,4.5
until,5.61,en,wordfreq,0,1.95
untill,2.97,en,wordfreq,0,2.55
untimely,3.12,en,wordfreq,0,3.15
untitled,3.23,en,wordfreq,1,2.8
unto,3.96,en,wordfreq,4,1.75
untold,3.32,en,wordfreq,1,2.5
untouchable,3.11,en,wordfreq,0,4.6
untouched,3.42,en,wordfreq,0,3.65
untrained,3.03,en,wordfreq,0,2.85
untreated,3.33,en,wordfreq,0,2.95
untrue,3.41,en,wordfreq,0,2.85
unusable,2.97,en,wordfreq,0,3.0
unused,3.64,en,wordfreq,0,2.4
unusual,4.45,en,wordfreq,0,3.1
unusually,3.76,en,wordfreq,0,3.55
unveil,3.2,en,wordfreq,0,2.55
unveiled,3.76,en,wordfreq,0,2.9
unveiling,3.22,en,wordfreq,0,3.2
unveils,3.09,en,wordfreq,0,2.85
unwanted,3.78,en,wordfreq,0,2.85
unwarranted,3.11,en,wordfreq,0,4.2
unwavering,3.01,en,wordfreq,0,3.85
unwelcome,3.14,en,wordfreq,0,4.05
unwell,3.14,en,wordfreq,0,2.3
unwilling,3.7,en,wordfreq,0,2.95
unwillingness,3.11,en,wordfreq,0,5.75
unwind,3.09,en,wordfreq,1,2.75
unwise,3.09,en,wordfreq,0,2.65
unwittingly,3.07,en,wordfreq,0,4.75
unworthy,3.2,en,wordfreq,0,3.8
unwritten,3.05,en,wordfreq,0,3.75
up,6.39,en,wordfreq,40,1.0
upbeat,3.53,en,wordfreq,0,2.85
upbringing,3.43,en,wordfreq,0,3.6
upcoming,4.34,en,wordfreq,0,2.8
update,4.69,en,wordfreq,0,2.55
updated,4.55,en,wordfreq,2,2.55
updates,4.31,en,wordfreq,1,2.65
updating,3.69,en,wordfreq,0,2.9
upfront,3.48,en,wordfreq,0,3.1
upgrade,4.24,en,wordfreq,0,2.65
upgraded,3.93,en,wordfreq,1,2.65
upgrades,3.78,en,wordfreq,1,2.7
upgrading,3.62,en,wordfreq,0,2.85
upheaval,3.13,en,wordfreq,0,4.0
upheld,3.59,en,wordfreq,1,2.75
uphill,3.38,en,wordfreq,0,2.5
uphold,3.52,en,wordfreq,1,2.55
upholding,3.17,en,wordfreq,0,3.2
upi,3.0,en,wordfreq,7,1.5
upkeep,3.24,en,wordfreq,0,2.9
upland,3.07,en,wordfreq,0,2.15
uplift,3.27,en,wordfreq,0,2.9
uplifting,3.32,en,wordfreq,0,2.9
upload,3.99,en,wordfreq,1,2.45
uploaded,3.92,en,wordfreq,1,2.65
uploading,3.43,en,wordfreq,1,2.7
uploads,3.13,en,wordfreq,0,2.7
upon,5.12,en,wordfreq,0,1.95
upped,3.07,en,wordfreq,1,1.95
upper,4.72,en,wordfreq,1,1.9
upright,3.74,en,wordfreq,0,2.65
uprising,3.74,en,wordfreq,0,2.65
uprisings,2.97,en,wordfreq,0,3.4
uproar,3.16,en,wordfreq,0,2.9
ups,4.41,en,wordfreq,13,1.05
upscale,3.29,en,wordfreq,0,2.9
upset,4.61,en,wordfreq,0,1.95
upsets,3.32,en,wordfreq,0,2.45
upsetting,3.57,en,wordfreq,0,2.85
upside,4.01,en,wordfreq,0,2.65
upstairs,3.87,en,wordfreq,0,3.6
upstate,3.34,en,wordfreq,0,2.75
upstream,3.56,en,wordfreq,0,3.7
uptake,3.28,en,wordfreq,0,2.65
upto,3.21,en,wordfreq,1,1.9
upton,3.38,en,wordfreq,0,1.85
uptown,3.31,en,wordfreq,0,2.7
upward,3.71,en,wordfreq,0,2.3
upwards,3.75,en,wordfreq,0,2.5
ur,3.91,en,wordfreq,41,1.0
uranium,3.85,en,wordfreq,0,3.15
uranus,3.01,en,wordfreq,0,2.4
urban,4.65,en,wordfreq,0,1.9
urbana,3.13,en,wordfreq,0,2.7
urbanization,3.04,en,wordfreq,0,3.75
urdu,3.26,en,wordfreq,0,2.0
urge,4.11,en,wordfreq,0,1.8
urged,4.01,en,wordfreq,1,1.8
urgency,3.55,en,wordfreq,0,2.75
urgent,4.15,en,wordfreq,0,2.1
urgently,3.48,en,wordfreq,0,3.2
urges,3.69,en,wordfreq,1,1.85
urging,3.68,en,wordfreq,0,1.95
uri,3.26,en,wordfreq,12,1.2
urinary,3.31,en,wordfreq,0,2.75
urine,3.84,en,wordfreq,1,1.95
url,3.86,en,wordfreq,5,1.55
urn,3.24,en,wordfreq,2,1.65
ursula,3.18,en,wordfreq,0,3.0
uruguay,3.7,en,wordfreq,0,3.65
uruguayan,2.96,en,wordfreq,0,4.85
us,6.04,en,wordfreq,41,1.0
usa,4.79,en,wordfreq,18,1.0
usability,3.01,en,wordfreq,0,2.75
usable,3.53,en,wordfreq,1,1.9
usaf,3.02,en,wordfreq,0,1.95
usage,4.23,en,wordfreq,0,1.95
usaid,2.96,en,wordfreq,0,1.95
usb,3.98,en,wordfreq,6,1.6
usc,3.73,en,wordfreq,13,1.2
usd,3.97,en,wordfreq,12,1.15
usda,3.45,en,wordfreq,0,1.9
use,5.81,en,wordfreq,10,1.05
used,5.8,en,wordfreq,2,1.75
useful,4.72,en,wordfreq,0,2.95
usefulness,3.33,en,wordfreq,0,4.45
useless,4.22,en,wordfreq,0,2.9
user,4.69,en,wordfreq,4,1.6
username,3.76,en,wordfreq,0,3.7
users,4.8,en,wordfreq,0,1.9
uses,4.88,en,wordfreq,4,1.45
usgs,3.06,en,wordfreq,2,1.85
usher,3.51,en,wordfreq,1,1.85
ushered,3.07,en,wordfreq,0,2.7
using,5.47,en,wordfreq,0,1.95
usps,3.18,en,wordfreq,3,1.75
uss,3.45,en,wordfreq,12,1.0
ussr,3.8,en,wordfreq,1,1.85
ust,3.12,en,wordfreq,14,1.0
usual,4.62,en,wordfreq,0,2.4
usually,5.15,en,wordfreq,0,2.6
ut,3.72,en,wordfreq,41,1.0
utah,4.23,en,wordfreq,0,2.0
utc,3.7,en,wordfreq,11,1.3
utd,2.99,en,wordfreq,6,1.55
ute,3.03,en,wordfreq,9,1.3
utensils,3.2,en,wordfreq,0,3.65
uterine,3.02,en,wordfreq,0,2.9
uterus,3.4,en,wordfreq,0,2.9
utica,2.99,en,wordfreq,0,2.55
utilise,2.96,en,wordfreq,1,2.65
utilised,3.15,en,wordfreq,1,3.0
utilitarian,3.05,en,wordfreq,0,4.5
utilities,3.89,en,wordfreq,0,3.1
utility,4.27,en,wordfreq,0,2.65
utilization,3.5,en,wordfreq,0,3.45
utilize,3.75,en,wordfreq,1,2.65
utilized,3.83,en,wordfreq,2,2.7
utilizes,3.27,en,wordfreq,1,3.0
utilizing,3.63,en,wordfreq,0,3.5
utmost,3.61,en,wordfreq,0,2.85
utopia,3.39,en,wordfreq,0,2.85
utopian,3.15,en,wordfreq,0,3.0
utrecht,2.99,en,wordfreq,0,3.25
uttar,3.22,en,wordfreq,1,2.1
utter,3.85,en,wordfreq,2,1.7
uttered,3.18,en,wordfreq,0,2.35
utterly,4.02,en,wordfreq,0,2.8
uv,3.63,en,wordfreq,36,1.0
uva,3.12,en,wordfreq,5,1.6
uw,3.23,en,wordfreq,37,1.0
ux,3.17,en,wordfreq,29,1.0
uzbekistan,3.23,en,wordfreq,0,5.15
uzi,2.99,en,wordfreq,3,1.8
va,4.26,en,wordfreq,37,1.0
vacancies,3.49,en,wordfreq,0,3.7
vacancy,3.65,en,wordfreq,0,3.0
vacant,3.8,en,wordfreq,0,2.65
vacate,3.14,en,wordfreq,0,2.5
vacated,3.3,en,wordfreq,0,2.7
vacation,4.4,en,wordfreq,1,2.45
vacations,3.51,en,wordfreq,0,2.6
vaccinated,3.32,en,wordfreq,0,3.55
vaccination,3.59,en,wordfreq,0,3.4
vaccinations,3.13,en,wordfreq,0,3.65
vaccine,4.0,en,wordfreq,0,2.8
vaccines,3.76,en,wordfreq,0,3.0
vacuum,4.09,en,wordfreq,0,3.0
vader,3.29,en,wordfreq,1,1.95
vagina,3.82,en,wordfreq,0,2.3
vaginal,3.44,en,wordfreq,0,2.8
vague,3.87,en,wordfreq,3,1.85
vaguely,3.47,en,wordfreq,0,2.95
vail,3.06,en,wordfreq,12,1.3
vain,3.74,en,wordfreq,10,1.35
val,3.71,en,wordfreq,18,1.0
valdez,2.97,en,wordfreq,0,2.35
vale,3.62,en,wordfreq,14,1.05
valencia,3.62,en,wordfreq,0,3.7
valentina,3.09,en,wordfreq,2,3.25
valentine,3.77,en,wordfreq,2,3.15
valentines,3.09,en,wordfreq,0,3.6
valentino,3.13,en,wordfreq,2,3.3
valerie,3.59,en,wordfreq,0,2.9
valet,3.17,en,wordfreq,0,1.95
valhalla,2.96,en,wordfreq,0,3.85
valiant,3.31,en,wordfreq,1,2.6
valid,4.38,en,wordfreq,0,2.0
validate,3.4,en,wordfreq,0,2.85
validated,3.38,en,wordfreq,0,3.15
validating,2.96,en,wordfreq,0,3.6
validation,3.68,en,wordfreq,0,2.85
validity,3.7,en,wordfreq,0,2.85
valkyrie,3.06,en,wordfreq,0,3.8
valley,4.72,en,wordfreq,2,1.8
valleys,3.64,en,wordfreq,0,2.35
valor,3.23,en,wordfreq,1,1.95
valuable,4.51,en,wordfreq,0,2.75
valuables,3.1,en,wordfreq,0,3.45
valuation,3.75,en,wordfreq,0,2.5
valuations,3.13,en,wordfreq,0,2.65
value,5.15,en,wordfreq,2,1.75
valued,4.07,en,wordfreq,1,1.9
values,4.67,en,wordfreq,2,1.85
valuing,3.08,en,wordfreq,0,2.6
valve,4.13,en,wordfreq,1,1.85
valves,3.59,en,wordfreq,3,1.75
vampire,4.03,en,wordfreq,0,2.7
vampires,3.59,en,wordfreq,0,2.8
van,4.78,en,wordfreq,25,1.0
vance,3.44,en,wordfreq,3,1.8
vancouver,4.16,en,wordfreq,0,3.75
vandalism,3.33,en,wordfreq,0,3.85
vandals,2.97,en,wordfreq,1,2.5
vanderbilt,3.27,en,wordfreq,0,4.85
vane,3.0,en,wordfreq,15,1.15
vanessa,3.72,en,wordfreq,0,3.0
vanguard,3.53,en,wordfreq,0,3.55
vanilla,3.84,en,wordfreq,0,2.8
vanish,3.39,en,wordfreq,2,2.0
vanished,3.72,en,wordfreq,2,2.65
vanishes,3.02,en,wordfreq,1,2.7
vanishing,3.27,en,wordfreq,0,2.9
vanity,3.74,en,wordfreq,1,2.4
vans,3.57,en,wordfreq,9,1.35
vantage,3.28,en,wordfreq,1,2.65
vape,3.23,en,wordfreq,6,1.65
vaping,3.09,en,wordfreq,3,1.85
vapor,3.56,en,wordfreq,1,1.9
vapour,3.02,en,wordfreq,0,2.6
var,3.65,en,wordfreq,19,1.0
varanasi,2.97,en,wordfreq,0,3.7
vargas,3.33,en,wordfreq,0,2.65
variability,3.38,en,wordfreq,0,3.55
variable,4.12,en,wordfreq,0,2.6
variables,3.97,en,wordfreq,0,3.25
variance,3.45,en,wordfreq,0,2.75
variant,3.78,en,wordfreq,1,2.3
variants,3.7,en,wordfreq,0,2.75
variation,4.08,en,wordfreq,0,2.6
variations,4.09,en,wordfreq,0,2.8
varied,4.03,en,wordfreq,1,1.95
varies,3.94,en,wordfreq,1,1.85
varieties,3.95,en,wordfreq,0,3.45
variety,4.75,en,wordfreq,0,2.7
various,5.12,en,wordfreq,0,2.6
variously,3.19,en,wordfreq,0,3.25
varnish,3.03,en,wordfreq,1,2.5
varsity,3.7,en,wordfreq,0,2.8
vary,4.25,en,wordfreq,5,1.7
varying,3.97,en,wordfreq,0,2.0
vas,3.02,en,wordfreq,20,1.0
vascular,3.51,en,wordfreq,0,3.6
vase,3.54,en,wordfreq,7,1.55
vases,3.11,en,wordfreq,3,1.8
vasquez,2.96,en,wordfreq,0,3.1
vast,4.49,en,wordfreq,9,1.4
vastly,3.62,en,wordfreq,1,2.25
vat,3.54,en,wordfreq,20,1.0
vatican,3.79,en,wordfreq,0,3.0
vaughan,3.43,en,wordfreq,0,2.85
vaughn,3.32,en,wordfreq,0,2.65
vault,3.9,en,wordfreq,1,1.9
vaulted,3.08,en,wordfreq,0,2.6
vaults,3.2,en,wordfreq,1,2.3
vauxhall,3.07,en,wordfreq,0,3.85
vb,3.07,en,wordfreq,34,1.0
vc,3.53,en,wordfreq,35,1.0
ve,4.56,en,wordfreq,36,1.0
veal,3.08,en,wordfreq,11,1.4
vector,3.99,en,wordfreq,4,1.75
vectors,3.46,en,wordfreq,2,2.05
vedic,3.06,en,wordfreq,1,2.15
vee,3.03,en,wordfreq,20,1.0
veer,3.02,en,wordfreq,4,1.7
veg,3.3,en,wordfreq,10,1.3
vega,3.42,en,wordfreq,3,1.7
vegan,3.95,en,wordfreq,4,1.65
vegans,3.08,en,wordfreq,0,1.95
vegas,4.42,en,wordfreq,1,1.85
vegetable,3.94,en,wordfreq,0,3.25
vegetables,4.15,en,wordfreq,0,3.7
vegetarian,3.78,en,wordfreq,0,3.85
vegetarians,3.0,en,wordfreq,0,4.35
vegetation,3.77,en,wordfreq,0,2.95
veggie,3.26,en,wordfreq,1,2.55
veggies,3.47,en,wordfreq,0,2.85
vehemently,3.17,en,wordfreq,0,4.35
vehicle,4.76,en,wordfreq,0,2.85
vehicles,4.62,en,wordfreq,0,3.3
vehicular,3.05,en,wordfreq,0,4.05
veil,3.66,en,wordfreq,4,1.8
veiled,3.26,en,wordfreq,0,2.0
vein,3.77,en,wordfreq,5,1.6
veins,3.76,en,wordfreq,1,1.9
velocity,3.92,en,wordfreq,0,3.65
velvet,3.77,en,wordfreq,0,2.6
vendetta,3.17,en,wordfreq,0,3.85
vending,3.37,en,wordfreq,6,1.65
vendor,3.79,en,wordfreq,0,2.0
vendors,3.77,en,wordfreq,0,2.35
veneer,3.13,en,wordfreq,0,2.0
venerable,3.27,en,wordfreq,0,2.9
venetian,3.3,en,wordfreq,0,3.55
venezuela,3.93,en,wordfreq,0,4.4
venezuelan,3.43,en,wordfreq,0,4.95
vengeance,3.68,en,wordfreq,0,3.8
vengeful,3.0,en,wordfreq,0,3.85
venice,3.93,en,wordfreq,0,2.1
venom,3.57,en,wordfreq,0,2.25
venomous,3.08,en,wordfreq,0,3.45
vent,3.8,en,wordfreq,14,1.1
vented,2.97,en,wordfreq,3,1.85
ventilation,3.6,en,wordfreq,0,3.75
ventilator,2.97,en,wordfreq,0,4.3
venting,3.14,en,wordfreq,3,1.85
ventral,3.06,en,wordfreq,1,2.55
vents,3.32,en,wordfreq,6,1.55
ventura,3.34,en,wordfreq,1,2.7
venture,4.26,en,wordfreq,1,2.0
ventured,3.28,en,wordfreq,1,2.3
ventures,3.76,en,wordfreq,1,2.2
venturing,2.98,en,wordfreq,0,2.6
venue,4.25,en,wordfreq,1,1.85
venues,3.92,en,wordfreq,0,1.85
venus,3.81,en,wordfreq,4,1.75
ver,3.42,en,wordfreq,13,1.0
vera,3.71,en,wordfreq,6,1.55
verb,3.72,en,wordfreq,5,1.65
verbal,3.91,en,wordfreq,1,2.3
verbally,3.41,en,wordfreq,0,2.95
verbatim,3.07,en,wordfreq,0,3.8
verbs,3.44,en,wordfreq,2,1.85
verde,3.29,en,wordfreq,2,1.9
verdict,4.03,en,wordfreq,0,2.9
verge,3.67,en,wordfreq,4,1.8
verification,3.7,en,wordfreq,0,3.25
verified,3.94,en,wordfreq,0,2.8
verify,3.88,en,wordfreq,0,2.85
verifying,3.09,en,wordfreq,0,3.25
veritable,3.01,en,wordfreq,0,2.85
verizon,3.68,en,wordfreq,0,2.85
verlag,3.15,en,wordfreq,0,2.75
vermin,2.96,en,wordfreq,0,2.0
vermont,3.84,en,wordfreq,0,2.65
vernacular,3.23,en,wordfreq,0,4.5
vernon,3.78,en,wordfreq,0,2.4
verona,3.13,en,wordfreq,0,2.55
veronica,3.56,en,wordfreq,0,3.15
versa,3.72,en,wordfreq,1,1.9
versace,3.02,en,wordfreq,0,2.85
versailles,3.28,en,wordfreq,0,4.25
versatile,3.66,en,wordfreq,0,3.65
versatility,3.32,en,wordfreq,0,3.8
verse,4.18,en,wordfreq,3,1.7
versed,3.22,en,wordfreq,1,1.9
verses,3.82,en,wordfreq,2,1.85
version,5.07,en,wordfreq,0,2.15
versions,4.35,en,wordfreq,0,2.5
versus,4.32,en,wordfreq,1,2.4
vert,2.99,en,wordfreq,7,1.45
vertebrae,3.21,en,wordfreq,0,3.65
vertebrate,2.97,en,wordfreq,0,3.55
vertebrates,2.96,en,wordfreq,0,3.9
vertex,3.21,en,wordfreq,1,2.3
vertical,4.15,en,wordfreq,0,2.8
vertically,3.46,en,wordfreq,0,3.45
vertices,2.96,en,wordfreq,0,2.9
vertigo,3.16,en,wordfreq,0,3.0
very,6.0,en,wordfreq,4,1.65
vessel,4.27,en,wordfreq,0,2.25
vessels,4.2,en,wordfreq,0,2.75
vest,3.73,en,wordfreq,13,1.2
vested,3.45,en,wordfreq,5,1.75
vests,3.19,en,wordfreq,5,1.65
vet,3.9,en,wordfreq,17,1.0
veteran,4.21,en,wordfreq,0,2.85
veterans,4.34,en,wordfreq,0,3.3
veterinarian,3.19,en,wordfreq,0,5.15
veterinary,3.75,en,wordfreq,0,4.35
veto,3.65,en,wordfreq,4,1.75
vetoed,3.04,en,wordfreq,1,2.5
vets,3.51,en,wordfreq,9,1.35
vetted,3.05,en,wordfreq,5,1.75
vettel,3.25,en,wordfreq,1,2.25
vetting,3.11,en,wordfreq,7,1.65
vfl,3.12,en,wordfreq,5,1.7
vg,3.11,en,wordfreq,33,1.0
vhs,3.3,en,wordfreq,5,1.65
vi,4.09,en,wordfreq,37,1.0
via,5.02,en,wordfreq,20,1.0
viability,3.44,en,wordfreq,1,2.55
viable,3.96,en,wordfreq,1,1.95
viagra,3.24,en,wordfreq,0,2.85
vial,3.1,en,wordfreq,2,1.6
vials,3.0,en,wordfreq,1,1.9
vibe,3.94,en,wordfreq,3,1.75
vibes,3.55,en,wordfreq,2,1.85
vibrant,3.67,en,wordfreq,0,2.9
vibrate,3.06,en,wordfreq,0,2.65
vibrating,3.33,en,wordfreq,0,2.85
vibration,3.59,en,wordfreq,0,2.65
vibrations,3.42,en,wordfreq,0,2.9
vibrator,3.11,en,wordfreq,0,3.1
vic,3.84,en,wordfreq,15,1.0
vicar,3.37,en,wordfreq,0,2.0
vice,4.71,en,wordfreq,9,1.25
vicente,3.06,en,wordfreq,0,2.85
viceroy,3.08,en,wordfreq,0,2.95
vices,3.01,en,wordfreq,2,1.8
vicinity,3.8,en,wordfreq,0,3.05
vicious,3.83,en,wordfreq,0,2.85
vick,3.1,en,wordfreq,11,1.3
vickers,3.1,en,wordfreq,0,2.0
vicki,3.22,en,wordfreq,2,1.85
vicky,3.35,en,wordfreq,4,1.75
victim,4.56,en,wordfreq,0,2.8
victimized,3.04,en,wordfreq,0,4.35
victims,4.56,en,wordfreq,0,2.85
victor,4.18,en,wordfreq,2,1.85
victoria,4.44,en,wordfreq,0,2.75
victorian,4.12,en,wordfreq,0,3.2
victories,3.83,en,wordfreq,0,2.95
victorious,3.57,en,wordfreq,0,3.55
victors,2.98,en,wordfreq,2,2.1
victory,4.73,en,wordfreq,1,2.45
vid,3.4,en,wordfreq,19,1.0
vida,3.12,en,wordfreq,4,1.6
vidal,3.19,en,wordfreq,3,1.75
video,5.43,en,wordfreq,1,1.9
videogames,3.03,en,wordfreq,0,4.75
videos,4.79,en,wordfreq,0,2.15
videotape,3.08,en,wordfreq,0,4.5
vids,3.2,en,wordfreq,5,1.6
vie,3.35,en,wordfreq,14,1.0
vienna,3.98,en,wordfreq,1,2.75
viet,3.19,en,wordfreq,2,1.8
vietnam,4.31,en,wordfreq,0,3.35
vietnamese,3.85,en,wordfreq,0,4.75
view,5.19,en,wordfreq,1,1.85
viewed,4.31,en,wordfreq,1,2.45
viewer,3.77,en,wordfreq,1,2.2
viewers,4.22,en,wordfreq,0,2.6
viewership,3.13,en,wordfreq,0,4.35
viewing,4.08,en,wordfreq,0,2.6
viewpoint,3.64,en,wordfreq,0,4.0
viewpoints,3.29,en,wordfreq,0,4.5
views,4.83,en,wordfreq,0,1.95
vigil,3.24,en,wordfreq,0,1.95
vigilance,3.16,en,wordfreq,1,3.6
vigilant,3.34,en,wordfreq,0,3.15
vigilante,3.31,en,wordfreq,1,3.65
vigor,3.03,en,wordfreq,2,1.85
vigorous,3.46,en,wordfreq,1,3.25
vigorously,3.39,en,wordfreq,1,4.2
vii,3.84,en,wordfreq,11,1.3
viii,3.72,en,wordfreq,1,1.85
vijay,3.35,en,wordfreq,0,2.2
viking,3.6,en,wordfreq,3,1.8
vikings,3.83,en,wordfreq,0,2.6
vikram,2.98,en,wordfreq,0,2.9
viktor,3.55,en,wordfreq,1,2.5
vile,3.62,en,wordfreq,10,1.4
villa,4.2,en,wordfreq,2,1.85
village,4.82,en,wordfreq,0,2.4
villagers,3.75,en,wordfreq,0,3.25
villages,4.17,en,wordfreq,0,2.6
villain,3.88,en,wordfreq,0,2.7
villains,3.65,en,wordfreq,0,2.8
villas,3.44,en,wordfreq,0,1.95
ville,3.14,en,wordfreq,2,1.85
villiers,3.07,en,wordfreq,0,2.8
vimeo,2.98,en,wordfreq,1,1.95
vin,3.42,en,wordfreq,28,1.0
vince,3.9,en,wordfreq,4,1.7
vincent,4.14,en,wordfreq,0,2.7
vinci,3.29,en,wordfreq,1,1.95
vindicated,2.99,en,wordfreq,0,3.15
vindictive,2.98,en,wordfreq,0,3.7
vine,3.73,en,wordfreq,12,1.2
vinegar,3.64,en,wordfreq,0,2.9
vines,3.57,en,wordfreq,8,1.55
vineyard,3.54,en,wordfreq,0,3.6
vineyards,3.36,en,wordfreq,0,3.8
vinny,2.98,en,wordfreq,1,1.95
vintage,4.18,en,wordfreq,1,2.6
vinyl,4.0,en,wordfreq,0,2.25
viola,3.54,en,wordfreq,1,1.95
violate,3.75,en,wordfreq,0,2.5
violated,3.91,en,wordfreq,1,2.7
violates,3.49,en,wordfreq,1,2.6
violating,3.73,en,wordfreq,0,2.8
violation,4.15,en,wordfreq,0,2.7
violations,3.99,en,wordfreq,0,2.8
violence,4.75,en,wordfreq,0,3.15
violent,4.46,en,wordfreq,0,2.6
violently,3.62,en,wordfreq,0,3.55
violet,3.84,en,wordfreq,0,2.25
violets,2.97,en,wordfreq,0,2.7
violin,3.74,en,wordfreq,0,2.7
violinist,3.1,en,wordfreq,0,3.8
vip,3.76,en,wordfreq,18,1.0
viper,3.31,en,wordfreq,1,1.95
viral,4.08,en,wordfreq,2,1.85
virgil,3.42,en,wordfreq,1,2.65
virgin,4.35,en,wordfreq,1,2.45
virginia,4.62,en,wordfreq,0,3.55
virginity,3.48,en,wordfreq,0,3.4
virgins,3.28,en,wordfreq,0,2.65
virgo,3.07,en,wordfreq,0,2.0
virtual,4.32,en,wordfreq,0,2.65
virtually,4.26,en,wordfreq,0,3.45
virtue,3.94,en,wordfreq,0,2.75
virtues,3.48,en,wordfreq,0,2.7
virtuous,3.23,en,wordfreq,0,3.4
virus,4.42,en,wordfreq,0,2.0
viruses,3.73,en,wordfreq,0,2.85
vis,3.43,en,wordfreq,21,1.0
visa,4.13,en,wordfreq,5,1.5
visas,3.47,en,wordfreq,0,1.95
visceral,3.26,en,wordfreq,0,3.55
viscosity,3.13,en,wordfreq,0,3.9
viscount,3.16,en,wordfreq,1,3.25
visibility,3.78,en,wordfreq,0,3.25
visible,4.39,en,wordfreq,1,2.75
visibly,3.39,en,wordfreq,1,2.85
vision,4.63,en,wordfreq,0,1.95
visionary,3.42,en,wordfreq,0,3.75
visions,3.76,en,wordfreq,0,2.4
visit,5.04,en,wordfreq,0,1.95
visitation,3.34,en,wordfreq,0,2.85
visited,4.5,en,wordfreq,0,2.65
visiting,4.44,en,wordfreq,0,2.8
visitor,4.01,en,wordfreq,0,2.55
visitors,4.49,en,wordfreq,0,2.75
visits,4.3,en,wordfreq,0,2.15
visor,2.98,en,wordfreq,1,1.95
vista,3.71,en,wordfreq,0,1.9
visual,4.5,en,wordfreq,0,2.15
visualization,3.32,en,wordfreq,0,4.55
visualize,3.27,en,wordfreq,0,4.15
visually,3.68,en,wordfreq,0,2.75
visuals,3.57,en,wordfreq,0,2.7
vita,3.52,en,wordfreq,6,1.5
vital,4.38,en,wordfreq,2,1.8
vitality,3.41,en,wordfreq,0,2.9
vitamin,4.01,en,wordfreq,0,2.9
vitamins,3.59,en,wordfreq,0,3.25
vito,3.07,en,wordfreq,4,1.7
vitro,3.42,en,wordfreq,1,1.9
viva,3.34,en,wordfreq,5,1.7
vivian,3.43,en,wordfreq,0,2.7
vivid,3.75,en,wordfreq,1,1.95
vividly,3.26,en,wordfreq,0,3.05
vivo,3.43,en,wordfreq,2,1.9
viz,3.19,en,wordfreq,11,1.4
vlad,3.22,en,wordfreq,2,1.85
vladimir,3.93,en,wordfreq,0,4.0
vm,3.22,en,wordfreq,35,1.0
vo,3.09,en,wordfreq,35,1.0
vocabulary,3.82,en,wordfreq,0,4.95
vocal,4.16,en,wordfreq,2,1.85
vocalist,3.4,en,wordfreq,0,3.05
vocals,3.91,en,wordfreq,1,2.15
vocation,3.2,en,wordfreq,2,2.4
vocational,3.65,en,wordfreq,0,3.1
vodafone,3.12,en,wordfreq,0,4.0
vodka,3.83,en,wordfreq,0,2.7
vogel,3.13,en,wordfreq,1,1.95
vogue,3.71,en,wordfreq,2,1.95
voice,5.07,en,wordfreq,0,1.85
voiced,3.76,en,wordfreq,1,1.9
voicemail,3.32,en,wordfreq,0,4.35
voiceover,3.07,en,wordfreq,0,3.95
voices,4.35,en,wordfreq,1,2.0
voicing,3.24,en,wordfreq,0,2.4
void,4.01,en,wordfreq,0,1.9
vol,4.41,en,wordfreq,12,1.2
volatile,3.72,en,wordfreq,0,3.4
volatility,3.49,en,wordfreq,0,3.7
volcanic,3.71,en,wordfreq,0,3.65
volcano,3.76,en,wordfreq,0,2.85
volcanoes,3.34,en,wordfreq,0,3.75
voldemort,3.01,en,wordfreq,0,4.3
volkswagen,3.5,en,wordfreq,0,4.85
volley,3.24,en,wordfreq,1,1.95
volleyball,3.85,en,wordfreq,0,5.0
vols,3.45,en,wordfreq,4,1.7
volt,3.32,en,wordfreq,5,1.6
volta,2.98,en,wordfreq,1,1.9
voltage,4.02,en,wordfreq,0,2.15
voltages,2.96,en,wordfreq,0,2.65
voltaire,3.05,en,wordfreq,0,3.5
volts,3.2,en,wordfreq,3,1.75
volume,4.76,en,wordfreq,0,2.7
volumes,4.2,en,wordfreq,0,2.75
voluntarily,3.72,en,wordfreq,0,4.6
voluntary,4.01,en,wordfreq,0,3.5
volunteer,4.28,en,wordfreq,0,3.6
volunteered,3.63,en,wordfreq,0,4.35
volunteering,3.52,en,wordfreq,0,4.45
volunteers,4.29,en,wordfreq,0,3.7
volvo,3.48,en,wordfreq,0,2.2
vomit,3.53,en,wordfreq,0,2.15
vomiting,3.63,en,wordfreq,0,2.8
von,4.17,en,wordfreq,20,1.0
voodoo,3.42,en,wordfreq,0,2.9
vortex,3.47,en,wordfreq,2,2.2
voss,3.17,en,wordfreq,10,1.45
vote,5.11,en,wordfreq,3,1.7
voted,4.62,en,wordfreq,4,1.75
voter,4.11,en,wordfreq,2,1.8
voters,4.46,en,wordfreq,0,1.9
votes,4.64,en,wordfreq,3,1.75
voting,4.62,en,wordfreq,1,1.95
vouch,3.13,en,wordfreq,3,1.8
voucher,3.47,en,wordfreq,0,2.6
vouchers,3.48,en,wordfreq,0,2.8
vous,3.12,en,wordfreq,5,1.75
vow,3.56,en,wordfreq,15,1.05
vowed,3.39,en,wordfreq,4,1.75
vowel,3.33,en,wordfreq,4,1.75
vowels,3.21,en,wordfreq,2,1.85
vows,3.7,en,wordfreq,7,1.6
vox,3.23,en,wordfreq,8,1.5
voyage,3.89,en,wordfreq,0,2.55
voyager,3.33,en,wordfreq,1,2.8
voyages,3.24,en,wordfreq,1,2.75
vp,3.72,en,wordfreq,35,1.0
vpn,3.39,en,wordfreq,3,1.8
vr,3.83,en,wordfreq,36,1.0
vs,4.85,en,wordfreq,36,1.0
vt,3.46,en,wordfreq,36,1.0
vu,3.29,en,wordfreq,37,1.0
vuitton,3.21,en,wordfreq,0,2.65
vulcan,3.27,en,wordfreq,0,2.7
vulgar,3.53,en,wordfreq,0,2.9
vulnerabilities,3.23,en,wordfreq,0,6.35
vulnerability,3.7,en,wordfreq,0,5.1
vulnerable,4.21,en,wordfreq,0,3.9
vulture,3.18,en,wordfreq,1,2.45
vultures,3.1,en,wordfreq,1,2.6
vw,3.4,en,wordfreq,32,1.0
wa,4.17,en,wordfreq,40,1.0
wack,2.96,en,wordfreq,13,1.25
wacky,3.29,en,wordfreq,1,1.9
waco,3.03,en,wordfreq,3,1.85
wad,3.06,en,wordfreq,22,1.0
wade,3.98,en,wordfreq,10,1.4
wading,3.05,en,wordfreq,6,1.7
wafer,3.13,en,wordfreq,3,1.85
waffle,3.3,en,wordfreq,1,2.75
waffles,3.23,en,wordfreq,0,2.75
wag,3.03,en,wordfreq,22,1.0
wage,4.44,en,wordfreq,10,1.25
waged,3.2,en,wordfreq,6,1.6
wager,3.43,en,wordfreq,6,1.6
wages,4.25,en,wordfreq,9,1.45
waging,3.06,en,wordfreq,7,1.6
wagner,3.71,en,wordfreq,1,1.9
wagon,3.9,en,wordfreq,0,1.95
wagons,3.45,en,wordfreq,0,2.25
wah,3.45,en,wordfreq,18,1.0
wai,3.13,en,wordfreq,26,1.0
wailing,3.11,en,wordfreq,8,1.55
wainwright,3.04,en,wordfreq,0,4.55
waist,3.96,en,wordfreq,1,1.9
wait,5.35,en,wordfreq,8,1.25
waite,2.97,en,wordfreq,5,1.6
waited,4.26,en,wordfreq,4,1.7
waiter,3.61,en,wordfreq,4,1.65
waiters,3.23,en,wordfreq,3,1.75
waitin,3.06,en,wordfreq,0,1.95
waiting,5.06,en,wordfreq,6,1.6
waitress,3.56,en,wordfreq,0,2.8
waits,3.68,en,wordfreq,4,1.65
waive,3.24,en,wordfreq,2,1.75
waived,3.48,en,wordfreq,2,1.8
waiver,3.53,en,wordfreq,2,1.8
waivers,3.23,en,wordfreq,1,2.0
wake,4.76,en,wordfreq,14,1.2
wakefield,3.32,en,wordfreq,0,3.5
wakes,3.68,en,wordfreq,9,1.5
waking,3.95,en,wordfreq,10,1.45
wal,3.52,en,wordfreq,23,1.0
walcott,3.15,en,wordfreq,0,3.0
walden,3.2,en,wordfreq,1,1.9
waldo,3.28,en,wordfreq,0,1.95
waldorf,3.14,en,wordfreq,0,2.95
wales,4.6,en,wordfreq,10,1.45
walgreens,3.08,en,wordfreq,0,3.85
walk,5.08,en,wordfreq,4,1.7
walked,4.67,en,wordfreq,3,1.85
walker,4.42,en,wordfreq,4,1.75
walkers,3.5,en,wordfreq,1,1.9
walkin,3.04,en,wordfreq,1,1.9
walking,4.86,en,wordfreq,1,1.85
walks,4.32,en,wordfreq,3,1.8
walkway,3.16,en,wordfreq,0,2.8
wall,5.04,en,wordfreq,12,1.2
wallace,4.05,en,wordfreq,0,2.9
walled,3.43,en,wordfreq,5,1.75
waller,3.28,en,wordfreq,7,1.65
wallet,4.15,en,wordfreq,5,1.7
wallets,3.37,en,wordfreq,1,1.9
wallis,3.24,en,wordfreq,1,1.9
wallpaper,3.69,en,wordfreq,0,3.7
wallpapers,3.05,en,wordfreq,0,4.05
walls,4.62,en,wordfreq,10,1.4
wally,3.45,en,wordfreq,5,1.65
walmart,3.95,en,wordfreq,0,3.0
walnut,3.56,en,wordfreq,0,2.65
walnuts,3.03,en,wordfreq,0,2.75
walrus,2.98,en,wordfreq,0,2.35
walsh,3.85,en,wordfreq,1,1.9
walt,3.9,en,wordfreq,9,1.35
walter,4.36,en,wordfreq,3,1.7
walters,3.45,en,wordfreq,2,1.75
walton,3.53,en,wordfreq,2,1.85
waltz,3.38,en,wordfreq,0,1.95
wan,3.8,en,wordfreq,31,1.0
wand,3.47,en,wordfreq,9,1.35
wanda,3.3,en,wordfreq,3,1.75
wander,3.67,en,wordfreq,3,1.8
wandered,3.46,en,wordfreq,2,2.3
wanderer,3.01,en,wordfreq,1,2.65
wanderers,3.47,en,wordfreq,0,3.05
wandering,3.8,en,wordfreq,2,2.6
wanders,3.04,en,wordfreq,2,1.8
wang,3.95,en,wordfreq,17,1.0
waning,3.05,en,wordfreq,5,1.65
wanna,5.04,en,wordfreq,2,1.85
wannabe,3.26,en,wordfreq,0,2.95
want,6.04,en,wordfreq,11,1.2
wanted,5.36,en,wordfreq,2,1.9
wanting,4.49,en,wordfreq,4,1.75
wants,5.24,en,wordfreq,5,1.65
war,5.46,en,wordfreq,24,1.0
warcraft,3.23,en,wordfreq,0,3.6
ward,4.37,en,wordfreq,13,1.1
warden,3.63,en,wordfreq,4,1.7
wardens,2.96,en,wordfreq,1,2.25
wardrobe,3.8,en,wordfreq,0,3.9
wards,3.64,en,wordfreq,7,1.5
ware,3.55,en,wordfreq,20,1.0
warehouse,4.08,en,wordfreq,0,3.55
warehouses,3.43,en,wordfreq,0,4.15
warehousing,2.97,en,wordfreq,0,4.65
wares,3.18,en,wordfreq,13,1.2
warfare,4.05,en,wordfreq,0,2.9
warhead,3.03,en,wordfreq,0,2.65
warheads,3.02,en,wordfreq,0,3.0
warhol,3.11,en,wordfreq,0,2.95
warlock,2.99,en,wordfreq,0,2.9
warlord,3.1,en,wordfreq,0,2.75
warlords,2.97,en,wordfreq,0,3.05
warm,4.71,en,wordfreq,9,1.35
warmed,3.47,en,wordfreq,5,1.7
warmer,3.76,en,wordfreq,3,1.85
warmest,3.2,en,wordfreq,0,2.4
warming,4.05,en,wordfreq,4,1.7
warmly,3.24,en,wordfreq,0,2.15
warms,3.19,en,wordfreq,7,1.5
warmth,3.8,en,wordfreq,0,2.4
warn,4.02,en,wordfreq,11,1.3
warned,4.18,en,wordfreq,4,1.8
warner,4.11,en,wordfreq,5,1.75
warning,4.59,en,wordfreq,3,1.75
warnings,3.78,en,wordfreq,1,2.3
warns,3.73,en,wordfreq,6,1.6
warp,3.63,en,wordfreq,10,1.45
warped,3.35,en,wordfreq,2,1.9
warrant,4.24,en,wordfreq,0,2.55
warranted,3.4,en,wordfreq,0,3.15
warrants,3.64,en,wordfreq,1,2.7
warranty,3.73,en,wordfreq,1,3.25
warren,4.26,en,wordfreq,3,1.85
warring,3.14,en,wordfreq,5,1.75
warrington,3.12,en,wordfreq,2,3.0
warrior,4.16,en,wordfreq,0,2.75
warriors,4.3,en,wordfreq,0,2.8
wars,4.59,en,wordfreq,15,1.0
warsaw,3.66,en,wordfreq,0,2.95
warship,3.15,en,wordfreq,1,2.7
warships,3.3,en,wordfreq,0,3.15
wartime,3.59,en,wordfreq,0,2.75
warts,3.01,en,wordfreq,12,1.3
warwick,3.52,en,wordfreq,0,2.85
warwickshire,3.11,en,wordfreq,0,5.85
wary,3.57,en,wordfreq,11,1.3
was,6.82,en,wordfreq,26,1.0
wash,4.46,en,wordfreq,11,1.25
washed,4.1,en,wordfreq,9,1.55
washer,3.34,en,wordfreq,2,1.85
washes,3.3,en,wordfreq,5,1.7
washing,4.13,en,wordfreq,6,1.7
washington,5.08,en,wordfreq,0,3.35
wasnt,3.69,en,wordfreq,1,1.9
wasp,3.35,en,wordfreq,3,1.7
wasps,3.3,en,wordfreq,0,1.95
waste,4.81,en,wordfreq,5,1.65
wasted,4.19,en,wordfreq,7,1.6
wasteful,3.27,en,wordfreq,1,3.05
wasteland,3.19,en,wordfreq,0,3.8
wastes,3.36,en,wordfreq,4,1.75
wastewater,3.36,en,wordfreq,0,4.55
wasting,4.11,en,wordfreq,7,1.65
wat,3.44,en,wordfreq,29,1.0
watch,5.34,en,wordfreq,7,1.65
watchdog,3.19,en,wordfreq,0,3.4
watched,4.72,en,wordfreq,5,1.75
watcher,3.03,en,wordfreq,3,1.8
watchers,3.28,en,wordfreq,0,2.0
watches,4.1,en,wordfreq,8,1.55
watchful,3.09,en,wordfreq,0,3.25
watching,5.02,en,wordfreq,3,1.95
watchman,3.01,en,wordfreq,0,3.15
water,5.52,en,wordfreq,7,1.45
watercolor,3.23,en,wordfreq,0,4.55
watered,3.34,en,wordfreq,1,1.95
waterfall,3.54,en,wordfreq,0,3.3
waterfalls,3.27,en,wordfreq,0,3.7
waterford,3.09,en,wordfreq,0,3.5
waterfront,3.56,en,wordfreq,0,4.35
watergate,3.24,en,wordfreq,0,3.55
waterhouse,2.99,en,wordfreq,0,4.1
watering,3.57,en,wordfreq,1,2.35
waterloo,3.52,en,wordfreq,0,3.4
watermark,2.97,en,wordfreq,0,3.75
watermelon,3.35,en,wordfreq,0,4.35
waterproof,3.55,en,wordfreq,0,4.65
waters,4.45,en,wordfreq,4,1.65
watershed,3.53,en,wordfreq,0,3.65
waterway,3.18,en,wordfreq,0,2.8
waterways,3.39,en,wordfreq,0,3.25
watery,3.19,en,wordfreq,1,1.9
watford,3.32,en,wordfreq,0,2.7
watkins,3.51,en,wordfreq,0,2.55
watson,4.18,en,wordfreq,0,2.0
watt,3.69,en,wordfreq,5,1.55
watts,3.79,en,wordfreq,3,1.8
wave,4.62,en,wordfreq,14,1.05
waved,3.54,en,wordfreq,6,1.6
wavelength,3.45,en,wordfreq,0,4.7
wavelengths,3.19,en,wordfreq,0,5.2
waverly,2.97,en,wordfreq,0,2.75
waves,4.37,en,wordfreq,9,1.45
waving,3.75,en,wordfreq,9,1.5
wavy,3.24,en,wordfreq,4,1.75
wax,3.92,en,wordfreq,18,1.0
waxed,3.08,en,wordfreq,3,1.85
waxing,3.02,en,wordfreq,6,1.7
way,6.01,en,wordfreq,26,1.0
wayne,4.37,en,wordfreq,2,1.85
ways,5.06,en,wordfreq,11,1.35
wayside,2.99,en,wordfreq,0,2.95
wayward,3.09,en,wordfreq,1,2.8
wb,3.36,en,wordfreq,37,1.0
wc,3.41,en,wordfreq,38,1.0
wcw,3.13,en,wordfreq,2,1.75
wd,3.16,en,wordfreq,38,1.0
we,6.54,en,wordfreq,39,1.0
weak,4.66,en,wordfreq,5,1.7
weaken,3.49,en,wordfreq,1,1.9
weakened,3.73,en,wordfreq,0,2.8
weakening,3.4,en,wordfreq,0,2.9
weakens,3.04,en,wordfreq,0,2.3
weaker,3.89,en,wordfreq,3,1.85
weakest,3.59,en,wordfreq,0,2.6
weakly,3.17,en,wordfreq,1,2.2
weakness,4.19,en,wordfreq,0,2.8
weaknesses,3.8,en,wordfreq,0,4.25
wealth,4.51,en,wordfreq,1,2.0
wealthier,3.03,en,wordfreq,1,3.3
wealthiest,3.29,en,wordfreq,1,3.9
wealthy,4.21,en,wordfreq,1,2.65
weapon,4.54,en,wordfreq,0,2.35
weaponry,3.36,en,wordfreq,0,3.7
weapons,4.75,en,wordfreq,0,2.6
wear,4.92,en,wordfreq,13,1.1
wearable,3.29,en,wordfreq,0,2.85
wearer,3.08,en,wordfreq,4,1.8
wearing,4.85,en,wordfreq,8,1.55
wears,4.08,en,wordfreq,9,1.35
weary,3.61,en,wordfreq,1,1.85
weasel,3.19,en,wordfreq,0,2.05
weather,4.87,en,wordfreq,3,1.85
weathered,3.15,en,wordfreq,1,2.75
weathering,2.97,en,wordfreq,0,2.9
weave,3.53,en,wordfreq,1,1.8
weaver,3.6,en,wordfreq,4,1.7
weavers,3.0,en,wordfreq,1,1.85
weaves,2.96,en,wordfreq,2,1.75
weaving,3.54,en,wordfreq,2,1.85
web,4.74,en,wordfreq,10,1.25
webb,3.77,en,wordfreq,1,1.85
webber,3.35,en,wordfreq,0,2.25
webcam,3.49,en,wordfreq,0,2.95
webcast,2.97,en,wordfreq,0,3.0
weber,3.6,en,wordfreq,0,1.95
webinar,3.25,en,wordfreq,0,2.95
webpage,3.36,en,wordfreq,0,3.1
webs,3.08,en,wordfreq,1,1.85
website,5.09,en,wordfreq,0,2.85
websites,4.2,en,wordfreq,0,3.1
webster,3.76,en,wordfreq,0,2.4
wed,3.66,en,wordfreq,17,1.0
wedding,4.83,en,wordfreq,3,1.8
weddings,3.76,en,wordfreq,0,2.65
wedge,3.62,en,wordfreq,2,1.8
wedges,3.12,en,wordfreq,1,1.85
wednesday,4.59,en,wordfreq,0,4.15
wednesdays,3.24,en,wordfreq,0,4.55
wee,3.87,en,wordfreq,24,1.0
weed,4.27,en,wordfreq,10,1.3
weeds,3.52,en,wordfreq,7,1.6
week,5.56,en,wordfreq,7,1.55
weekday,3.31,en,wordfreq,0,3.05
weekdays,3.25,en,wordfreq,0,3.55
weekend,4.93,en,wordfreq,0,2.75
weekends,4.05,en,wordfreq,0,3.1
weekly,4.57,en,wordfreq,1,2.6
weeks,5.19,en,wordfreq,3,1.8
weep,3.37,en,wordfreq,8,1.5
weeping,3.41,en,wordfreq,1,1.9
wei,3.46,en,wordfreq,17,1.0
weibo,3.24,en,wordfreq,0,2.55
weigh,3.99,en,wordfreq,1,1.85
weighed,3.81,en,wordfreq,0,2.55
weighing,3.84,en,wordfreq,0,2.8
weighs,3.69,en,wordfreq,1,2.0
weight,5.02,en,wordfreq,3,1.65
weighted,3.68,en,wordfreq,0,2.65
weighting,2.98,en,wordfreq,0,2.95
weightlifting,3.05,en,wordfreq,0,5.75
weights,3.86,en,wordfreq,1,1.85
weiner,3.22,en,wordfreq,1,1.95
weinstein,3.25,en,wordfreq,1,3.4
weir,3.52,en,wordfreq,2,1.8
weird,4.81,en,wordfreq,0,1.9
weirder,3.02,en,wordfreq,0,2.5
weirdest,3.31,en,wordfreq,0,2.9
weirdly,3.06,en,wordfreq,0,2.7
weirdo,3.33,en,wordfreq,0,2.6
weirdos,2.96,en,wordfreq,0,2.7
weiss,3.51,en,wordfreq,0,2.0
welch,3.37,en,wordfreq,1,1.95
welcome,4.99,en,wordfreq,0,2.7
welcomed,3.96,en,wordfreq,1,3.3
welcomes,3.55,en,wordfreq,1,3.1
welcoming,3.77,en,wordfreq,0,3.15
weld,3.33,en,wordfreq,5,1.65
welded,3.26,en,wordfreq,0,1.95
welding,3.54,en,wordfreq,1,1.9
welfare,4.43,en,wordfreq,0,2.95
well,6.03,en,wordfreq,14,1.1
wellbeing,3.52,en,wordfreq,0,3.6
weller,3.02,en,wordfreq,6,1.7
welles,3.03,en,wordfreq,1,1.9
wellesley,2.97,en,wordfreq,0,3.85
wellington,3.82,en,wordfreq,0,3.3
wellness,3.57,en,wordfreq,0,2.9
wells,4.25,en,wordfreq,8,1.45
welp,3.3,en,wordfreq,5,1.75
welsh,4.15,en,wordfreq,2,1.9
wembley,3.56,en,wordfreq,0,2.9
wen,3.49,en,wordfreq,23,1.0
wendell,3.24,en,wordfreq,0,2.95
wendy,3.84,en,wordfreq,1,1.95
wenger,3.65,en,wordfreq,1,1.95
went,5.5,en,wordfreq,16,1.0
wentworth,3.2,en,wordfreq,0,4.2
wentz,2.96,en,wordfreq,0,1.95
wept,3.24,en,wordfreq,5,1.65
were,6.34,en,wordfreq,5,1.6
werewolf,3.33,en,wordfreq,0,3.95
werewolves,2.98,en,wordfreq,0,4.15
werner,3.34,en,wordfreq,3,1.85
wes,3.6,en,wordfreq,20,1.0
wesley,3.7,en,wordfreq,1,2.35
wesleyan,3.05,en,wordfreq,0,3.75
west,5.29,en,wordfreq,12,1.25
westbound,3.04,en,wordfreq,0,3.7
westbrook,3.4,en,wordfreq,0,4.05
westchester,3.17,en,wordfreq,0,4.35
westerly,3.04,en,wordfreq,0,2.9
western,5.01,en,wordfreq,0,2.45
westerners,3.16,en,wordfreq,0,3.9
westfield,3.19,en,wordfreq,0,3.75
westinghouse,2.96,en,wordfreq,0,5.8
westminster,4.0,en,wordfreq,0,4.75
weston,3.49,en,wordfreq,0,2.0
westport,2.97,en,wordfreq,0,3.1
westside,3.0,en,wordfreq,0,3.35
westward,3.35,en,wordfreq,0,2.9
westwood,3.31,en,wordfreq,0,3.2
wet,4.54,en,wordfreq,23,1.0
wetland,3.14,en,wordfreq,0,2.7
wetlands,3.39,en,wordfreq,0,3.1
wh,3.74,en,wordfreq,33,1.0
wha,3.3,en,wordfreq,7,1.4
whack,3.43,en,wordfreq,1,1.85
whale,3.98,en,wordfreq,3,1.75
whales,3.77,en,wordfreq,0,1.9
whaling,3.26,en,wordfreq,0,2.0
wharf,3.48,en,wordfreq,0,2.0
wharton,3.22,en,wordfreq,0,2.55
what,6.38,en,wordfreq,3,1.6
whatever,5.14,en,wordfreq,0,2.75
whatnot,3.0,en,wordfreq,0,3.1
whats,3.88,en,wordfreq,2,1.8
whatsapp,3.56,en,wordfreq,0,4.05
whatsoever,3.99,en,wordfreq,0,4.35
wheat,4.01,en,wordfreq,1,1.85
wheaton,3.02,en,wordfreq,0,2.65
wheel,4.5,en,wordfreq,0,1.9
wheelchair,3.86,en,wordfreq,0,5.35
wheeled,3.36,en,wordfreq,1,2.6
wheeler,3.77,en,wordfreq,1,2.45
wheeling,3.21,en,wordfreq,0,2.55
wheels,4.25,en,wordfreq,0,2.0
when,6.37,en,wordfreq,6,1.6
whence,3.1,en,wordfreq,1,2.4
whenever,4.63,en,wordfreq,1,2.85
where,6.0,en,wordfreq,2,1.8
whereabouts,3.54,en,wordfreq,0,5.6
whereas,4.41,en,wordfreq,0,2.65
whereby,3.74,en,wordfreq,1,2.6
wherein,3.78,en,wordfreq,1,2.6
whereupon,3.02,en,wordfreq,0,4.3
wherever,4.27,en,wordfreq,1,2.85
whether,5.32,en,wordfreq,0,2.7
whew,3.24,en,wordfreq,4,1.8
whey,3.05,en,wordfreq,3,1.75
which,6.3,en,wordfreq,0,2.0
whichever,3.7,en,wordfreq,0,3.7
whiff,3.22,en,wordfreq,0,2.0
whig,2.99,en,wordfreq,3,1.8
while,5.86,en,wordfreq,5,1.7
whilst,4.38,en,wordfreq,0,2.6
whim,3.28,en,wordfreq,4,1.75
whimsical,3.1,en,wordfreq,0,4.35
whine,3.28,en,wordfreq,5,1.7
whining,3.55,en,wordfreq,2,1.9
whip,4.01,en,wordfreq,5,1.65
whiplash,3.06,en,wordfreq,0,3.8
whipped,3.7,en,wordfreq,2,2.0
whipping,3.36,en,wordfreq,3,1.85
whips,3.19,en,wordfreq,2,1.8
whirl,2.96,en,wordfreq,0,2.0
whirlpool,2.99,en,wordfreq,0,4.85
whirlwind,3.24,en,wordfreq,0,4.0
whisk,3.11,en,wordfreq,0,1.95
whiskers,2.99,en,wordfreq,1,2.7
whiskey,3.78,en,wordfreq,0,2.65
whisky,3.63,en,wordfreq,0,2.7
whisper,3.74,en,wordfreq,0,2.55
whispered,3.44,en,wordfreq,0,3.5
whispering,3.41,en,wordfreq,0,3.6
whispers,3.57,en,wordfreq,1,2.7
whistle,3.88,en,wordfreq,1,2.5
whistleblower,3.18,en,wordfreq,0,6.65
whistler,3.16,en,wordfreq,1,2.55
whistles,3.31,en,wordfreq,1,2.7
whistling,3.21,en,wordfreq,0,2.9
whit,3.14,en,wordfreq,8,1.45
whitaker,3.24,en,wordfreq,0,2.9
white,5.51,en,wordfreq,6,1.6
whitehall,3.31,en,wordfreq,0,4.2
whitehead,3.14,en,wordfreq,0,3.85
whitehouse,3.04,en,wordfreq,0,4.4
whiteness,3.0,en,wordfreq,0,3.45
whites,4.06,en,wordfreq,1,1.9
whiting,3.08,en,wordfreq,3,1.85
whitish,2.99,en,wordfreq,0,2.85
whitman,3.39,en,wordfreq,0,2.9
whitney,3.72,en,wordfreq,0,2.7
whittaker,3.01,en,wordfreq,0,3.75
who,6.34,en,wordfreq,7,1.35
whoa,3.82,en,wordfreq,2,1.75
whoever,4.42,en,wordfreq,0,2.55
whole,5.46,en,wordfreq,4,1.75
wholeheartedly,3.15,en,wordfreq,0,7.5
wholesale,3.97,en,wordfreq,0,3.8
wholesalers,2.99,en,wordfreq,0,4.75
wholesome,3.51,en,wordfreq,0,4.0
wholly,3.83,en,wordfreq,1,2.1
whom,4.85,en,wordfreq,4,1.75
whomever,3.12,en,wordfreq,0,3.15
whoop,3.2,en,wordfreq,0,1.9
whooping,3.15,en,wordfreq,1,2.35
whoops,3.43,en,wordfreq,0,2.05
whopping,3.22,en,wordfreq,4,2.05
whore,3.86,en,wordfreq,5,1.65
whores,3.35,en,wordfreq,2,1.85
whos,3.06,en,wordfreq,2,1.8
whose,5.07,en,wordfreq,4,1.7
why,5.93,en,wordfreq,5,1.6
whyte,3.05,en,wordfreq,1,1.95
wi,4.09,en,wordfreq,40,1.0
wichita,3.43,en,wordfreq,0,3.35
wick,3.34,en,wordfreq,12,1.4
wicked,3.99,en,wordfreq,6,1.7
wicker,3.0,en,wordfreq,5,1.75
wicket,3.59,en,wordfreq,4,1.75
wickets,3.65,en,wordfreq,1,2.1
wickham,2.99,en,wordfreq,0,3.25
wide,4.96,en,wordfreq,12,1.2
widely,4.54,en,wordfreq,1,2.15
widen,3.25,en,wordfreq,3,1.8
widened,3.35,en,wordfreq,0,2.8
widening,3.44,en,wordfreq,0,2.95
wider,4.24,en,wordfreq,4,1.7
widespread,4.19,en,wordfreq,0,4.8
widest,3.25,en,wordfreq,0,1.95
widget,2.96,en,wordfreq,1,2.15
widow,4.08,en,wordfreq,0,2.2
widowed,3.15,en,wordfreq,1,2.7
widower,3.03,en,wordfreq,1,2.75
widows,3.36,en,wordfreq,0,2.55
width,4.02,en,wordfreq,0,1.95
wield,3.21,en,wordfreq,2,1.8
wielded,2.97,en,wordfreq,2,2.35
wielding,3.32,en,wordfreq,2,2.5
wiener,3.17,en,wordfreq,1,1.95
wife,5.23,en,wordfreq,9,1.55
wifi,3.94,en,wordfreq,2,1.85
wig,3.64,en,wordfreq,17,1.0
wigan,3.42,en,wordfreq,0,2.0
wiggins,3.32,en,wordfreq,1,2.7
wiggle,3.26,en,wordfreq,1,2.55
wight,3.23,en,wordfreq,8,1.4
wigs,3.25,en,wordfreq,7,1.45
wii,3.68,en,wordfreq,12,1.15
wiki,3.61,en,wordfreq,4,1.75
wikileaks,3.52,en,wordfreq,0,4.75
wikipedia,3.92,en,wordfreq,0,4.9
wil,3.28,en,wordfreq,16,1.0
wilbur,3.24,en,wordfreq,0,2.95
wilcox,3.29,en,wordfreq,0,2.85
wild,4.8,en,wordfreq,5,1.6
wildcard,3.17,en,wordfreq,0,3.35
wildcat,3.06,en,wordfreq,0,3.05
wildcats,3.4,en,wordfreq,0,3.65
wilde,3.43,en,wordfreq,0,1.85
wilder,3.42,en,wordfreq,1,1.85
wilderness,3.95,en,wordfreq,0,3.9
wildest,3.24,en,wordfreq,0,2.5
wildfire,3.36,en,wordfreq,0,3.4
wildfires,3.17,en,wordfreq,0,3.75
wildlife,4.33,en,wordfreq,0,3.35
wildly,3.71,en,wordfreq,1,1.9
wiley,3.51,en,wordfreq,3,1.85
wilfred,3.04,en,wordfreq,0,2.75
wilhelm,3.31,en,wordfreq,0,3.0
wilkes,3.27,en,wordfreq,0,2.0
wilkins,3.32,en,wordfreq,0,2.55
wilkinson,3.53,en,wordfreq,0,3.55
will,6.45,en,wordfreq,15,1.05
willard,3.31,en,wordfreq,0,2.55
willed,3.15,en,wordfreq,4,1.8
willful,3.08,en,wordfreq,0,2.85
willfully,3.07,en,wordfreq,0,3.85
william,4.88,en,wordfreq,0,2.6
williams,4.67,en,wordfreq,0,2.8
williamsburg,3.2,en,wordfreq,0,6.1
williamson,3.6,en,wordfreq,0,4.0
willie,3.89,en,wordfreq,3,1.85
willing,4.72,en,wordfreq,4,1.8
willingly,3.58,en,wordfreq,0,3.55
willingness,3.82,en,wordfreq,0,4.4
willis,3.69,en,wordfreq,2,1.85
willoughby,3.09,en,wordfreq,0,5.25
willow,3.69,en,wordfreq,1,1.9
willows,2.99,en,wordfreq,1,2.25
willpower,3.05,en,wordfreq,0,3.7
wills,3.61,en,wordfreq,10,1.35
willy,3.61,en,wordfreq,9,1.45
wilmington,3.43,en,wordfreq,0,3.5
wilson,4.53,en,wordfreq,1,2.3
wilt,3.22,en,wordfreq,7,1.55
wilton,3.04,en,wordfreq,4,1.95
wiltshire,3.29,en,wordfreq,0,3.95
wimbledon,3.61,en,wordfreq,0,4.35
win,5.39,en,wordfreq,26,1.0
winch,3.04,en,wordfreq,3,1.8
winchester,3.56,en,wordfreq,0,3.55
wind,4.84,en,wordfreq,12,1.2
winding,3.71,en,wordfreq,4,1.8
windmill,3.16,en,wordfreq,0,3.8
window,4.8,en,wordfreq,0,2.3
windows,4.72,en,wordfreq,0,2.65
winds,4.22,en,wordfreq,7,1.55
windshield,3.41,en,wordfreq,0,4.55
windsor,3.73,en,wordfreq,0,2.85
windy,3.57,en,wordfreq,4,1.7
wine,4.74,en,wordfreq,18,1.0
wineries,2.96,en,wordfreq,0,2.95
winery,3.3,en,wordfreq,0,2.0
wines,3.8,en,wordfreq,11,1.35
winfrey,3.02,en,wordfreq,0,2.9
wing,4.61,en,wordfreq,19,1.0
winged,3.44,en,wordfreq,3,1.85
winger,3.57,en,wordfreq,9,1.5
wingers,3.32,en,wordfreq,5,1.65
wings,4.44,en,wordfreq,5,1.55
wink,3.5,en,wordfreq,13,1.25
winn,3.02,en,wordfreq,10,1.4
winner,4.8,en,wordfreq,5,1.65
winners,4.43,en,wordfreq,4,1.75
winnie,3.32,en,wordfreq,1,2.15
winning,4.98,en,wordfreq,2,1.8
winnings,3.24,en,wordfreq,0,2.45
winnipeg,3.59,en,wordfreq,0,3.5
winona,2.97,en,wordfreq,0,2.85
wins,4.7,en,wordfreq,13,1.0
winslow,3.2,en,wordfreq,0,3.2
winston,3.92,en,wordfreq,0,2.7
winter,4.89,en,wordfreq,2,1.8
winters,3.63,en,wordfreq,2,1.85
winthrop,3.04,en,wordfreq,0,3.8
wipe,4.01,en,wordfreq,7,1.5
wiped,3.86,en,wordfreq,3,1.8
wipes,3.4,en,wordfreq,5,1.7
wiping,3.44,en,wordfreq,2,1.85
wire,4.43,en,wordfreq,13,1.2
wired,3.8,en,wordfreq,6,1.65
wireless,4.2,en,wordfreq,1,2.75
wires,3.85,en,wordfreq,9,1.5
wiring,3.53,en,wordfreq,5,1.75
wis,3.24,en,wordfreq,19,1.0
wisconsin,4.36,en,wordfreq,0,4.1
wisdom,4.3,en,wordfreq,0,2.9
wise,4.51,en,wordfreq,7,1.55
wisely,3.62,en,wordfreq,1,2.25
wiser,3.48,en,wordfreq,1,1.9
wish,5.18,en,wordfreq,5,1.65
wished,4.0,en,wordfreq,3,1.85
wishes,4.35,en,wordfreq,4,1.8
wishful,3.11,en,wordfreq,0,3.2
wishing,3.94,en,wordfreq,2,1.9
wishlist,2.99,en,wordfreq,0,3.8
wit,3.96,en,wordfreq,21,1.0
witch,4.11,en,wordfreq,8,1.4
witchcraft,3.42,en,wordfreq,0,4.65
witches,3.61,en,wordfreq,4,1.75
with,6.85,en,wordfreq,4,1.65
withdraw,4.05,en,wordfreq,1,3.25
withdrawal,4.05,en,wordfreq,0,4.25
withdrawals,3.42,en,wordfreq,0,4.9
withdrawing,3.42,en,wordfreq,0,4.25
withdrawn,3.9,en,wordfreq,1,3.65
withdraws,3.02,en,wordfreq,1,3.45
withdrew,3.72,en,wordfreq,1,3.45
wither,3.02,en,wordfreq,1,1.9
withers,2.98,en,wordfreq,0,1.95
withheld,3.36,en,wordfreq,1,3.25
withhold,3.28,en,wordfreq,1,3.75
withholding,3.36,en,wordfreq,0,4.65
within,5.44,en,wordfreq,0,2.65
without,5.69,en,wordfreq,0,3.05
withstand,3.65,en,wordfreq,0,4.25
witness,4.52,en,wordfreq,1,2.55
witnessed,4.04,en,wordfreq,1,3.5
witnesses,4.29,en,wordfreq,1,3.35
witnessing,3.51,en,wordfreq,0,3.75
wits,3.32,en,wordfreq,11,1.25
witt,2.96,en,wordfreq,6,1.55
witty,3.56,en,wordfreq,2,1.85
wives,4.08,en,wordfreq,9,1.5
wiz,3.13,en,wordfreq,9,1.5
wizard,3.93,en,wordfreq,1,2.55
wizards,3.62,en,wordfreq,1,2.65
wk,3.02,en,wordfreq,34,1.0
wm,3.3,en,wordfreq,38,1.0
wnba,3.03,en,wordfreq,0,1.95
wo,3.7,en,wordfreq,38,1.0
woah,3.58,en,wordfreq,1,1.9
wobble,3.02,en,wordfreq,1,2.4
wobbly,3.03,en,wordfreq,1,2.55
woe,3.31,en,wordfreq,17,1.0
woes,3.37,en,wordfreq,5,1.65
woke,4.22,en,wordfreq,6,1.55
woken,3.37,en,wordfreq,3,1.8
wolf,4.35,en,wordfreq,3,1.7
wolfe,3.41,en,wordfreq,1,1.9
wolff,3.23,en,wordfreq,1,2.4
wolfgang,3.26,en,wordfreq,0,3.95
wolverhampton,3.05,en,wordfreq,0,6.7
wolverine,3.44,en,wordfreq,0,3.8
wolves,4.01,en,wordfreq,1,1.95
woman,5.35,en,wordfreq,2,1.85
womb,3.63,en,wordfreq,3,1.85
women,5.57,en,wordfreq,3,1.75
womens,3.4,en,wordfreq,0,1.95
won,5.2,en,wordfreq,21,1.0
wonder,4.93,en,wordfreq,3,1.8
wondered,4.2,en,wordfreq,1,2.4
wonderful,4.85,en,wordfreq,0,3.6
wonderfully,3.55,en,wordfreq,0,4.55
wondering,4.53,en,wordfreq,2,2.5
wonderland,3.52,en,wordfreq,0,3.6
wonders,4.0,en,wordfreq,1,1.9
wondrous,3.12,en,wordfreq,0,3.5
wong,3.67,en,wordfreq,17,1.0
wont,4.09,en,wordfreq,8,1.45
woo,3.87,en,wordfreq,23,1.0
wood,4.78,en,wordfreq,7,1.5
woodbridge,2.96,en,wordfreq,0,4.75
wooded,3.38,en,wordfreq,3,1.85
wooden,4.33,en,wordfreq,1,1.95
woodland,3.65,en,wordfreq,0,2.85
woodlands,3.24,en,wordfreq,0,3.7
woodley,3.08,en,wordfreq,0,2.55
woodrow,3.12,en,wordfreq,0,3.25
woods,4.45,en,wordfreq,6,1.65
woodstock,3.22,en,wordfreq,0,4.55
woodward,3.5,en,wordfreq,0,3.05
woodwork,3.21,en,wordfreq,0,3.6
woodworking,3.06,en,wordfreq,0,4.65
woody,3.82,en,wordfreq,3,1.8
woof,3.12,en,wordfreq,6,1.55
wool,3.91,en,wordfreq,7,1.55
woolf,3.15,en,wordfreq,0,1.85
woolly,3.05,en,wordfreq,1,2.05
worcester,3.59,en,wordfreq,0,3.15
worcestershire,3.08,en,wordfreq,0,6.5
word,5.26,en,wordfreq,10,1.3
worded,3.23,en,wordfreq,2,1.9
wording,3.55,en,wordfreq,1,1.95
wordpress,3.57,en,wordfreq,0,3.85
words,5.25,en,wordfreq,6,1.55
wore,4.29,en,wordfreq,17,1.0
work,5.96,en,wordfreq,9,1.5
workable,3.12,en,wordfreq,0,3.1
worked,5.16,en,wordfreq,3,1.85
worker,4.43,en,wordfreq,2,1.85
workers,4.95,en,wordfreq,1,2.1
workflow,3.16,en,wordfreq,0,3.8
workforce,3.94,en,wordfreq,0,4.2
workin,3.25,en,wordfreq,0,2.1
working,5.45,en,wordfreq,1,1.85
workings,3.38,en,wordfreq,0,2.6
workload,3.45,en,wordfreq,0,3.6
workman,2.96,en,wordfreq,0,2.65
workmanship,3.09,en,wordfreq,0,5.3
workout,4.02,en,wordfreq,0,2.8
workouts,3.51,en,wordfreq,0,3.5
workplace,4.04,en,wordfreq,0,3.65
workplaces,3.19,en,wordfreq,0,4.25
works,5.29,en,wordfreq,3,1.8
workshop,4.15,en,wordfreq,0,3.45
workshops,3.88,en,wordfreq,0,3.75
workstation,3.04,en,wordfreq,0,4.0
world,5.89,en,wordfreq,1,1.85
worldly,3.34,en,wordfreq,0,2.75
worlds,4.23,en,wordfreq,0,1.9
worldview,3.26,en,wordfreq,0,4.15
worldwide,4.54,en,wordfreq,0,4.3
worm,3.77,en,wordfreq,8,1.55
worms,3.78,en,wordfreq,6,1.65
worn,4.26,en,wordfreq,11,1.35
worried,4.63,en,wordfreq,1,2.6
worries,4.16,en,wordfreq,1,2.45
worry,4.84,en,wordfreq,2,1.9
worrying,4.12,en,wordfreq,0,2.75
worse,4.89,en,wordfreq,4,1.7
worsen,3.06,en,wordfreq,0,1.95
worsened,3.13,en,wordfreq,0,2.9
worsening,3.15,en,wordfreq,0,2.95
worship,4.29,en,wordfreq,1,2.75
worshipped,3.28,en,wordfreq,0,3.75
worshippers,3.06,en,wordfreq,0,4.3
worshipping,3.07,en,wordfreq,0,3.9
worst,4.93,en,wordfreq,1,1.95
worth,5.16,en,wordfreq,2,1.85
worthington,3.16,en,wordfreq,0,4.2
worthless,3.82,en,wordfreq,0,3.65
worthwhile,3.74,en,wordfreq,0,4.95
worthy,4.29,en,wordfreq,0,2.5
wot,3.03,en,wordfreq,20,1.0
would,6.27,en,wordfreq,5,1.7
woulda,2.99,en,wordfreq,0,2.45
wouldnt,3.49,en,wordfreq,1,2.75
wound,4.24,en,wordfreq,8,1.55
wounded,4.32,en,wordfreq,5,1.8
wounding,3.15,en,wordfreq,4,2.2
wounds,4.07,en,wordfreq,6,1.65
woven,3.56,en,wordfreq,3,1.8
wow,4.96,en,wordfreq,18,1.0
wp,3.34,en,wordfreq,38,1.0
wr,3.66,en,wordfreq,39,1.0
wraith,3.03,en,wordfreq,0,2.35
wrap,4.2,en,wordfreq,2,1.8
wrapped,4.15,en,wordfreq,2,1.9
wrapper,3.16,en,wordfreq,1,2.55
wrapping,3.58,en,wordfreq,1,1.9
wraps,3.57,en,wordfreq,1,1.85
wrath,3.7,en,wordfreq,0,1.9
wreath,3.36,en,wordfreq,1,1.9
wreck,3.96,en,wordfreq,0,1.95
wreckage,3.29,en,wordfreq,0,3.55
wrecked,3.62,en,wordfreq,0,2.35
wrecking,3.39,en,wordfreq,0,2.4
wrecks,3.09,en,wordfreq,0,2.05
wren,3.09,en,wordfreq,1,1.85
wrench,3.37,en,wordfreq,2,2.0
wrenching,3.1,en,wordfreq,0,2.7
wrestle,3.48,en,wordfreq,0,2.6
wrestled,3.11,en,wordfreq,1,2.65
wrestlemania,3.25,en,wordfreq,0,5.65
wrestler,3.52,en,wordfreq,1,2.65
wrestlers,3.42,en,wordfreq,0,3.05
wrestling,4.14,en,wordfreq,0,2.9
wretched,3.37,en,wordfreq,0,2.45
wrexham,2.99,en,wordfreq,0,3.55
wright,4.2,en,wordfreq,3,1.75
wrinkle,3.12,en,wordfreq,0,2.65
wrinkled,3.0,en,wordfreq,1,2.75
wrinkles,3.31,en,wordfreq,1,2.8
wrist,4.01,en,wordfreq,1,1.85
wrists,3.4,en,wordfreq,0,1.95
writ,3.3,en,wordfreq,4,1.65
write,5.03,en,wordfreq,3,1.65
writer,4.69,en,wordfreq,2,1.8
writers,4.55,en,wordfreq,1,1.85
writes,4.36,en,wordfreq,2,1.75
writing,5.07,en,wordfreq,2,1.85
writings,3.98,en,wordfreq,0,2.75
written,5.09,en,wordfreq,0,2.4
wrong,5.39,en,wordfreq,0,1.9
wrongdoing,3.26,en,wordfreq,0,3.95
wronged,3.09,en,wordfreq,0,2.65
wrongful,3.33,en,wordfreq,0,3.7
wrongfully,2.98,en,wordfreq,0,4.35
wrongly,3.46,en,wordfreq,0,2.8
wrongs,3.32,en,wordfreq,0,2.3
wrote,5.04,en,wordfreq,1,1.95
wrought,3.44,en,wordfreq,2,2.25
ws,3.31,en,wordfreq,39,1.0
wsj,3.0,en,wordfreq,0,1.9
wt,3.36,en,wordfreq,39,1.0
wtf,4.22,en,wordfreq,4,1.7
wto,3.23,en,wordfreq,4,1.65
wu,3.81,en,wordfreq,40,1.0
wut,3.01,en,wordfreq,12,1.25
wv,3.18,en,wordfreq,34,1.0
ww,3.33,en,wordfreq,35,1.0
wwe,3.97,en,wordfreq,7,1.55
wwf,3.15,en,wordfreq,4,1.75
wwi,3.15,en,wordfreq,6,1.55
wwii,3.61,en,wordfreq,0,1.9
www,3.37,en,wordfreq,6,1.6
wyatt,3.56,en,wordfreq,1,2.15
wynn,3.11,en,wordfreq,2,1.85
wynne,3.0,en,wordfreq,1,2.15
wyoming,3.78,en,wordfreq,0,2.75
xanax,3.18,en,wordfreq,0,2.4
xander,3.01,en,wordfreq,2,1.9
xavier,3.49,en,wordfreq,1,2.5
xbox,4.19,en,wordfreq,0,1.95
xd,3.87,en,wordfreq,31,1.0
xenophobia,3.06,en,wordfreq,1,5.1
xenophobic,3.06,en,wordfreq,1,4.95
xerox,3.01,en,wordfreq,0,2.5
xi,4.12,en,wordfreq,33,1.0
xiao,3.3,en,wordfreq,0,2.0
xiaomi,3.01,en,wordfreq,0,2.95
xii,3.45,en,wordfreq,5,1.6
xiii,3.44,en,wordfreq,1,1.85
xinjiang,3.15,en,wordfreq,0,3.0
xiv,3.39,en,wordfreq,5,1.6
xl,3.68,en,wordfreq,29,1.0
xm,2.99,en,wordfreq,31,1.0
xmas,3.25,en,wordfreq,0,1.95
xml,3.29,en,wordfreq,0,1.85
xo,3.13,en,wordfreq,31,1.0
xp,3.67,en,wordfreq,31,1.0
xs,3.18,en,wordfreq,32,1.0
xu,3.33,en,wordfreq,33,1.0
xv,3.48,en,wordfreq,27,1.0
xvi,3.4,en,wordfreq,2,1.75
xx,3.74,en,wordfreq,20,1.0
xxx,3.73,en,wordfreq,0,1.95
ya,4.67,en,wordfreq,31,1.0
yacht,3.82,en,wordfreq,0,2.1
yachts,3.25,en,wordfreq,0,2.65
yadav,3.02,en,wordfreq,0,2.5
yah,3.54,en,wordfreq,14,1.15
yahoo,3.86,en,wordfreq,0,2.65
yahweh,2.97,en,wordfreq,0,3.05
yak,3.12,en,wordfreq,11,1.3
yakuza,3.06,en,wordfreq,0,2.95
yale,3.88,en,wordfreq,11,1.4
yall,3.21,en,wordfreq,10,1.45
yam,3.04,en,wordfreq,21,1.0
yamaha,3.3,en,wordfreq,0,2.8
yan,3.53,en,wordfreq,26,1.0
yang,3.91,en,wordfreq,17,1.05
yangon,3.03,en,wordfreq,0,2.1
yank,3.0,en,wordfreq,7,1.5
yanked,2.98,en,wordfreq,3,1.85
yankee,3.6,en,wordfreq,1,2.45
yankees,3.93,en,wordfreq,0,2.65
yanks,3.03,en,wordfreq,4,1.75
yao,3.15,en,wordfreq,17,1.0
yard,4.57,en,wordfreq,6,1.6
yards,4.51,en,wordfreq,2,1.85
yarn,3.6,en,wordfreq,6,1.6
yates,3.48,en,wordfreq,8,1.6
yawn,3.07,en,wordfreq,5,1.7
yawning,3.04,en,wordfreq,0,2.2
yay,3.92,en,wordfreq,20,1.0
yaya,3.0,en,wordfreq,2,1.85
yd,3.01,en,wordfreq,29,1.0
ye,4.25,en,wordfreq,30,1.0
yea,4.26,en,wordfreq,18,1.0
yeah,5.37,en,wordfreq,2,1.75
year,5.96,en,wordfreq,12,1.15
yearbook,3.44,en,wordfreq,0,3.7
yearly,3.88,en,wordfreq,2,1.85
yearn,2.97,en,wordfreq,2,1.75
yearning,3.24,en,wordfreq,1,2.1
years,5.96,en,wordfreq,9,1.45
yeast,3.67,en,wordfreq,3,1.8
yee,3.28,en,wordfreq,25,1.0
yeh,3.32,en,wordfreq,13,1.2
yell,3.85,en,wordfreq,12,1.3
yelled,3.76,en,wordfreq,0,2.0
yelling,4.04,en,wordfreq,2,1.9
yellow,4.69,en,wordfreq,2,2.0
yellowish,3.21,en,wordfreq,0,3.8
yellowstone,3.28,en,wordfreq,0,5.2
yells,3.45,en,wordfreq,6,1.65
yelp,3.25,en,wordfreq,3,1.8
yemen,3.88,en,wordfreq,1,1.9
yemeni,3.14,en,wordfreq,0,2.75
yen,3.73,en,wordfreq,26,1.0
yeo,3.01,en,wordfreq,17,1.0
yeon,3.02,en,wordfreq,3,1.75
yep,4.39,en,wordfreq,14,1.15
yer,3.36,en,wordfreq,18,1.0
yes,5.5,en,wordfreq,22,1.0
yesterday,4.91,en,wordfreq,0,3.9
yet,5.54,en,wordfreq,22,1.0
yeti,3.01,en,wordfreq,0,1.95
yew,3.03,en,wordfreq,18,1.0
yi,3.66,en,wordfreq,31,1.0
yiddish,3.07,en,wordfreq,0,3.35
yield,4.16,en,wordfreq,2,1.95
yielded,3.51,en,wordfreq,2,2.45
yielding,3.4,en,wordfreq,2,2.65
yields,3.89,en,wordfreq,1,2.55
yikes,3.44,en,wordfreq,3,1.85
yin,3.35,en,wordfreq,20,1.0
ying,3.28,en,wordfreq,15,1.0
ymca,3.16,en,wordfreq,0,1.95
yo,4.45,en,wordfreq,29,1.0
yoda,3.11,en,wordfreq,2,1.85
yoga,4.2,en,wordfreq,2,1.9
yoghurt,3.01,en,wordfreq,0,3.55
yogi,3.16,en,wordfreq,1,1.95
yogurt,3.63,en,wordfreq,0,2.7
yoke,3.09,en,wordfreq,5,1.75
yoko,3.14,en,wordfreq,2,1.85
yokohama,3.05,en,wordfreq,0,4.4
yolanda,2.97,en,wordfreq,0,2.9
yolk,3.04,en,wordfreq,3,1.85
yonder,2.97,en,wordfreq,2,1.9
yong,3.42,en,wordfreq,17,1.05
yoo,3.48,en,wordfreq,20,1.0
yoon,3.25,en,wordfreq,11,1.4
york,5.37,en,wordfreq,6,1.7
yorker,3.49,en,wordfreq,1,1.9
yorkers,3.17,en,wordfreq,1,2.35
yorkshire,4.04,en,wordfreq,0,3.9
yoruba,3.11,en,wordfreq,0,3.0
yosemite,3.28,en,wordfreq,0,3.95
you,6.98,en,wordfreq,4,1.6
youll,3.21,en,wordfreq,0,2.0
young,5.43,en,wordfreq,0,1.9
younger,4.69,en,wordfreq,0,2.45
youngest,4.05,en,wordfreq,0,3.2
youngster,3.27,en,wordfreq,0,3.45
youngsters,3.57,en,wordfreq,0,3.65
your,6.53,en,wordfreq,6,1.5
youre,3.86,en,wordfreq,2,1.85
yours,4.75,en,wordfreq,5,1.65
yourself,5.31,en,wordfreq,0,3.6
yourselves,3.86,en,wordfreq,0,4.35
youth,4.75,en,wordfreq,2,1.85
youthful,3.58,en,wordfreq,1,3.5
youths,3.61,en,wordfreq,1,2.25
youtube,4.66,en,wordfreq,0,2.85
youtuber,3.16,en,wordfreq,0,3.4
youtubers,3.22,en,wordfreq,0,3.7
youve,3.14,en,wordfreq,1,1.95
ypg,2.96,en,wordfreq,3,1.8
yr,3.79,en,wordfreq,30,1.0
yrs,3.52,en,wordfreq,8,1.5
yt,3.21,en,wordfreq,30,1.0
yu,3.92,en,wordfreq,31,1.0
yuan,3.7,en,wordfreq,2,1.8
yuck,3.06,en,wordfreq,8,1.6
yugoslav,3.03,en,wordfreq,0,4.7
yugoslavia,3.5,en,wordfreq,0,5.55
yuki,3.05,en,wordfreq,1,1.95
yukon,3.19,en,wordfreq,0,2.5
yum,3.46,en,wordfreq,13,1.25
yummy,3.54,en,wordfreq,4,2.05
yun,3.35,en,wordfreq,19,1.0
yung,3.14,en,wordfreq,13,1.15
yup,4.06,en,wordfreq,7,1.55
yuri,3.62,en,wordfreq,1,1.9
yusuf,3.1,en,wordfreq,0,2.95
yves,3.18,en,wordfreq,1,1.9
yvette,3.02,en,wordfreq,0,2.85
yvonne,3.29,en,wordfreq,0,2.95
za,3.09,en,wordfreq,26,1.0
zac,3.38,en,wordfreq,11,1.25
zach,3.76,en,wordfreq,4,1.7
zachary,3.22,en,wordfreq,0,3.0
zack,3.56,en,wordfreq,11,1.35
zak,3.02,en,wordfreq,8,1.45
zambia,3.43,en,wordfreq,1,2.6
zane,3.15,en,wordfreq,11,1.45
zap,2.96,en,wordfreq,15,1.15
zara,3.3,en,wordfreq,9,1.5
ze,3.06,en,wordfreq,25,1.0
zeal,3.28,en,wordfreq,9,1.55
zealand,4.5,en,wordfreq,0,2.9
zealous,2.99,en,wordfreq,1,2.85
zebra,3.4,en,wordfreq,1,2.25
zed,3.02,en,wordfreq,12,1.3
zee,3.16,en,wordfreq,19,1.0
zeke,3.19,en,wordfreq,0,1.95
zelda,3.55,en,wordfreq,0,2.15
zen,3.7,en,wordfreq,16,1.1
zenith,3.15,en,wordfreq,0,2.7
zeppelin,3.29,en,wordfreq,0,3.95
zero,4.63,en,wordfreq,3,1.8
zeros,3.06,en,wordfreq,0,1.9
zest,3.19,en,wordfreq,10,1.45
zeta,3.08,en,wordfreq,3,1.8
zeus,3.54,en,wordfreq,1,1.95
zhang,3.68,en,wordfreq,1,1.9
zhao,3.22,en,wordfreq,1,1.95
zhou,3.38,en,wordfreq,2,1.8
zhu,3.12,en,wordfreq,3,1.7
zig,3.05,en,wordfreq,11,1.4
zimbabwe,3.73,en,wordfreq,0,4.2
zimmer,3.15,en,wordfreq,1,2.3
zimmerman,3.52,en,wordfreq,0,3.8
zinc,3.65,en,wordfreq,0,1.95
zion,3.46,en,wordfreq,3,1.8
zionism,3.1,en,wordfreq,1,3.2
zionist,3.4,en,wordfreq,1,2.7
zionists,2.97,en,wordfreq,0,3.4
zip,3.87,en,wordfreq,12,1.35
zipper,3.3,en,wordfreq,1,1.95
zodiac,3.41,en,wordfreq,0,3.0
zoe,3.66,en,wordfreq,13,1.15
zoey,3.03,en,wordfreq,1,1.9
zombie,3.94,en,wordfreq,0,2.7
zombies,3.77,en,wordfreq,0,2.7
zone,4.72,en,wordfreq,9,1.3
zoned,3.16,en,wordfreq,3,1.8
zones,4.12,en,wordfreq,5,1.65
zoning,3.52,en,wordfreq,0,2.0
zoo,4.14,en,wordfreq,18,1.0
zoological,3.03,en,wordfreq,0,3.5
zoology,3.19,en,wordfreq,0,2.95
zoom,3.83,en,wordfreq,5,1.7
zoos,3.13,en,wordfreq,2,1.85
zu,3.2,en,wordfreq,26,1.0
zucchini,2.96,en,wordfreq,0,3.95
zuckerberg,3.26,en,wordfreq,0,4.9
zulu,3.19,en,wordfreq,2,1.9
zuma,3.09,en,wordfreq,2,1.9
zur,3.15,en,wordfreq,6,1.6
zurich,3.59,en,wordfreq,0,2.75
