word,freq_zipf,language,source,n_density,old20
abad,3.81,es,wordfreq,0,1.95
abajo,4.98,es,wordfreq,0,1.95
abandona,3.95,es,wordfreq,2,3.15
abandonada,3.83,es,wordfreq,1,4.1
abandonado,4.22,es,wordfreq,1,3.75
abandonar,4.42,es,wordfreq,0,3.5
abandono,4.15,es,wordfreq,2,3.35
abandonó,4.02,es,wordfreq,2,3.4
abarca,4.06,es,wordfreq,0,2.5
abastecimiento,3.84,es,wordfreq,0,5.3
abc,4.01,es,wordfreq,2,1.85
abel,3.82,es,wordfreq,0,2.0
abierta,4.7,es,wordfreq,1,2.6
abiertamente,4.02,es,wordfreq,0,4.35
abiertas,4.3,es,wordfreq,1,2.65
abierto,4.79,es,wordfreq,1,2.45
abiertos,4.28,es,wordfreq,1,2.6
abogada,3.95,es,wordfreq,1,2.8
abogado,4.77,es,wordfreq,1,2.75
abogados,4.49,es,wordfreq,0,3.2
abordar,4.02,es,wordfreq,1,2.75
aborto,4.36,es,wordfreq,0,2.5
abra,3.94,es,wordfreq,2,1.85
abraham,3.98,es,wordfreq,0,3.85
abrazo,4.5,es,wordfreq,0,2.65
abre,4.61,es,wordfreq,2,1.8
abren,4.05,es,wordfreq,0,1.95
abriendo,3.94,es,wordfreq,0,2.85
abrieron,3.9,es,wordfreq,0,2.95
abrigo,3.92,es,wordfreq,0,2.7
abril,5.18,es,wordfreq,2,2.4
abrir,4.77,es,wordfreq,2,2.45
abrió,4.42,es,wordfreq,2,2.55
absoluta,4.46,es,wordfreq,1,3.85
absolutamente,4.6,es,wordfreq,0,5.4
absoluto,4.53,es,wordfreq,1,3.65
absurdo,4.18,es,wordfreq,0,3.3
abu,3.84,es,wordfreq,1,1.9
abuela,4.61,es,wordfreq,1,2.45
abuelo,4.49,es,wordfreq,1,2.35
abuelos,4.1,es,wordfreq,0,2.6
abundancia,3.92,es,wordfreq,0,4.45
abundante,3.96,es,wordfreq,0,3.75
aburrido,4.17,es,wordfreq,0,3.45
abuso,4.37,es,wordfreq,0,2.1
abusos,4.15,es,wordfreq,0,2.6
ac,4.02,es,wordfreq,18,1.0
aca,4.4,es,wordfreq,4,1.55
acaba,4.85,es,wordfreq,4,1.65
acababa,3.89,es,wordfreq,0,2.75
acabado,4.28,es,wordfreq,0,2.4
acabamos,3.92,es,wordfreq,0,2.85
acaban,4.31,es,wordfreq,2,2.05
acabar,4.63,es,wordfreq,2,2.0
acabaron,3.89,es,wordfreq,0,2.75
acabas,3.93,es,wordfreq,2,2.0
acabe,4.11,es,wordfreq,3,1.9
acabo,4.77,es,wordfreq,4,1.75
acabó,4.45,es,wordfreq,3,2.1
academia,4.54,es,wordfreq,0,3.75
académica,4.12,es,wordfreq,1,4.1
académico,4.33,es,wordfreq,1,4.15
académicos,4.14,es,wordfreq,0,4.4
acaso,4.68,es,wordfreq,2,1.85
acceder,4.53,es,wordfreq,0,3.25
accesible,4.02,es,wordfreq,0,4.5
acceso,5.05,es,wordfreq,0,2.7
accesorios,3.86,es,wordfreq,0,4.6
accidente,4.69,es,wordfreq,1,3.2
accidentes,4.29,es,wordfreq,0,3.2
accion,3.96,es,wordfreq,1,2.8
acciones,5.04,es,wordfreq,0,2.5
accionistas,3.89,es,wordfreq,0,4.45
acción,5.13,es,wordfreq,1,2.2
aceite,4.46,es,wordfreq,1,2.55
acento,4.1,es,wordfreq,2,1.9
acepta,4.35,es,wordfreq,3,2.0
aceptable,3.98,es,wordfreq,0,3.6
aceptación,4.19,es,wordfreq,0,3.45
aceptada,3.83,es,wordfreq,1,2.85
aceptado,4.23,es,wordfreq,1,2.55
aceptan,3.97,es,wordfreq,1,2.45
aceptar,4.71,es,wordfreq,1,2.4
acepte,3.82,es,wordfreq,4,2.35
acepto,4.05,es,wordfreq,4,2.15
aceptó,4.09,es,wordfreq,3,2.45
acerca,5.1,es,wordfreq,1,2.3
acercamiento,3.91,es,wordfreq,0,4.6
acercan,3.83,es,wordfreq,0,2.6
acercarse,4.08,es,wordfreq,0,3.9
acercó,3.92,es,wordfreq,1,2.65
acero,4.31,es,wordfreq,0,1.95
aclara,3.82,es,wordfreq,0,2.45
aclarar,4.2,es,wordfreq,0,2.7
acogida,3.95,es,wordfreq,0,2.85
acompaña,4.15,es,wordfreq,0,2.95
acompañada,4.02,es,wordfreq,1,3.5
acompañado,4.32,es,wordfreq,1,3.45
acompañar,4.0,es,wordfreq,0,3.1
acondicionado,3.86,es,wordfreq,0,5.25
acontecimiento,4.02,es,wordfreq,0,4.4
acontecimientos,4.39,es,wordfreq,0,5.0
acordado,3.89,es,wordfreq,0,2.8
acordar,4.03,es,wordfreq,1,2.6
acorde,4.07,es,wordfreq,0,2.65
acoso,4.15,es,wordfreq,1,1.95
acosta,3.82,es,wordfreq,0,2.0
acostumbrado,4.07,es,wordfreq,0,5.3
acostumbrados,3.9,es,wordfreq,0,5.75
acta,4.22,es,wordfreq,2,1.75
actas,3.92,es,wordfreq,2,1.85
actitud,4.74,es,wordfreq,0,3.4
actitudes,4.22,es,wordfreq,0,3.95
activa,4.54,es,wordfreq,1,2.65
activamente,3.99,es,wordfreq,0,3.8
activar,3.82,es,wordfreq,0,2.75
actividad,5.04,es,wordfreq,0,3.4
actividades,5.07,es,wordfreq,0,4.35
activista,3.87,es,wordfreq,0,3.55
activistas,3.94,es,wordfreq,0,3.8
activo,4.54,es,wordfreq,1,2.5
activos,4.46,es,wordfreq,0,2.6
acto,4.91,es,wordfreq,3,1.7
actor,4.53,es,wordfreq,2,1.8
actores,4.51,es,wordfreq,1,2.45
actos,4.76,es,wordfreq,4,1.75
actriz,4.33,es,wordfreq,0,2.95
actuaciones,4.25,es,wordfreq,0,3.5
actuación,4.56,es,wordfreq,0,2.85
actual,5.19,es,wordfreq,1,2.45
actuales,4.59,es,wordfreq,0,2.8
actualidad,4.69,es,wordfreq,0,3.55
actualizaciones,3.81,es,wordfreq,0,5.45
actualización,4.33,es,wordfreq,0,4.5
actualizado,3.96,es,wordfreq,0,4.45
actualizar,3.83,es,wordfreq,0,4.05
actualmente,5.01,es,wordfreq,0,3.5
actuando,4.08,es,wordfreq,0,2.95
actuar,4.62,es,wordfreq,1,2.45
actuó,3.81,es,wordfreq,0,2.55
actúa,4.23,es,wordfreq,0,2.15
actúan,3.97,es,wordfreq,0,2.6
acudir,4.03,es,wordfreq,0,2.8
acuerda,3.99,es,wordfreq,1,2.55
acuerdo,5.61,es,wordfreq,1,2.45
acuerdos,4.47,es,wordfreq,0,2.55
acumulación,3.85,es,wordfreq,0,4.05
acusa,4.02,es,wordfreq,0,1.95
acusaciones,4.12,es,wordfreq,0,3.65
acusación,4.1,es,wordfreq,0,2.95
acusado,4.35,es,wordfreq,0,2.35
acusados,3.92,es,wordfreq,0,2.7
acusan,3.81,es,wordfreq,0,2.5
acá,5.1,es,wordfreq,1,1.9
ad,4.15,es,wordfreq,21,1.0
adam,4.07,es,wordfreq,0,2.0
adaptación,4.17,es,wordfreq,0,3.7
adaptarse,3.84,es,wordfreq,0,4.05
adecuada,4.35,es,wordfreq,1,3.0
adecuadamente,3.91,es,wordfreq,0,5.35
adecuadas,3.89,es,wordfreq,1,3.25
adecuado,4.39,es,wordfreq,1,2.7
adecuados,3.86,es,wordfreq,1,3.15
adelantado,3.94,es,wordfreq,0,3.7
adelante,5.07,es,wordfreq,1,2.85
adelanto,3.83,es,wordfreq,1,3.15
ademas,4.27,es,wordfreq,1,2.05
además,5.63,es,wordfreq,1,2.65
adentro,4.59,es,wordfreq,0,2.7
adicción,3.87,es,wordfreq,0,2.65
adicional,4.33,es,wordfreq,0,3.5
adicionales,4.23,es,wordfreq,0,3.8
adios,3.81,es,wordfreq,1,1.85
adiós,4.43,es,wordfreq,1,2.55
adjunto,3.96,es,wordfreq,0,2.85
administración,5.02,es,wordfreq,0,5.05
administrador,4.14,es,wordfreq,0,4.9
administradores,3.91,es,wordfreq,0,5.85
administrar,3.94,es,wordfreq,0,4.2
administrativa,4.29,es,wordfreq,1,5.45
administrativas,3.94,es,wordfreq,1,5.85
administrativo,4.28,es,wordfreq,1,5.35
administrativos,3.96,es,wordfreq,1,5.55
admiración,3.98,es,wordfreq,0,3.45
admisión,3.9,es,wordfreq,0,3.0
admite,4.07,es,wordfreq,1,2.7
admitir,4.24,es,wordfreq,0,3.2
admito,3.81,es,wordfreq,1,2.7
adn,4.19,es,wordfreq,2,1.8
adolescencia,3.92,es,wordfreq,0,5.05
adolescente,4.26,es,wordfreq,0,4.6
adolescentes,4.3,es,wordfreq,0,4.95
adolfo,3.94,es,wordfreq,0,2.85
adonde,3.88,es,wordfreq,0,2.75
adopción,4.2,es,wordfreq,0,3.05
adopta,3.82,es,wordfreq,0,2.65
adoptado,4.02,es,wordfreq,0,2.85
adoptar,4.2,es,wordfreq,0,2.7
adoro,3.87,es,wordfreq,0,2.25
adquiere,3.87,es,wordfreq,0,3.3
adquirido,4.01,es,wordfreq,0,3.8
adquirir,4.26,es,wordfreq,0,3.75
adquisición,4.16,es,wordfreq,0,4.75
aduana,3.96,es,wordfreq,0,2.8
adulta,3.83,es,wordfreq,1,2.4
adulto,4.18,es,wordfreq,1,2.35
adultos,4.5,es,wordfreq,0,2.7
advertencia,4.07,es,wordfreq,0,4.5
advierte,4.12,es,wordfreq,0,3.55
advirtió,3.94,es,wordfreq,0,3.8
aerolíneas,3.82,es,wordfreq,0,4.95
aeropuerto,4.75,es,wordfreq,0,4.3
aeropuertos,3.91,es,wordfreq,0,4.55
afecta,4.5,es,wordfreq,1,2.25
afectada,3.98,es,wordfreq,1,2.65
afectadas,4.01,es,wordfreq,1,3.1
afectado,4.13,es,wordfreq,1,2.4
afectados,4.27,es,wordfreq,1,2.65
afectan,4.18,es,wordfreq,1,2.6
afectar,4.1,es,wordfreq,1,2.55
afecto,3.96,es,wordfreq,2,2.2
afganistán,3.95,es,wordfreq,0,5.65
aficionado,3.82,es,wordfreq,0,3.7
aficionados,4.09,es,wordfreq,0,4.05
afición,3.95,es,wordfreq,0,2.7
afiliados,3.97,es,wordfreq,0,3.6
afines,3.84,es,wordfreq,0,2.75
afirma,4.52,es,wordfreq,1,2.2
afirmaciones,3.87,es,wordfreq,0,3.85
afirmación,4.14,es,wordfreq,0,3.35
afirman,3.96,es,wordfreq,1,2.55
afirmar,4.04,es,wordfreq,1,2.45
afirmó,4.38,es,wordfreq,1,2.55
afortunadamente,4.07,es,wordfreq,0,6.35
africa,4.16,es,wordfreq,1,2.5
africana,3.84,es,wordfreq,1,3.1
africano,3.93,es,wordfreq,1,2.85
africanos,3.87,es,wordfreq,0,3.4
afrontar,3.96,es,wordfreq,0,3.25
afuera,4.79,es,wordfreq,0,2.5
afueras,3.98,es,wordfreq,0,2.65
afán,3.82,es,wordfreq,0,2.3
agarra,4.07,es,wordfreq,0,2.65
agarrar,3.97,es,wordfreq,0,2.85
agencia,4.63,es,wordfreq,0,2.5
agencias,4.18,es,wordfreq,0,2.85
agenda,4.4,es,wordfreq,0,2.6
agente,4.54,es,wordfreq,0,1.9
agentes,4.66,es,wordfreq,0,2.2
agosto,5.15,es,wordfreq,0,2.6
agradable,4.42,es,wordfreq,0,4.35
agradece,3.84,es,wordfreq,0,3.55
agradecer,4.05,es,wordfreq,0,3.65
agradecido,3.99,es,wordfreq,0,4.0
agradecimiento,3.99,es,wordfreq,0,5.15
agradezco,4.23,es,wordfreq,0,4.35
agrega,4.13,es,wordfreq,1,2.55
agregado,4.01,es,wordfreq,0,2.9
agregar,4.24,es,wordfreq,0,2.75
agregó,4.23,es,wordfreq,1,2.85
agresivo,3.83,es,wordfreq,0,3.55
agresión,4.14,es,wordfreq,0,3.0
agricultores,4.03,es,wordfreq,0,5.55
agricultura,4.55,es,wordfreq,0,5.35
agrupaciones,3.84,es,wordfreq,0,4.1
agrupación,4.04,es,wordfreq,0,3.7
agrícola,4.22,es,wordfreq,0,4.05
agrícolas,4.09,es,wordfreq,0,4.35
agua,5.49,es,wordfreq,0,1.95
aguanta,3.91,es,wordfreq,1,2.65
aguantar,4.13,es,wordfreq,0,2.85
aguante,3.99,es,wordfreq,1,2.65
aguas,4.7,es,wordfreq,0,1.95
aguilar,3.95,es,wordfreq,0,2.95
aguirre,4.06,es,wordfreq,0,3.55
agujero,4.05,es,wordfreq,0,3.05
agujeros,3.85,es,wordfreq,0,3.45
agustín,4.19,es,wordfreq,0,3.1
ah,5.09,es,wordfreq,16,1.05
ahh,3.83,es,wordfreq,2,1.85
ahi,4.61,es,wordfreq,5,1.65
ahora,6.05,es,wordfreq,0,2.05
ahorita,4.06,es,wordfreq,0,2.85
ahorrar,4.13,es,wordfreq,0,2.55
ahorro,4.29,es,wordfreq,0,2.55
ahorros,3.97,es,wordfreq,0,2.8
ahí,5.53,es,wordfreq,3,1.8
ai,4.12,es,wordfreq,25,1.0
air,4.03,es,wordfreq,2,1.7
aire,5.07,es,wordfreq,2,1.75
aires,4.99,es,wordfreq,1,1.9
aislado,3.95,es,wordfreq,0,2.8
aislados,3.84,es,wordfreq,0,3.0
aislamiento,4.06,es,wordfreq,0,4.2
ajedrez,3.92,es,wordfreq,0,3.8
ajena,4.02,es,wordfreq,2,1.9
ajeno,4.02,es,wordfreq,1,2.3
ajo,3.83,es,wordfreq,4,1.7
ajuste,4.17,es,wordfreq,0,2.75
al,6.74,es,wordfreq,18,1.0
ala,4.31,es,wordfreq,7,1.0
alan,4.18,es,wordfreq,4,1.75
alarma,4.2,es,wordfreq,0,2.4
alas,4.34,es,wordfreq,3,1.35
alba,4.14,es,wordfreq,5,1.7
albert,4.14,es,wordfreq,0,2.8
alberto,4.64,es,wordfreq,0,2.65
alcalde,4.78,es,wordfreq,0,3.0
alcaldes,4.05,es,wordfreq,0,3.25
alcaldesa,3.84,es,wordfreq,0,3.8
alcaldía,4.06,es,wordfreq,0,3.6
alcalá,3.88,es,wordfreq,0,2.9
alcance,4.62,es,wordfreq,0,2.7
alcanza,4.45,es,wordfreq,2,2.35
alcanzado,4.19,es,wordfreq,0,3.05
alcanzan,3.92,es,wordfreq,1,2.95
alcanzar,4.67,es,wordfreq,1,2.7
alcanzó,4.21,es,wordfreq,1,2.85
alcohol,4.56,es,wordfreq,0,3.85
aldea,4.3,es,wordfreq,0,2.0
aldeas,3.83,es,wordfreq,0,2.5
alegra,4.19,es,wordfreq,2,2.3
alegre,4.26,es,wordfreq,2,2.7
alegro,4.2,es,wordfreq,2,2.45
alegría,4.6,es,wordfreq,0,2.6
alejado,3.96,es,wordfreq,0,2.6
alejandro,4.46,es,wordfreq,0,3.65
alemana,4.21,es,wordfreq,0,2.75
alemanes,4.33,es,wordfreq,0,3.2
alemania,4.79,es,wordfreq,0,3.25
alemán,4.55,es,wordfreq,0,2.9
alerta,4.38,es,wordfreq,0,2.0
alex,4.32,es,wordfreq,0,2.0
alexander,4.16,es,wordfreq,0,3.85
alfa,3.92,es,wordfreq,5,1.7
alfombra,3.9,es,wordfreq,0,3.95
alfonso,4.38,es,wordfreq,0,3.35
alfredo,4.17,es,wordfreq,0,3.7
algo,5.99,es,wordfreq,1,1.9
algodón,4.09,es,wordfreq,0,3.75
alguien,5.73,es,wordfreq,0,3.15
algun,4.48,es,wordfreq,1,2.2
alguna,5.49,es,wordfreq,1,2.4
algunas,5.45,es,wordfreq,1,2.6
alguno,4.84,es,wordfreq,1,2.5
algunos,5.64,es,wordfreq,1,2.65
algún,5.41,es,wordfreq,1,2.5
ali,4.04,es,wordfreq,4,1.55
aliado,4.0,es,wordfreq,0,2.1
aliados,4.25,es,wordfreq,0,2.65
alianza,4.58,es,wordfreq,1,2.5
alianzas,3.89,es,wordfreq,0,2.75
alias,3.88,es,wordfreq,3,1.8
alicante,4.07,es,wordfreq,0,2.9
alice,3.84,es,wordfreq,0,2.0
alicia,4.07,es,wordfreq,0,2.6
aliento,4.12,es,wordfreq,1,1.95
alimenta,3.84,es,wordfreq,1,2.65
alimentación,4.32,es,wordfreq,0,4.1
alimentar,3.97,es,wordfreq,0,3.1
alimentaria,3.94,es,wordfreq,0,4.25
alimento,4.18,es,wordfreq,1,2.45
alimentos,4.69,es,wordfreq,0,2.6
alivio,4.0,es,wordfreq,0,2.9
all,4.25,es,wordfreq,2,1.5
alla,4.01,es,wordfreq,11,1.15
allen,3.82,es,wordfreq,0,2.0
allende,4.02,es,wordfreq,0,2.85
alli,4.14,es,wordfreq,3,1.75
allá,5.2,es,wordfreq,3,1.8
allí,5.26,es,wordfreq,3,1.8
alma,4.94,es,wordfreq,6,1.45
almacenamiento,4.0,es,wordfreq,0,5.5
almacén,3.98,es,wordfreq,0,3.7
almas,4.2,es,wordfreq,3,1.65
almería,3.89,es,wordfreq,0,2.85
almirante,4.03,es,wordfreq,0,3.8
almuerzo,4.16,es,wordfreq,0,3.7
alojamiento,3.95,es,wordfreq,0,4.25
alonso,4.32,es,wordfreq,0,2.85
alquiler,4.29,es,wordfreq,0,3.75
alrededor,5.1,es,wordfreq,0,4.3
alrededores,4.15,es,wordfreq,0,4.7
alta,5.11,es,wordfreq,7,1.4
altamente,4.26,es,wordfreq,0,3.05
altar,4.04,es,wordfreq,1,1.8
altas,4.56,es,wordfreq,5,1.6
alternativa,4.55,es,wordfreq,1,4.55
alternativas,4.32,es,wordfreq,0,5.25
alternativo,3.91,es,wordfreq,1,4.55
alto,5.29,es,wordfreq,4,1.7
altos,4.7,es,wordfreq,3,1.8
altura,4.78,es,wordfreq,0,2.3
alturas,4.15,es,wordfreq,0,2.55
aluminio,3.9,es,wordfreq,0,3.55
alumno,4.18,es,wordfreq,0,2.8
alumnos,4.68,es,wordfreq,0,2.85
alusión,3.85,es,wordfreq,1,2.8
alza,4.13,es,wordfreq,5,1.7
am,4.45,es,wordfreq,19,1.0
ama,4.56,es,wordfreq,4,1.15
amaba,3.96,es,wordfreq,2,1.9
amable,4.29,es,wordfreq,0,2.75
amada,3.88,es,wordfreq,2,1.85
amado,4.21,es,wordfreq,3,1.8
aman,3.99,es,wordfreq,3,1.75
amanecer,4.2,es,wordfreq,0,3.3
amante,4.3,es,wordfreq,0,2.25
amantes,4.16,es,wordfreq,0,2.5
amar,4.26,es,wordfreq,5,1.6
amargo,3.83,es,wordfreq,0,2.35
amarilla,4.06,es,wordfreq,1,3.45
amarillo,4.33,es,wordfreq,1,3.35
amas,4.17,es,wordfreq,4,1.35
amazon,4.01,es,wordfreq,0,2.8
amazonas,3.88,es,wordfreq,0,3.65
ambas,4.83,es,wordfreq,1,1.9
ambición,3.84,es,wordfreq,0,2.95
ambiental,4.37,es,wordfreq,0,3.5
ambientales,4.1,es,wordfreq,0,4.2
ambiente,4.92,es,wordfreq,0,2.8
ambientes,3.88,es,wordfreq,0,2.8
ambos,5.19,es,wordfreq,1,1.9
amenaza,4.58,es,wordfreq,0,3.05
amenazas,4.28,es,wordfreq,0,3.6
america,4.26,es,wordfreq,1,2.55
american,4.14,es,wordfreq,0,2.7
americana,4.4,es,wordfreq,1,2.8
americano,4.52,es,wordfreq,1,2.7
americanos,4.39,es,wordfreq,0,3.1
amiga,4.81,es,wordfreq,1,1.95
amigas,4.34,es,wordfreq,1,2.35
amigo,5.36,es,wordfreq,1,1.9
amigos,5.43,es,wordfreq,1,2.45
amistad,4.6,es,wordfreq,0,2.9
amistades,3.93,es,wordfreq,0,3.8
amlo,3.86,es,wordfreq,0,1.95
amnistía,3.85,es,wordfreq,0,3.8
amo,4.85,es,wordfreq,4,1.5
amor,5.41,es,wordfreq,2,1.85
amores,3.95,es,wordfreq,0,2.3
amos,3.83,es,wordfreq,3,1.6
amparo,4.02,es,wordfreq,0,2.75
amplia,4.57,es,wordfreq,1,2.45
ampliación,4.11,es,wordfreq,0,3.65
ampliamente,4.23,es,wordfreq,0,4.0
ampliar,4.1,es,wordfreq,1,2.55
amplias,3.87,es,wordfreq,2,2.55
amplio,4.55,es,wordfreq,1,2.5
amplios,3.83,es,wordfreq,1,2.65
américa,5.07,es,wordfreq,1,2.6
américas,4.02,es,wordfreq,0,2.85
an,4.43,es,wordfreq,17,1.0
ana,4.59,es,wordfreq,6,1.3
analiza,4.03,es,wordfreq,0,2.85
analizar,4.35,es,wordfreq,0,3.15
ancha,3.98,es,wordfreq,1,1.85
ancho,4.36,es,wordfreq,1,1.9
anciano,4.01,es,wordfreq,0,2.9
ancianos,4.09,es,wordfreq,0,3.35
and,4.95,es,wordfreq,2,1.65
anda,4.77,es,wordfreq,4,1.45
andaba,3.96,es,wordfreq,0,2.6
andalucía,4.44,es,wordfreq,0,4.6
andaluz,3.85,es,wordfreq,0,3.5
andan,4.14,es,wordfreq,2,1.8
andando,3.91,es,wordfreq,0,2.55
andar,4.53,es,wordfreq,2,1.8
andas,3.85,es,wordfreq,4,1.7
anderson,3.83,es,wordfreq,0,3.75
andes,4.13,es,wordfreq,2,1.9
ando,4.1,es,wordfreq,2,1.65
andrea,4.08,es,wordfreq,1,2.5
andrew,4.0,es,wordfreq,1,2.8
android,4.3,es,wordfreq,0,3.75
andrés,4.52,es,wordfreq,0,2.8
andy,3.95,es,wordfreq,2,1.85
anexo,3.89,es,wordfreq,0,2.5
angel,4.15,es,wordfreq,1,2.25
angeles,4.12,es,wordfreq,1,2.7
angustia,3.93,es,wordfreq,0,3.65
anillo,4.23,es,wordfreq,0,2.7
anillos,3.94,es,wordfreq,0,2.9
anima,3.93,es,wordfreq,2,1.85
animación,4.02,es,wordfreq,0,2.95
animado,3.83,es,wordfreq,0,2.7
animal,4.67,es,wordfreq,0,2.65
animales,4.91,es,wordfreq,0,2.9
anime,4.17,es,wordfreq,2,2.3
animo,4.02,es,wordfreq,3,1.85
aniversario,4.51,es,wordfreq,0,4.55
anna,4.21,es,wordfreq,2,1.85
anne,3.9,es,wordfreq,2,1.9
ano,3.83,es,wordfreq,6,1.35
anoche,4.51,es,wordfreq,0,2.7
ansiedad,4.24,es,wordfreq,0,3.45
ante,5.48,es,wordfreq,4,1.75
antecedentes,4.46,es,wordfreq,0,4.55
antemano,3.83,es,wordfreq,0,3.65
antena,3.89,es,wordfreq,0,2.3
antepasados,3.82,es,wordfreq,0,4.6
anterior,5.08,es,wordfreq,1,3.0
anteriores,4.78,es,wordfreq,1,3.35
anterioridad,3.84,es,wordfreq,0,4.75
anteriormente,4.6,es,wordfreq,0,5.35
antes,5.82,es,wordfreq,2,1.85
anthony,3.9,es,wordfreq,0,3.8
anti,4.53,es,wordfreq,1,1.95
antigua,4.71,es,wordfreq,1,3.1
antiguas,4.29,es,wordfreq,1,3.45
antiguo,4.77,es,wordfreq,1,2.9
antiguos,4.54,es,wordfreq,1,3.4
antigüedad,4.16,es,wordfreq,0,4.55
antonio,4.94,es,wordfreq,0,3.0
antropología,3.84,es,wordfreq,0,6.25
anual,4.62,es,wordfreq,0,1.95
anuales,4.18,es,wordfreq,0,2.6
anualmente,3.93,es,wordfreq,0,3.35
anuncia,4.2,es,wordfreq,2,2.35
anunciado,4.12,es,wordfreq,0,3.35
anunciar,3.98,es,wordfreq,0,2.65
anuncio,4.46,es,wordfreq,2,2.6
anuncios,4.32,es,wordfreq,0,3.05
anunció,4.63,es,wordfreq,2,2.55
análisis,4.97,es,wordfreq,0,4.35
anónima,3.95,es,wordfreq,1,3.05
anónimo,3.93,es,wordfreq,1,3.2
ap,3.95,es,wordfreq,19,1.0
apagar,3.9,es,wordfreq,0,2.4
aparato,4.31,es,wordfreq,0,2.65
aparatos,4.07,es,wordfreq,0,2.8
aparece,4.87,es,wordfreq,0,2.2
aparecen,4.6,es,wordfreq,1,2.4
aparecer,4.39,es,wordfreq,1,2.4
aparecido,4.05,es,wordfreq,0,2.75
aparecieron,4.05,es,wordfreq,0,3.85
apareció,4.53,es,wordfreq,0,2.5
aparecía,3.81,es,wordfreq,0,2.55
aparente,4.05,es,wordfreq,0,2.75
aparentemente,4.45,es,wordfreq,0,5.0
aparezca,3.94,es,wordfreq,0,3.15
aparición,4.39,es,wordfreq,0,2.95
apariencia,4.29,es,wordfreq,0,3.6
apartado,4.2,es,wordfreq,0,2.85
apartamento,4.27,es,wordfreq,0,3.75
aparte,4.67,es,wordfreq,1,2.05
apelación,3.9,es,wordfreq,0,2.9
apellido,4.36,es,wordfreq,0,3.7
apellidos,3.85,es,wordfreq,0,3.75
apenas,4.97,es,wordfreq,2,2.25
apertura,4.56,es,wordfreq,0,3.15
apetece,3.88,es,wordfreq,0,3.6
aplausos,3.92,es,wordfreq,0,3.7
aplica,4.38,es,wordfreq,0,2.3
aplicable,3.87,es,wordfreq,0,3.65
aplicaciones,4.49,es,wordfreq,0,3.55
aplicación,4.89,es,wordfreq,0,3.05
aplicada,3.88,es,wordfreq,1,2.8
aplicado,3.94,es,wordfreq,1,2.5
aplican,3.93,es,wordfreq,1,2.6
aplicando,3.84,es,wordfreq,0,3.0
aplicar,4.46,es,wordfreq,1,2.6
aporta,4.04,es,wordfreq,1,1.95
aportaciones,3.83,es,wordfreq,0,3.3
aportación,3.84,es,wordfreq,0,3.0
aportar,4.15,es,wordfreq,1,2.25
aporte,4.23,es,wordfreq,2,2.1
aportes,4.05,es,wordfreq,0,2.4
apostar,3.83,es,wordfreq,1,2.6
apoya,4.4,es,wordfreq,2,2.25
apoyado,4.09,es,wordfreq,0,2.6
apoyan,4.16,es,wordfreq,1,2.55
apoyando,4.14,es,wordfreq,0,2.85
apoyar,4.63,es,wordfreq,1,2.4
apoyo,5.23,es,wordfreq,2,2.25
apoyos,3.87,es,wordfreq,0,2.65
apoyó,3.91,es,wordfreq,2,2.6
app,4.35,es,wordfreq,0,1.85
apple,4.25,es,wordfreq,0,2.9
apps,3.83,es,wordfreq,0,2.05
aprecia,3.9,es,wordfreq,1,2.5
apreciar,4.19,es,wordfreq,0,2.85
aprecio,3.96,es,wordfreq,1,2.45
aprende,4.34,es,wordfreq,1,2.45
aprenden,3.84,es,wordfreq,1,2.7
aprender,4.93,es,wordfreq,1,2.6
aprendido,4.3,es,wordfreq,0,3.05
aprendiendo,4.1,es,wordfreq,0,3.55
aprendizaje,4.38,es,wordfreq,0,5.2
aprendió,3.92,es,wordfreq,0,2.9
aprendí,4.22,es,wordfreq,1,2.7
aprobación,4.48,es,wordfreq,0,3.6
aprobada,4.11,es,wordfreq,1,3.1
aprobado,4.36,es,wordfreq,1,2.6
aprobar,4.18,es,wordfreq,0,2.65
aprobó,4.22,es,wordfreq,0,2.85
apropiada,3.81,es,wordfreq,1,3.5
apropiado,4.1,es,wordfreq,1,3.3
aprovecha,4.05,es,wordfreq,0,3.6
aprovechando,4.06,es,wordfreq,0,5.0
aprovechar,4.33,es,wordfreq,0,4.0
aproximación,3.81,es,wordfreq,0,4.5
aproximadamente,4.69,es,wordfreq,0,6.55
aprueba,4.09,es,wordfreq,0,2.9
apuesta,4.25,es,wordfreq,1,2.25
apuestas,4.0,es,wordfreq,0,2.6
apuesto,3.92,es,wordfreq,2,2.3
apunta,4.21,es,wordfreq,0,2.3
apuntes,3.85,es,wordfreq,0,2.55
aquel,4.87,es,wordfreq,0,2.15
aquella,4.68,es,wordfreq,1,2.6
aquellas,4.55,es,wordfreq,1,2.75
aquello,4.51,es,wordfreq,1,2.6
aquellos,5.09,es,wordfreq,1,2.85
aqui,4.96,es,wordfreq,1,2.0
aquí,5.75,es,wordfreq,1,2.2
ar,3.97,es,wordfreq,21,1.0
arabia,3.97,es,wordfreq,0,2.55
aragón,4.21,es,wordfreq,1,2.65
araña,3.9,es,wordfreq,0,2.0
archivo,4.62,es,wordfreq,0,3.35
archivos,4.52,es,wordfreq,0,3.55
arco,4.35,es,wordfreq,1,1.8
arcos,3.82,es,wordfreq,0,1.85
are,4.07,es,wordfreq,3,1.5
area,3.87,es,wordfreq,3,1.6
arena,4.55,es,wordfreq,1,1.85
arenas,3.85,es,wordfreq,2,1.85
argelia,3.87,es,wordfreq,0,2.95
argentina,5.38,es,wordfreq,1,3.4
argentinas,3.98,es,wordfreq,1,3.75
argentino,4.83,es,wordfreq,1,3.55
argentinos,4.4,es,wordfreq,1,3.75
argumento,4.55,es,wordfreq,0,3.25
argumentos,4.41,es,wordfreq,0,3.5
arias,3.94,es,wordfreq,2,1.85
ariel,3.82,es,wordfreq,0,2.15
arma,4.65,es,wordfreq,2,1.7
armada,4.43,es,wordfreq,1,2.05
armadas,4.34,es,wordfreq,1,2.6
armado,4.31,es,wordfreq,1,1.8
armados,4.17,es,wordfreq,1,2.4
armando,4.08,es,wordfreq,0,2.3
armar,3.96,es,wordfreq,1,1.85
armario,3.86,es,wordfreq,0,2.7
armas,5.05,es,wordfreq,3,1.75
armenia,3.9,es,wordfreq,0,2.8
armonía,4.1,es,wordfreq,0,3.2
arquitecto,4.07,es,wordfreq,0,4.85
arquitectura,4.42,es,wordfreq,0,6.05
arranca,3.98,es,wordfreq,0,2.9
arrancar,3.95,es,wordfreq,0,3.5
arranque,3.96,es,wordfreq,0,3.75
arreglar,4.34,es,wordfreq,0,3.25
arreglo,4.15,es,wordfreq,0,2.8
arreglos,3.9,es,wordfreq,0,3.4
arrestado,3.98,es,wordfreq,0,3.5
arresto,4.09,es,wordfreq,0,2.75
arriba,5.07,es,wordfreq,0,2.95
arroyo,4.08,es,wordfreq,0,2.9
arroz,4.39,es,wordfreq,0,2.65
arsenal,3.9,es,wordfreq,0,2.9
art,4.58,es,wordfreq,1,1.65
arte,5.13,es,wordfreq,3,1.55
artes,4.58,es,wordfreq,1,1.75
arthur,4.0,es,wordfreq,0,3.1
articulo,4.28,es,wordfreq,1,3.55
artificial,4.14,es,wordfreq,0,4.7
artificiales,4.0,es,wordfreq,0,4.95
artillería,3.99,es,wordfreq,0,4.85
artista,4.72,es,wordfreq,0,2.85
artistas,4.72,es,wordfreq,0,2.9
arts,3.92,es,wordfreq,1,1.85
arturo,4.15,es,wordfreq,0,2.85
artículo,5.37,es,wordfreq,1,3.45
artículos,4.94,es,wordfreq,0,3.55
artística,4.18,es,wordfreq,1,3.45
artísticas,3.82,es,wordfreq,0,3.85
artístico,4.11,es,wordfreq,1,3.5
arzobispo,4.07,es,wordfreq,0,4.85
as,4.66,es,wordfreq,23,1.0
asado,3.85,es,wordfreq,3,1.7
asalto,4.2,es,wordfreq,0,2.35
asamblea,4.82,es,wordfreq,0,3.8
asambleas,3.88,es,wordfreq,0,3.95
ascenso,4.18,es,wordfreq,0,2.65
ascensor,3.86,es,wordfreq,0,3.35
asco,4.37,es,wordfreq,1,1.85
asegura,4.34,es,wordfreq,2,2.3
asegurado,3.96,es,wordfreq,0,3.05
aseguran,3.92,es,wordfreq,1,2.85
asegurar,4.53,es,wordfreq,1,2.75
asegurarse,4.02,es,wordfreq,0,4.2
aseguro,4.08,es,wordfreq,2,2.4
aseguró,4.13,es,wordfreq,2,2.65
asesinada,3.87,es,wordfreq,1,3.3
asesinado,4.4,es,wordfreq,2,2.85
asesinados,4.07,es,wordfreq,1,3.2
asesinar,3.89,es,wordfreq,0,3.3
asesinato,4.71,es,wordfreq,1,3.25
asesinatos,4.24,es,wordfreq,1,3.7
asesino,4.35,es,wordfreq,0,2.75
asesinos,4.24,es,wordfreq,0,3.0
asesor,4.17,es,wordfreq,0,2.85
asesores,3.9,es,wordfreq,0,3.25
asi,5.21,es,wordfreq,3,1.6
asia,4.52,es,wordfreq,0,1.95
asiento,4.35,es,wordfreq,1,2.05
asientos,4.18,es,wordfreq,0,2.3
asignación,3.96,es,wordfreq,0,3.5
asignado,3.86,es,wordfreq,0,3.15
asilo,4.01,es,wordfreq,0,2.0
asimismo,4.64,es,wordfreq,0,3.85
asistencia,4.63,es,wordfreq,0,3.5
asistente,4.21,es,wordfreq,0,3.4
asistentes,4.12,es,wordfreq,0,3.55
asistieron,3.81,es,wordfreq,0,4.05
asistir,4.3,es,wordfreq,1,2.75
asistió,3.9,es,wordfreq,1,2.95
asiático,3.97,es,wordfreq,0,3.65
asociaciones,4.3,es,wordfreq,0,3.8
asociación,4.91,es,wordfreq,0,3.65
asociada,3.92,es,wordfreq,1,3.2
asociadas,3.83,es,wordfreq,1,3.4
asociado,4.16,es,wordfreq,1,2.75
asociados,4.18,es,wordfreq,1,3.05
aspecto,4.71,es,wordfreq,0,2.7
aspectos,4.72,es,wordfreq,0,2.85
aspiraciones,3.83,es,wordfreq,0,3.7
asqueroso,3.83,es,wordfreq,0,4.0
asturias,4.17,es,wordfreq,0,3.15
asume,4.09,es,wordfreq,0,2.5
asumir,4.35,es,wordfreq,1,2.7
asumió,3.88,es,wordfreq,1,2.8
asunción,3.99,es,wordfreq,0,2.8
asunto,4.94,es,wordfreq,0,2.25
asuntos,4.78,es,wordfreq,0,2.5
asusta,3.83,es,wordfreq,0,2.5
así,6.12,es,wordfreq,2,1.8
at,4.2,es,wordfreq,18,1.05
ataca,4.04,es,wordfreq,1,1.85
atacado,3.96,es,wordfreq,0,2.45
atacan,3.93,es,wordfreq,1,2.45
atacando,3.85,es,wordfreq,0,2.75
atacar,4.4,es,wordfreq,1,2.4
atacaron,3.84,es,wordfreq,0,3.1
atacó,3.98,es,wordfreq,1,2.6
atado,3.81,es,wordfreq,2,1.85
ataque,4.92,es,wordfreq,0,2.7
ataques,4.55,es,wordfreq,0,2.9
atenas,3.87,es,wordfreq,2,1.9
atencion,4.01,es,wordfreq,1,3.0
atención,5.26,es,wordfreq,1,2.6
atender,4.34,es,wordfreq,0,2.65
atendiendo,3.82,es,wordfreq,0,3.45
atentado,4.17,es,wordfreq,0,2.6
atentados,3.9,es,wordfreq,0,2.75
atento,4.0,es,wordfreq,1,1.9
atentos,3.91,es,wordfreq,0,2.1
atiende,3.92,es,wordfreq,0,2.5
atlas,3.83,es,wordfreq,2,1.85
atleta,3.83,es,wordfreq,0,2.8
atletas,4.07,es,wordfreq,0,2.65
atlántico,4.0,es,wordfreq,0,3.7
atlético,4.09,es,wordfreq,0,3.55
atmósfera,4.22,es,wordfreq,0,4.9
atracción,4.04,es,wordfreq,0,2.9
atractiva,3.87,es,wordfreq,1,3.6
atractivo,4.19,es,wordfreq,1,3.7
atrae,3.98,es,wordfreq,1,2.0
atraer,4.1,es,wordfreq,0,2.6
atrapado,3.85,es,wordfreq,0,2.9
atrapados,3.84,es,wordfreq,0,3.45
atras,4.02,es,wordfreq,4,1.75
atravesar,3.81,es,wordfreq,0,3.85
atraviesa,3.91,es,wordfreq,0,4.0
atribuye,3.87,es,wordfreq,0,3.95
atrás,4.98,es,wordfreq,1,2.3
au,3.95,es,wordfreq,21,1.0
audiencia,4.68,es,wordfreq,0,3.5
audiencias,3.86,es,wordfreq,0,3.75
audio,4.46,es,wordfreq,0,2.1
auditorio,3.85,es,wordfreq,0,4.0
auge,3.97,es,wordfreq,0,2.0
augusto,3.96,es,wordfreq,0,2.9
aula,3.95,es,wordfreq,1,1.8
aulas,3.83,es,wordfreq,1,1.85
aumenta,4.42,es,wordfreq,2,2.25
aumentado,4.02,es,wordfreq,0,2.7
aumentan,4.01,es,wordfreq,1,2.5
aumentando,4.09,es,wordfreq,0,3.4
aumentar,4.62,es,wordfreq,1,2.45
aumento,4.89,es,wordfreq,2,1.95
aumentos,3.86,es,wordfreq,0,2.4
aumentó,4.1,es,wordfreq,2,2.55
aun,5.15,es,wordfreq,4,1.65
aunque,5.78,es,wordfreq,0,2.75
aurora,3.84,es,wordfreq,1,2.75
ausencia,4.54,es,wordfreq,0,2.85
ausente,3.88,es,wordfreq,0,2.65
australia,4.49,es,wordfreq,0,3.95
austria,4.02,es,wordfreq,0,2.9
auto,5.0,es,wordfreq,3,1.75
autobuses,4.04,es,wordfreq,0,4.45
autobús,4.31,es,wordfreq,0,3.4
autoestima,3.87,es,wordfreq,0,4.65
automática,3.83,es,wordfreq,1,3.9
automáticamente,4.17,es,wordfreq,0,6.4
automático,3.95,es,wordfreq,1,4.05
automóvil,4.02,es,wordfreq,0,4.75
automóviles,3.93,es,wordfreq,0,5.45
autonomía,4.34,es,wordfreq,0,4.2
autopista,4.15,es,wordfreq,0,3.8
autor,5.07,es,wordfreq,2,1.8
autora,4.13,es,wordfreq,1,2.45
autores,4.69,es,wordfreq,1,2.5
autoridad,4.75,es,wordfreq,0,3.6
autoridades,4.88,es,wordfreq,0,4.3
autorización,4.39,es,wordfreq,0,4.6
autorizado,3.99,es,wordfreq,0,4.05
autos,4.57,es,wordfreq,4,1.75
auténtica,4.02,es,wordfreq,1,3.7
auténtico,4.1,es,wordfreq,1,3.6
autónoma,4.3,es,wordfreq,1,3.85
autónomo,3.88,es,wordfreq,1,4.0
auxiliar,3.96,es,wordfreq,0,3.7
auxilio,3.98,es,wordfreq,0,3.3
av,4.2,es,wordfreq,17,1.1
avance,4.44,es,wordfreq,0,2.65
avances,4.19,es,wordfreq,0,2.85
avanza,4.05,es,wordfreq,0,2.45
avanzada,4.08,es,wordfreq,1,3.25
avanzado,4.04,es,wordfreq,1,2.85
avanzando,3.96,es,wordfreq,0,3.3
avanzar,4.25,es,wordfreq,0,2.7
ave,4.12,es,wordfreq,1,1.7
avenida,4.39,es,wordfreq,0,2.9
aventura,4.39,es,wordfreq,0,3.0
aventuras,4.14,es,wordfreq,0,3.25
averiguar,4.12,es,wordfreq,0,4.3
aves,4.26,es,wordfreq,0,1.85
aviación,3.85,es,wordfreq,0,2.75
aviones,4.36,es,wordfreq,0,2.75
avisar,3.89,es,wordfreq,0,2.75
aviso,4.51,es,wordfreq,0,2.0
avisos,3.81,es,wordfreq,0,2.4
avión,4.69,es,wordfreq,0,2.55
ay,4.75,es,wordfreq,15,1.0
ayer,5.09,es,wordfreq,0,2.0
ayuda,5.33,es,wordfreq,3,1.8
ayudado,4.11,es,wordfreq,0,2.55
ayudan,4.29,es,wordfreq,3,2.15
ayudando,4.18,es,wordfreq,0,2.75
ayudante,4.02,es,wordfreq,1,2.8
ayudar,5.06,es,wordfreq,2,2.1
ayudarte,4.04,es,wordfreq,1,3.05
ayudará,4.11,es,wordfreq,0,2.75
ayudas,4.25,es,wordfreq,2,2.15
ayude,4.21,es,wordfreq,3,2.25
ayuden,3.96,es,wordfreq,1,2.55
ayudo,3.88,es,wordfreq,3,1.9
ayudó,4.28,es,wordfreq,3,2.5
ayuntamiento,4.63,es,wordfreq,0,4.1
ayuntamientos,3.91,es,wordfreq,0,4.55
azar,4.15,es,wordfreq,1,1.95
azteca,3.86,es,wordfreq,0,2.9
azul,4.83,es,wordfreq,0,2.25
azules,4.19,es,wordfreq,0,2.85
azúcar,4.46,es,wordfreq,0,2.9
aérea,4.23,es,wordfreq,1,1.95
aéreo,4.11,es,wordfreq,1,2.45
añade,4.25,es,wordfreq,0,2.55
añadido,4.08,es,wordfreq,0,2.9
añadir,4.21,es,wordfreq,1,2.75
añadió,4.18,es,wordfreq,1,2.8
año,5.88,es,wordfreq,3,1.7
años,6.12,es,wordfreq,1,1.8
aún,5.52,es,wordfreq,2,1.85
ba,3.89,es,wordfreq,19,1.0
baby,4.1,es,wordfreq,0,1.95
bachillerato,3.9,es,wordfreq,0,6.15
back,3.92,es,wordfreq,2,1.85
bacterias,3.82,es,wordfreq,0,3.4
bad,3.88,es,wordfreq,2,1.75
bahía,4.19,es,wordfreq,0,2.05
baila,3.84,es,wordfreq,1,1.85
bailando,4.03,es,wordfreq,0,2.9
bailar,4.44,es,wordfreq,0,2.45
baile,4.5,es,wordfreq,1,1.9
bailes,3.85,es,wordfreq,0,2.05
baja,5.07,es,wordfreq,8,1.5
bajado,3.85,es,wordfreq,1,1.9
bajando,4.0,es,wordfreq,0,2.4
bajar,4.63,es,wordfreq,1,1.9
bajas,4.43,es,wordfreq,4,1.75
baje,3.97,es,wordfreq,4,1.8
bajo,5.59,es,wordfreq,4,1.65
bajos,4.55,es,wordfreq,2,1.85
bajó,4.04,es,wordfreq,3,1.85
bala,4.11,es,wordfreq,6,1.5
balance,4.16,es,wordfreq,0,2.8
balas,4.14,es,wordfreq,4,1.7
balcón,3.87,es,wordfreq,0,2.85
baloncesto,4.04,es,wordfreq,0,4.8
balón,4.11,es,wordfreq,1,1.9
banca,4.29,es,wordfreq,2,1.85
bancaria,3.92,es,wordfreq,1,3.4
bancario,3.84,es,wordfreq,1,3.4
banco,5.04,es,wordfreq,3,1.75
bancos,4.57,es,wordfreq,2,1.8
banda,4.99,es,wordfreq,3,1.75
bandas,4.37,es,wordfreq,1,1.85
bandera,4.69,es,wordfreq,0,2.65
banderas,4.16,es,wordfreq,0,2.75
bando,4.03,es,wordfreq,4,1.7
bandos,3.84,es,wordfreq,2,1.85
bang,3.81,es,wordfreq,0,2.0
bar,4.53,es,wordfreq,5,1.65
barata,4.02,es,wordfreq,1,2.1
baratas,3.81,es,wordfreq,1,2.4
barato,4.27,es,wordfreq,1,2.0
baratos,4.0,es,wordfreq,1,2.4
barba,4.14,es,wordfreq,1,1.95
barcelona,4.96,es,wordfreq,0,4.45
barco,4.52,es,wordfreq,3,1.75
barcos,4.25,es,wordfreq,2,1.8
bares,4.0,es,wordfreq,2,1.9
barra,4.31,es,wordfreq,3,1.8
barras,3.99,es,wordfreq,0,1.95
barrera,4.11,es,wordfreq,1,2.5
barreras,3.95,es,wordfreq,1,2.65
barrio,4.85,es,wordfreq,0,2.4
barrios,4.41,es,wordfreq,0,2.6
barro,4.05,es,wordfreq,4,1.75
basa,4.33,es,wordfreq,8,1.5
basada,4.41,es,wordfreq,3,1.8
basadas,3.95,es,wordfreq,2,2.3
basado,4.49,es,wordfreq,4,1.7
basados,4.07,es,wordfreq,3,1.95
basan,3.82,es,wordfreq,1,1.9
base,5.28,es,wordfreq,4,1.75
bases,4.68,es,wordfreq,4,1.75
basta,4.77,es,wordfreq,3,1.8
bastante,5.24,es,wordfreq,0,3.1
bastantes,4.02,es,wordfreq,0,3.3
basura,4.74,es,wordfreq,0,2.65
basándose,3.83,es,wordfreq,0,4.2
batalla,4.81,es,wordfreq,0,2.65
batallas,4.08,es,wordfreq,0,2.75
batallón,3.88,es,wordfreq,0,3.55
batería,4.42,es,wordfreq,0,2.7
baterías,3.87,es,wordfreq,0,2.8
batman,4.03,es,wordfreq,0,2.85
bautista,3.93,es,wordfreq,0,3.65
bay,3.81,es,wordfreq,9,1.35
baño,4.8,es,wordfreq,2,1.8
baños,4.14,es,wordfreq,2,1.8
bbc,4.05,es,wordfreq,1,1.95
be,4.21,es,wordfreq,21,1.0
beach,3.83,es,wordfreq,0,2.85
beatriz,3.86,es,wordfreq,0,3.55
bebe,4.3,es,wordfreq,2,1.85
beber,4.3,es,wordfreq,1,2.05
bebida,4.16,es,wordfreq,0,2.65
bebidas,4.17,es,wordfreq,0,2.8
bebé,4.7,es,wordfreq,1,1.9
bebés,4.22,es,wordfreq,0,2.5
beca,4.13,es,wordfreq,3,1.8
becas,4.16,es,wordfreq,1,1.9
belgrano,4.01,es,wordfreq,0,3.75
bell,3.81,es,wordfreq,1,1.85
bella,4.49,es,wordfreq,2,1.75
bellas,4.29,es,wordfreq,0,1.9
belleza,4.73,es,wordfreq,0,3.05
bello,4.33,es,wordfreq,2,1.8
belén,3.84,es,wordfreq,0,2.6
ben,4.41,es,wordfreq,5,1.55
bendición,4.0,es,wordfreq,1,3.35
bendiga,3.9,es,wordfreq,0,3.0
beneficio,4.62,es,wordfreq,0,4.05
beneficios,4.7,es,wordfreq,0,4.3
benito,4.02,es,wordfreq,1,2.5
berlín,4.2,es,wordfreq,0,2.95
bernardo,4.02,es,wordfreq,0,3.4
beso,4.44,es,wordfreq,2,1.8
besos,4.12,es,wordfreq,1,1.85
best,3.9,es,wordfreq,3,1.8
bestia,4.07,es,wordfreq,0,2.65
beta,3.86,es,wordfreq,3,1.8
biblia,4.27,es,wordfreq,0,2.95
bibliografía,4.02,es,wordfreq,0,6.05
biblioteca,4.69,es,wordfreq,0,5.15
bibliotecas,4.08,es,wordfreq,0,5.4
bicho,3.82,es,wordfreq,1,1.95
bici,4.05,es,wordfreq,0,2.0
bicicleta,4.31,es,wordfreq,0,4.65
bicicletas,3.83,es,wordfreq,0,4.7
bien,6.11,es,wordfreq,2,1.85
bienes,4.68,es,wordfreq,2,1.9
bienestar,4.47,es,wordfreq,0,3.95
bienvenida,4.42,es,wordfreq,1,4.6
bienvenido,4.34,es,wordfreq,1,3.9
bienvenidos,4.22,es,wordfreq,0,4.55
big,4.25,es,wordfreq,1,1.95
bilbao,4.1,es,wordfreq,0,3.0
bill,4.13,es,wordfreq,3,1.8
billete,4.04,es,wordfreq,0,3.4
billetes,4.19,es,wordfreq,0,3.4
billones,3.82,es,wordfreq,1,3.4
billy,3.82,es,wordfreq,0,2.45
bio,3.81,es,wordfreq,7,1.55
biografía,3.97,es,wordfreq,0,4.4
biología,4.01,es,wordfreq,0,3.75
bla,4.04,es,wordfreq,2,1.7
black,4.3,es,wordfreq,0,2.4
blanca,4.79,es,wordfreq,1,2.1
blancas,4.22,es,wordfreq,1,2.5
blanco,5.09,es,wordfreq,1,2.15
blancos,4.5,es,wordfreq,1,2.4
blog,4.73,es,wordfreq,0,2.0
blogs,3.89,es,wordfreq,0,2.8
bloque,4.28,es,wordfreq,0,2.45
bloqueado,3.84,es,wordfreq,0,3.9
bloquear,4.02,es,wordfreq,0,3.6
bloqueo,4.23,es,wordfreq,1,2.9
bloques,3.99,es,wordfreq,1,2.6
blue,4.04,es,wordfreq,0,2.0
bo,3.96,es,wordfreq,17,1.0
bob,4.24,es,wordfreq,2,1.85
boca,5.03,es,wordfreq,8,1.6
boda,4.41,es,wordfreq,5,1.7
bodas,4.04,es,wordfreq,3,1.8
bodega,3.83,es,wordfreq,0,2.85
bogotá,4.54,es,wordfreq,0,3.4
bola,4.43,es,wordfreq,7,1.45
bolas,4.35,es,wordfreq,5,1.6
boleto,3.92,es,wordfreq,0,2.55
boletos,3.93,es,wordfreq,0,2.8
boletín,4.09,es,wordfreq,0,3.6
bolivia,4.67,es,wordfreq,0,2.85
boliviano,3.9,es,wordfreq,0,4.1
bolsa,4.64,es,wordfreq,1,1.85
bolsas,4.24,es,wordfreq,0,2.15
bolsillo,4.31,es,wordfreq,0,3.7
bolsillos,4.02,es,wordfreq,0,4.05
bolso,4.01,es,wordfreq,1,1.95
boludo,4.03,es,wordfreq,0,2.75
bolívar,4.37,es,wordfreq,0,3.0
bomba,4.52,es,wordfreq,0,2.15
bombardeo,3.83,es,wordfreq,0,3.95
bombas,4.27,es,wordfreq,0,2.45
bomberos,4.16,es,wordfreq,0,3.35
bondad,3.85,es,wordfreq,0,2.55
bonita,4.5,es,wordfreq,1,2.6
bonitas,4.03,es,wordfreq,1,2.7
bonito,4.66,es,wordfreq,2,2.35
bonitos,3.88,es,wordfreq,1,2.45
bono,3.96,es,wordfreq,3,1.8
bonos,4.08,es,wordfreq,1,1.9
boom,3.92,es,wordfreq,0,2.0
borde,4.36,es,wordfreq,1,1.95
bordo,4.26,es,wordfreq,2,1.9
borges,3.86,es,wordfreq,0,2.7
borracho,4.04,es,wordfreq,0,3.8
borrador,3.87,es,wordfreq,0,3.05
borrar,4.13,es,wordfreq,0,2.3
bosque,4.57,es,wordfreq,1,2.55
bosques,4.28,es,wordfreq,0,2.65
boston,4.05,es,wordfreq,0,2.8
bot,3.95,es,wordfreq,4,1.7
botas,4.07,es,wordfreq,4,1.8
bote,4.02,es,wordfreq,3,1.8
botella,4.34,es,wordfreq,0,2.8
botellas,4.03,es,wordfreq,0,2.95
botones,3.86,es,wordfreq,0,2.9
botón,4.2,es,wordfreq,0,2.5
boxeo,3.95,es,wordfreq,0,2.75
boy,4.17,es,wordfreq,8,1.5
brasil,5.0,es,wordfreq,0,3.0
brasileña,3.99,es,wordfreq,1,4.45
brasileño,4.22,es,wordfreq,1,4.3
bravo,4.33,es,wordfreq,1,1.95
brazo,4.53,es,wordfreq,1,1.85
brazos,4.64,es,wordfreq,0,2.05
brecha,3.96,es,wordfreq,0,2.6
bretaña,4.14,es,wordfreq,0,3.35
breve,4.66,es,wordfreq,0,2.15
brevemente,3.9,es,wordfreq,0,3.65
breves,3.84,es,wordfreq,0,2.5
brian,4.1,es,wordfreq,0,2.5
brigada,3.94,es,wordfreq,0,2.85
brillante,4.42,es,wordfreq,0,3.8
brillantes,4.04,es,wordfreq,0,4.05
brillo,3.99,es,wordfreq,0,2.7
brinda,4.1,es,wordfreq,0,2.55
brindar,4.02,es,wordfreq,0,2.9
británica,4.14,es,wordfreq,1,3.75
británico,4.32,es,wordfreq,1,3.8
británicos,3.99,es,wordfreq,0,4.45
bro,3.81,es,wordfreq,3,1.8
broma,4.46,es,wordfreq,0,1.9
bromas,4.02,es,wordfreq,0,2.0
bronca,4.02,es,wordfreq,1,2.45
bronce,4.11,es,wordfreq,1,2.7
brown,4.14,es,wordfreq,0,2.75
bruce,3.94,es,wordfreq,1,2.35
bruja,3.86,es,wordfreq,0,2.3
brujas,3.9,es,wordfreq,0,2.55
bruno,3.99,es,wordfreq,1,2.1
bruselas,3.97,es,wordfreq,0,3.75
brutal,4.18,es,wordfreq,0,2.6
bruto,4.0,es,wordfreq,2,1.9
bs,4.13,es,wordfreq,14,1.25
buen,5.52,es,wordfreq,1,1.8
buena,5.57,es,wordfreq,2,1.8
buenas,5.22,es,wordfreq,1,1.9
bueno,5.7,es,wordfreq,1,1.85
buenos,5.43,es,wordfreq,1,1.9
bulgaria,3.87,es,wordfreq,0,3.9
buque,4.06,es,wordfreq,1,2.3
buques,4.04,es,wordfreq,0,2.6
burgos,4.08,es,wordfreq,0,2.3
burla,4.06,es,wordfreq,0,2.0
burro,3.86,es,wordfreq,1,1.95
bus,4.22,es,wordfreq,2,1.75
busca,5.05,es,wordfreq,2,1.75
buscaba,4.14,es,wordfreq,0,2.65
buscado,4.07,es,wordfreq,0,2.35
buscamos,4.15,es,wordfreq,0,2.9
buscan,4.6,es,wordfreq,2,2.3
buscando,4.94,es,wordfreq,0,2.8
buscar,5.08,es,wordfreq,2,2.3
buscas,4.27,es,wordfreq,2,2.15
busco,4.31,es,wordfreq,2,1.9
buscó,3.91,es,wordfreq,2,2.45
bush,3.91,es,wordfreq,0,1.95
busque,4.02,es,wordfreq,1,2.45
busquen,3.85,es,wordfreq,0,2.95
by,4.55,es,wordfreq,6,1.6
bárbara,3.87,es,wordfreq,0,3.55
básica,4.39,es,wordfreq,1,2.45
básicamente,4.38,es,wordfreq,0,3.95
básicas,4.2,es,wordfreq,1,2.65
básico,4.34,es,wordfreq,1,2.45
básicos,4.38,es,wordfreq,1,2.6
béisbol,3.95,es,wordfreq,0,3.95
bélgica,4.01,es,wordfreq,0,3.6
búsqueda,4.74,es,wordfreq,0,3.7
ca,4.25,es,wordfreq,22,1.0
caballero,4.53,es,wordfreq,0,3.5
caballeros,4.35,es,wordfreq,0,3.95
caballería,3.94,es,wordfreq,0,4.25
caballo,4.56,es,wordfreq,1,2.7
caballos,4.37,es,wordfreq,0,3.0
cabe,4.63,es,wordfreq,3,1.7
cabecera,3.89,es,wordfreq,0,3.35
cabello,4.54,es,wordfreq,1,2.6
cabeza,5.34,es,wordfreq,0,2.6
cabezas,4.33,es,wordfreq,0,2.85
cabildo,3.98,es,wordfreq,0,2.75
cabina,3.9,es,wordfreq,1,1.95
cable,4.43,es,wordfreq,2,1.8
cables,4.1,es,wordfreq,2,1.85
cabo,5.14,es,wordfreq,5,1.7
cabra,3.85,es,wordfreq,1,1.85
cabrera,3.93,es,wordfreq,1,2.55
cabrones,3.81,es,wordfreq,0,2.8
cabrón,4.14,es,wordfreq,0,2.25
cada,5.9,es,wordfreq,10,1.45
cadena,4.75,es,wordfreq,0,2.3
cadenas,4.29,es,wordfreq,0,2.55
cadáver,4.11,es,wordfreq,0,3.6
cadáveres,4.01,es,wordfreq,0,4.3
cae,4.63,es,wordfreq,4,1.5
caen,4.21,es,wordfreq,2,1.8
caer,4.72,es,wordfreq,1,1.9
cafe,3.81,es,wordfreq,2,1.85
café,4.81,es,wordfreq,1,1.95
caga,3.96,es,wordfreq,12,1.25
cagar,4.04,es,wordfreq,2,1.8
cago,4.0,es,wordfreq,10,1.45
caiga,4.09,es,wordfreq,1,1.9
caja,4.82,es,wordfreq,11,1.4
cajas,4.34,es,wordfreq,5,1.7
cajón,3.88,es,wordfreq,1,1.95
cal,3.96,es,wordfreq,8,1.3
calcula,3.88,es,wordfreq,0,2.8
calcular,3.95,es,wordfreq,0,3.0
calderón,4.27,es,wordfreq,0,3.75
calendario,4.26,es,wordfreq,0,4.25
calentamiento,3.83,es,wordfreq,0,4.35
cali,3.98,es,wordfreq,2,1.8
calibre,3.89,es,wordfreq,0,2.85
calidad,5.12,es,wordfreq,1,2.45
caliente,4.59,es,wordfreq,1,2.45
calientes,4.0,es,wordfreq,1,2.5
calificación,4.08,es,wordfreq,0,3.8
calificado,3.87,es,wordfreq,0,3.95
california,4.49,es,wordfreq,0,4.95
call,3.81,es,wordfreq,4,1.6
calla,3.88,es,wordfreq,5,1.6
callado,3.92,es,wordfreq,2,2.35
callar,3.88,es,wordfreq,2,1.85
calle,5.27,es,wordfreq,3,1.75
calles,4.89,es,wordfreq,2,1.85
calma,4.35,es,wordfreq,2,1.8
calor,4.76,es,wordfreq,2,1.9
calvo,3.89,es,wordfreq,1,1.95
cama,4.89,es,wordfreq,15,1.1
camara,3.93,es,wordfreq,1,1.95
camarada,3.88,es,wordfreq,0,2.95
camas,3.88,es,wordfreq,7,1.55
cambia,4.64,es,wordfreq,3,1.9
cambiado,4.61,es,wordfreq,0,2.5
cambian,4.23,es,wordfreq,1,2.2
cambiando,4.3,es,wordfreq,0,2.8
cambiar,5.11,es,wordfreq,1,2.35
cambiaron,4.02,es,wordfreq,0,3.3
cambiará,3.82,es,wordfreq,0,3.1
cambie,4.17,es,wordfreq,3,2.3
cambio,5.43,es,wordfreq,3,2.25
cambios,4.95,es,wordfreq,0,2.45
cambió,4.46,es,wordfreq,3,2.5
camina,3.99,es,wordfreq,3,1.8
caminando,4.35,es,wordfreq,0,3.1
caminar,4.55,es,wordfreq,0,2.5
camino,5.28,es,wordfreq,2,2.1
caminos,4.45,es,wordfreq,0,2.4
camiones,4.15,es,wordfreq,0,2.55
camioneta,4.05,es,wordfreq,0,3.7
camisa,4.19,es,wordfreq,1,2.1
camiseta,4.31,es,wordfreq,0,3.4
camisetas,3.94,es,wordfreq,0,3.65
camión,4.24,es,wordfreq,0,2.1
campamento,4.28,es,wordfreq,0,3.9
campana,3.94,es,wordfreq,1,2.7
campaña,5.1,es,wordfreq,1,2.55
campañas,4.44,es,wordfreq,0,2.8
campeonato,4.34,es,wordfreq,0,4.5
campeones,4.14,es,wordfreq,0,3.45
campesinos,4.19,es,wordfreq,0,4.2
campeón,4.58,es,wordfreq,0,2.95
campo,5.18,es,wordfreq,0,1.95
campos,4.69,es,wordfreq,1,2.05
campus,4.17,es,wordfreq,1,2.75
can,4.13,es,wordfreq,14,1.0
canadiense,3.99,es,wordfreq,0,4.6
canadá,4.46,es,wordfreq,0,2.65
canal,4.95,es,wordfreq,0,2.0
canales,4.55,es,wordfreq,0,2.55
canaria,3.88,es,wordfreq,0,2.75
canarias,4.16,es,wordfreq,0,2.9
cancelación,3.85,es,wordfreq,0,3.85
cancelar,4.0,es,wordfreq,0,3.35
cancer,3.81,es,wordfreq,1,2.3
cancha,4.26,es,wordfreq,2,2.35
canciller,4.0,es,wordfreq,0,3.85
canciones,4.82,es,wordfreq,1,2.7
canción,5.06,es,wordfreq,1,2.6
candidata,4.01,es,wordfreq,1,3.65
candidato,4.78,es,wordfreq,1,3.5
candidatos,4.63,es,wordfreq,0,3.75
candidatura,4.27,es,wordfreq,0,5.05
canon,3.81,es,wordfreq,0,2.0
cansada,4.12,es,wordfreq,1,2.55
cansado,4.3,es,wordfreq,2,1.9
cansancio,3.88,es,wordfreq,0,3.7
canta,4.24,es,wordfreq,5,1.65
cantabria,3.81,es,wordfreq,0,3.6
cantando,4.15,es,wordfreq,1,2.45
cantante,4.47,es,wordfreq,0,2.85
cantar,4.43,es,wordfreq,2,1.85
cantidad,5.2,es,wordfreq,0,2.75
cantidades,4.34,es,wordfreq,0,3.6
canto,4.36,es,wordfreq,3,1.8
caos,4.29,es,wordfreq,0,1.9
cap,4.0,es,wordfreq,5,1.6
capa,4.35,es,wordfreq,12,1.25
capaces,4.55,es,wordfreq,0,2.8
capacidad,5.03,es,wordfreq,0,3.5
capacidades,4.15,es,wordfreq,0,4.25
capacitación,4.23,es,wordfreq,0,4.55
capas,4.16,es,wordfreq,8,1.55
capaz,4.98,es,wordfreq,1,1.9
capilla,4.1,es,wordfreq,0,2.9
capital,5.25,es,wordfreq,0,2.8
capitales,4.1,es,wordfreq,0,3.2
capitalismo,4.19,es,wordfreq,0,4.75
capitalista,4.04,es,wordfreq,0,4.55
capitulo,4.01,es,wordfreq,1,3.4
capitán,4.75,es,wordfreq,0,3.55
captar,3.88,es,wordfreq,1,1.95
captura,4.25,es,wordfreq,0,2.5
capturado,3.85,es,wordfreq,0,3.7
capturar,3.91,es,wordfreq,0,2.8
capítulo,4.66,es,wordfreq,1,3.55
capítulos,4.22,es,wordfreq,0,3.75
cara,5.27,es,wordfreq,16,1.0
caracas,4.59,es,wordfreq,0,2.7
caracteres,4.1,es,wordfreq,0,3.95
caracteriza,4.11,es,wordfreq,0,4.65
característica,4.27,es,wordfreq,0,6.2
características,4.8,es,wordfreq,0,6.7
carajo,4.62,es,wordfreq,0,2.35
caras,4.42,es,wordfreq,6,1.5
caravana,3.83,es,wordfreq,0,3.45
carbono,4.09,es,wordfreq,0,2.95
carbón,4.23,es,wordfreq,1,2.45
cardenal,4.13,es,wordfreq,0,2.9
carece,4.0,es,wordfreq,1,2.05
carecen,3.86,es,wordfreq,1,2.2
carga,4.77,es,wordfreq,4,1.6
cargado,3.99,es,wordfreq,0,1.95
cargando,3.84,es,wordfreq,0,2.6
cargar,4.19,es,wordfreq,1,1.85
cargas,4.07,es,wordfreq,5,1.65
cargo,5.15,es,wordfreq,3,1.7
cargos,4.68,es,wordfreq,4,1.7
caribe,4.4,es,wordfreq,0,2.65
caridad,4.17,es,wordfreq,1,2.6
cariño,4.59,es,wordfreq,0,2.5
carl,3.97,es,wordfreq,4,1.75
carlos,5.09,es,wordfreq,2,1.85
carmen,4.38,es,wordfreq,0,2.25
carnaval,4.25,es,wordfreq,0,3.75
carne,4.83,es,wordfreq,0,2.0
caro,4.39,es,wordfreq,10,1.3
carolina,4.12,es,wordfreq,0,3.0
caros,3.84,es,wordfreq,3,1.55
carpeta,3.81,es,wordfreq,0,2.8
carrera,5.1,es,wordfreq,3,2.25
carreras,4.45,es,wordfreq,1,2.6
carretera,4.61,es,wordfreq,0,3.3
carreteras,4.25,es,wordfreq,0,3.65
carril,3.85,es,wordfreq,0,2.65
carro,4.4,es,wordfreq,3,1.75
carros,4.06,es,wordfreq,2,1.8
carta,5.0,es,wordfreq,5,1.6
cartagena,4.08,es,wordfreq,0,3.75
cartas,4.65,es,wordfreq,2,1.8
cartel,4.37,es,wordfreq,1,1.9
carteles,4.11,es,wordfreq,0,2.9
carter,3.82,es,wordfreq,1,1.9
cartera,4.18,es,wordfreq,1,2.35
cartón,3.89,es,wordfreq,1,2.15
carácter,4.81,es,wordfreq,0,3.4
casa,5.77,es,wordfreq,17,1.0
casada,4.07,es,wordfreq,3,1.8
casado,4.38,es,wordfreq,3,1.65
casados,3.85,es,wordfreq,2,1.85
casar,3.88,es,wordfreq,5,1.65
casarse,4.16,es,wordfreq,0,2.85
casas,4.92,es,wordfreq,10,1.4
casco,4.21,es,wordfreq,1,1.85
casero,3.83,es,wordfreq,1,2.1
casi,5.55,es,wordfreq,4,1.75
casino,3.98,es,wordfreq,1,2.05
caso,5.71,es,wordfreq,9,1.4
casos,5.25,es,wordfreq,4,1.7
castellano,4.46,es,wordfreq,0,4.55
castigar,3.84,es,wordfreq,0,3.05
castigo,4.37,es,wordfreq,0,2.7
castilla,4.47,es,wordfreq,1,3.15
castillo,4.58,es,wordfreq,1,3.0
castro,4.6,es,wordfreq,2,2.0
casual,3.87,es,wordfreq,0,2.5
casualidad,4.31,es,wordfreq,0,3.8
casó,3.98,es,wordfreq,5,1.7
catalana,4.03,es,wordfreq,1,2.9
catalanes,4.0,es,wordfreq,0,3.65
catalina,3.99,es,wordfreq,1,2.6
catalunya,3.99,es,wordfreq,0,3.95
cataluña,4.58,es,wordfreq,0,3.5
catalán,4.33,es,wordfreq,0,2.9
catedral,4.26,es,wordfreq,0,3.45
catedrático,3.85,es,wordfreq,0,5.05
categoría,4.7,es,wordfreq,0,3.7
categorías,4.37,es,wordfreq,0,4.3
catorce,3.97,es,wordfreq,0,3.4
catálogo,4.18,es,wordfreq,0,3.9
católica,4.48,es,wordfreq,1,3.3
católico,4.11,es,wordfreq,1,3.55
católicos,4.15,es,wordfreq,0,3.75
caudal,3.86,es,wordfreq,0,2.5
causa,5.12,es,wordfreq,2,1.7
causado,4.16,es,wordfreq,1,1.9
causan,3.87,es,wordfreq,2,2.05
causando,3.94,es,wordfreq,0,2.5
causar,4.26,es,wordfreq,2,1.8
causas,4.57,es,wordfreq,2,1.8
causó,4.15,es,wordfreq,1,2.25
cayendo,4.08,es,wordfreq,0,2.8
cayeron,4.0,es,wordfreq,0,2.95
cayo,3.88,es,wordfreq,8,1.6
cayó,4.52,es,wordfreq,2,1.9
caza,4.38,es,wordfreq,10,1.5
cazadores,3.92,es,wordfreq,0,3.65
caída,4.61,es,wordfreq,1,1.9
caído,4.27,es,wordfreq,1,1.95
caña,4.07,es,wordfreq,8,1.6
cañones,3.9,es,wordfreq,0,2.75
cañón,4.0,es,wordfreq,1,1.95
cc,4.38,es,wordfreq,12,1.4
cd,4.25,es,wordfreq,15,1.25
cdmx,3.92,es,wordfreq,0,2.55
ce,3.91,es,wordfreq,24,1.0
cebolla,3.97,es,wordfreq,0,3.1
cecilia,3.81,es,wordfreq,0,3.0
ceder,3.94,es,wordfreq,0,2.0
celda,3.96,es,wordfreq,0,2.0
celebra,4.44,es,wordfreq,1,2.45
celebraciones,3.84,es,wordfreq,0,4.45
celebración,4.48,es,wordfreq,0,3.6
celebrada,3.93,es,wordfreq,1,3.25
celebrado,4.17,es,wordfreq,1,2.9
celebran,3.98,es,wordfreq,1,2.9
celebrando,3.94,es,wordfreq,0,3.4
celebrar,4.48,es,wordfreq,1,2.75
celebró,4.22,es,wordfreq,1,3.0
celeste,3.92,es,wordfreq,0,3.0
celos,3.94,es,wordfreq,1,1.85
celoso,3.85,es,wordfreq,0,2.75
celular,4.69,es,wordfreq,0,2.7
celulares,4.18,es,wordfreq,0,3.6
cementerio,4.18,es,wordfreq,0,3.85
cemento,3.96,es,wordfreq,0,2.45
cena,4.42,es,wordfreq,4,1.75
cenar,4.08,es,wordfreq,1,1.9
cenizas,3.95,es,wordfreq,0,3.0
censo,4.29,es,wordfreq,0,2.0
censura,4.27,es,wordfreq,0,2.9
centavos,4.08,es,wordfreq,0,2.85
centenario,3.99,es,wordfreq,0,3.9
center,4.15,es,wordfreq,0,2.0
centra,4.01,es,wordfreq,2,1.8
centrado,3.85,es,wordfreq,0,2.35
central,5.12,es,wordfreq,0,2.2
centrales,4.26,es,wordfreq,0,2.8
centro,5.44,es,wordfreq,2,1.8
centroamérica,3.82,es,wordfreq,0,6.25
centros,4.75,es,wordfreq,0,2.4
centímetros,4.02,es,wordfreq,0,4.95
cera,3.81,es,wordfreq,7,1.55
cerca,5.37,es,wordfreq,0,1.9
cercana,4.33,es,wordfreq,1,2.4
cercanas,4.04,es,wordfreq,1,2.6
cercano,4.54,es,wordfreq,1,2.25
cercanos,4.2,es,wordfreq,1,2.5
cercanía,3.81,es,wordfreq,0,3.0
cerdo,4.1,es,wordfreq,1,1.85
cerdos,3.86,es,wordfreq,0,1.95
cereales,3.85,es,wordfreq,0,2.95
cerebral,4.05,es,wordfreq,0,3.1
cerebro,4.64,es,wordfreq,0,2.8
ceremonia,4.37,es,wordfreq,0,4.0
cero,4.6,es,wordfreq,5,1.55
cerrada,4.27,es,wordfreq,1,2.5
cerradas,3.94,es,wordfreq,1,2.7
cerrado,4.48,es,wordfreq,1,2.05
cerrados,4.08,es,wordfreq,1,2.5
cerrando,3.85,es,wordfreq,0,2.55
cerrar,4.62,es,wordfreq,0,2.0
cerro,4.34,es,wordfreq,4,1.75
cerró,4.15,es,wordfreq,1,2.2
certamen,3.81,es,wordfreq,0,3.7
certeza,4.12,es,wordfreq,1,2.8
certificación,3.9,es,wordfreq,0,4.1
certificado,4.24,es,wordfreq,0,4.3
certificados,3.97,es,wordfreq,0,4.55
cervantes,3.94,es,wordfreq,0,3.65
cerveza,4.52,es,wordfreq,1,2.8
cervezas,3.87,es,wordfreq,0,3.35
cerámica,3.85,es,wordfreq,0,3.45
cesar,3.96,es,wordfreq,4,1.8
cese,3.87,es,wordfreq,1,1.9
cf,3.91,es,wordfreq,10,1.5
chaco,3.84,es,wordfreq,1,1.95
chan,3.96,es,wordfreq,3,1.7
chance,3.86,es,wordfreq,0,2.75
chaqueta,3.92,es,wordfreq,0,3.75
charla,4.35,es,wordfreq,0,2.2
charlas,3.96,es,wordfreq,1,2.4
charles,4.33,es,wordfreq,1,2.45
charlie,4.09,es,wordfreq,0,2.8
chat,4.1,es,wordfreq,3,1.85
chavez,3.84,es,wordfreq,1,2.75
che,4.4,es,wordfreq,3,1.7
checa,3.98,es,wordfreq,1,1.95
chef,3.88,es,wordfreq,0,1.95
cheque,3.82,es,wordfreq,1,2.9
chi,3.81,es,wordfreq,2,1.85
chiapas,4.08,es,wordfreq,0,2.9
chica,4.97,es,wordfreq,3,1.8
chicago,4.21,es,wordfreq,0,2.9
chicas,4.9,es,wordfreq,1,2.3
chico,4.85,es,wordfreq,3,1.8
chicos,4.96,es,wordfreq,2,2.3
chihuahua,4.0,es,wordfreq,0,5.2
chile,5.22,es,wordfreq,0,2.0
chilena,4.25,es,wordfreq,1,2.8
chileno,4.37,es,wordfreq,1,2.7
chilenos,4.19,es,wordfreq,0,3.2
china,5.0,es,wordfreq,2,1.9
chino,4.59,es,wordfreq,2,1.85
chinos,4.37,es,wordfreq,1,2.3
chip,3.9,es,wordfreq,0,1.9
chiste,4.3,es,wordfreq,0,2.45
chistes,4.12,es,wordfreq,0,2.8
chocolate,4.41,es,wordfreq,0,4.95
chofer,3.89,es,wordfreq,0,2.9
choque,4.15,es,wordfreq,1,2.8
chris,4.22,es,wordfreq,0,2.6
christian,3.99,es,wordfreq,0,3.6
chupa,3.98,es,wordfreq,0,2.2
chávez,4.44,es,wordfreq,1,3.1
cia,4.19,es,wordfreq,3,1.65
ciclistas,3.81,es,wordfreq,0,3.85
ciclo,4.48,es,wordfreq,1,1.9
ciclos,3.82,es,wordfreq,1,2.3
ciega,3.89,es,wordfreq,2,1.9
ciego,4.22,es,wordfreq,5,1.7
ciegos,3.84,es,wordfreq,1,1.95
cielo,4.96,es,wordfreq,3,1.8
cielos,4.03,es,wordfreq,2,1.8
cien,4.51,es,wordfreq,2,1.9
ciencia,4.89,es,wordfreq,0,2.55
ciencias,4.76,es,wordfreq,0,2.75
ciento,4.85,es,wordfreq,4,1.75
cientos,4.55,es,wordfreq,3,1.8
científica,4.4,es,wordfreq,1,4.15
científicas,3.99,es,wordfreq,1,4.3
científico,4.48,es,wordfreq,1,4.3
científicos,4.46,es,wordfreq,1,4.4
cierra,4.37,es,wordfreq,4,1.75
cierran,3.88,es,wordfreq,0,2.55
cierre,4.56,es,wordfreq,2,2.25
cierta,4.71,es,wordfreq,2,1.85
ciertamente,4.34,es,wordfreq,0,3.5
ciertas,4.64,es,wordfreq,1,1.9
cierto,5.37,es,wordfreq,2,1.85
ciertos,4.62,es,wordfreq,2,1.9
cifra,4.4,es,wordfreq,0,1.95
cifras,4.46,es,wordfreq,0,2.5
cima,4.13,es,wordfreq,4,1.7
cinco,5.31,es,wordfreq,1,1.95
cincuenta,4.29,es,wordfreq,0,3.65
cine,4.96,es,wordfreq,2,1.8
cines,3.89,es,wordfreq,1,1.9
cinta,4.31,es,wordfreq,3,1.75
cintas,3.92,es,wordfreq,0,1.9
cintura,3.96,es,wordfreq,1,2.45
cinturón,4.07,es,wordfreq,0,3.8
circo,4.15,es,wordfreq,1,1.95
circuito,4.26,es,wordfreq,0,3.6
circuitos,3.81,es,wordfreq,0,3.7
circulación,4.3,es,wordfreq,0,3.95
circular,4.26,es,wordfreq,0,3.45
circunstancia,3.93,es,wordfreq,0,5.5
circunstancias,4.56,es,wordfreq,0,6.0
cirugía,4.31,es,wordfreq,0,3.45
cirujano,3.86,es,wordfreq,0,3.8
cita,4.77,es,wordfreq,3,1.65
citado,4.16,es,wordfreq,0,2.0
citar,3.97,es,wordfreq,1,1.9
citas,4.24,es,wordfreq,1,1.85
city,4.33,es,wordfreq,1,2.3
ciudad,5.7,es,wordfreq,0,2.8
ciudadana,4.39,es,wordfreq,1,3.9
ciudadano,4.67,es,wordfreq,1,3.55
ciudadanos,5.0,es,wordfreq,0,4.1
ciudadanía,4.5,es,wordfreq,0,4.6
ciudades,4.99,es,wordfreq,0,3.45
civil,5.11,es,wordfreq,0,2.7
civiles,4.58,es,wordfreq,0,2.75
civilización,4.14,es,wordfreq,0,4.4
clan,3.94,es,wordfreq,4,1.75
clara,4.74,es,wordfreq,1,1.75
claramente,4.7,es,wordfreq,0,3.75
claras,4.24,es,wordfreq,1,1.85
claridad,4.12,es,wordfreq,0,3.3
claro,5.47,es,wordfreq,2,1.8
claros,4.11,es,wordfreq,1,1.85
clase,5.31,es,wordfreq,1,1.9
clases,4.99,es,wordfreq,1,2.1
clasificación,4.41,es,wordfreq,0,4.35
clasificados,3.85,es,wordfreq,0,5.1
claudia,3.99,es,wordfreq,1,3.15
claudio,3.92,es,wordfreq,1,3.2
clausura,3.93,es,wordfreq,0,3.5
clave,4.79,es,wordfreq,3,1.8
claves,4.14,es,wordfreq,2,2.1
clavo,3.82,es,wordfreq,2,1.9
clic,3.87,es,wordfreq,0,2.05
click,4.13,es,wordfreq,0,2.4
cliente,4.6,es,wordfreq,0,2.35
clientes,4.66,es,wordfreq,0,2.5
clima,4.64,es,wordfreq,0,1.9
climático,4.09,es,wordfreq,0,3.85
clinton,3.96,es,wordfreq,0,3.0
club,4.98,es,wordfreq,0,2.5
clubes,4.13,es,wordfreq,0,2.65
clásica,4.19,es,wordfreq,1,2.75
clásico,4.52,es,wordfreq,1,2.7
clásicos,4.17,es,wordfreq,0,3.25
cláusula,3.85,es,wordfreq,0,4.2
clínica,4.28,es,wordfreq,0,2.8
cm,4.58,es,wordfreq,13,1.3
cnn,3.95,es,wordfreq,2,1.9
co,4.55,es,wordfreq,20,1.0
coalición,4.33,es,wordfreq,0,3.3
cobarde,3.99,es,wordfreq,0,2.95
cobertura,4.39,es,wordfreq,0,3.9
cobra,4.09,es,wordfreq,4,1.65
cobran,3.92,es,wordfreq,1,2.2
cobrar,4.23,es,wordfreq,1,1.9
cobre,4.26,es,wordfreq,6,1.7
cobro,3.99,es,wordfreq,2,1.85
coca,4.31,es,wordfreq,10,1.5
cocaína,3.88,es,wordfreq,0,3.05
coche,4.74,es,wordfreq,1,1.95
coches,4.33,es,wordfreq,1,2.55
cocina,4.71,es,wordfreq,1,2.05
cocinar,4.21,es,wordfreq,0,2.6
coco,4.05,es,wordfreq,10,1.5
codo,3.81,es,wordfreq,7,1.65
coge,3.89,es,wordfreq,2,1.85
coger,4.34,es,wordfreq,2,1.85
coherente,3.85,es,wordfreq,0,3.7
coincide,4.02,es,wordfreq,0,3.6
coinciden,3.9,es,wordfreq,0,3.75
coincidencia,4.04,es,wordfreq,0,4.35
cojones,3.96,es,wordfreq,0,2.6
col,3.97,es,wordfreq,8,1.4
cola,4.61,es,wordfreq,9,1.4
colaboración,4.67,es,wordfreq,0,4.1
colaborador,3.87,es,wordfreq,0,4.25
colaboradores,4.11,es,wordfreq,0,5.0
colaborar,4.12,es,wordfreq,0,3.6
colapso,3.89,es,wordfreq,0,3.0
colas,3.84,es,wordfreq,4,1.7
cole,4.02,es,wordfreq,3,1.8
colecciones,3.87,es,wordfreq,0,3.5
colección,4.65,es,wordfreq,0,2.7
colectiva,4.29,es,wordfreq,1,3.45
colectivo,4.58,es,wordfreq,1,3.35
colectivos,4.21,es,wordfreq,0,3.45
colega,4.1,es,wordfreq,0,2.45
colegas,4.2,es,wordfreq,0,2.65
colegio,4.99,es,wordfreq,0,2.8
colegios,4.34,es,wordfreq,0,3.35
colgado,3.87,es,wordfreq,0,2.5
colina,3.96,es,wordfreq,2,1.85
colinas,3.82,es,wordfreq,0,2.35
collar,3.86,es,wordfreq,1,2.05
coloca,4.07,es,wordfreq,1,2.1
colocación,3.82,es,wordfreq,0,3.6
colocado,3.94,es,wordfreq,1,2.65
colocar,4.14,es,wordfreq,0,2.6
colocó,3.82,es,wordfreq,1,2.65
colombia,5.11,es,wordfreq,0,3.35
colombiana,4.2,es,wordfreq,1,4.15
colombiano,4.39,es,wordfreq,1,3.95
colombianos,4.18,es,wordfreq,0,4.45
colonia,4.49,es,wordfreq,1,2.45
colonial,4.2,es,wordfreq,1,3.15
colonias,4.11,es,wordfreq,1,2.75
colonización,3.82,es,wordfreq,0,4.1
colonos,3.83,es,wordfreq,0,2.75
color,5.06,es,wordfreq,2,1.85
colorado,3.98,es,wordfreq,1,2.8
colores,4.69,es,wordfreq,1,2.4
columna,4.46,es,wordfreq,0,2.8
columnas,4.07,es,wordfreq,0,3.25
colón,4.15,es,wordfreq,0,2.2
com,4.19,es,wordfreq,3,1.6
coma,4.12,es,wordfreq,11,1.4
comandante,4.63,es,wordfreq,0,4.05
comando,4.07,es,wordfreq,1,2.1
comarca,3.95,es,wordfreq,0,2.7
combate,4.55,es,wordfreq,0,2.85
combatir,4.33,es,wordfreq,0,3.35
combinación,4.32,es,wordfreq,0,3.7
combinado,3.81,es,wordfreq,0,3.2
combustible,4.38,es,wordfreq,0,5.4
combustibles,3.92,es,wordfreq,0,5.5
come,4.49,es,wordfreq,6,1.5
comedia,4.23,es,wordfreq,0,2.75
comedor,4.0,es,wordfreq,0,2.75
comen,4.08,es,wordfreq,5,1.7
comencé,3.91,es,wordfreq,0,2.8
comenta,4.2,es,wordfreq,1,1.9
comentado,3.93,es,wordfreq,1,2.5
comentar,4.17,es,wordfreq,2,2.3
comentario,4.78,es,wordfreq,0,2.85
comentarios,4.98,es,wordfreq,0,3.5
comentó,4.24,es,wordfreq,2,2.35
comenzado,4.18,es,wordfreq,1,2.65
comenzamos,3.96,es,wordfreq,0,3.5
comenzando,4.04,es,wordfreq,0,3.25
comenzar,4.56,es,wordfreq,1,2.5
comenzaron,4.44,es,wordfreq,0,3.4
comenzó,4.88,es,wordfreq,1,2.55
comer,5.09,es,wordfreq,3,1.8
comercial,4.85,es,wordfreq,0,3.6
comerciales,4.62,es,wordfreq,0,4.0
comerciante,3.82,es,wordfreq,0,4.2
comerciantes,4.13,es,wordfreq,0,4.35
comercio,4.88,es,wordfreq,0,3.3
comes,3.95,es,wordfreq,3,1.8
cometer,4.19,es,wordfreq,0,2.7
cometido,4.3,es,wordfreq,1,2.5
cometidos,3.85,es,wordfreq,1,3.0
cometió,3.86,es,wordfreq,0,2.6
comida,5.15,es,wordfreq,1,2.0
comidas,4.11,es,wordfreq,0,2.65
comido,3.97,es,wordfreq,1,1.95
comiendo,4.27,es,wordfreq,1,2.45
comienza,4.79,es,wordfreq,1,2.55
comienzan,4.17,es,wordfreq,0,3.15
comienzo,4.68,es,wordfreq,2,2.6
comienzos,4.3,es,wordfreq,0,3.1
comisario,4.02,es,wordfreq,0,3.55
comisaría,3.94,es,wordfreq,0,3.75
comisionado,3.96,es,wordfreq,0,4.4
comisiones,4.22,es,wordfreq,0,3.2
comisión,5.02,es,wordfreq,0,2.8
comité,4.71,es,wordfreq,0,2.85
como,6.73,es,wordfreq,9,1.5
comodidad,3.95,es,wordfreq,0,3.65
compara,4.0,es,wordfreq,0,1.9
comparación,4.51,es,wordfreq,0,3.15
comparado,4.08,es,wordfreq,0,2.55
comparar,4.1,es,wordfreq,0,2.4
comparte,4.31,es,wordfreq,1,2.5
comparten,4.11,es,wordfreq,0,3.0
compartida,3.86,es,wordfreq,1,3.2
compartido,4.06,es,wordfreq,1,2.85
compartiendo,3.96,es,wordfreq,0,3.7
compartimos,3.96,es,wordfreq,0,3.95
compartir,4.79,es,wordfreq,1,2.65
compartió,3.84,es,wordfreq,1,2.7
comparto,4.03,es,wordfreq,1,2.45
compasión,3.92,es,wordfreq,0,3.3
compatible,3.81,es,wordfreq,0,4.15
compatriotas,3.81,es,wordfreq,0,4.8
compañera,4.26,es,wordfreq,1,2.85
compañeras,3.84,es,wordfreq,1,3.1
compañero,4.72,es,wordfreq,1,3.0
compañeros,4.8,es,wordfreq,1,3.45
compañia,3.89,es,wordfreq,1,2.65
compañía,5.09,es,wordfreq,1,2.6
compañías,4.52,es,wordfreq,0,3.0
compensación,4.01,es,wordfreq,0,3.6
compensar,3.83,es,wordfreq,0,3.15
competencia,4.78,es,wordfreq,0,4.0
competencias,4.16,es,wordfreq,0,4.35
competente,3.88,es,wordfreq,0,3.55
competición,4.01,es,wordfreq,0,3.55
competir,4.23,es,wordfreq,0,2.75
compleja,4.05,es,wordfreq,2,2.5
complejas,3.81,es,wordfreq,2,2.85
complejidad,4.03,es,wordfreq,0,4.15
complejo,4.58,es,wordfreq,2,2.55
complejos,4.09,es,wordfreq,2,2.9
complemento,3.89,es,wordfreq,0,3.85
completa,4.76,es,wordfreq,2,2.4
completamente,4.94,es,wordfreq,0,4.4
completar,4.23,es,wordfreq,1,2.65
completas,3.9,es,wordfreq,3,2.6
completo,4.91,es,wordfreq,2,2.4
completos,3.92,es,wordfreq,2,2.6
complicaciones,3.9,es,wordfreq,0,4.4
complicada,4.04,es,wordfreq,1,3.65
complicado,4.44,es,wordfreq,1,3.25
complicidad,3.82,es,wordfreq,0,4.3
compone,3.94,es,wordfreq,0,2.75
componen,3.92,es,wordfreq,0,2.85
componente,4.05,es,wordfreq,0,3.45
componentes,4.3,es,wordfreq,0,4.1
comportamiento,4.64,es,wordfreq,0,5.05
comportamientos,3.84,es,wordfreq,0,5.5
composición,4.34,es,wordfreq,0,3.35
compositor,3.82,es,wordfreq,0,4.05
compra,4.8,es,wordfreq,4,1.6
comprado,4.19,es,wordfreq,0,2.25
comprador,3.89,es,wordfreq,0,2.75
compran,3.84,es,wordfreq,2,2.2
comprando,3.96,es,wordfreq,1,2.55
comprar,5.03,es,wordfreq,2,2.05
compras,4.51,es,wordfreq,2,2.1
compre,4.04,es,wordfreq,4,1.85
comprende,4.27,es,wordfreq,1,2.9
comprender,4.43,es,wordfreq,0,3.35
comprendido,3.82,es,wordfreq,0,3.55
comprendo,3.89,es,wordfreq,2,2.55
comprensión,4.25,es,wordfreq,0,3.8
compro,4.04,es,wordfreq,4,1.85
comprobado,3.92,es,wordfreq,0,3.35
comprobar,4.26,es,wordfreq,0,3.25
comprometido,3.98,es,wordfreq,0,4.3
comprometidos,3.82,es,wordfreq,0,4.85
compromiso,4.67,es,wordfreq,0,4.05
compromisos,4.04,es,wordfreq,0,4.5
compré,4.13,es,wordfreq,4,2.3
compró,4.16,es,wordfreq,4,2.25
compuesta,4.12,es,wordfreq,1,2.8
compuesto,4.29,es,wordfreq,1,2.8
compuestos,3.89,es,wordfreq,0,3.1
computación,3.92,es,wordfreq,0,3.4
computadora,4.37,es,wordfreq,0,4.35
computadoras,4.06,es,wordfreq,0,4.65
comun,4.0,es,wordfreq,2,2.15
comuna,3.93,es,wordfreq,0,2.1
comunes,4.65,es,wordfreq,0,2.8
comunica,3.83,es,wordfreq,0,2.7
comunicaciones,4.49,es,wordfreq,0,4.7
comunicación,5.05,es,wordfreq,0,3.85
comunicado,4.42,es,wordfreq,0,3.2
comunicar,3.97,es,wordfreq,0,3.15
comunicarse,3.94,es,wordfreq,0,4.25
comunidad,5.17,es,wordfreq,0,2.95
comunidades,4.72,es,wordfreq,0,3.8
comunismo,4.03,es,wordfreq,0,3.55
comunista,4.51,es,wordfreq,0,3.2
comunistas,4.19,es,wordfreq,0,3.6
comunitaria,3.88,es,wordfreq,1,3.6
comunitario,3.9,es,wordfreq,1,3.45
común,5.14,es,wordfreq,2,2.25
comúnmente,3.87,es,wordfreq,0,3.85
con,6.97,es,wordfreq,11,1.3
concede,3.83,es,wordfreq,0,2.8
concedido,3.88,es,wordfreq,0,2.95
concedió,3.85,es,wordfreq,0,3.0
concejal,3.96,es,wordfreq,0,3.3
concejo,4.01,es,wordfreq,1,2.5
concentración,4.47,es,wordfreq,0,4.2
concepción,4.4,es,wordfreq,0,3.0
concepto,4.8,es,wordfreq,0,2.6
conceptos,4.41,es,wordfreq,0,2.85
concesiones,3.86,es,wordfreq,0,3.55
concesión,4.08,es,wordfreq,1,2.65
concha,4.34,es,wordfreq,1,2.4
conciencia,4.76,es,wordfreq,0,3.4
concierto,4.6,es,wordfreq,0,2.7
conciertos,4.22,es,wordfreq,0,3.05
concluir,3.96,es,wordfreq,0,3.35
conclusiones,4.23,es,wordfreq,0,4.35
conclusión,4.44,es,wordfreq,0,3.35
concluye,4.04,es,wordfreq,1,3.35
concluyó,4.08,es,wordfreq,1,3.45
concreta,3.98,es,wordfreq,1,2.75
concretamente,4.0,es,wordfreq,0,4.5
concretas,3.97,es,wordfreq,1,3.15
concreto,4.4,es,wordfreq,1,2.5
concretos,3.85,es,wordfreq,1,2.6
concurso,4.7,es,wordfreq,0,3.15
concursos,3.89,es,wordfreq,0,3.45
condado,4.1,es,wordfreq,1,2.15
conde,4.48,es,wordfreq,1,1.95
condena,4.34,es,wordfreq,1,2.65
condenado,4.28,es,wordfreq,0,2.7
condenados,3.98,es,wordfreq,0,3.3
condesa,3.82,es,wordfreq,1,2.8
condiciones,5.13,es,wordfreq,0,3.45
condición,4.68,es,wordfreq,0,2.75
conducción,3.95,es,wordfreq,0,3.2
conduce,4.2,es,wordfreq,0,2.7
conducido,3.83,es,wordfreq,0,2.9
conducir,4.3,es,wordfreq,0,2.9
conducta,4.37,es,wordfreq,0,2.6
conductas,3.82,es,wordfreq,0,2.95
conductor,4.36,es,wordfreq,0,3.0
conductores,4.06,es,wordfreq,0,4.2
condujo,3.84,es,wordfreq,0,2.7
conecta,3.98,es,wordfreq,0,2.35
conectado,4.06,es,wordfreq,0,2.7
conectados,3.87,es,wordfreq,0,3.3
conectar,4.06,es,wordfreq,0,2.65
conejo,3.91,es,wordfreq,0,2.5
conexiones,4.11,es,wordfreq,0,3.6
conexión,4.58,es,wordfreq,0,3.1
confederación,3.98,es,wordfreq,0,4.3
conferencia,4.67,es,wordfreq,0,3.45
conferencias,4.28,es,wordfreq,0,3.75
confesión,3.96,es,wordfreq,2,2.95
confiable,3.91,es,wordfreq,0,3.85
confianza,4.9,es,wordfreq,0,3.6
confiar,4.37,es,wordfreq,0,2.8
configuración,4.0,es,wordfreq,0,4.4
confirma,4.2,es,wordfreq,1,2.8
confirmación,3.95,es,wordfreq,0,3.65
confirmado,4.2,es,wordfreq,0,3.6
confirmar,4.21,es,wordfreq,0,3.1
confirmó,4.22,es,wordfreq,1,3.25
conflicto,4.71,es,wordfreq,0,3.8
conflictos,4.45,es,wordfreq,0,4.0
conforman,3.97,es,wordfreq,0,3.3
conforme,4.39,es,wordfreq,0,3.15
conformidad,3.99,es,wordfreq,0,4.4
confundido,3.83,es,wordfreq,0,3.7
confundir,3.9,es,wordfreq,0,3.75
confusión,4.22,es,wordfreq,1,3.25
confía,4.04,es,wordfreq,1,2.55
confío,3.93,es,wordfreq,1,2.75
congo,3.9,es,wordfreq,1,1.9
congreso,5.05,es,wordfreq,0,2.9
conjunta,4.05,es,wordfreq,1,2.7
conjuntamente,3.9,es,wordfreq,0,4.5
conjunto,4.93,es,wordfreq,1,2.7
conjuntos,3.82,es,wordfreq,0,3.05
conlleva,3.9,es,wordfreq,0,3.6
conmigo,5.02,es,wordfreq,2,2.7
cono,3.87,es,wordfreq,8,1.5
conoce,4.94,es,wordfreq,1,1.95
conocemos,4.34,es,wordfreq,0,3.15
conocen,4.51,es,wordfreq,2,2.45
conocer,5.13,es,wordfreq,2,2.25
conocerte,3.86,es,wordfreq,0,3.15
conoces,4.42,es,wordfreq,2,2.35
conocida,4.66,es,wordfreq,1,2.6
conocidas,4.2,es,wordfreq,1,3.15
conocido,5.04,es,wordfreq,1,2.45
conocidos,4.56,es,wordfreq,1,2.7
conociendo,3.95,es,wordfreq,0,3.35
conocieron,3.83,es,wordfreq,0,3.5
conocimiento,4.94,es,wordfreq,0,3.75
conocimientos,4.5,es,wordfreq,0,4.15
conoció,4.22,es,wordfreq,0,2.5
conocí,4.39,es,wordfreq,1,2.3
conocía,4.32,es,wordfreq,0,2.25
conozca,4.11,es,wordfreq,1,2.55
conozcan,3.83,es,wordfreq,0,3.1
conozco,4.87,es,wordfreq,1,2.7
conquista,4.27,es,wordfreq,0,3.35
conquistar,4.0,es,wordfreq,0,3.75
consciente,4.36,es,wordfreq,0,3.05
conscientes,4.04,es,wordfreq,0,3.65
consecuencia,4.71,es,wordfreq,0,4.15
consecuencias,4.7,es,wordfreq,0,4.7
conseguido,4.47,es,wordfreq,0,3.25
conseguir,5.04,es,wordfreq,0,3.15
conseguirlo,3.85,es,wordfreq,0,4.35
consejero,4.14,es,wordfreq,0,3.35
consejo,5.16,es,wordfreq,1,2.4
consejos,4.59,es,wordfreq,0,2.8
consenso,4.15,es,wordfreq,0,2.8
consentimiento,4.2,es,wordfreq,0,4.75
conserva,4.08,es,wordfreq,0,2.85
conservación,4.4,es,wordfreq,0,3.55
conservador,4.17,es,wordfreq,0,3.45
conservadora,3.83,es,wordfreq,0,4.3
conservadores,4.07,es,wordfreq,0,4.4
conservar,4.13,es,wordfreq,0,3.0
considera,4.79,es,wordfreq,3,2.4
consideraba,3.99,es,wordfreq,1,3.05
considerable,4.16,es,wordfreq,0,3.55
consideración,4.15,es,wordfreq,0,3.7
considerada,4.24,es,wordfreq,2,2.85
consideradas,3.89,es,wordfreq,1,3.25
considerado,4.6,es,wordfreq,1,2.6
considerados,4.14,es,wordfreq,2,3.0
consideramos,3.94,es,wordfreq,1,3.35
consideran,4.41,es,wordfreq,1,2.7
considerando,4.44,es,wordfreq,0,3.3
considerar,4.54,es,wordfreq,1,2.7
considerarse,3.96,es,wordfreq,0,3.6
considere,3.94,es,wordfreq,3,2.8
considero,4.17,es,wordfreq,3,2.65
consideró,4.12,es,wordfreq,3,3.1
consigo,4.34,es,wordfreq,2,2.6
consigue,4.52,es,wordfreq,0,2.85
consiguen,3.99,es,wordfreq,0,3.3
consiguiendo,3.82,es,wordfreq,0,3.95
consiguiente,4.01,es,wordfreq,0,3.9
consiguieron,3.9,es,wordfreq,0,4.1
consiguió,4.39,es,wordfreq,0,3.3
consiste,4.58,es,wordfreq,0,2.9
consistente,3.9,es,wordfreq,0,3.7
consola,3.91,es,wordfreq,0,2.8
consolidación,3.83,es,wordfreq,0,4.65
conspiración,4.05,es,wordfreq,0,3.45
consta,4.3,es,wordfreq,0,1.95
constancia,4.08,es,wordfreq,0,3.5
constante,4.63,es,wordfreq,0,2.95
constantemente,4.4,es,wordfreq,0,5.3
constantes,4.08,es,wordfreq,0,3.35
constitucional,4.59,es,wordfreq,0,5.15
constitución,4.97,es,wordfreq,0,3.7
constituye,4.34,es,wordfreq,0,3.55
constituyen,4.14,es,wordfreq,0,4.1
constituyente,4.1,es,wordfreq,0,4.3
construcciones,4.08,es,wordfreq,0,4.75
construcción,5.04,es,wordfreq,0,3.55
construida,3.97,es,wordfreq,1,3.6
construido,4.26,es,wordfreq,1,3.3
construir,4.73,es,wordfreq,0,2.95
construye,4.01,es,wordfreq,1,3.05
construyendo,4.04,es,wordfreq,0,4.35
construyó,3.93,es,wordfreq,1,3.4
consuelo,3.98,es,wordfreq,0,2.9
consulado,3.94,es,wordfreq,0,3.0
consulta,4.55,es,wordfreq,0,2.55
consultado,3.86,es,wordfreq,0,3.3
consultar,4.07,es,wordfreq,1,2.7
consultas,4.02,es,wordfreq,1,3.0
consume,3.89,es,wordfreq,1,2.8
consumidor,4.18,es,wordfreq,0,3.65
consumidores,4.24,es,wordfreq,0,4.65
consumir,3.96,es,wordfreq,0,3.2
consumo,4.77,es,wordfreq,1,2.65
contaba,4.2,es,wordfreq,0,2.8
contabilidad,3.97,es,wordfreq,0,4.4
contactar,4.01,es,wordfreq,0,2.85
contacto,4.87,es,wordfreq,0,2.6
contactos,4.29,es,wordfreq,0,2.75
contado,4.2,es,wordfreq,4,1.7
contador,3.97,es,wordfreq,0,2.55
contaminación,4.21,es,wordfreq,0,4.5
contamos,4.01,es,wordfreq,0,2.75
contando,4.29,es,wordfreq,1,2.25
contar,4.87,es,wordfreq,3,1.85
contempla,3.87,es,wordfreq,0,3.85
contemporánea,4.06,es,wordfreq,1,5.9
contemporáneo,4.01,es,wordfreq,1,5.85
contemporáneos,3.83,es,wordfreq,0,6.25
contener,4.1,es,wordfreq,0,2.6
contenido,4.99,es,wordfreq,0,2.5
contenidos,4.56,es,wordfreq,0,3.0
contenta,4.01,es,wordfreq,2,2.15
contento,4.36,es,wordfreq,3,1.95
contentos,4.05,es,wordfreq,0,2.45
contesta,4.1,es,wordfreq,2,2.35
contestar,4.27,es,wordfreq,0,2.65
contestó,3.93,es,wordfreq,1,2.7
contexto,4.77,es,wordfreq,1,2.5
contiene,4.63,es,wordfreq,1,2.55
contienen,4.14,es,wordfreq,0,2.65
contigo,5.06,es,wordfreq,2,2.6
continental,4.18,es,wordfreq,0,3.85
continente,4.44,es,wordfreq,0,3.1
continua,4.34,es,wordfreq,3,2.4
continuación,4.75,es,wordfreq,0,3.65
continuamente,4.03,es,wordfreq,0,4.55
continuar,4.62,es,wordfreq,0,2.65
continuará,3.85,es,wordfreq,0,3.55
continuidad,4.15,es,wordfreq,0,4.05
continuo,4.11,es,wordfreq,2,2.55
continuó,4.22,es,wordfreq,2,2.75
continúa,4.61,es,wordfreq,1,2.55
continúan,4.04,es,wordfreq,0,3.35
contra,5.78,es,wordfreq,1,1.95
contrabando,3.84,es,wordfreq,0,3.9
contradicción,3.83,es,wordfreq,0,4.45
contraria,3.94,es,wordfreq,1,3.25
contrario,4.97,es,wordfreq,1,3.0
contraseña,4.0,es,wordfreq,0,4.05
contraste,4.14,es,wordfreq,0,3.3
contratación,4.01,es,wordfreq,0,4.1
contratado,3.97,es,wordfreq,0,3.1
contratar,4.17,es,wordfreq,0,2.7
contrato,4.84,es,wordfreq,0,2.35
contratos,4.42,es,wordfreq,0,2.65
contribuciones,4.0,es,wordfreq,0,5.1
contribución,4.13,es,wordfreq,0,4.05
contribuir,4.23,es,wordfreq,0,4.0
contribuye,3.94,es,wordfreq,0,3.95
contribuyentes,3.84,es,wordfreq,0,5.45
control,5.22,es,wordfreq,0,2.6
controla,4.1,es,wordfreq,0,2.55
controlada,3.88,es,wordfreq,1,3.5
controlado,4.01,es,wordfreq,1,3.1
controlar,4.59,es,wordfreq,0,2.95
controles,4.15,es,wordfreq,0,3.35
controversia,4.0,es,wordfreq,0,5.3
contundente,3.85,es,wordfreq,0,4.1
contó,4.51,es,wordfreq,1,1.95
convencer,4.14,es,wordfreq,0,3.4
convencido,4.18,es,wordfreq,0,3.05
convencional,3.96,es,wordfreq,0,4.6
convencionales,3.88,es,wordfreq,0,5.15
convención,4.25,es,wordfreq,0,2.9
conveniencia,3.81,es,wordfreq,0,4.35
conveniente,4.2,es,wordfreq,0,3.6
convenio,4.28,es,wordfreq,1,2.7
convento,4.16,es,wordfreq,2,2.45
conversaciones,4.36,es,wordfreq,0,4.55
conversación,4.65,es,wordfreq,0,3.55
conversar,3.92,es,wordfreq,0,3.3
conversión,3.99,es,wordfreq,0,2.95
convertido,4.61,es,wordfreq,0,3.0
convertir,4.29,es,wordfreq,0,2.8
convertirse,4.55,es,wordfreq,0,4.45
convicción,3.88,es,wordfreq,0,3.4
conviene,4.38,es,wordfreq,1,2.8
convierta,3.91,es,wordfreq,1,2.85
convierte,4.62,es,wordfreq,1,2.75
convierten,4.08,es,wordfreq,0,3.4
convirtiendo,3.93,es,wordfreq,0,4.35
convirtieron,3.97,es,wordfreq,0,4.55
convirtió,4.63,es,wordfreq,0,3.4
convivencia,4.02,es,wordfreq,0,3.85
convoca,3.82,es,wordfreq,0,2.55
convocado,3.88,es,wordfreq,0,3.0
convocar,3.9,es,wordfreq,0,2.75
convocatoria,4.25,es,wordfreq,0,5.5
cool,3.92,es,wordfreq,0,1.95
cooperación,4.49,es,wordfreq,0,3.35
cooperativa,3.92,es,wordfreq,0,4.6
coordenadas,3.84,es,wordfreq,0,4.4
coordinación,4.33,es,wordfreq,0,4.35
coordinador,4.05,es,wordfreq,0,4.2
coordinadora,3.81,es,wordfreq,0,4.95
coordinar,3.84,es,wordfreq,0,3.7
copa,4.85,es,wordfreq,7,1.55
copas,4.11,es,wordfreq,4,1.7
copia,4.47,es,wordfreq,0,1.85
copiar,3.9,es,wordfreq,1,2.25
copias,4.21,es,wordfreq,1,2.15
coraje,4.17,es,wordfreq,0,2.8
corazon,4.11,es,wordfreq,1,2.8
corazones,4.27,es,wordfreq,0,3.55
corazón,5.2,es,wordfreq,1,2.85
cordero,3.98,es,wordfreq,0,2.85
cordillera,3.89,es,wordfreq,0,4.65
corea,4.5,es,wordfreq,1,1.85
coro,4.16,es,wordfreq,9,1.4
corona,4.47,es,wordfreq,0,2.35
coronel,4.59,es,wordfreq,0,2.9
corporaciones,4.0,es,wordfreq,0,4.3
corporación,4.2,es,wordfreq,0,3.35
corporal,3.96,es,wordfreq,0,3.4
corre,4.43,es,wordfreq,3,1.65
correa,4.26,es,wordfreq,3,1.75
corrección,4.0,es,wordfreq,0,3.45
correcta,4.49,es,wordfreq,1,2.8
correctamente,4.14,es,wordfreq,0,4.4
correcto,4.71,es,wordfreq,1,2.8
corredor,4.09,es,wordfreq,0,2.65
corredores,3.88,es,wordfreq,0,3.8
corregir,4.05,es,wordfreq,0,3.25
corren,3.99,es,wordfreq,3,1.85
correo,4.77,es,wordfreq,3,1.75
correos,4.24,es,wordfreq,0,2.45
correr,4.6,es,wordfreq,3,1.8
corresponde,4.55,es,wordfreq,0,4.45
corresponden,4.17,es,wordfreq,0,4.85
correspondencia,3.91,es,wordfreq,0,6.2
correspondiente,4.46,es,wordfreq,0,6.0
corriendo,4.42,es,wordfreq,0,2.85
corriente,4.64,es,wordfreq,0,2.95
corrientes,4.4,es,wordfreq,0,3.55
corrió,3.9,es,wordfreq,0,2.6
corrupción,4.86,es,wordfreq,0,3.8
corrupto,4.12,es,wordfreq,0,3.45
corruptos,4.18,es,wordfreq,0,3.55
corta,4.64,es,wordfreq,6,1.6
cortado,3.91,es,wordfreq,2,1.9
cortar,4.37,es,wordfreq,2,1.85
cortas,4.09,es,wordfreq,6,1.65
corte,5.04,es,wordfreq,5,1.7
cortes,4.52,es,wordfreq,4,1.75
cortesía,3.95,es,wordfreq,0,2.9
cortina,3.84,es,wordfreq,0,2.65
corto,4.74,es,wordfreq,3,1.7
cortos,4.2,es,wordfreq,4,1.75
cortés,3.93,es,wordfreq,3,2.3
coruña,3.82,es,wordfreq,0,2.7
cosa,5.53,es,wordfreq,6,1.6
cosas,5.85,es,wordfreq,4,1.7
cosecha,4.03,es,wordfreq,0,2.85
costa,5.02,es,wordfreq,5,1.55
costado,4.22,es,wordfreq,2,1.95
costas,4.14,es,wordfreq,3,1.75
coste,4.14,es,wordfreq,4,1.75
costes,3.86,es,wordfreq,3,1.95
costo,4.69,es,wordfreq,4,1.75
costos,4.43,es,wordfreq,3,1.8
costumbre,4.44,es,wordfreq,0,3.85
costumbres,4.26,es,wordfreq,0,4.4
costó,4.08,es,wordfreq,4,1.8
cotidiana,4.04,es,wordfreq,0,4.0
coño,4.41,es,wordfreq,5,1.75
crack,3.82,es,wordfreq,0,2.4
crea,4.63,es,wordfreq,7,1.35
creación,4.9,es,wordfreq,0,2.8
creada,4.28,es,wordfreq,1,1.95
creado,4.7,es,wordfreq,3,1.7
creador,4.25,es,wordfreq,1,2.45
creadores,4.0,es,wordfreq,0,3.35
creados,3.96,es,wordfreq,1,2.15
crean,4.29,es,wordfreq,3,1.75
creando,4.31,es,wordfreq,0,2.2
crear,5.03,es,wordfreq,3,1.8
crearon,4.05,es,wordfreq,0,2.75
creas,4.17,es,wordfreq,4,1.75
creativa,3.91,es,wordfreq,1,2.9
creatividad,4.12,es,wordfreq,0,4.6
creativo,3.93,es,wordfreq,1,3.05
crece,4.3,es,wordfreq,2,1.7
crecen,3.95,es,wordfreq,1,1.8
crecer,4.48,es,wordfreq,1,1.9
crecido,4.08,es,wordfreq,0,2.45
creciendo,4.27,es,wordfreq,0,2.8
creciente,4.34,es,wordfreq,0,2.75
crecimiento,4.87,es,wordfreq,0,3.5
creció,4.1,es,wordfreq,0,2.45
credibilidad,4.03,es,wordfreq,0,4.95
cree,5.02,es,wordfreq,5,1.55
creemos,4.5,es,wordfreq,0,2.85
creen,4.85,es,wordfreq,4,1.7
creencia,4.14,es,wordfreq,0,2.75
creencias,4.24,es,wordfreq,0,3.45
creer,5.01,es,wordfreq,3,1.75
crees,4.78,es,wordfreq,3,1.8
crema,4.18,es,wordfreq,1,1.9
creo,5.79,es,wordfreq,4,1.8
creyendo,4.04,es,wordfreq,0,2.75
creyó,3.92,es,wordfreq,0,2.05
creí,4.09,es,wordfreq,4,1.75
creía,4.35,es,wordfreq,1,1.75
creían,3.85,es,wordfreq,0,2.3
creído,3.83,es,wordfreq,1,2.15
creó,4.46,es,wordfreq,4,1.75
criado,3.84,es,wordfreq,1,1.95
criatura,3.99,es,wordfreq,0,3.35
criaturas,4.0,es,wordfreq,0,3.7
crimen,4.68,es,wordfreq,0,2.65
criminal,4.48,es,wordfreq,0,3.15
criminales,4.3,es,wordfreq,0,3.7
crisis,5.02,es,wordfreq,0,2.9
cristal,4.28,es,wordfreq,0,2.85
cristales,3.89,es,wordfreq,0,3.25
cristiana,4.28,es,wordfreq,1,3.35
cristianismo,3.99,es,wordfreq,0,5.35
cristiano,4.4,es,wordfreq,1,3.3
cristianos,4.42,es,wordfreq,0,3.7
cristina,4.47,es,wordfreq,0,2.8
cristo,4.61,es,wordfreq,0,2.5
cristóbal,4.07,es,wordfreq,0,4.1
criterio,4.34,es,wordfreq,0,3.55
criterios,4.29,es,wordfreq,0,3.75
critica,4.24,es,wordfreq,1,2.5
critican,3.91,es,wordfreq,1,3.05
criticar,4.24,es,wordfreq,1,2.85
croacia,3.94,es,wordfreq,0,2.95
cruce,4.1,es,wordfreq,2,2.05
crucero,3.9,es,wordfreq,0,2.8
cruces,3.84,es,wordfreq,0,2.4
crucial,3.86,es,wordfreq,0,3.0
crudo,4.0,es,wordfreq,0,2.0
cruel,4.26,es,wordfreq,0,2.05
crueldad,3.87,es,wordfreq,0,3.5
cruz,4.86,es,wordfreq,0,2.2
cruza,3.94,es,wordfreq,0,1.9
cruzada,3.84,es,wordfreq,1,2.75
cruzado,3.9,es,wordfreq,1,2.55
cruzar,4.27,es,wordfreq,0,2.55
cráneo,3.86,es,wordfreq,0,2.85
crédito,4.72,es,wordfreq,0,3.2
créditos,4.37,es,wordfreq,0,3.4
cría,3.85,es,wordfreq,3,1.8
crímenes,4.3,es,wordfreq,0,3.45
crítica,4.79,es,wordfreq,2,2.4
críticas,4.54,es,wordfreq,1,2.65
crítico,4.47,es,wordfreq,1,2.7
críticos,4.34,es,wordfreq,1,2.8
crónica,4.29,es,wordfreq,0,2.65
crónicas,3.95,es,wordfreq,0,3.05
cuaderno,3.82,es,wordfreq,0,3.15
cuadra,3.99,es,wordfreq,1,2.25
cuadrado,4.0,es,wordfreq,0,2.7
cuadrados,4.12,es,wordfreq,0,3.2
cuadras,3.92,es,wordfreq,1,2.5
cuadro,4.52,es,wordfreq,2,2.15
cuadros,4.26,es,wordfreq,1,2.4
cual,5.65,es,wordfreq,2,1.85
cuales,5.15,es,wordfreq,1,2.15
cualidades,4.03,es,wordfreq,0,3.6
cualquier,5.61,es,wordfreq,0,4.5
cualquiera,5.04,es,wordfreq,0,4.5
cuan,3.81,es,wordfreq,5,1.7
cuando,6.29,es,wordfreq,2,1.9
cuanta,3.99,es,wordfreq,4,1.7
cuantas,4.52,es,wordfreq,3,1.8
cuanto,5.31,es,wordfreq,5,1.65
cuantos,4.68,es,wordfreq,4,1.75
cuarenta,4.24,es,wordfreq,0,2.85
cuarta,4.43,es,wordfreq,2,1.85
cuartel,4.12,es,wordfreq,0,2.65
cuarto,4.93,es,wordfreq,2,1.85
cuartos,4.22,es,wordfreq,1,1.9
cuatro,5.4,es,wordfreq,1,2.25
cuba,4.92,es,wordfreq,4,1.8
cubana,4.18,es,wordfreq,1,2.35
cubano,4.24,es,wordfreq,1,2.45
cubanos,4.13,es,wordfreq,0,2.65
cubierta,4.37,es,wordfreq,1,2.6
cubiertas,4.0,es,wordfreq,1,2.75
cubierto,4.24,es,wordfreq,1,2.65
cubiertos,3.92,es,wordfreq,1,2.7
cubre,4.24,es,wordfreq,1,1.85
cubren,3.86,es,wordfreq,0,2.35
cubrir,4.42,es,wordfreq,0,2.6
cuchillo,4.1,es,wordfreq,0,3.9
cuello,4.62,es,wordfreq,0,2.0
cuenca,4.27,es,wordfreq,1,2.05
cuenta,5.78,es,wordfreq,6,1.6
cuentan,4.53,es,wordfreq,1,2.25
cuentas,4.97,es,wordfreq,4,1.75
cuente,3.96,es,wordfreq,4,1.8
cuento,4.67,es,wordfreq,5,1.7
cuentos,4.35,es,wordfreq,4,1.75
cuerda,4.17,es,wordfreq,0,1.9
cuerdas,3.99,es,wordfreq,0,1.95
cuernos,3.82,es,wordfreq,1,2.2
cuero,4.14,es,wordfreq,1,1.85
cuerpo,5.35,es,wordfreq,0,2.05
cuerpos,4.63,es,wordfreq,1,2.3
cuesta,4.72,es,wordfreq,2,1.9
cuestiones,4.57,es,wordfreq,0,3.8
cuestión,4.96,es,wordfreq,0,3.35
cueva,4.15,es,wordfreq,2,1.85
cuevas,3.88,es,wordfreq,2,1.85
cuida,4.06,es,wordfreq,0,1.95
cuidado,4.91,es,wordfreq,0,2.4
cuidados,3.99,es,wordfreq,0,2.85
cuidadosamente,3.91,es,wordfreq,0,6.55
cuidar,4.4,es,wordfreq,0,2.55
culo,4.77,es,wordfreq,2,1.85
culpa,5.02,es,wordfreq,0,1.95
culpable,4.45,es,wordfreq,0,3.65
culpables,4.05,es,wordfreq,0,3.75
culpar,3.9,es,wordfreq,0,2.6
cultivar,3.85,es,wordfreq,0,3.3
cultivo,4.32,es,wordfreq,0,2.75
cultivos,4.12,es,wordfreq,0,3.2
culto,4.33,es,wordfreq,0,1.9
cultura,5.24,es,wordfreq,0,2.45
cultural,4.95,es,wordfreq,1,2.9
culturales,4.6,es,wordfreq,0,3.8
culturas,4.29,es,wordfreq,1,2.65
cumbre,4.35,es,wordfreq,0,2.45
cumpla,4.07,es,wordfreq,1,2.55
cumplan,3.92,es,wordfreq,1,2.6
cumple,4.46,es,wordfreq,1,2.5
cumpleaños,4.66,es,wordfreq,0,4.0
cumplen,4.18,es,wordfreq,1,2.65
cumplido,4.21,es,wordfreq,0,3.05
cumpliendo,4.06,es,wordfreq,0,3.6
cumplimiento,4.41,es,wordfreq,0,4.55
cumplir,4.83,es,wordfreq,1,2.95
cumplió,4.07,es,wordfreq,1,3.0
cuna,3.96,es,wordfreq,5,1.7
cuota,4.23,es,wordfreq,0,1.95
cuotas,4.12,es,wordfreq,0,1.95
cup,3.84,es,wordfreq,1,1.85
cupo,3.81,es,wordfreq,3,1.8
cura,4.46,es,wordfreq,7,1.55
curar,3.98,es,wordfreq,1,1.9
curiosamente,3.9,es,wordfreq,0,4.85
curiosidad,4.38,es,wordfreq,0,4.55
curioso,4.36,es,wordfreq,1,2.8
curso,4.93,es,wordfreq,0,1.95
cursos,4.46,es,wordfreq,0,1.95
curva,4.05,es,wordfreq,1,1.85
curvas,3.83,es,wordfreq,1,2.0
custodia,4.12,es,wordfreq,0,3.75
cuya,4.77,es,wordfreq,6,1.65
cuyas,4.26,es,wordfreq,2,1.85
cuyo,4.85,es,wordfreq,6,1.65
cuyos,4.43,es,wordfreq,3,1.8
cuál,5.0,es,wordfreq,2,1.95
cuáles,4.52,es,wordfreq,1,2.75
cuán,4.04,es,wordfreq,2,1.9
cuándo,4.73,es,wordfreq,2,2.4
cuánta,3.9,es,wordfreq,3,1.8
cuántas,4.32,es,wordfreq,3,2.1
cuánto,4.74,es,wordfreq,4,1.75
cuántos,4.41,es,wordfreq,3,2.1
cuñado,3.83,es,wordfreq,1,2.05
cv,4.02,es,wordfreq,11,1.45
cádiz,4.16,es,wordfreq,0,2.95
cálculo,4.17,es,wordfreq,0,3.2
cálculos,3.97,es,wordfreq,0,3.35
cálido,3.82,es,wordfreq,1,2.6
cámara,5.02,es,wordfreq,1,2.55
cámaras,4.52,es,wordfreq,0,2.7
cáncer,4.67,es,wordfreq,1,2.65
cárcel,4.76,es,wordfreq,0,2.8
cárceles,3.84,es,wordfreq,0,3.35
cárdenas,3.9,es,wordfreq,0,3.15
cátedra,3.97,es,wordfreq,0,3.4
cédula,3.83,es,wordfreq,0,2.9
célebre,3.95,es,wordfreq,0,3.15
células,4.32,es,wordfreq,0,2.9
césar,4.32,es,wordfreq,2,2.15
círculo,4.48,es,wordfreq,0,2.95
círculos,4.11,es,wordfreq,0,3.15
cívica,3.88,es,wordfreq,0,2.75
código,4.97,es,wordfreq,0,2.85
códigos,4.1,es,wordfreq,0,2.9
cómo,5.79,es,wordfreq,1,1.95
cómoda,3.97,es,wordfreq,1,2.75
cómodo,4.22,es,wordfreq,1,2.65
cómplice,3.87,es,wordfreq,0,3.75
córdoba,4.6,es,wordfreq,0,3.7
cúpula,3.95,es,wordfreq,0,2.95
da,5.58,es,wordfreq,24,1.0
daba,4.61,es,wordfreq,4,1.75
daban,4.16,es,wordfreq,0,1.95
dada,4.41,es,wordfreq,7,1.6
dadas,3.93,es,wordfreq,3,1.8
dado,5.23,es,wordfreq,6,1.6
dados,3.98,es,wordfreq,6,1.65
dale,4.6,es,wordfreq,5,1.7
dama,4.36,es,wordfreq,9,1.4
damas,4.14,es,wordfreq,6,1.6
dame,4.37,es,wordfreq,5,1.7
damos,4.38,es,wordfreq,8,1.55
dan,5.16,es,wordfreq,14,1.2
dando,4.95,es,wordfreq,2,1.8
daniel,4.61,es,wordfreq,0,2.8
danza,4.22,es,wordfreq,1,1.95
dar,5.48,es,wordfreq,7,1.4
darle,4.98,es,wordfreq,3,1.75
darles,4.3,es,wordfreq,0,1.95
darme,4.4,es,wordfreq,3,1.8
darnos,4.14,es,wordfreq,0,2.0
darse,4.51,es,wordfreq,3,1.85
darte,4.49,es,wordfreq,5,1.6
dará,4.49,es,wordfreq,3,1.75
darán,4.1,es,wordfreq,2,1.85
daré,3.91,es,wordfreq,3,1.8
daría,4.34,es,wordfreq,4,1.8
das,4.77,es,wordfreq,11,1.25
data,4.34,es,wordfreq,9,1.55
date,3.96,es,wordfreq,5,1.7
dato,4.33,es,wordfreq,8,1.55
datos,5.32,es,wordfreq,4,1.75
david,4.84,es,wordfreq,1,2.8
davis,3.97,es,wordfreq,1,2.1
day,4.13,es,wordfreq,10,1.4
dañar,3.85,es,wordfreq,0,2.0
daño,4.88,es,wordfreq,3,1.75
daños,4.55,es,wordfreq,4,1.7
dc,4.12,es,wordfreq,14,1.25
de,7.81,es,wordfreq,26,1.0
deba,4.1,es,wordfreq,4,1.75
debajo,4.78,es,wordfreq,0,2.55
debate,4.84,es,wordfreq,0,2.35
debates,4.19,es,wordfreq,0,2.75
debatir,3.92,es,wordfreq,0,3.0
debe,5.65,es,wordfreq,4,1.65
debemos,4.96,es,wordfreq,1,2.35
deben,5.22,es,wordfreq,3,1.8
deber,4.42,es,wordfreq,3,1.75
deberes,4.08,es,wordfreq,0,2.55
deberia,3.94,es,wordfreq,1,2.55
deberá,4.47,es,wordfreq,0,2.35
deberán,4.3,es,wordfreq,0,2.55
debería,5.26,es,wordfreq,1,2.3
deberíamos,4.47,es,wordfreq,0,3.65
deberían,4.81,es,wordfreq,1,2.65
deberías,4.39,es,wordfreq,1,2.65
debes,4.76,es,wordfreq,3,1.8
debidamente,3.81,es,wordfreq,0,3.9
debido,5.24,es,wordfreq,0,2.0
debiera,3.86,es,wordfreq,0,2.65
debieron,3.92,es,wordfreq,0,2.85
debilidad,4.18,es,wordfreq,0,3.5
debió,4.49,es,wordfreq,0,2.15
debo,4.67,es,wordfreq,4,1.8
debut,3.97,es,wordfreq,0,2.55
debía,4.64,es,wordfreq,1,1.85
debían,4.18,es,wordfreq,1,2.15
decadencia,3.83,es,wordfreq,0,3.7
decenas,4.16,es,wordfreq,0,2.75
decente,4.08,es,wordfreq,1,2.4
decepcionado,3.82,es,wordfreq,0,4.55
decepción,3.97,es,wordfreq,1,2.95
decia,3.98,es,wordfreq,2,1.85
decida,3.85,es,wordfreq,2,1.9
decide,4.43,es,wordfreq,2,2.05
deciden,4.04,es,wordfreq,0,2.55
decidido,4.55,es,wordfreq,0,2.65
decidieron,4.22,es,wordfreq,0,3.55
decidimos,3.99,es,wordfreq,0,3.35
decidir,4.48,es,wordfreq,1,2.45
decidió,4.66,es,wordfreq,1,2.55
decidí,4.2,es,wordfreq,2,2.45
decimos,4.28,es,wordfreq,0,2.35
decir,5.78,es,wordfreq,1,2.05
decirle,4.58,es,wordfreq,3,2.45
decirles,4.09,es,wordfreq,0,2.8
decirlo,4.43,es,wordfreq,1,2.65
decirme,4.12,es,wordfreq,2,2.6
decirte,4.43,es,wordfreq,2,2.45
decisiones,4.77,es,wordfreq,0,3.0
decisivo,3.82,es,wordfreq,0,3.35
decisión,4.99,es,wordfreq,0,2.7
declara,4.24,es,wordfreq,1,2.5
declaraciones,4.52,es,wordfreq,0,4.65
declaración,4.73,es,wordfreq,0,3.7
declarada,3.85,es,wordfreq,1,3.5
declarado,4.35,es,wordfreq,1,3.2
declarar,4.24,es,wordfreq,0,2.8
declaró,4.49,es,wordfreq,1,2.85
decoración,4.03,es,wordfreq,0,3.15
decreto,4.7,es,wordfreq,1,2.75
decía,4.89,es,wordfreq,3,1.8
decían,4.31,es,wordfreq,1,2.25
decís,3.99,es,wordfreq,1,2.0
dedica,4.25,es,wordfreq,1,2.15
dedicación,3.93,es,wordfreq,0,3.2
dedicada,4.28,es,wordfreq,1,2.55
dedicadas,3.83,es,wordfreq,1,3.05
dedicado,4.5,es,wordfreq,2,2.3
dedicados,3.99,es,wordfreq,1,2.6
dedican,3.99,es,wordfreq,1,2.6
dedicar,3.91,es,wordfreq,1,2.5
dedicó,3.99,es,wordfreq,1,2.7
dedo,4.47,es,wordfreq,5,1.7
dedos,4.52,es,wordfreq,2,1.85
defecto,4.15,es,wordfreq,0,2.5
defectos,4.13,es,wordfreq,0,2.6
defender,4.66,es,wordfreq,1,2.45
defenderse,3.9,es,wordfreq,0,4.1
defendiendo,4.02,es,wordfreq,1,3.75
defendió,3.9,es,wordfreq,0,3.1
defensa,5.06,es,wordfreq,0,2.95
defensor,4.23,es,wordfreq,0,3.3
defensores,4.14,es,wordfreq,0,4.15
defiende,4.28,es,wordfreq,0,2.7
defienden,4.0,es,wordfreq,0,3.1
define,4.34,es,wordfreq,0,2.65
definen,3.86,es,wordfreq,0,2.75
definición,4.56,es,wordfreq,0,3.75
definida,3.83,es,wordfreq,1,2.95
definido,4.05,es,wordfreq,1,2.75
definir,4.28,es,wordfreq,0,2.75
definitiva,4.41,es,wordfreq,1,4.4
definitivamente,4.62,es,wordfreq,0,6.15
definitivo,4.04,es,wordfreq,1,4.3
deja,5.23,es,wordfreq,5,1.6
dejaba,4.13,es,wordfreq,1,2.3
dejado,4.79,es,wordfreq,0,1.95
dejame,3.87,es,wordfreq,1,2.15
dejamos,4.39,es,wordfreq,1,2.25
dejan,4.7,es,wordfreq,3,1.8
dejando,4.69,es,wordfreq,0,2.55
dejar,5.32,es,wordfreq,2,1.75
dejara,3.91,es,wordfreq,2,1.8
dejarla,3.83,es,wordfreq,2,2.4
dejarlo,4.1,es,wordfreq,1,2.4
dejaron,4.55,es,wordfreq,0,2.4
dejarse,3.89,es,wordfreq,1,2.3
dejarte,3.83,es,wordfreq,2,2.1
dejará,4.06,es,wordfreq,1,2.1
dejaría,3.9,es,wordfreq,1,2.35
dejas,4.35,es,wordfreq,4,1.75
dejaste,3.94,es,wordfreq,1,2.55
deje,4.69,es,wordfreq,7,1.5
dejemos,4.07,es,wordfreq,2,2.35
dejen,4.57,es,wordfreq,3,1.8
dejes,4.43,es,wordfreq,3,1.8
dejo,4.76,es,wordfreq,7,1.65
dejé,4.23,es,wordfreq,4,1.8
dejó,4.95,es,wordfreq,4,1.8
del,7.01,es,wordfreq,4,1.7
delante,4.75,es,wordfreq,0,2.4
delantera,3.83,es,wordfreq,1,3.6
delantero,4.03,es,wordfreq,1,3.5
delegación,4.29,es,wordfreq,0,3.15
delegado,3.99,es,wordfreq,0,2.45
delegados,3.91,es,wordfreq,0,2.95
delgada,3.83,es,wordfreq,1,2.85
delgado,4.13,es,wordfreq,1,2.35
delicado,3.93,es,wordfreq,1,2.6
delicioso,3.96,es,wordfreq,0,3.6
delincuencia,4.05,es,wordfreq,0,4.55
delincuente,3.99,es,wordfreq,0,4.35
delincuentes,4.24,es,wordfreq,0,4.6
delito,4.69,es,wordfreq,0,2.65
delitos,4.52,es,wordfreq,0,2.8
della,3.81,es,wordfreq,2,1.85
delta,3.88,es,wordfreq,1,1.95
demanda,4.79,es,wordfreq,0,2.7
demandas,4.2,es,wordfreq,0,2.85
demas,4.37,es,wordfreq,5,1.7
demasiada,4.14,es,wordfreq,1,3.5
demasiadas,3.99,es,wordfreq,1,3.8
demasiado,5.23,es,wordfreq,1,3.45
demasiados,4.0,es,wordfreq,1,3.6
democracia,4.93,es,wordfreq,0,4.3
democrática,4.45,es,wordfreq,1,4.15
democráticas,3.81,es,wordfreq,1,4.6
democrático,4.4,es,wordfreq,1,4.35
democráticos,3.82,es,wordfreq,1,4.9
demonio,4.13,es,wordfreq,0,2.85
demonios,4.08,es,wordfreq,0,3.3
demora,3.89,es,wordfreq,0,2.55
demos,3.85,es,wordfreq,7,1.65
demostración,4.01,es,wordfreq,0,4.25
demostrado,4.42,es,wordfreq,0,3.45
demostrando,3.92,es,wordfreq,0,3.95
demostrar,4.55,es,wordfreq,0,3.45
demostró,4.09,es,wordfreq,0,3.45
demuestra,4.52,es,wordfreq,0,3.3
demuestran,4.15,es,wordfreq,0,3.75
demás,5.29,es,wordfreq,2,1.85
demócrata,4.01,es,wordfreq,0,4.0
demócratas,3.88,es,wordfreq,0,4.5
den,4.63,es,wordfreq,10,1.4
denomina,3.92,es,wordfreq,0,3.55
denominación,4.03,es,wordfreq,0,3.9
denominada,4.01,es,wordfreq,1,3.6
denominado,4.13,es,wordfreq,1,3.55
densidad,4.03,es,wordfreq,0,3.2
dentro,5.53,es,wordfreq,1,2.1
denuncia,4.57,es,wordfreq,2,2.4
denunciado,3.87,es,wordfreq,0,3.45
denunciar,4.18,es,wordfreq,2,3.0
denuncias,4.23,es,wordfreq,1,2.95
denunció,3.97,es,wordfreq,2,2.9
departamento,5.04,es,wordfreq,0,4.35
departamentos,4.31,es,wordfreq,0,5.05
depende,4.72,es,wordfreq,0,2.6
dependen,4.02,es,wordfreq,1,2.7
dependencia,4.24,es,wordfreq,0,3.65
dependencias,3.86,es,wordfreq,0,4.1
depender,3.91,es,wordfreq,2,2.65
dependiendo,4.33,es,wordfreq,1,3.45
dependiente,3.98,es,wordfreq,0,3.6
deporte,4.69,es,wordfreq,1,2.5
deportes,4.51,es,wordfreq,1,2.65
deportistas,3.97,es,wordfreq,0,4.45
deportiva,4.16,es,wordfreq,1,3.4
deportivas,3.97,es,wordfreq,1,3.75
deportivo,4.38,es,wordfreq,1,3.5
deportivos,4.02,es,wordfreq,1,3.5
depresión,4.33,es,wordfreq,1,3.35
depósito,4.24,es,wordfreq,0,3.55
depósitos,4.04,es,wordfreq,0,3.75
der,4.02,es,wordfreq,7,1.55
derecha,4.95,es,wordfreq,1,2.7
derecho,5.44,es,wordfreq,1,2.7
derechos,5.31,es,wordfreq,0,2.75
deriva,4.05,es,wordfreq,0,2.65
derivado,3.81,es,wordfreq,0,2.7
derivados,4.04,es,wordfreq,0,2.95
derrota,4.37,es,wordfreq,0,2.9
derrotar,3.83,es,wordfreq,0,3.6
des,4.68,es,wordfreq,8,1.5
desacuerdo,3.96,es,wordfreq,0,3.85
desafío,4.24,es,wordfreq,0,3.05
desafíos,3.96,es,wordfreq,0,3.6
desagradable,3.97,es,wordfreq,0,5.75
desaparece,4.07,es,wordfreq,0,4.05
desaparecer,4.3,es,wordfreq,0,4.15
desaparecido,4.35,es,wordfreq,0,4.0
desaparecidos,4.18,es,wordfreq,0,4.75
desapareció,4.1,es,wordfreq,0,4.0
desaparición,4.27,es,wordfreq,0,4.15
desarrolla,4.28,es,wordfreq,2,3.5
desarrollada,3.95,es,wordfreq,1,4.2
desarrollado,4.43,es,wordfreq,1,4.0
desarrolladores,3.81,es,wordfreq,0,5.9
desarrollados,4.06,es,wordfreq,0,4.4
desarrollan,3.98,es,wordfreq,1,3.95
desarrollando,4.06,es,wordfreq,0,4.65
desarrollar,4.57,es,wordfreq,1,3.7
desarrollo,5.4,es,wordfreq,2,3.8
desarrolló,4.01,es,wordfreq,2,4.0
desastre,4.56,es,wordfreq,0,3.45
desastres,3.87,es,wordfreq,0,3.75
desayuno,4.38,es,wordfreq,0,3.85
descansa,3.95,es,wordfreq,1,2.65
descansar,4.21,es,wordfreq,0,3.35
descanso,4.46,es,wordfreq,2,2.65
descarga,4.3,es,wordfreq,0,2.8
descargar,4.21,es,wordfreq,0,3.3
descendientes,4.01,es,wordfreq,0,4.8
descenso,4.13,es,wordfreq,1,2.75
desconfianza,3.91,es,wordfreq,0,5.7
desconoce,3.82,es,wordfreq,0,3.6
desconocida,4.01,es,wordfreq,1,3.95
desconocido,4.32,es,wordfreq,1,3.7
desconocidos,3.97,es,wordfreq,0,4.05
descontento,3.85,es,wordfreq,0,4.4
describe,4.38,es,wordfreq,0,2.5
describen,3.81,es,wordfreq,0,2.85
describir,4.16,es,wordfreq,1,2.8
describió,4.01,es,wordfreq,1,2.85
descripción,4.6,es,wordfreq,0,3.8
descrito,4.0,es,wordfreq,0,2.55
descubierto,4.43,es,wordfreq,0,3.8
descubre,4.37,es,wordfreq,1,3.25
descubren,3.83,es,wordfreq,0,3.35
descubrieron,3.86,es,wordfreq,0,4.4
descubrimiento,4.25,es,wordfreq,0,5.45
descubrir,4.5,es,wordfreq,1,3.3
descubrió,4.24,es,wordfreq,1,3.5
descubrí,3.93,es,wordfreq,1,3.55
descuento,4.2,es,wordfreq,0,2.95
descuentos,3.91,es,wordfreq,0,3.55
desde,6.1,es,wordfreq,1,1.95
desea,4.5,es,wordfreq,2,1.75
deseaba,3.87,es,wordfreq,0,2.6
deseado,3.93,es,wordfreq,0,2.1
deseamos,3.89,es,wordfreq,0,2.6
desean,4.11,es,wordfreq,2,2.05
deseando,3.97,es,wordfreq,0,2.65
desear,4.0,es,wordfreq,2,2.05
deseas,4.11,es,wordfreq,3,1.8
desee,3.81,es,wordfreq,3,1.85
desempeño,4.23,es,wordfreq,0,4.3
desempleo,4.2,es,wordfreq,0,3.9
deseo,4.91,es,wordfreq,2,1.85
deseos,4.41,es,wordfreq,1,1.9
desesperación,4.0,es,wordfreq,0,4.65
desesperada,3.84,es,wordfreq,1,4.55
desesperado,3.85,es,wordfreq,1,4.1
desfile,4.09,es,wordfreq,0,3.2
desgracia,4.39,es,wordfreq,0,3.75
desierto,4.36,es,wordfreq,0,2.75
designación,4.0,es,wordfreq,0,3.7
designado,3.99,es,wordfreq,0,3.1
desigualdad,4.16,es,wordfreq,0,4.85
desnuda,4.04,es,wordfreq,1,2.85
desnudo,4.05,es,wordfreq,1,2.7
desorden,3.97,es,wordfreq,0,3.6
despacho,4.29,es,wordfreq,1,2.9
despacio,3.87,es,wordfreq,1,2.7
despedida,4.08,es,wordfreq,1,3.8
despedido,3.88,es,wordfreq,1,3.25
despertar,4.29,es,wordfreq,0,2.9
desperté,3.82,es,wordfreq,1,2.85
despertó,3.93,es,wordfreq,1,2.8
despido,3.99,es,wordfreq,0,2.7
despierta,4.29,es,wordfreq,1,3.15
despierto,4.07,es,wordfreq,1,3.0
desplazamiento,3.94,es,wordfreq,0,5.9
despliegue,3.84,es,wordfreq,0,4.8
desprecio,3.97,es,wordfreq,0,3.25
despues,4.87,es,wordfreq,1,2.9
después,5.9,es,wordfreq,1,3.4
destaca,4.44,es,wordfreq,1,2.45
destacada,3.83,es,wordfreq,1,3.05
destacado,4.27,es,wordfreq,1,2.6
destacados,4.11,es,wordfreq,0,3.3
destacan,4.11,es,wordfreq,1,2.6
destacar,4.37,es,wordfreq,1,2.65
destacó,4.18,es,wordfreq,1,2.8
destinada,3.99,es,wordfreq,1,2.75
destinadas,3.88,es,wordfreq,1,3.35
destinado,4.24,es,wordfreq,1,2.55
destinados,4.04,es,wordfreq,1,2.85
destino,4.9,es,wordfreq,0,2.6
destinos,4.07,es,wordfreq,0,2.65
destrucción,4.41,es,wordfreq,0,3.65
destruido,4.05,es,wordfreq,0,3.25
destruir,4.36,es,wordfreq,0,3.6
destruye,3.89,es,wordfreq,0,3.65
detallada,3.88,es,wordfreq,1,3.6
detallado,3.81,es,wordfreq,1,3.4
detalle,4.53,es,wordfreq,0,2.9
detalles,4.82,es,wordfreq,0,2.85
detectar,3.96,es,wordfreq,0,3.05
detective,3.81,es,wordfreq,0,3.8
detención,4.18,es,wordfreq,0,2.8
detener,4.39,es,wordfreq,0,2.75
detenido,4.4,es,wordfreq,0,2.75
detenidos,4.22,es,wordfreq,0,3.25
deterioro,4.0,es,wordfreq,0,3.8
determina,3.98,es,wordfreq,1,2.8
determinación,4.11,es,wordfreq,0,4.4
determinada,4.1,es,wordfreq,1,3.25
determinadas,4.0,es,wordfreq,1,3.85
determinado,4.31,es,wordfreq,1,3.1
determinados,4.1,es,wordfreq,1,3.6
determinar,4.47,es,wordfreq,0,3.2
determinó,3.82,es,wordfreq,1,3.35
detiene,4.02,es,wordfreq,0,2.75
detrás,4.91,es,wordfreq,0,2.7
detuvo,4.14,es,wordfreq,0,2.85
deuda,4.67,es,wordfreq,0,1.9
deudas,4.2,es,wordfreq,0,2.35
devoción,3.81,es,wordfreq,0,2.95
devolver,4.14,es,wordfreq,0,3.7
df,4.0,es,wordfreq,12,1.35
di,4.98,es,wordfreq,21,1.0
dia,5.08,es,wordfreq,7,1.3
diabetes,3.81,es,wordfreq,0,3.75
diablo,4.42,es,wordfreq,0,2.75
diablos,3.82,es,wordfreq,0,2.85
diagnóstico,4.21,es,wordfreq,0,5.55
diamante,3.85,es,wordfreq,0,3.65
diana,4.14,es,wordfreq,1,1.95
diaria,4.24,es,wordfreq,1,2.45
diariamente,4.03,es,wordfreq,0,3.8
diarias,4.04,es,wordfreq,1,2.65
diario,5.02,es,wordfreq,1,2.6
diarios,4.44,es,wordfreq,1,2.6
dias,4.79,es,wordfreq,3,1.7
diaz,3.83,es,wordfreq,3,1.8
dibujar,3.91,es,wordfreq,0,3.35
dibujo,4.4,es,wordfreq,0,2.75
dibujos,4.3,es,wordfreq,0,2.85
diccionario,4.22,es,wordfreq,0,4.85
dice,5.73,es,wordfreq,6,1.6
dicen,5.29,es,wordfreq,1,1.9
dices,4.83,es,wordfreq,1,1.9
dicha,4.8,es,wordfreq,3,1.8
dichas,4.27,es,wordfreq,2,2.1
dicho,5.41,es,wordfreq,2,1.85
dichos,4.4,es,wordfreq,1,2.15
diciembre,5.2,es,wordfreq,0,4.25
diciendo,5.09,es,wordfreq,0,2.8
dictador,4.13,es,wordfreq,0,3.3
dictadura,4.62,es,wordfreq,0,4.25
diego,4.68,es,wordfreq,3,1.8
diente,3.83,es,wordfreq,2,1.85
dientes,4.51,es,wordfreq,1,1.9
diera,4.14,es,wordfreq,2,1.85
dieron,4.84,es,wordfreq,1,2.35
dieta,4.37,es,wordfreq,1,1.95
diez,5.04,es,wordfreq,1,1.95
diferencia,5.07,es,wordfreq,0,3.3
diferencias,4.63,es,wordfreq,0,3.45
diferente,5.03,es,wordfreq,0,3.3
diferentes,5.29,es,wordfreq,0,3.5
dificil,4.16,es,wordfreq,1,2.9
dificultad,4.27,es,wordfreq,0,4.6
dificultades,4.51,es,wordfreq,0,5.3
difundir,4.26,es,wordfreq,0,3.75
difusión,4.45,es,wordfreq,0,3.25
difícil,5.24,es,wordfreq,1,3.55
difíciles,4.41,es,wordfreq,0,4.0
difícilmente,3.83,es,wordfreq,0,4.7
diga,4.89,es,wordfreq,3,1.65
digamos,4.34,es,wordfreq,1,2.5
digan,4.44,es,wordfreq,2,1.85
digas,4.49,es,wordfreq,2,1.8
digital,4.76,es,wordfreq,0,2.95
digitales,4.26,es,wordfreq,0,3.6
digna,4.08,es,wordfreq,2,1.9
dignidad,4.55,es,wordfreq,0,3.7
digno,4.21,es,wordfreq,2,1.85
digo,5.28,es,wordfreq,3,1.7
dije,5.07,es,wordfreq,5,1.75
dijera,4.02,es,wordfreq,0,2.35
dijeron,4.82,es,wordfreq,0,2.7
dijimos,3.85,es,wordfreq,0,2.65
dijiste,4.32,es,wordfreq,0,2.85
dijo,5.65,es,wordfreq,5,1.7
dile,4.07,es,wordfreq,4,1.8
dime,4.44,es,wordfreq,5,1.75
dimensiones,4.23,es,wordfreq,0,3.7
dimensión,4.14,es,wordfreq,0,3.35
dimos,4.0,es,wordfreq,3,1.8
dinamarca,3.97,es,wordfreq,0,4.35
dinero,5.47,es,wordfreq,1,2.25
dinámica,4.26,es,wordfreq,0,3.8
dio,5.24,es,wordfreq,7,1.3
dios,5.61,es,wordfreq,1,1.65
diosa,4.04,es,wordfreq,0,1.95
dioses,4.33,es,wordfreq,0,2.8
diplomática,3.86,es,wordfreq,1,4.6
diplomático,4.01,es,wordfreq,1,4.75
diputación,3.95,es,wordfreq,0,3.55
diputada,3.92,es,wordfreq,1,3.45
diputado,4.59,es,wordfreq,1,3.05
diputados,4.8,es,wordfreq,0,3.7
direcciones,4.2,es,wordfreq,0,3.6
dirección,5.17,es,wordfreq,0,3.0
directa,4.65,es,wordfreq,1,2.45
directamente,4.91,es,wordfreq,0,4.05
directas,3.83,es,wordfreq,1,2.7
directiva,4.19,es,wordfreq,0,3.15
directivos,3.9,es,wordfreq,0,3.5
directo,4.8,es,wordfreq,1,2.45
director,5.12,es,wordfreq,1,2.45
directora,4.36,es,wordfreq,0,3.1
directores,4.21,es,wordfreq,0,3.2
directorio,4.01,es,wordfreq,0,3.75
directos,4.03,es,wordfreq,2,2.4
dirige,4.41,es,wordfreq,0,2.7
dirigen,3.89,es,wordfreq,0,2.6
dirigente,4.14,es,wordfreq,0,3.3
dirigentes,4.4,es,wordfreq,0,3.65
dirigida,4.45,es,wordfreq,1,2.85
dirigidas,3.98,es,wordfreq,1,3.35
dirigido,4.48,es,wordfreq,1,2.75
dirigidos,4.01,es,wordfreq,1,3.35
dirigir,4.28,es,wordfreq,1,2.65
dirigirse,3.86,es,wordfreq,0,3.95
dirigió,4.22,es,wordfreq,1,2.8
dirigía,3.84,es,wordfreq,0,2.65
dirá,4.13,es,wordfreq,3,1.75
dirán,3.96,es,wordfreq,1,1.9
diré,4.2,es,wordfreq,2,1.85
diría,4.6,es,wordfreq,1,1.9
discapacidad,4.07,es,wordfreq,0,5.35
disciplina,4.26,es,wordfreq,0,4.65
disciplinas,3.85,es,wordfreq,0,5.0
disco,4.69,es,wordfreq,0,1.95
discos,4.25,es,wordfreq,0,2.35
discriminación,4.26,es,wordfreq,0,5.4
disculpa,4.24,es,wordfreq,0,3.55
disculpas,4.26,es,wordfreq,0,3.8
discurso,4.83,es,wordfreq,0,3.2
discursos,4.19,es,wordfreq,0,3.4
discusiones,4.1,es,wordfreq,0,3.95
discusión,4.64,es,wordfreq,0,3.45
discute,3.82,es,wordfreq,0,3.0
discutiendo,3.96,es,wordfreq,0,4.35
discutir,4.49,es,wordfreq,0,3.6
diseñada,3.93,es,wordfreq,1,3.25
diseñado,4.25,es,wordfreq,1,2.75
diseñador,4.0,es,wordfreq,0,3.35
diseñar,3.85,es,wordfreq,0,2.65
diseño,4.84,es,wordfreq,0,2.55
diseños,4.07,es,wordfreq,0,2.7
disfruta,4.25,es,wordfreq,1,3.35
disfrutando,4.01,es,wordfreq,0,4.65
disfrutar,4.59,es,wordfreq,0,3.65
disfrute,3.89,es,wordfreq,1,3.45
disminución,4.14,es,wordfreq,0,3.95
disminuir,4.07,es,wordfreq,0,3.75
disminuye,3.9,es,wordfreq,0,4.15
disney,4.18,es,wordfreq,0,2.95
disolución,3.85,es,wordfreq,0,3.45
dispara,3.81,es,wordfreq,2,2.6
disparar,4.02,es,wordfreq,0,2.85
disparo,4.05,es,wordfreq,2,2.6
disparos,4.1,es,wordfreq,0,3.15
disparó,3.87,es,wordfreq,2,3.1
dispone,4.28,es,wordfreq,0,2.85
disponer,4.0,es,wordfreq,0,3.25
disponibilidad,3.97,es,wordfreq,0,5.85
disponible,4.68,es,wordfreq,0,4.35
disponibles,4.45,es,wordfreq,0,4.5
disposiciones,4.13,es,wordfreq,0,4.6
disposición,4.61,es,wordfreq,0,3.85
dispositivo,4.22,es,wordfreq,0,4.5
dispositivos,4.2,es,wordfreq,0,4.65
dispuesta,4.1,es,wordfreq,1,3.1
dispuesto,4.54,es,wordfreq,1,2.9
dispuestos,4.23,es,wordfreq,0,3.25
disputa,4.16,es,wordfreq,0,2.8
distancia,4.89,es,wordfreq,0,3.1
distancias,3.94,es,wordfreq,0,3.4
diste,4.04,es,wordfreq,1,1.95
distinción,4.07,es,wordfreq,0,3.55
distingue,3.82,es,wordfreq,0,3.75
distinguir,4.0,es,wordfreq,0,4.2
distinta,4.33,es,wordfreq,1,2.85
distintas,4.8,es,wordfreq,1,3.3
distinto,4.46,es,wordfreq,1,3.0
distintos,4.81,es,wordfreq,1,3.1
distribución,4.72,es,wordfreq,0,4.45
distrito,4.76,es,wordfreq,0,3.1
distritos,4.08,es,wordfreq,0,3.4
diversas,4.78,es,wordfreq,1,2.9
diversidad,4.38,es,wordfreq,0,3.7
diversión,4.14,es,wordfreq,0,3.15
diversos,4.79,es,wordfreq,1,3.0
divertida,4.02,es,wordfreq,1,3.5
divertido,4.58,es,wordfreq,1,3.45
divide,4.05,es,wordfreq,0,2.6
dividida,3.88,es,wordfreq,1,3.15
dividido,4.0,es,wordfreq,1,3.0
dividir,3.94,es,wordfreq,0,2.8
divina,4.12,es,wordfreq,1,2.7
divino,4.05,es,wordfreq,1,2.7
divisas,3.93,es,wordfreq,0,2.9
divisiones,4.0,es,wordfreq,0,3.45
división,4.67,es,wordfreq,0,2.75
divorcio,4.07,es,wordfreq,0,3.9
divulgación,3.88,es,wordfreq,0,4.25
diálogo,4.54,es,wordfreq,0,3.6
diálogos,3.85,es,wordfreq,0,3.8
diámetro,4.0,es,wordfreq,0,3.85
dió,4.26,es,wordfreq,3,1.8
dj,3.99,es,wordfreq,10,1.5
do,4.64,es,wordfreq,22,1.0
doble,4.89,es,wordfreq,1,2.05
dobles,3.93,es,wordfreq,2,2.25
doc,3.89,es,wordfreq,3,1.7
doce,4.47,es,wordfreq,1,1.9
docena,3.96,es,wordfreq,0,2.6
docente,4.29,es,wordfreq,1,2.55
docentes,4.24,es,wordfreq,0,2.75
doctor,4.91,es,wordfreq,0,2.35
doctora,3.94,es,wordfreq,0,2.8
doctorado,4.04,es,wordfreq,0,3.55
doctores,4.14,es,wordfreq,0,2.7
doctrina,4.13,es,wordfreq,0,3.7
documentación,4.29,es,wordfreq,0,4.75
documental,4.45,es,wordfreq,0,3.6
documentales,3.94,es,wordfreq,0,4.45
documento,4.74,es,wordfreq,0,3.15
documentos,4.8,es,wordfreq,0,3.25
dolares,3.84,es,wordfreq,3,2.55
dolor,4.97,es,wordfreq,1,2.1
dolores,4.31,es,wordfreq,2,2.35
doloroso,3.91,es,wordfreq,0,3.6
domicilio,4.31,es,wordfreq,0,4.15
dominante,4.06,es,wordfreq,0,3.8
dominar,3.89,es,wordfreq,0,2.7
domingo,5.02,es,wordfreq,1,2.7
domingos,4.05,es,wordfreq,1,3.2
dominicana,4.31,es,wordfreq,0,4.45
dominio,4.64,es,wordfreq,1,2.65
dominios,3.97,es,wordfreq,1,3.15
doméstica,3.84,es,wordfreq,1,3.75
doméstico,3.87,es,wordfreq,1,3.8
domínguez,3.81,es,wordfreq,0,4.8
don,4.93,es,wordfreq,12,1.25
donaciones,3.99,es,wordfreq,0,2.85
donación,4.03,es,wordfreq,0,2.75
donald,4.11,es,wordfreq,0,2.95
donar,3.84,es,wordfreq,1,1.95
donde,6.01,es,wordfreq,2,1.85
dorada,3.92,es,wordfreq,1,2.35
dorado,4.1,es,wordfreq,1,1.95
dormida,3.81,es,wordfreq,1,2.7
dormido,4.21,es,wordfreq,1,2.7
dormir,4.86,es,wordfreq,0,2.8
dormitorio,3.96,es,wordfreq,0,4.25
dos,6.12,es,wordfreq,12,1.25
dosis,4.26,es,wordfreq,0,2.5
down,3.88,es,wordfreq,0,1.95
doy,4.74,es,wordfreq,9,1.5
doña,4.21,es,wordfreq,0,2.0
dr,4.91,es,wordfreq,17,1.0
dra,3.94,es,wordfreq,5,1.55
dragon,3.82,es,wordfreq,1,2.75
dragón,3.99,es,wordfreq,2,2.65
drama,4.45,es,wordfreq,1,1.85
dramática,3.87,es,wordfreq,2,3.55
dramático,3.86,es,wordfreq,1,3.65
droga,4.38,es,wordfreq,0,2.15
drogas,4.68,es,wordfreq,0,2.55
du,4.13,es,wordfreq,17,1.15
duarte,3.89,es,wordfreq,0,2.05
ducha,4.1,es,wordfreq,3,1.85
duda,5.12,es,wordfreq,3,1.7
dudar,3.96,es,wordfreq,2,1.85
dudas,4.74,es,wordfreq,3,1.75
dudo,4.27,es,wordfreq,5,1.75
duele,4.46,es,wordfreq,3,1.85
duelo,4.2,es,wordfreq,4,1.8
duerme,4.11,es,wordfreq,0,2.6
dueña,3.92,es,wordfreq,1,1.95
dueño,4.61,es,wordfreq,3,1.8
dueños,4.32,es,wordfreq,1,2.0
dulce,4.71,es,wordfreq,0,2.55
dulces,4.28,es,wordfreq,0,2.75
duque,4.36,es,wordfreq,1,2.5
dura,4.7,es,wordfreq,5,1.55
duración,4.42,es,wordfreq,0,2.85
duran,3.93,es,wordfreq,2,1.85
durante,5.8,es,wordfreq,0,2.85
durar,3.98,es,wordfreq,4,1.75
duras,4.1,es,wordfreq,5,1.7
durmiendo,4.18,es,wordfreq,0,3.25
duro,4.81,es,wordfreq,7,1.6
duros,4.12,es,wordfreq,4,1.75
duró,4.17,es,wordfreq,2,1.9
dvd,3.95,es,wordfreq,0,1.95
dándole,4.08,es,wordfreq,0,3.85
dé,4.46,es,wordfreq,11,1.45
débil,4.38,es,wordfreq,0,2.9
débiles,4.08,es,wordfreq,0,2.9
década,4.62,es,wordfreq,0,2.7
décadas,4.56,es,wordfreq,0,2.85
décimo,3.88,es,wordfreq,0,2.95
déficit,4.18,es,wordfreq,0,3.7
déjame,3.95,es,wordfreq,1,2.85
día,5.96,es,wordfreq,5,1.6
días,5.71,es,wordfreq,4,1.7
díaz,4.53,es,wordfreq,2,1.9
dólar,4.27,es,wordfreq,0,2.45
dólares,5.06,es,wordfreq,1,2.7
dónde,5.16,es,wordfreq,1,2.45
echa,4.22,es,wordfreq,2,1.7
echado,3.91,es,wordfreq,0,2.4
echan,3.82,es,wordfreq,1,1.85
echando,3.89,es,wordfreq,0,2.7
echar,4.51,es,wordfreq,1,2.15
echarle,3.84,es,wordfreq,0,2.8
echo,4.32,es,wordfreq,3,1.65
echó,3.86,es,wordfreq,2,2.15
eco,4.25,es,wordfreq,3,1.7
economista,4.02,es,wordfreq,0,3.95
economistas,3.83,es,wordfreq,0,4.2
economía,5.14,es,wordfreq,0,3.45
economías,3.89,es,wordfreq,0,3.7
económica,4.95,es,wordfreq,1,3.5
económicamente,4.02,es,wordfreq,0,5.55
económicas,4.57,es,wordfreq,1,4.0
económico,4.92,es,wordfreq,1,3.55
económicos,4.58,es,wordfreq,1,3.9
ecuación,3.86,es,wordfreq,0,2.75
ecuador,4.79,es,wordfreq,0,2.95
ecuatoriano,3.92,es,wordfreq,0,5.35
ed,4.52,es,wordfreq,19,1.0
edad,5.21,es,wordfreq,0,2.0
edades,4.03,es,wordfreq,0,2.8
edgar,3.83,es,wordfreq,0,2.3
ediciones,4.25,es,wordfreq,0,2.85
edición,4.91,es,wordfreq,0,2.65
edificio,4.92,es,wordfreq,0,3.5
edificios,4.6,es,wordfreq,0,3.7
editado,3.99,es,wordfreq,0,2.6
editar,3.94,es,wordfreq,2,2.3
editor,4.36,es,wordfreq,1,2.75
editores,4.07,es,wordfreq,0,3.1
editorial,4.61,es,wordfreq,0,3.7
editoriales,3.85,es,wordfreq,0,4.55
eduardo,4.52,es,wordfreq,0,2.9
educacion,3.83,es,wordfreq,1,3.45
educación,5.32,es,wordfreq,1,2.7
educado,3.84,es,wordfreq,0,2.75
educar,3.94,es,wordfreq,0,2.65
educativa,4.2,es,wordfreq,1,3.4
educativas,3.95,es,wordfreq,1,4.0
educativo,4.36,es,wordfreq,1,3.35
educativos,4.05,es,wordfreq,1,3.65
edward,4.08,es,wordfreq,0,3.15
ee,4.38,es,wordfreq,28,1.0
eeuu,4.66,es,wordfreq,0,2.75
efectiva,4.32,es,wordfreq,1,2.9
efectivamente,4.33,es,wordfreq,0,4.5
efectividad,3.9,es,wordfreq,0,4.4
efectivo,4.56,es,wordfreq,1,2.85
efectivos,4.01,es,wordfreq,0,3.1
efecto,4.97,es,wordfreq,2,2.25
efectos,4.85,es,wordfreq,0,2.5
efectuar,3.83,es,wordfreq,0,3.45
eficacia,4.13,es,wordfreq,0,3.9
eficaz,4.23,es,wordfreq,0,3.0
eficiencia,4.15,es,wordfreq,0,3.55
eficiente,4.18,es,wordfreq,0,3.5
egipto,4.38,es,wordfreq,0,3.0
ego,4.02,es,wordfreq,3,1.8
eh,4.81,es,wordfreq,14,1.3
ei,3.86,es,wordfreq,23,1.0
ej,4.04,es,wordfreq,12,1.35
eje,4.29,es,wordfreq,1,1.7
ejecución,4.51,es,wordfreq,0,3.4
ejecutado,3.86,es,wordfreq,0,3.6
ejecutar,4.09,es,wordfreq,0,3.6
ejecutiva,4.03,es,wordfreq,1,3.4
ejecutivo,4.7,es,wordfreq,1,3.25
ejecutivos,3.89,es,wordfreq,0,3.5
ejemplar,4.06,es,wordfreq,0,3.6
ejemplares,4.14,es,wordfreq,0,4.5
ejemplo,5.46,es,wordfreq,0,3.4
ejemplos,4.63,es,wordfreq,0,3.35
ejerce,3.95,es,wordfreq,0,2.9
ejercer,4.38,es,wordfreq,0,3.25
ejercicio,4.77,es,wordfreq,0,3.7
ejercicios,4.28,es,wordfreq,0,4.1
ejercito,3.86,es,wordfreq,1,3.3
ejército,5.1,es,wordfreq,1,3.55
ejércitos,3.93,es,wordfreq,0,3.7
el,7.45,es,wordfreq,16,1.1
elaboración,4.28,es,wordfreq,0,3.7
elaborado,4.01,es,wordfreq,0,3.5
elaborar,3.97,es,wordfreq,0,3.3
elecciones,5.19,es,wordfreq,0,3.1
elección,4.85,es,wordfreq,0,2.6
electo,4.12,es,wordfreq,1,2.5
electoral,4.84,es,wordfreq,0,3.5
electorales,4.34,es,wordfreq,0,4.25
electores,3.89,es,wordfreq,0,3.05
electricidad,4.4,es,wordfreq,0,5.05
electrónica,4.33,es,wordfreq,1,4.55
electrónico,4.53,es,wordfreq,1,4.65
electrónicos,4.16,es,wordfreq,0,4.95
elefante,3.83,es,wordfreq,1,3.2
elegante,4.13,es,wordfreq,1,2.95
elegida,3.94,es,wordfreq,1,2.7
elegido,4.6,es,wordfreq,1,2.55
elegidos,4.12,es,wordfreq,0,2.9
elegir,4.77,es,wordfreq,0,2.7
elemento,4.49,es,wordfreq,0,2.75
elementos,4.88,es,wordfreq,0,3.45
elena,4.22,es,wordfreq,2,1.9
elevada,4.0,es,wordfreq,2,2.55
elevado,4.19,es,wordfreq,2,2.3
elevar,3.9,es,wordfreq,1,2.3
elige,4.19,es,wordfreq,1,2.35
eligió,4.09,es,wordfreq,0,2.75
elimina,3.9,es,wordfreq,0,2.8
eliminación,4.25,es,wordfreq,0,3.75
eliminado,3.99,es,wordfreq,0,3.55
eliminar,4.53,es,wordfreq,0,3.0
elizabeth,4.03,es,wordfreq,0,5.6
ella,5.75,es,wordfreq,3,1.7
ellas,5.15,es,wordfreq,1,1.85
ello,5.31,es,wordfreq,1,1.8
ellos,5.8,es,wordfreq,1,1.9
eléctrica,4.43,es,wordfreq,1,3.6
eléctricas,3.95,es,wordfreq,1,4.1
eléctrico,4.19,es,wordfreq,1,3.75
eléctricos,3.96,es,wordfreq,1,4.1
em,4.0,es,wordfreq,17,1.15
email,3.85,es,wordfreq,0,2.8
embajada,4.32,es,wordfreq,0,3.55
embajador,4.35,es,wordfreq,0,3.7
embarazada,4.24,es,wordfreq,0,4.7
embarazo,4.2,es,wordfreq,0,3.55
embargo,5.48,es,wordfreq,0,3.1
emergencia,4.56,es,wordfreq,0,3.6
emergencias,3.9,es,wordfreq,0,3.75
emilio,4.11,es,wordfreq,1,2.65
emisiones,4.04,es,wordfreq,0,2.65
emisión,4.27,es,wordfreq,0,2.45
emisora,3.84,es,wordfreq,0,3.2
emite,3.82,es,wordfreq,0,2.0
emitido,3.98,es,wordfreq,0,2.65
emitir,4.05,es,wordfreq,1,2.4
emitió,4.0,es,wordfreq,1,2.5
emma,3.99,es,wordfreq,0,2.0
emocionado,3.82,es,wordfreq,0,3.65
emocional,4.2,es,wordfreq,0,3.5
emocionante,3.97,es,wordfreq,0,4.95
emociones,4.34,es,wordfreq,0,2.85
emoción,4.33,es,wordfreq,0,2.7
empate,4.08,es,wordfreq,0,2.85
empecé,4.32,es,wordfreq,0,3.0
emperador,4.38,es,wordfreq,0,3.0
empezado,4.25,es,wordfreq,0,2.6
empezamos,4.3,es,wordfreq,0,3.45
empezando,4.38,es,wordfreq,0,3.4
empezar,5.02,es,wordfreq,0,2.65
empezaron,4.39,es,wordfreq,0,3.55
empezó,4.85,es,wordfreq,0,2.8
empiece,4.06,es,wordfreq,0,2.9
empiecen,3.84,es,wordfreq,0,3.55
empieza,4.78,es,wordfreq,1,2.45
empiezan,4.34,es,wordfreq,0,2.85
empiezo,4.03,es,wordfreq,1,2.7
emplea,3.99,es,wordfreq,1,2.5
empleada,3.95,es,wordfreq,1,3.1
empleado,4.44,es,wordfreq,1,2.85
empleados,4.73,es,wordfreq,0,3.3
emplear,3.89,es,wordfreq,0,2.6
empleo,4.82,es,wordfreq,1,2.5
empleos,4.21,es,wordfreq,0,2.65
emprendedores,3.85,es,wordfreq,0,5.6
emprender,3.94,es,wordfreq,0,3.5
empresa,5.28,es,wordfreq,1,2.4
empresarial,4.17,es,wordfreq,0,4.35
empresariales,3.84,es,wordfreq,0,5.3
empresario,4.33,es,wordfreq,0,3.55
empresarios,4.46,es,wordfreq,0,4.05
empresas,5.22,es,wordfreq,0,2.7
en,7.45,es,wordfreq,15,1.0
enamorada,4.03,es,wordfreq,1,3.65
enamorado,4.26,es,wordfreq,1,3.45
encabezado,3.82,es,wordfreq,0,4.1
encanta,4.83,es,wordfreq,2,2.55
encantado,4.07,es,wordfreq,0,2.75
encantan,4.14,es,wordfreq,0,3.0
encantaría,4.19,es,wordfreq,0,3.8
encanto,4.2,es,wordfreq,2,2.6
encantó,3.96,es,wordfreq,2,3.0
encarga,3.98,es,wordfreq,1,2.65
encargada,3.98,es,wordfreq,1,3.35
encargado,4.42,es,wordfreq,1,2.9
encargados,3.93,es,wordfreq,0,3.5
encargo,4.12,es,wordfreq,1,2.7
encendido,3.85,es,wordfreq,1,3.15
encerrado,3.86,es,wordfreq,1,2.85
encima,5.1,es,wordfreq,0,2.85
encontraba,4.47,es,wordfreq,0,3.15
encontraban,4.12,es,wordfreq,0,3.6
encontrado,4.7,es,wordfreq,0,2.75
encontrados,3.92,es,wordfreq,1,3.15
encontramos,4.58,es,wordfreq,1,3.25
encontrar,5.22,es,wordfreq,0,2.6
encontraron,4.43,es,wordfreq,0,3.1
encontrarse,4.23,es,wordfreq,0,3.5
encontrará,3.97,es,wordfreq,0,3.05
encontrarás,3.95,es,wordfreq,0,3.4
encontré,4.6,es,wordfreq,1,3.15
encontró,4.64,es,wordfreq,1,3.05
encuentra,5.2,es,wordfreq,2,2.5
encuentran,4.91,es,wordfreq,2,2.85
encuentras,4.25,es,wordfreq,3,2.8
encuentre,4.25,es,wordfreq,2,2.8
encuentren,4.09,es,wordfreq,2,3.2
encuentres,3.89,es,wordfreq,3,3.05
encuentro,4.99,es,wordfreq,2,2.6
encuentros,4.19,es,wordfreq,2,2.9
encuesta,4.49,es,wordfreq,0,2.8
encuestas,4.22,es,wordfreq,0,3.0
ende,4.05,es,wordfreq,1,1.9
enemigo,4.67,es,wordfreq,0,3.45
enemigos,4.54,es,wordfreq,0,3.6
energética,3.98,es,wordfreq,0,4.8
energía,5.03,es,wordfreq,0,2.9
energías,4.01,es,wordfreq,0,3.5
enero,5.15,es,wordfreq,1,1.9
enferma,4.19,es,wordfreq,1,2.65
enfermedad,4.82,es,wordfreq,0,4.2
enfermedades,4.59,es,wordfreq,0,5.25
enfermera,3.86,es,wordfreq,0,3.55
enfermería,3.86,es,wordfreq,0,4.3
enfermo,4.42,es,wordfreq,1,2.7
enfermos,4.19,es,wordfreq,0,2.9
enfoque,4.39,es,wordfreq,0,3.65
enfrenta,4.1,es,wordfreq,1,2.75
enfrentamiento,4.11,es,wordfreq,0,4.85
enfrentamientos,3.93,es,wordfreq,0,5.3
enfrentan,3.91,es,wordfreq,1,3.35
enfrentar,4.26,es,wordfreq,1,3.15
enfrentarse,4.07,es,wordfreq,0,4.3
enfrente,4.19,es,wordfreq,1,2.75
engañar,4.11,es,wordfreq,0,3.25
engaño,4.08,es,wordfreq,0,2.9
enhorabuena,4.05,es,wordfreq,0,5.95
enlace,4.56,es,wordfreq,0,2.85
enlaces,4.42,es,wordfreq,0,2.9
enmienda,3.87,es,wordfreq,1,2.8
enojada,3.82,es,wordfreq,1,2.85
enojado,3.94,es,wordfreq,1,2.7
enojo,3.9,es,wordfreq,0,2.7
enorme,4.8,es,wordfreq,0,2.7
enormemente,3.83,es,wordfreq,0,4.6
enormes,4.24,es,wordfreq,0,2.75
enrique,4.59,es,wordfreq,0,3.75
ensalada,3.91,es,wordfreq,0,3.45
ensayo,4.38,es,wordfreq,0,2.8
ensayos,4.21,es,wordfreq,0,2.85
enseguida,4.11,es,wordfreq,0,3.65
enseña,4.24,es,wordfreq,1,2.55
enseñado,3.91,es,wordfreq,0,2.75
enseñan,3.87,es,wordfreq,1,2.65
enseñanza,4.5,es,wordfreq,0,3.8
enseñanzas,3.94,es,wordfreq,0,4.35
enseñar,4.36,es,wordfreq,1,2.6
enseñó,4.04,es,wordfreq,1,2.8
ente,4.0,es,wordfreq,3,1.7
entendemos,4.06,es,wordfreq,0,3.75
entender,5.02,es,wordfreq,1,2.55
entendido,4.52,es,wordfreq,2,2.75
entendimiento,4.08,es,wordfreq,0,4.5
entendió,3.84,es,wordfreq,1,2.7
entendí,4.12,es,wordfreq,0,2.65
entendía,3.85,es,wordfreq,0,2.75
entera,4.45,es,wordfreq,2,1.8
enterado,3.98,es,wordfreq,0,2.2
enteras,3.87,es,wordfreq,0,2.2
entero,4.59,es,wordfreq,2,1.8
enterrado,3.85,es,wordfreq,1,2.7
enteré,3.84,es,wordfreq,2,2.15
entidad,4.5,es,wordfreq,0,2.7
entidades,4.44,es,wordfreq,0,3.3
entienda,4.03,es,wordfreq,3,2.4
entiende,4.71,es,wordfreq,3,2.25
entienden,4.34,es,wordfreq,1,2.55
entiendes,4.0,es,wordfreq,1,2.55
entiendo,5.14,es,wordfreq,2,2.3
entonces,5.65,es,wordfreq,0,3.75
entorno,4.51,es,wordfreq,0,2.65
entra,4.77,es,wordfreq,5,1.5
entrada,4.99,es,wordfreq,1,2.2
entradas,4.49,es,wordfreq,0,2.7
entrado,4.19,es,wordfreq,1,1.8
entramos,3.85,es,wordfreq,0,2.65
entran,4.2,es,wordfreq,3,1.8
entrando,4.15,es,wordfreq,0,2.5
entrar,5.07,es,wordfreq,2,1.85
entraron,4.13,es,wordfreq,0,2.75
entras,3.81,es,wordfreq,3,1.75
entre,6.11,es,wordfreq,4,1.7
entrega,4.69,es,wordfreq,1,2.4
entregado,4.09,es,wordfreq,0,2.8
entregar,4.36,es,wordfreq,1,2.65
entregó,4.18,es,wordfreq,1,2.7
entren,3.89,es,wordfreq,1,2.2
entrenador,4.39,es,wordfreq,0,3.5
entrenamiento,4.5,es,wordfreq,0,4.45
entrenar,4.0,es,wordfreq,1,2.65
entretenimiento,4.17,es,wordfreq,0,5.75
entrevista,4.83,es,wordfreq,0,4.2
entrevistas,4.27,es,wordfreq,0,4.5
entro,4.13,es,wordfreq,5,1.6
entré,3.89,es,wordfreq,4,1.75
entró,4.53,es,wordfreq,4,1.8
entusiasmo,4.18,es,wordfreq,0,4.85
enviada,3.82,es,wordfreq,1,2.6
enviado,4.5,es,wordfreq,1,2.45
enviados,3.98,es,wordfreq,0,2.7
enviando,3.84,es,wordfreq,0,2.65
enviar,4.55,es,wordfreq,0,2.55
enviaron,3.94,es,wordfreq,0,3.25
envidia,4.07,es,wordfreq,0,3.0
envió,4.47,es,wordfreq,0,2.5
envía,4.25,es,wordfreq,1,2.3
envían,3.82,es,wordfreq,0,2.6
envío,4.26,es,wordfreq,1,2.6
epidemia,3.82,es,wordfreq,0,3.9
episodio,4.4,es,wordfreq,0,3.85
episodios,4.11,es,wordfreq,0,4.25
equidad,3.91,es,wordfreq,0,2.95
equilibrio,4.35,es,wordfreq,0,5.3
equipamiento,3.86,es,wordfreq,0,4.85
equipo,5.49,es,wordfreq,0,2.8
equipos,4.88,es,wordfreq,0,3.15
equivale,3.86,es,wordfreq,0,3.8
equivalente,4.36,es,wordfreq,0,4.75
equivocada,3.99,es,wordfreq,1,4.6
equivocado,4.35,es,wordfreq,1,4.35
equivoco,3.82,es,wordfreq,0,3.95
era,6.05,es,wordfreq,7,1.3
eran,5.41,es,wordfreq,2,1.85
eras,4.28,es,wordfreq,4,1.7
eres,5.54,es,wordfreq,2,1.85
eric,4.08,es,wordfreq,0,2.0
ernesto,4.05,es,wordfreq,0,2.85
error,4.98,es,wordfreq,0,2.45
errores,4.71,es,wordfreq,0,2.95
es,7.02,es,wordfreq,21,1.0
esa,5.89,es,wordfreq,8,1.3
esas,5.39,es,wordfreq,3,1.7
escala,4.64,es,wordfreq,2,2.15
escalera,4.14,es,wordfreq,0,3.05
escaleras,4.08,es,wordfreq,0,3.55
escapa,4.0,es,wordfreq,3,2.2
escapar,4.38,es,wordfreq,0,2.6
escape,4.06,es,wordfreq,1,2.6
escasa,4.01,es,wordfreq,3,1.95
escasez,4.14,es,wordfreq,0,3.15
escaso,3.83,es,wordfreq,1,2.0
escasos,3.98,es,wordfreq,1,2.45
escaños,4.0,es,wordfreq,1,2.6
escena,4.82,es,wordfreq,0,2.4
escenario,4.65,es,wordfreq,0,3.65
escenarios,4.08,es,wordfreq,0,3.75
escenas,4.31,es,wordfreq,0,2.75
esclavitud,4.1,es,wordfreq,0,5.05
esclavo,3.98,es,wordfreq,0,2.8
esclavos,4.31,es,wordfreq,0,3.15
escobar,3.88,es,wordfreq,1,2.8
escoger,4.13,es,wordfreq,0,2.95
escogido,3.87,es,wordfreq,0,3.2
escolar,4.44,es,wordfreq,1,2.65
escolares,4.15,es,wordfreq,0,3.55
esconde,3.96,es,wordfreq,0,2.8
esconder,3.94,es,wordfreq,0,3.15
escondido,3.9,es,wordfreq,0,3.4
escriba,3.87,es,wordfreq,4,2.2
escribe,4.64,es,wordfreq,3,2.2
escriben,4.04,es,wordfreq,0,2.45
escribiendo,4.35,es,wordfreq,0,4.4
escribir,4.96,es,wordfreq,1,2.4
escribió,4.78,es,wordfreq,1,2.6
escribo,4.19,es,wordfreq,4,2.15
escribí,4.12,es,wordfreq,3,2.4
escribía,3.89,es,wordfreq,0,2.6
escrita,4.4,es,wordfreq,2,2.25
escritas,3.98,es,wordfreq,1,2.65
escrito,4.95,es,wordfreq,2,2.2
escritor,4.69,es,wordfreq,1,2.3
escritora,4.06,es,wordfreq,1,2.85
escritores,4.48,es,wordfreq,0,3.4
escritorio,4.14,es,wordfreq,0,3.45
escritos,4.4,es,wordfreq,2,2.45
escritura,4.43,es,wordfreq,1,3.05
escuadrón,3.83,es,wordfreq,0,4.1
escucha,4.58,es,wordfreq,4,2.1
escuchaba,3.86,es,wordfreq,0,3.15
escuchado,4.46,es,wordfreq,0,2.75
escuchamos,3.82,es,wordfreq,0,3.5
escuchan,3.98,es,wordfreq,3,2.45
escuchando,4.36,es,wordfreq,0,3.25
escuchar,4.91,es,wordfreq,2,2.35
escuchas,4.09,es,wordfreq,2,2.25
escuche,4.25,es,wordfreq,4,2.35
escuchen,3.81,es,wordfreq,1,2.85
escucho,4.33,es,wordfreq,4,2.3
escuché,4.2,es,wordfreq,4,2.75
escuchó,3.91,es,wordfreq,4,2.65
escudo,4.2,es,wordfreq,0,2.5
escudos,3.86,es,wordfreq,0,2.65
escuela,5.26,es,wordfreq,0,2.7
escuelas,4.79,es,wordfreq,0,2.8
escultura,3.86,es,wordfreq,0,3.55
escándalo,4.26,es,wordfreq,0,4.05
ese,5.93,es,wordfreq,6,1.4
esencia,4.26,es,wordfreq,0,2.6
esencial,4.33,es,wordfreq,0,2.9
esenciales,4.07,es,wordfreq,0,3.5
esencialmente,3.96,es,wordfreq,0,4.3
esfera,4.09,es,wordfreq,1,2.45
esfuerzo,4.88,es,wordfreq,0,3.6
esfuerzos,4.54,es,wordfreq,0,3.75
eso,6.15,es,wordfreq,8,1.3
esos,5.5,es,wordfreq,2,1.65
espacial,4.17,es,wordfreq,1,2.8
espacio,5.14,es,wordfreq,0,2.6
espacios,4.61,es,wordfreq,0,2.75
espada,4.33,es,wordfreq,1,2.2
espalda,4.64,es,wordfreq,0,2.65
espaldas,4.12,es,wordfreq,0,3.0
españa,5.53,es,wordfreq,1,2.35
español,5.29,es,wordfreq,0,2.7
española,4.96,es,wordfreq,0,3.25
españolas,4.27,es,wordfreq,1,3.4
españoles,4.83,es,wordfreq,1,3.55
especial,5.28,es,wordfreq,1,2.85
especiales,4.7,es,wordfreq,0,3.5
especialidad,4.04,es,wordfreq,0,4.2
especialista,4.14,es,wordfreq,0,4.25
especialistas,4.11,es,wordfreq,0,4.6
especializada,3.94,es,wordfreq,1,4.9
especializado,4.0,es,wordfreq,1,4.9
especializados,3.83,es,wordfreq,0,5.3
especialmente,5.09,es,wordfreq,0,4.45
especie,4.9,es,wordfreq,0,2.75
especies,4.53,es,wordfreq,0,3.15
espectacular,4.16,es,wordfreq,0,5.2
espectador,3.9,es,wordfreq,0,3.75
espectadores,4.12,es,wordfreq,0,4.5
espectro,4.06,es,wordfreq,0,2.9
espectáculo,4.5,es,wordfreq,0,5.2
espectáculos,3.95,es,wordfreq,0,5.2
especulación,3.82,es,wordfreq,0,4.75
específica,4.14,es,wordfreq,1,4.15
específicamente,4.3,es,wordfreq,0,5.7
específicas,4.12,es,wordfreq,1,4.25
específico,4.32,es,wordfreq,1,4.05
específicos,4.17,es,wordfreq,1,4.25
espejo,4.41,es,wordfreq,1,2.7
espera,5.05,es,wordfreq,3,1.7
esperaba,4.59,es,wordfreq,0,2.7
esperaban,3.93,es,wordfreq,0,3.25
esperado,4.18,es,wordfreq,0,2.3
esperamos,4.53,es,wordfreq,1,2.75
esperan,4.41,es,wordfreq,2,2.2
esperando,4.95,es,wordfreq,0,2.75
esperanza,4.86,es,wordfreq,0,3.2
esperanzas,4.27,es,wordfreq,0,3.65
esperar,5.03,es,wordfreq,2,2.15
esperas,4.14,es,wordfreq,2,2.25
espere,3.85,es,wordfreq,2,2.5
esperemos,4.19,es,wordfreq,1,3.05
espero,5.23,es,wordfreq,3,2.1
espiritual,4.34,es,wordfreq,0,4.45
esposa,4.9,es,wordfreq,1,2.45
esposas,3.93,es,wordfreq,0,2.8
esposo,4.5,es,wordfreq,1,2.6
espía,3.88,es,wordfreq,0,2.65
espíritu,4.74,es,wordfreq,0,3.7
espíritus,3.95,es,wordfreq,0,3.95
esquema,4.17,es,wordfreq,0,2.85
esquina,4.46,es,wordfreq,0,2.9
est,4.1,es,wordfreq,3,1.3
esta,6.36,es,wordfreq,5,1.45
estaba,5.74,es,wordfreq,1,1.85
estaban,5.24,es,wordfreq,2,2.3
estabas,4.21,es,wordfreq,1,2.3
estabilidad,4.38,es,wordfreq,0,4.05
estable,4.28,es,wordfreq,0,2.7
establece,4.47,es,wordfreq,0,3.5
establecen,3.85,es,wordfreq,1,4.0
establecer,4.62,es,wordfreq,1,4.0
establecida,4.04,es,wordfreq,1,3.85
establecidas,4.01,es,wordfreq,1,4.35
establecido,4.48,es,wordfreq,1,3.9
establecidos,4.05,es,wordfreq,1,4.35
establecimiento,4.37,es,wordfreq,0,5.5
estableció,4.14,es,wordfreq,0,3.8
estacionamiento,4.0,es,wordfreq,0,5.95
estaciones,4.4,es,wordfreq,0,3.0
estación,4.81,es,wordfreq,0,2.85
estadio,4.54,es,wordfreq,1,2.5
estado,5.89,es,wordfreq,0,1.85
estados,5.46,es,wordfreq,1,1.95
estadounidense,4.73,es,wordfreq,0,7.1
estadounidenses,4.41,es,wordfreq,0,7.55
estadística,4.23,es,wordfreq,0,4.8
estadísticas,4.43,es,wordfreq,0,5.35
estafa,3.92,es,wordfreq,1,1.95
estamos,5.53,es,wordfreq,2,2.05
estan,4.78,es,wordfreq,4,1.75
estancia,4.2,es,wordfreq,0,2.8
estando,4.51,es,wordfreq,0,2.4
estar,5.74,es,wordfreq,2,1.7
estaremos,4.26,es,wordfreq,0,2.9
estará,4.79,es,wordfreq,1,2.15
estarán,4.47,es,wordfreq,1,2.45
estarás,3.92,es,wordfreq,1,2.3
estaré,4.31,es,wordfreq,1,2.1
estaría,4.78,es,wordfreq,0,2.45
estaríamos,3.84,es,wordfreq,0,3.55
estarían,4.06,es,wordfreq,0,2.8
estas,5.75,es,wordfreq,6,1.6
estatal,4.73,es,wordfreq,0,2.65
estatales,4.31,es,wordfreq,0,3.55
estatua,4.11,es,wordfreq,1,2.6
estatus,4.07,es,wordfreq,1,2.4
estatuto,4.0,es,wordfreq,0,3.25
estatutos,3.88,es,wordfreq,0,3.4
este,6.37,es,wordfreq,6,1.55
esteban,4.07,es,wordfreq,1,2.7
estemos,4.15,es,wordfreq,1,2.65
estilo,5.07,es,wordfreq,0,2.5
estilos,4.07,es,wordfreq,0,2.55
estima,4.25,es,wordfreq,0,2.4
estimado,4.19,es,wordfreq,0,2.8
esto,6.05,es,wordfreq,5,1.45
estos,5.77,es,wordfreq,5,1.55
estoy,5.89,es,wordfreq,1,1.9
estrategia,4.7,es,wordfreq,0,4.25
estrategias,4.29,es,wordfreq,0,4.55
estratégica,3.89,es,wordfreq,1,5.0
estratégico,3.88,es,wordfreq,1,5.1
estrecha,4.04,es,wordfreq,1,3.3
estrecho,4.05,es,wordfreq,1,3.3
estrella,4.66,es,wordfreq,0,3.45
estrellas,4.67,es,wordfreq,0,3.7
estreno,4.28,es,wordfreq,0,2.85
estrictamente,3.97,es,wordfreq,0,4.75
estricto,3.85,es,wordfreq,0,3.2
estructura,4.82,es,wordfreq,0,4.1
estructural,3.87,es,wordfreq,1,4.75
estructuras,4.37,es,wordfreq,1,4.5
estrés,4.19,es,wordfreq,0,2.35
estudia,4.16,es,wordfreq,2,2.55
estudiado,4.04,es,wordfreq,0,3.1
estudiando,4.21,es,wordfreq,0,3.35
estudiante,4.57,es,wordfreq,0,3.8
estudiantes,4.94,es,wordfreq,0,4.2
estudiantil,3.95,es,wordfreq,0,4.9
estudiar,4.83,es,wordfreq,0,3.05
estudio,5.19,es,wordfreq,3,2.35
estudios,5.1,es,wordfreq,0,2.55
estudió,3.96,es,wordfreq,2,2.7
estupendo,3.85,es,wordfreq,0,3.7
estupidez,4.09,es,wordfreq,0,4.1
estuve,4.65,es,wordfreq,1,2.75
estuviera,4.45,es,wordfreq,0,3.25
estuvieran,4.01,es,wordfreq,1,3.6
estuvieron,4.46,es,wordfreq,1,3.5
estuviese,3.87,es,wordfreq,0,3.55
estuvimos,4.04,es,wordfreq,0,3.25
estuvo,5.13,es,wordfreq,1,2.45
está,6.22,es,wordfreq,4,1.65
estábamos,4.38,es,wordfreq,0,3.45
estáis,4.08,es,wordfreq,0,2.6
están,5.9,es,wordfreq,3,2.0
estándar,4.22,es,wordfreq,0,3.5
estándares,4.1,es,wordfreq,0,4.55
estás,5.31,es,wordfreq,4,1.7
esté,5.02,es,wordfreq,4,1.65
estén,4.78,es,wordfreq,3,2.05
estés,4.5,es,wordfreq,4,1.7
estética,4.17,es,wordfreq,0,3.55
estómago,4.13,es,wordfreq,0,3.8
estúpida,4.03,es,wordfreq,1,3.45
estúpido,4.18,es,wordfreq,1,3.05
estúpidos,3.81,es,wordfreq,0,3.45
et,4.54,es,wordfreq,16,1.0
eta,4.1,es,wordfreq,5,1.45
etapa,4.69,es,wordfreq,0,2.25
etapas,4.2,es,wordfreq,0,2.6
etc,5.25,es,wordfreq,1,1.9
etcétera,3.91,es,wordfreq,0,3.9
eterna,4.08,es,wordfreq,1,2.45
eternidad,3.95,es,wordfreq,0,3.8
eterno,4.14,es,wordfreq,1,2.3
etiqueta,4.18,es,wordfreq,0,3.7
etiquetas,4.06,es,wordfreq,0,4.1
eu,4.1,es,wordfreq,19,1.0
eua,3.82,es,wordfreq,4,1.75
eugenio,3.82,es,wordfreq,0,3.4
euro,4.07,es,wordfreq,4,1.75
europa,5.12,es,wordfreq,0,2.55
europea,4.75,es,wordfreq,1,3.05
europeas,4.22,es,wordfreq,1,3.25
europeo,4.57,es,wordfreq,1,3.2
europeos,4.51,es,wordfreq,1,3.4
euros,4.63,es,wordfreq,3,1.8
eva,4.19,es,wordfreq,6,1.65
evaluación,4.39,es,wordfreq,0,3.55
evaluar,4.12,es,wordfreq,0,3.0
evangelio,3.97,es,wordfreq,0,4.8
evento,4.81,es,wordfreq,0,2.2
eventos,4.7,es,wordfreq,0,2.6
eventualmente,4.06,es,wordfreq,0,4.65
evidencia,4.66,es,wordfreq,0,2.85
evidencias,4.0,es,wordfreq,0,3.45
evidente,4.48,es,wordfreq,0,2.85
evidentemente,4.16,es,wordfreq,0,5.25
evita,4.16,es,wordfreq,0,1.95
evitando,3.91,es,wordfreq,0,2.75
evitar,5.05,es,wordfreq,1,2.2
evo,3.89,es,wordfreq,4,1.8
evolución,4.6,es,wordfreq,0,3.1
ex,5.07,es,wordfreq,13,1.35
exacta,4.04,es,wordfreq,1,2.8
exactamente,4.8,es,wordfreq,0,4.0
exacto,4.49,es,wordfreq,1,2.65
examen,4.63,es,wordfreq,0,2.9
examinar,3.83,es,wordfreq,0,3.45
excelencia,4.25,es,wordfreq,0,3.75
excelente,4.87,es,wordfreq,0,3.65
excelentes,4.06,es,wordfreq,0,3.75
excepcional,4.01,es,wordfreq,0,4.65
excepciones,4.01,es,wordfreq,0,3.85
excepción,4.48,es,wordfreq,0,3.25
excepto,4.59,es,wordfreq,0,2.85
excesiva,3.88,es,wordfreq,1,3.55
excesivo,3.92,es,wordfreq,1,3.4
exceso,4.28,es,wordfreq,0,2.65
exclusiva,4.15,es,wordfreq,1,3.85
exclusivamente,4.38,es,wordfreq,0,5.7
exclusivo,4.09,es,wordfreq,1,3.65
exclusión,3.99,es,wordfreq,0,3.15
excusa,4.35,es,wordfreq,0,2.75
excusas,3.98,es,wordfreq,0,2.9
exhibición,4.01,es,wordfreq,0,4.3
exige,4.35,es,wordfreq,1,2.65
exigen,4.07,es,wordfreq,0,2.65
exigencia,3.85,es,wordfreq,0,3.0
exigencias,4.03,es,wordfreq,0,3.4
exigir,4.27,es,wordfreq,0,2.65
exilio,4.08,es,wordfreq,1,2.75
exista,4.12,es,wordfreq,1,2.15
existan,3.84,es,wordfreq,1,2.45
existe,5.2,es,wordfreq,1,2.2
existen,5.04,es,wordfreq,1,2.45
existencia,4.74,es,wordfreq,0,3.2
existente,4.2,es,wordfreq,0,3.25
existentes,4.31,es,wordfreq,0,3.55
existido,3.93,es,wordfreq,0,3.05
existir,4.42,es,wordfreq,1,2.4
existió,3.81,es,wordfreq,1,2.5
existía,4.23,es,wordfreq,0,2.55
existían,3.94,es,wordfreq,0,3.25
exitosa,4.05,es,wordfreq,1,2.9
exitoso,4.02,es,wordfreq,1,3.05
expansión,4.35,es,wordfreq,0,3.35
expectativa,3.83,es,wordfreq,0,4.65
expectativas,4.26,es,wordfreq,0,4.7
expedición,4.13,es,wordfreq,0,3.65
expediente,4.12,es,wordfreq,0,3.75
experiencia,5.15,es,wordfreq,0,3.7
experiencias,4.59,es,wordfreq,0,4.15
experimentado,4.01,es,wordfreq,0,4.9
experimental,3.93,es,wordfreq,1,4.6
experimentar,3.91,es,wordfreq,1,4.4
experimento,4.1,es,wordfreq,0,4.0
experimentos,3.95,es,wordfreq,0,4.1
experto,4.38,es,wordfreq,0,2.7
expertos,4.51,es,wordfreq,0,2.8
explica,4.71,es,wordfreq,2,2.45
explicaciones,4.21,es,wordfreq,0,4.2
explicación,4.53,es,wordfreq,0,3.45
explicado,3.97,es,wordfreq,0,2.9
explican,4.04,es,wordfreq,1,2.75
explicando,3.86,es,wordfreq,0,3.45
explicar,4.67,es,wordfreq,1,2.6
explico,3.93,es,wordfreq,2,2.65
explicó,4.39,es,wordfreq,2,3.15
explique,3.92,es,wordfreq,0,3.7
exploración,4.05,es,wordfreq,1,3.45
explorar,4.05,es,wordfreq,1,3.3
explosión,4.31,es,wordfreq,0,3.4
explotación,4.39,es,wordfreq,1,3.55
explotar,4.13,es,wordfreq,1,3.5
expone,4.02,es,wordfreq,0,2.7
exponer,4.04,es,wordfreq,0,2.75
exportaciones,4.05,es,wordfreq,0,3.85
exportación,4.12,es,wordfreq,0,3.45
exposiciones,3.98,es,wordfreq,0,4.25
exposición,4.65,es,wordfreq,0,3.2
expresa,4.38,es,wordfreq,3,2.3
expresado,4.07,es,wordfreq,0,2.9
expresamente,3.83,es,wordfreq,0,4.3
expresan,3.87,es,wordfreq,1,2.8
expresar,4.33,es,wordfreq,1,2.55
expresidente,3.95,es,wordfreq,0,3.95
expresiones,4.18,es,wordfreq,0,3.85
expresión,4.83,es,wordfreq,0,2.65
express,3.98,es,wordfreq,2,2.55
expresó,4.19,es,wordfreq,2,2.6
expuesto,4.04,es,wordfreq,0,2.6
expuestos,3.9,es,wordfreq,0,2.75
expulsado,3.86,es,wordfreq,0,3.7
expulsión,4.0,es,wordfreq,0,3.55
extender,3.96,es,wordfreq,1,2.75
extendido,3.93,es,wordfreq,1,3.15
extendió,3.84,es,wordfreq,1,2.95
extensa,4.04,es,wordfreq,1,2.8
extensión,4.51,es,wordfreq,0,2.85
extenso,3.96,es,wordfreq,1,2.75
exterior,4.85,es,wordfreq,0,2.8
exteriores,4.48,es,wordfreq,0,3.5
externa,4.13,es,wordfreq,1,2.35
externas,3.87,es,wordfreq,1,2.55
externo,4.04,es,wordfreq,1,2.3
externos,4.06,es,wordfreq,1,2.55
extiende,4.14,es,wordfreq,1,2.55
extinción,4.09,es,wordfreq,0,3.25
extra,4.49,es,wordfreq,1,1.9
extracción,4.04,es,wordfreq,0,3.55
extracto,3.83,es,wordfreq,0,3.0
extraer,3.86,es,wordfreq,0,2.6
extranjera,4.28,es,wordfreq,1,4.1
extranjeras,4.18,es,wordfreq,1,4.35
extranjero,4.68,es,wordfreq,1,4.0
extranjeros,4.64,es,wordfreq,1,4.3
extraordinaria,4.09,es,wordfreq,1,7.35
extraordinario,4.14,es,wordfreq,1,7.4
extras,3.82,es,wordfreq,1,1.95
extraña,4.49,es,wordfreq,1,2.4
extrañar,3.91,es,wordfreq,1,2.8
extrañas,4.04,es,wordfreq,2,2.7
extraño,4.83,es,wordfreq,1,2.4
extraños,4.14,es,wordfreq,1,2.55
extrema,4.31,es,wordfreq,1,2.65
extremadamente,4.27,es,wordfreq,0,5.8
extremadura,3.88,es,wordfreq,0,5.0
extremo,4.55,es,wordfreq,1,2.7
extremos,4.17,es,wordfreq,0,2.65
exámenes,4.25,es,wordfreq,0,3.8
fa,4.18,es,wordfreq,21,1.0
fabrica,3.85,es,wordfreq,1,2.7
fabricación,4.25,es,wordfreq,0,3.75
fabricante,3.91,es,wordfreq,0,3.9
fabricantes,3.9,es,wordfreq,0,4.2
fabricar,3.85,es,wordfreq,0,3.3
face,3.93,es,wordfreq,3,1.85
facebook,5.0,es,wordfreq,0,4.5
fachada,3.98,es,wordfreq,0,3.0
facil,4.12,es,wordfreq,1,2.65
facilidad,4.26,es,wordfreq,0,3.05
facilita,3.9,es,wordfreq,0,3.2
facilitar,4.3,es,wordfreq,0,3.4
factor,4.44,es,wordfreq,0,2.1
factores,4.57,es,wordfreq,0,2.65
factura,4.1,es,wordfreq,0,2.65
facturas,3.91,es,wordfreq,0,2.7
facultad,4.78,es,wordfreq,0,3.35
facultades,4.09,es,wordfreq,0,4.4
falda,3.89,es,wordfreq,3,1.85
falla,4.31,es,wordfreq,7,1.55
fallado,3.82,es,wordfreq,2,2.55
fallas,3.99,es,wordfreq,3,1.8
fallecido,4.14,es,wordfreq,0,3.8
fallecimiento,4.04,es,wordfreq,0,4.8
falleció,4.17,es,wordfreq,0,3.85
fallo,4.38,es,wordfreq,3,1.8
fallos,3.88,es,wordfreq,2,2.1
falsa,4.45,es,wordfreq,6,1.65
falsas,4.24,es,wordfreq,3,1.8
falso,4.48,es,wordfreq,2,1.85
falsos,4.22,es,wordfreq,2,2.1
falta,5.44,es,wordfreq,5,1.55
faltaba,4.07,es,wordfreq,0,2.8
faltan,4.39,es,wordfreq,2,1.85
faltar,4.01,es,wordfreq,3,1.75
faltas,4.04,es,wordfreq,4,1.7
faltó,3.87,es,wordfreq,1,2.1
fama,4.41,es,wordfreq,5,1.7
familia,5.53,es,wordfreq,0,2.7
familiar,4.76,es,wordfreq,1,2.85
familiares,4.74,es,wordfreq,0,4.0
familias,4.89,es,wordfreq,1,2.75
famosa,4.37,es,wordfreq,1,2.3
famosas,3.94,es,wordfreq,1,2.7
famoso,4.62,es,wordfreq,1,2.45
famosos,4.3,es,wordfreq,1,2.7
fan,4.23,es,wordfreq,10,1.35
fans,4.31,es,wordfreq,0,1.95
fantasma,4.13,es,wordfreq,1,3.5
fantasmas,3.93,es,wordfreq,0,3.7
fantasía,4.22,es,wordfreq,1,3.5
fantástica,3.82,es,wordfreq,1,4.3
fantástico,4.04,es,wordfreq,1,4.25
fanáticos,4.02,es,wordfreq,0,3.95
farc,4.06,es,wordfreq,1,1.95
farmacia,3.98,es,wordfreq,0,3.45
farsa,3.82,es,wordfreq,1,1.95
fascismo,3.82,es,wordfreq,0,3.65
fascista,3.87,es,wordfreq,0,3.5
fase,4.57,es,wordfreq,3,1.75
fases,3.97,es,wordfreq,3,1.75
fatal,4.06,es,wordfreq,1,1.95
fauna,4.01,es,wordfreq,0,2.0
favor,5.48,es,wordfreq,0,2.45
favorable,4.07,es,wordfreq,0,3.75
favorables,3.87,es,wordfreq,0,3.95
favorece,3.84,es,wordfreq,0,3.45
favorecer,3.92,es,wordfreq,0,3.75
favorita,4.2,es,wordfreq,1,3.15
favoritas,3.9,es,wordfreq,1,3.5
favorito,4.39,es,wordfreq,1,3.4
favoritos,4.27,es,wordfreq,1,3.6
fb,3.96,es,wordfreq,6,1.65
fbi,3.84,es,wordfreq,2,1.8
fc,4.04,es,wordfreq,11,1.45
fe,4.93,es,wordfreq,23,1.0
fea,4.12,es,wordfreq,4,1.7
febrero,5.14,es,wordfreq,0,2.95
fecha,5.12,es,wordfreq,2,1.75
fechas,4.44,es,wordfreq,2,2.05
federación,4.52,es,wordfreq,0,3.2
federal,4.92,es,wordfreq,0,2.85
federales,4.25,es,wordfreq,0,3.45
federico,4.19,es,wordfreq,0,3.8
felices,4.5,es,wordfreq,0,2.95
felicidad,4.56,es,wordfreq,0,3.6
felicidades,4.27,es,wordfreq,0,4.35
felicitaciones,4.26,es,wordfreq,0,4.95
felicito,3.82,es,wordfreq,0,3.6
felipe,4.63,es,wordfreq,0,2.85
feliz,5.12,es,wordfreq,0,2.8
femenina,4.34,es,wordfreq,1,3.7
femenino,4.36,es,wordfreq,1,3.5
feminismo,3.94,es,wordfreq,0,3.7
feminista,4.11,es,wordfreq,0,3.6
feministas,3.95,es,wordfreq,0,3.85
fenómeno,4.5,es,wordfreq,0,3.8
fenómenos,3.99,es,wordfreq,0,4.0
feo,4.36,es,wordfreq,3,1.8
feria,4.45,es,wordfreq,2,1.9
fernando,4.75,es,wordfreq,0,2.85
fernández,4.61,es,wordfreq,1,4.7
ferrari,3.86,es,wordfreq,0,3.2
ferrocarril,4.11,es,wordfreq,0,5.6
ferrocarriles,3.83,es,wordfreq,0,6.55
festival,4.8,es,wordfreq,0,3.6
festivales,3.86,es,wordfreq,0,3.95
fi,4.07,es,wordfreq,18,1.0
fianza,3.98,es,wordfreq,0,2.55
fibra,4.07,es,wordfreq,1,1.95
ficción,4.36,es,wordfreq,0,2.65
ficha,4.09,es,wordfreq,2,1.85
fichas,3.86,es,wordfreq,2,2.2
fidel,4.1,es,wordfreq,0,2.15
fidelidad,3.86,es,wordfreq,0,3.75
fiebre,4.23,es,wordfreq,0,2.75
fiel,4.34,es,wordfreq,2,1.85
fieles,4.12,es,wordfreq,0,2.45
fiesta,4.99,es,wordfreq,1,2.25
fiestas,4.63,es,wordfreq,0,2.5
fifa,4.26,es,wordfreq,3,1.85
figura,4.77,es,wordfreq,0,2.7
figuras,4.51,es,wordfreq,0,2.85
fija,4.22,es,wordfreq,6,1.65
fijado,3.94,es,wordfreq,0,2.6
fijar,3.88,es,wordfreq,0,1.95
fijo,4.32,es,wordfreq,4,1.8
fila,4.3,es,wordfreq,5,1.7
filas,4.2,es,wordfreq,1,1.9
filipinas,4.18,es,wordfreq,0,4.3
film,4.08,es,wordfreq,1,1.95
filosofía,4.59,es,wordfreq,0,4.8
filtro,4.05,es,wordfreq,0,2.9
filtros,3.93,es,wordfreq,0,2.85
filósofo,3.95,es,wordfreq,0,4.55
fin,5.55,es,wordfreq,3,1.65
fina,4.0,es,wordfreq,5,1.6
final,5.5,es,wordfreq,0,1.95
finales,4.74,es,wordfreq,0,2.55
finalidad,4.27,es,wordfreq,0,3.35
finalizar,4.11,es,wordfreq,0,3.55
finalmente,5.05,es,wordfreq,0,3.55
financiación,4.25,es,wordfreq,0,4.85
financiamiento,4.17,es,wordfreq,0,5.35
financiar,4.05,es,wordfreq,0,3.2
financiera,4.42,es,wordfreq,1,4.0
financieras,4.1,es,wordfreq,1,4.2
financiero,4.39,es,wordfreq,1,4.1
financieros,4.28,es,wordfreq,1,4.25
finanzas,4.29,es,wordfreq,0,3.7
finca,4.0,es,wordfreq,0,1.95
finde,3.84,es,wordfreq,1,1.95
fines,4.82,es,wordfreq,1,1.9
fingir,3.82,es,wordfreq,0,3.0
fino,4.0,es,wordfreq,5,1.7
firma,4.66,es,wordfreq,3,1.7
firmado,4.35,es,wordfreq,1,2.35
firmar,4.3,es,wordfreq,2,1.8
firmaron,3.83,es,wordfreq,1,3.1
firmas,4.31,es,wordfreq,3,1.8
firme,4.56,es,wordfreq,2,1.8
firmes,3.87,es,wordfreq,1,2.3
firmó,4.06,es,wordfreq,3,2.15
fiscal,4.86,es,wordfreq,0,2.75
fiscales,4.38,es,wordfreq,0,2.8
fiscalía,4.23,es,wordfreq,0,3.65
flaco,4.04,es,wordfreq,0,2.0
flash,4.01,es,wordfreq,0,2.6
flecha,3.84,es,wordfreq,0,2.55
flor,4.47,es,wordfreq,1,1.85
flora,3.92,es,wordfreq,2,1.85
florencia,3.96,es,wordfreq,0,3.7
flores,4.83,es,wordfreq,0,2.6
florida,4.23,es,wordfreq,0,2.9
flota,4.2,es,wordfreq,1,2.05
flujo,4.33,es,wordfreq,0,2.7
fm,3.98,es,wordfreq,12,1.35
fmi,3.88,es,wordfreq,2,1.75
foco,4.04,es,wordfreq,6,1.7
fomentar,4.2,es,wordfreq,1,2.7
fomento,4.05,es,wordfreq,1,2.55
fondo,5.06,es,wordfreq,0,1.95
fondos,4.75,es,wordfreq,0,2.2
for,4.66,es,wordfreq,2,1.7
ford,4.05,es,wordfreq,2,1.85
forestal,4.0,es,wordfreq,0,3.05
forestales,3.89,es,wordfreq,0,3.65
forma,5.77,es,wordfreq,3,1.65
formaciones,3.83,es,wordfreq,0,3.4
formación,4.96,es,wordfreq,0,2.85
formada,4.09,es,wordfreq,1,2.15
formado,4.41,es,wordfreq,4,1.9
formal,4.32,es,wordfreq,4,1.75
formales,3.81,es,wordfreq,1,2.65
formalmente,3.91,es,wordfreq,1,3.7
forman,4.49,es,wordfreq,3,1.8
formando,4.12,es,wordfreq,0,2.4
formar,4.68,es,wordfreq,5,1.7
formaron,3.81,es,wordfreq,1,2.65
formas,5.04,es,wordfreq,5,1.7
formato,4.48,es,wordfreq,1,2.4
formulario,3.85,es,wordfreq,0,4.45
formó,4.03,es,wordfreq,2,2.05
foro,4.67,es,wordfreq,5,1.55
foros,4.09,es,wordfreq,2,1.85
forro,3.87,es,wordfreq,0,1.95
fortalecer,4.12,es,wordfreq,0,4.55
fortalecimiento,3.84,es,wordfreq,0,5.8
fortaleza,4.29,es,wordfreq,0,3.8
fortuna,4.34,es,wordfreq,0,2.9
forzado,3.89,es,wordfreq,1,2.55
forzar,3.82,es,wordfreq,1,2.45
foto,5.34,es,wordfreq,6,1.65
fotografía,4.58,es,wordfreq,0,4.7
fotografías,4.4,es,wordfreq,0,5.25
fotos,5.24,es,wordfreq,3,1.8
fotógrafo,4.05,es,wordfreq,0,4.75
fox,4.18,es,wordfreq,1,1.95
fracasado,3.82,es,wordfreq,0,3.7
fracaso,4.47,es,wordfreq,0,2.9
fracción,3.88,es,wordfreq,0,2.7
fragmento,3.86,es,wordfreq,0,3.55
fragmentos,4.02,es,wordfreq,0,3.75
francamente,3.86,es,wordfreq,0,4.0
francesa,4.53,es,wordfreq,0,2.75
francesas,3.87,es,wordfreq,1,3.35
franceses,4.42,es,wordfreq,1,3.5
francia,4.99,es,wordfreq,1,2.6
francis,3.87,es,wordfreq,3,2.55
francisco,4.99,es,wordfreq,0,3.4
franco,4.49,es,wordfreq,0,2.2
francos,3.86,es,wordfreq,2,2.45
francés,4.81,es,wordfreq,2,2.65
franja,3.99,es,wordfreq,1,2.65
frank,4.25,es,wordfreq,0,2.3
franquicia,4.04,es,wordfreq,0,4.5
frase,4.68,es,wordfreq,0,1.9
frases,4.49,es,wordfreq,0,2.4
fraude,4.43,es,wordfreq,0,2.9
fray,3.82,es,wordfreq,0,1.95
frecuencia,4.67,es,wordfreq,0,3.65
frecuente,4.2,es,wordfreq,0,2.95
frecuentemente,4.2,es,wordfreq,0,5.4
frecuentes,4.22,es,wordfreq,0,3.4
free,4.17,es,wordfreq,1,1.95
frenar,3.98,es,wordfreq,0,2.55
freno,3.89,es,wordfreq,0,2.0
frente,5.41,es,wordfreq,1,1.95
fresca,3.96,es,wordfreq,1,2.7
fresco,4.22,es,wordfreq,1,2.65
frio,3.99,es,wordfreq,1,1.9
fritas,3.82,es,wordfreq,1,2.05
from,4.18,es,wordfreq,0,2.0
frontal,3.88,es,wordfreq,0,2.95
frontera,4.74,es,wordfreq,0,3.4
fronteras,4.36,es,wordfreq,0,3.65
frustración,3.85,es,wordfreq,0,4.1
fruta,4.2,es,wordfreq,1,1.85
frutas,4.17,es,wordfreq,2,2.2
fruto,4.27,es,wordfreq,2,1.85
frutos,4.21,es,wordfreq,1,2.2
frágil,3.83,es,wordfreq,0,3.6
fría,4.41,es,wordfreq,3,1.8
frías,3.91,es,wordfreq,0,1.95
frío,4.7,es,wordfreq,2,1.85
fu,3.89,es,wordfreq,14,1.15
fue,6.22,es,wordfreq,3,1.7
fuego,5.02,es,wordfreq,3,1.8
fuegos,3.93,es,wordfreq,1,2.0
fuente,5.05,es,wordfreq,4,1.75
fuentes,4.88,es,wordfreq,2,2.0
fuera,5.59,es,wordfreq,1,1.75
fueran,4.58,es,wordfreq,2,1.85
fueras,3.97,es,wordfreq,1,1.8
fueron,5.61,es,wordfreq,1,2.3
fuerte,5.24,es,wordfreq,3,1.8
fuertemente,4.18,es,wordfreq,0,4.4
fuertes,4.72,es,wordfreq,2,2.15
fuerza,5.23,es,wordfreq,0,2.05
fuerzas,5.08,es,wordfreq,0,2.35
fuese,4.6,es,wordfreq,0,1.95
fuesen,3.85,es,wordfreq,0,2.45
fuga,4.2,es,wordfreq,0,2.0
fui,5.02,es,wordfreq,4,1.7
fuimos,4.5,es,wordfreq,0,2.65
fuiste,4.39,es,wordfreq,0,2.4
full,4.16,es,wordfreq,0,2.0
fumar,4.3,es,wordfreq,1,1.95
funciona,4.83,es,wordfreq,2,2.65
funcional,4.03,es,wordfreq,2,2.75
funcionamiento,4.5,es,wordfreq,0,5.4
funcionan,4.23,es,wordfreq,2,2.85
funcionando,4.16,es,wordfreq,0,3.75
funcionar,4.38,es,wordfreq,2,2.8
funcionario,4.36,es,wordfreq,0,3.8
funcionarios,4.69,es,wordfreq,0,4.45
funcione,4.05,es,wordfreq,2,2.9
funciones,4.74,es,wordfreq,0,2.55
funcionó,3.96,es,wordfreq,2,3.0
función,4.87,es,wordfreq,0,2.45
funda,4.01,es,wordfreq,1,1.95
fundación,4.76,es,wordfreq,0,3.45
fundada,4.12,es,wordfreq,1,2.8
fundado,4.06,es,wordfreq,1,2.55
fundador,4.38,es,wordfreq,0,3.1
fundadores,4.0,es,wordfreq,0,3.85
fundamental,4.63,es,wordfreq,0,4.45
fundamentales,4.36,es,wordfreq,0,5.4
fundamento,3.95,es,wordfreq,0,3.7
fundamentos,3.95,es,wordfreq,0,4.2
fundó,3.98,es,wordfreq,1,2.6
funeral,4.05,es,wordfreq,0,2.7
furia,3.97,es,wordfreq,1,1.95
furioso,3.83,es,wordfreq,1,2.9
fusión,4.06,es,wordfreq,0,2.45
futbol,4.3,es,wordfreq,1,2.9
futbolista,3.94,es,wordfreq,0,4.85
futura,4.11,es,wordfreq,1,2.4
futuras,4.06,es,wordfreq,1,2.5
futuro,5.21,es,wordfreq,1,2.65
futuros,4.17,es,wordfreq,1,2.75
fué,4.36,es,wordfreq,3,1.8
fábrica,4.47,es,wordfreq,1,2.7
fábricas,4.05,es,wordfreq,0,3.25
fácil,5.24,es,wordfreq,1,2.8
fáciles,4.09,es,wordfreq,0,2.95
fácilmente,4.56,es,wordfreq,0,3.85
félix,4.04,es,wordfreq,0,2.95
fíjate,3.86,es,wordfreq,0,3.0
física,4.71,es,wordfreq,1,2.5
físicamente,3.99,es,wordfreq,0,3.9
físicas,4.17,es,wordfreq,1,2.7
físico,4.51,es,wordfreq,1,2.6
físicos,4.04,es,wordfreq,1,2.6
fórmula,4.37,es,wordfreq,0,3.7
fútbol,5.06,es,wordfreq,1,3.6
gabinete,4.34,es,wordfreq,0,4.0
gabriel,4.4,es,wordfreq,0,3.1
gabriela,3.88,es,wordfreq,0,3.5
gafas,4.03,es,wordfreq,1,1.95
gala,4.04,es,wordfreq,5,1.7
galaxia,3.81,es,wordfreq,0,3.0
galería,4.33,es,wordfreq,0,2.8
galicia,4.21,es,wordfreq,0,2.75
gallego,3.94,es,wordfreq,0,2.9
galletas,3.96,es,wordfreq,0,3.15
gallina,3.94,es,wordfreq,0,2.95
gallo,3.97,es,wordfreq,1,1.95
gama,4.17,es,wordfreq,9,1.5
game,3.86,es,wordfreq,3,1.85
gana,4.81,es,wordfreq,8,1.4
ganadería,3.91,es,wordfreq,0,3.7
ganado,4.76,es,wordfreq,0,1.9
ganador,4.53,es,wordfreq,0,2.5
ganadora,4.04,es,wordfreq,0,3.1
ganadores,4.25,es,wordfreq,0,3.3
ganamos,4.0,es,wordfreq,0,2.55
ganan,4.2,es,wordfreq,2,1.85
ganancia,3.97,es,wordfreq,0,2.85
ganancias,4.29,es,wordfreq,0,3.4
ganando,4.4,es,wordfreq,0,2.4
ganar,5.09,es,wordfreq,2,1.85
ganaron,4.11,es,wordfreq,0,2.45
ganarse,3.84,es,wordfreq,0,2.8
ganas,4.93,es,wordfreq,3,1.8
gane,4.23,es,wordfreq,5,1.75
gano,4.13,es,wordfreq,7,1.55
ganó,4.73,es,wordfreq,3,1.85
garantiza,4.05,es,wordfreq,0,3.55
garantizar,4.38,es,wordfreq,0,4.2
garantía,4.33,es,wordfreq,0,3.25
garantías,4.24,es,wordfreq,0,3.6
garcia,3.82,es,wordfreq,1,2.4
garcía,4.83,es,wordfreq,1,2.45
garganta,4.2,es,wordfreq,0,3.3
gary,3.83,es,wordfreq,1,1.9
gas,4.72,es,wordfreq,8,1.5
gases,4.07,es,wordfreq,3,1.85
gasolina,4.33,es,wordfreq,0,3.6
gasta,3.83,es,wordfreq,5,1.7
gastado,3.84,es,wordfreq,1,2.2
gastar,4.17,es,wordfreq,1,1.9
gasto,4.47,es,wordfreq,4,1.7
gastos,4.67,es,wordfreq,2,1.8
gastronomía,3.97,es,wordfreq,0,5.7
gato,4.62,es,wordfreq,5,1.65
gatos,4.31,es,wordfreq,1,1.85
gay,4.62,es,wordfreq,7,1.5
gays,3.98,es,wordfreq,0,1.9
gen,3.87,es,wordfreq,6,1.65
genera,4.46,es,wordfreq,1,2.05
generaciones,4.38,es,wordfreq,0,3.9
generación,4.78,es,wordfreq,0,3.05
generado,4.03,es,wordfreq,0,2.5
general,5.64,es,wordfreq,2,2.3
generales,4.8,es,wordfreq,0,2.9
generalmente,4.7,es,wordfreq,0,4.1
generan,4.06,es,wordfreq,2,2.5
generando,3.96,es,wordfreq,0,2.8
generar,4.55,es,wordfreq,2,2.55
generoso,3.88,es,wordfreq,0,3.05
generó,3.98,es,wordfreq,1,2.5
genes,3.82,es,wordfreq,1,1.9
genial,4.77,es,wordfreq,0,2.6
geniales,3.94,es,wordfreq,0,2.8
genio,4.36,es,wordfreq,0,2.0
genocidio,3.83,es,wordfreq,0,3.9
gente,5.9,es,wordfreq,1,1.8
gentes,3.89,es,wordfreq,2,1.75
genética,3.97,es,wordfreq,0,3.75
geografía,4.18,es,wordfreq,0,4.3
geográfica,4.03,es,wordfreq,0,4.6
george,4.53,es,wordfreq,0,2.9
georgia,4.1,es,wordfreq,0,3.2
gerardo,3.9,es,wordfreq,0,2.9
gerente,4.25,es,wordfreq,0,2.8
gestionar,3.81,es,wordfreq,0,3.9
gestión,4.78,es,wordfreq,0,2.85
gesto,4.26,es,wordfreq,3,1.75
gestos,3.86,es,wordfreq,3,1.75
get,3.81,es,wordfreq,2,1.85
gigante,4.43,es,wordfreq,0,2.85
gigantes,4.05,es,wordfreq,0,3.2
gil,4.31,es,wordfreq,2,1.8
gimnasia,3.97,es,wordfreq,1,3.85
gimnasio,4.19,es,wordfreq,1,3.8
ginebra,3.95,es,wordfreq,0,2.9
gira,4.46,es,wordfreq,4,1.7
girar,3.84,es,wordfreq,2,1.85
girl,3.84,es,wordfreq,2,1.85
giro,4.28,es,wordfreq,4,1.8
global,4.68,es,wordfreq,0,2.85
globales,3.83,es,wordfreq,0,3.3
globo,4.1,es,wordfreq,0,2.6
gloria,4.52,es,wordfreq,0,2.7
go,4.34,es,wordfreq,14,1.2
gobernación,4.05,es,wordfreq,0,3.8
gobernador,4.8,es,wordfreq,0,3.6
gobernadores,4.04,es,wordfreq,0,4.25
gobernante,4.0,es,wordfreq,0,4.1
gobernantes,4.12,es,wordfreq,0,4.45
gobernar,4.12,es,wordfreq,0,3.3
gobierna,3.84,es,wordfreq,1,3.25
gobierno,5.78,es,wordfreq,1,3.2
gobiernos,4.7,es,wordfreq,0,3.5
gol,4.55,es,wordfreq,6,1.55
gold,3.93,es,wordfreq,2,1.85
goles,4.54,es,wordfreq,1,1.9
golf,4.06,es,wordfreq,1,1.85
golfo,4.18,es,wordfreq,0,2.25
golpe,4.82,es,wordfreq,0,2.2
golpea,3.87,es,wordfreq,2,2.5
golpeado,3.84,es,wordfreq,0,3.3
golpear,3.91,es,wordfreq,0,2.75
golpes,4.37,es,wordfreq,2,2.5
golpeó,3.88,es,wordfreq,2,2.6
goma,4.1,es,wordfreq,5,1.75
gonzalo,4.14,es,wordfreq,0,3.5
gonzález,4.68,es,wordfreq,0,4.7
good,3.97,es,wordfreq,1,2.2
google,4.81,es,wordfreq,0,3.35
gorda,4.12,es,wordfreq,1,1.95
gordo,4.39,es,wordfreq,2,1.85
gordon,3.86,es,wordfreq,0,2.65
gota,4.03,es,wordfreq,4,1.75
gotas,3.83,es,wordfreq,2,1.85
gps,3.86,es,wordfreq,1,1.9
gr,3.82,es,wordfreq,9,1.55
grabaciones,3.92,es,wordfreq,0,3.7
grabación,4.21,es,wordfreq,0,3.4
grabado,4.14,es,wordfreq,0,2.55
grabar,4.26,es,wordfreq,0,2.55
gracia,4.64,es,wordfreq,1,2.35
gracias,5.86,es,wordfreq,0,2.75
gracioso,4.37,es,wordfreq,0,3.15
grado,4.82,es,wordfreq,2,1.85
grados,4.49,es,wordfreq,2,1.85
graduación,3.81,es,wordfreq,0,3.5
gradualmente,3.87,es,wordfreq,0,4.5
gral,3.86,es,wordfreq,2,1.9
gramos,3.86,es,wordfreq,3,1.8
gramática,3.82,es,wordfreq,1,3.55
gran,5.84,es,wordfreq,2,1.8
granada,4.52,es,wordfreq,0,2.75
grand,3.89,es,wordfreq,1,1.9
grande,5.37,es,wordfreq,0,2.2
grandes,5.44,es,wordfreq,0,2.55
grandeza,3.88,es,wordfreq,0,3.5
granja,4.07,es,wordfreq,1,2.4
grano,4.07,es,wordfreq,2,1.75
granos,3.92,es,wordfreq,2,1.85
grasa,4.21,es,wordfreq,0,2.0
gratis,4.88,es,wordfreq,0,2.5
gratuita,4.28,es,wordfreq,1,3.7
gratuito,4.09,es,wordfreq,1,3.75
grave,4.72,es,wordfreq,0,1.95
gravedad,4.24,es,wordfreq,0,3.75
gravemente,3.84,es,wordfreq,0,4.05
graves,4.48,es,wordfreq,0,2.15
grecia,4.46,es,wordfreq,1,2.25
green,4.06,es,wordfreq,1,2.25
gregorio,3.95,es,wordfreq,0,3.85
gremio,3.87,es,wordfreq,1,2.65
griega,3.98,es,wordfreq,1,2.55
griego,4.23,es,wordfreq,1,2.3
griegos,4.12,es,wordfreq,0,2.65
gripe,3.93,es,wordfreq,0,2.6
gris,4.32,es,wordfreq,1,1.95
grita,3.98,es,wordfreq,1,1.85
gritando,4.16,es,wordfreq,0,2.9
gritar,4.21,es,wordfreq,0,2.25
grito,4.28,es,wordfreq,1,1.9
gritos,4.3,es,wordfreq,0,1.95
group,3.9,es,wordfreq,0,2.95
grueso,3.96,es,wordfreq,0,2.65
grupo,5.58,es,wordfreq,0,2.15
grupos,5.19,es,wordfreq,0,2.55
gráfica,4.2,es,wordfreq,1,2.8
gráfico,4.32,es,wordfreq,2,2.9
gráficos,4.04,es,wordfreq,0,3.25
guadalajara,4.27,es,wordfreq,0,5.9
guadalupe,4.04,es,wordfreq,0,4.95
guanajuato,3.87,es,wordfreq,0,5.2
guantes,3.81,es,wordfreq,0,2.5
guapa,4.12,es,wordfreq,1,2.2
guapo,4.12,es,wordfreq,1,2.5
guarda,4.32,es,wordfreq,0,2.4
guardado,3.91,es,wordfreq,0,2.9
guardar,4.31,es,wordfreq,0,2.75
guardia,4.66,es,wordfreq,0,2.7
guardias,4.23,es,wordfreq,0,3.2
guatemala,4.59,es,wordfreq,0,4.75
guayaquil,4.04,es,wordfreq,0,5.25
gubernamental,4.02,es,wordfreq,0,5.6
gubernamentales,4.05,es,wordfreq,0,6.5
guerra,5.49,es,wordfreq,0,2.15
guerras,4.35,es,wordfreq,0,2.55
guerrero,4.42,es,wordfreq,0,3.5
guerreros,4.03,es,wordfreq,0,3.65
guerrilla,3.85,es,wordfreq,0,4.2
guevara,3.87,es,wordfreq,0,2.9
guillermo,4.34,es,wordfreq,0,4.75
guinea,4.05,es,wordfreq,0,2.85
guitarra,4.27,es,wordfreq,0,3.4
guión,3.97,es,wordfreq,0,2.75
gusta,5.48,es,wordfreq,5,1.6
gustaba,4.31,es,wordfreq,0,2.45
gustado,4.34,es,wordfreq,2,2.2
gustan,4.75,es,wordfreq,2,1.9
gustar,4.05,es,wordfreq,3,1.8
gustaria,4.08,es,wordfreq,1,2.7
gustaría,4.95,es,wordfreq,1,2.85
gustas,3.94,es,wordfreq,3,1.8
gustavo,4.24,es,wordfreq,1,2.55
guste,4.5,es,wordfreq,3,1.85
gusto,4.98,es,wordfreq,7,1.6
gustos,4.16,es,wordfreq,4,1.75
gustó,4.46,es,wordfreq,3,1.95
gutiérrez,4.17,es,wordfreq,0,4.95
guzmán,4.05,es,wordfreq,0,3.65
guía,4.56,es,wordfreq,0,1.95
guías,3.88,es,wordfreq,0,1.95
género,4.93,es,wordfreq,0,2.65
géneros,4.13,es,wordfreq,0,2.8
gómez,4.47,es,wordfreq,0,2.9
ha,6.3,es,wordfreq,20,1.0
habana,4.33,es,wordfreq,0,2.15
haber,5.58,es,wordfreq,2,1.9
haberle,3.88,es,wordfreq,4,2.1
haberlo,4.18,es,wordfreq,3,2.3
haberme,3.91,es,wordfreq,3,2.45
haberse,4.4,es,wordfreq,3,2.45
habia,4.73,es,wordfreq,5,1.7
habian,3.97,es,wordfreq,2,1.85
habido,4.52,es,wordfreq,1,2.15
habiendo,4.34,es,wordfreq,2,2.5
habilidad,4.38,es,wordfreq,0,3.45
habilidades,4.46,es,wordfreq,0,4.1
habitaciones,4.15,es,wordfreq,0,3.85
habitación,4.67,es,wordfreq,0,3.5
habitantes,4.85,es,wordfreq,0,3.7
habitual,4.39,es,wordfreq,0,3.65
habituales,3.96,es,wordfreq,0,3.7
habitualmente,3.96,es,wordfreq,0,4.65
habla,5.24,es,wordfreq,8,1.45
hablaba,4.42,es,wordfreq,0,2.6
hablaban,3.86,es,wordfreq,0,2.9
hablado,4.42,es,wordfreq,1,2.15
hablamos,4.65,es,wordfreq,2,2.55
hablan,4.74,es,wordfreq,6,1.65
hablando,5.14,es,wordfreq,0,2.7
hablar,5.45,es,wordfreq,3,1.8
hablarle,3.93,es,wordfreq,0,2.95
hablaron,3.84,es,wordfreq,0,2.7
hablas,4.48,es,wordfreq,4,1.75
hable,4.41,es,wordfreq,5,1.65
hablemos,4.11,es,wordfreq,1,2.65
hablen,3.99,es,wordfreq,2,1.85
hables,4.09,es,wordfreq,3,1.8
hablo,4.72,es,wordfreq,6,1.7
hablé,3.97,es,wordfreq,4,1.8
habló,4.48,es,wordfreq,4,1.85
habrá,5.02,es,wordfreq,1,1.85
habrán,4.13,es,wordfreq,0,2.2
habría,4.97,es,wordfreq,0,1.9
habrían,4.22,es,wordfreq,0,2.3
habéis,4.26,es,wordfreq,1,2.75
había,5.81,es,wordfreq,5,1.65
habíamos,4.17,es,wordfreq,2,2.7
habían,5.17,es,wordfreq,5,1.65
hace,6.03,es,wordfreq,4,1.65
hacemos,4.82,es,wordfreq,1,2.5
hacen,5.38,es,wordfreq,3,1.8
hacer,6.07,es,wordfreq,4,1.75
hacerla,4.16,es,wordfreq,2,2.35
hacerle,4.47,es,wordfreq,6,2.0
hacerles,3.9,es,wordfreq,1,2.45
hacerlo,5.16,es,wordfreq,3,2.15
hacerlos,3.88,es,wordfreq,2,2.5
hacerme,4.38,es,wordfreq,4,2.3
hacernos,4.08,es,wordfreq,1,2.75
hacerse,4.7,es,wordfreq,4,2.25
hacerte,4.42,es,wordfreq,3,2.25
haces,5.03,es,wordfreq,2,1.85
hacia,5.59,es,wordfreq,2,1.9
hacienda,4.44,es,wordfreq,1,2.85
haciendo,5.44,es,wordfreq,2,2.65
haciéndolo,3.82,es,wordfreq,0,4.75
haciéndose,3.84,es,wordfreq,0,4.5
hacía,4.88,es,wordfreq,4,1.75
hacían,4.4,es,wordfreq,2,1.9
haga,5.14,es,wordfreq,5,1.65
hagamos,4.26,es,wordfreq,1,2.3
hagan,4.79,es,wordfreq,3,1.8
hagas,4.61,es,wordfreq,3,1.8
hago,5.06,es,wordfreq,7,1.65
haití,3.86,es,wordfreq,0,2.85
hall,3.92,es,wordfreq,3,1.75
halla,4.06,es,wordfreq,4,1.6
hallado,3.81,es,wordfreq,3,2.35
hallan,3.83,es,wordfreq,2,1.85
hallar,3.92,es,wordfreq,3,1.8
hallazgo,3.82,es,wordfreq,0,3.35
hallazgos,3.82,es,wordfreq,0,3.75
halloween,3.83,es,wordfreq,0,4.85
hambre,4.9,es,wordfreq,1,2.4
hamburguesa,3.81,es,wordfreq,0,5.85
han,5.93,es,wordfreq,12,1.25
hardware,3.81,es,wordfreq,0,3.95
haremos,4.13,es,wordfreq,1,2.55
harina,4.13,es,wordfreq,1,2.05
harry,4.52,es,wordfreq,1,2.1
harta,3.88,es,wordfreq,5,1.75
harto,4.14,es,wordfreq,2,1.9
harvard,3.92,es,wordfreq,0,3.2
hará,4.79,es,wordfreq,2,1.8
harán,4.41,es,wordfreq,1,1.85
haré,4.29,es,wordfreq,2,1.9
haría,4.6,es,wordfreq,6,1.55
harían,3.96,es,wordfreq,3,1.75
harías,3.86,es,wordfreq,1,1.9
has,5.17,es,wordfreq,9,1.4
hashtag,3.9,es,wordfreq,0,3.65
hasta,6.09,es,wordfreq,4,1.8
have,3.83,es,wordfreq,2,1.85
hay,6.23,es,wordfreq,11,1.3
haya,5.34,es,wordfreq,4,1.65
hayan,4.78,es,wordfreq,3,1.8
hayas,4.3,es,wordfreq,3,1.8
haz,4.56,es,wordfreq,4,1.75
hazlo,3.9,es,wordfreq,1,1.95
hd,3.98,es,wordfreq,13,1.3
hdp,3.83,es,wordfreq,1,1.85
he,5.77,es,wordfreq,22,1.0
hecha,4.56,es,wordfreq,2,1.8
hechas,4.35,es,wordfreq,2,2.05
hecho,5.79,es,wordfreq,3,1.75
hechos,4.98,es,wordfreq,2,2.2
hectáreas,4.19,es,wordfreq,0,3.85
helado,4.2,es,wordfreq,0,2.25
helicóptero,4.01,es,wordfreq,0,5.9
hembra,3.87,es,wordfreq,0,2.7
hemos,5.38,es,wordfreq,2,1.9
henry,4.3,es,wordfreq,0,2.85
here,3.84,es,wordfreq,0,2.0
heredero,4.01,es,wordfreq,0,3.6
herencia,4.24,es,wordfreq,0,2.95
herida,4.25,es,wordfreq,1,2.25
heridas,4.41,es,wordfreq,1,2.55
herido,4.3,es,wordfreq,1,2.0
heridos,4.37,es,wordfreq,1,2.4
hermana,4.86,es,wordfreq,1,2.4
hermanas,4.35,es,wordfreq,1,2.5
hermandad,4.15,es,wordfreq,0,3.55
hermano,5.11,es,wordfreq,1,2.4
hermanos,4.85,es,wordfreq,1,2.55
hermosa,4.69,es,wordfreq,1,2.65
hermosas,4.07,es,wordfreq,1,3.05
hermoso,4.65,es,wordfreq,1,2.6
hermosos,4.0,es,wordfreq,1,2.95
hernández,4.38,es,wordfreq,1,4.7
herramienta,4.56,es,wordfreq,0,4.65
herramientas,4.67,es,wordfreq,0,5.15
herrera,4.23,es,wordfreq,0,2.85
hey,4.19,es,wordfreq,5,1.7
hice,4.96,es,wordfreq,3,1.85
hiciera,4.33,es,wordfreq,0,2.8
hicieran,3.94,es,wordfreq,1,3.15
hicieron,5.03,es,wordfreq,1,2.7
hicimos,4.38,es,wordfreq,0,2.8
hiciste,4.59,es,wordfreq,0,3.0
hidalgo,4.12,es,wordfreq,0,3.65
hielo,4.41,es,wordfreq,1,1.9
hierba,4.0,es,wordfreq,0,2.35
hierbas,3.81,es,wordfreq,0,2.7
hierro,4.48,es,wordfreq,0,2.4
higiene,3.99,es,wordfreq,0,3.4
hija,5.06,es,wordfreq,4,1.75
hijas,4.36,es,wordfreq,2,1.85
hijo,5.4,es,wordfreq,5,1.7
hijos,5.31,es,wordfreq,2,1.85
hill,3.94,es,wordfreq,4,1.8
hilo,4.33,es,wordfreq,4,1.7
hilos,3.88,es,wordfreq,2,1.85
himno,4.2,es,wordfreq,0,2.25
hinchas,4.03,es,wordfreq,0,2.8
hip,3.82,es,wordfreq,1,1.8
hipocresía,3.9,es,wordfreq,0,4.9
hipócrita,3.84,es,wordfreq,0,4.75
hipótesis,4.16,es,wordfreq,0,4.9
hispano,3.85,es,wordfreq,0,3.25
historia,5.67,es,wordfreq,0,2.95
historiador,4.04,es,wordfreq,0,4.45
historiadores,3.93,es,wordfreq,0,5.4
historial,4.18,es,wordfreq,1,3.3
historias,4.77,es,wordfreq,1,3.2
histórica,4.57,es,wordfreq,1,3.45
históricamente,3.97,es,wordfreq,0,5.5
históricas,4.08,es,wordfreq,1,3.9
histórico,4.76,es,wordfreq,1,3.45
históricos,4.32,es,wordfreq,1,3.85
hitler,4.22,es,wordfreq,0,2.95
hizo,5.55,es,wordfreq,2,1.9
ho,3.92,es,wordfreq,18,1.0
hockey,3.83,es,wordfreq,0,3.1
hogar,4.84,es,wordfreq,0,2.0
hogares,4.31,es,wordfreq,0,2.7
hoja,4.36,es,wordfreq,4,1.75
hojas,4.53,es,wordfreq,3,1.8
hola,5.28,es,wordfreq,6,1.65
holanda,4.11,es,wordfreq,0,2.8
hollywood,4.13,es,wordfreq,0,5.65
hombre,5.58,es,wordfreq,3,1.95
hombres,5.44,es,wordfreq,2,2.35
hombro,4.19,es,wordfreq,2,2.25
hombros,4.07,es,wordfreq,1,2.55
home,4.05,es,wordfreq,2,1.9
homenaje,4.51,es,wordfreq,0,3.95
homero,3.83,es,wordfreq,2,2.35
homicidio,4.1,es,wordfreq,0,3.95
homicidios,3.88,es,wordfreq,0,4.35
homosexual,4.0,es,wordfreq,0,5.55
homosexuales,4.0,es,wordfreq,0,5.55
homosexualidad,3.82,es,wordfreq,0,6.35
honda,3.9,es,wordfreq,1,1.9
honduras,4.38,es,wordfreq,0,3.4
honesta,3.87,es,wordfreq,1,2.7
honestamente,3.96,es,wordfreq,0,4.45
honestidad,3.97,es,wordfreq,0,4.5
honesto,4.09,es,wordfreq,1,2.8
hong,4.12,es,wordfreq,2,1.85
hongos,3.83,es,wordfreq,0,2.55
honor,4.85,es,wordfreq,0,2.0
honorable,3.84,es,wordfreq,0,3.8
honores,3.81,es,wordfreq,0,2.55
hora,5.45,es,wordfreq,3,1.75
horacio,3.87,es,wordfreq,1,2.85
horario,4.43,es,wordfreq,1,2.75
horarios,4.17,es,wordfreq,0,3.05
horas,5.46,es,wordfreq,1,1.9
horizontal,3.93,es,wordfreq,0,4.65
horizonte,4.05,es,wordfreq,0,4.45
horno,4.17,es,wordfreq,2,1.9
horrible,4.5,es,wordfreq,0,3.6
horribles,3.87,es,wordfreq,0,3.65
horror,4.17,es,wordfreq,0,2.5
hospital,4.94,es,wordfreq,0,3.8
hospitales,4.32,es,wordfreq,0,4.05
hot,3.93,es,wordfreq,3,1.8
hotel,4.8,es,wordfreq,0,2.5
hoteles,4.14,es,wordfreq,0,2.9
house,4.2,es,wordfreq,0,2.75
houston,3.82,es,wordfreq,0,3.3
howard,3.87,es,wordfreq,0,2.9
hoy,5.74,es,wordfreq,8,1.55
hp,3.9,es,wordfreq,11,1.35
hs,3.94,es,wordfreq,15,1.2
http,4.88,es,wordfreq,0,2.6
https,4.37,es,wordfreq,0,2.9
hubiera,5.18,es,wordfreq,0,2.4
hubieran,4.49,es,wordfreq,1,2.55
hubieras,3.95,es,wordfreq,1,2.7
hubiese,4.66,es,wordfreq,0,2.85
hubiesen,3.94,es,wordfreq,0,3.4
hubo,5.05,es,wordfreq,3,1.85
hueco,4.02,es,wordfreq,2,1.9
huele,4.09,es,wordfreq,2,1.9
huelga,4.34,es,wordfreq,2,2.4
huella,4.09,es,wordfreq,2,2.0
huellas,4.08,es,wordfreq,0,2.55
huelva,3.82,es,wordfreq,3,2.0
huerta,3.84,es,wordfreq,2,1.9
hueso,4.16,es,wordfreq,3,1.8
huesos,4.23,es,wordfreq,1,1.9
huevo,4.5,es,wordfreq,3,1.8
huevos,4.65,es,wordfreq,2,2.0
hugo,4.4,es,wordfreq,5,1.75
huir,4.21,es,wordfreq,0,2.2
humana,4.75,es,wordfreq,1,2.35
humanas,4.17,es,wordfreq,1,2.65
humanidad,4.67,es,wordfreq,0,3.55
humanitaria,3.81,es,wordfreq,0,4.6
humano,4.94,es,wordfreq,1,2.35
humanos,5.06,es,wordfreq,1,2.55
humedad,4.16,es,wordfreq,0,2.95
humildad,3.97,es,wordfreq,0,3.55
humilde,4.26,es,wordfreq,0,3.7
humo,4.4,es,wordfreq,3,1.8
humor,4.67,es,wordfreq,1,2.2
hungría,4.1,es,wordfreq,0,3.5
huracán,4.09,es,wordfreq,0,3.7
huyendo,3.81,es,wordfreq,0,2.85
hábito,3.93,es,wordfreq,0,2.8
hábitos,4.07,es,wordfreq,0,2.9
héctor,4.08,es,wordfreq,0,2.55
héroe,4.42,es,wordfreq,0,2.85
héroes,4.32,es,wordfreq,0,2.9
hígado,3.97,es,wordfreq,0,2.7
húmedo,3.81,es,wordfreq,0,2.9
ia,4.1,es,wordfreq,27,1.0
ian,3.87,es,wordfreq,9,1.3
iba,5.23,es,wordfreq,3,1.65
iban,4.6,es,wordfreq,2,1.8
ibas,3.93,es,wordfreq,1,1.9
id,4.06,es,wordfreq,20,1.0
ida,4.16,es,wordfreq,4,1.45
idea,5.43,es,wordfreq,0,1.85
ideal,4.57,es,wordfreq,1,2.35
ideales,4.2,es,wordfreq,0,2.75
ideas,5.06,es,wordfreq,1,1.9
identidad,4.72,es,wordfreq,0,3.65
identifica,3.99,es,wordfreq,0,4.2
identificación,4.39,es,wordfreq,0,4.9
identificado,4.11,es,wordfreq,0,4.4
identificar,4.35,es,wordfreq,0,4.3
ideología,4.3,es,wordfreq,0,4.5
ideológica,3.88,es,wordfreq,0,4.7
idioma,4.74,es,wordfreq,1,2.7
idiomas,4.41,es,wordfreq,1,2.75
idiota,4.42,es,wordfreq,1,2.65
idiotas,4.11,es,wordfreq,1,2.75
ido,4.86,es,wordfreq,1,1.6
if,3.89,es,wordfreq,15,1.25
iglesia,5.12,es,wordfreq,0,3.35
iglesias,4.6,es,wordfreq,0,3.75
ignacio,4.3,es,wordfreq,0,3.25
ignora,3.92,es,wordfreq,0,2.85
ignorancia,4.27,es,wordfreq,0,3.9
ignorante,3.92,es,wordfreq,0,3.7
ignorar,4.11,es,wordfreq,0,3.2
igual,5.46,es,wordfreq,0,2.5
igualdad,4.65,es,wordfreq,0,3.6
iguales,4.53,es,wordfreq,0,2.7
igualmente,4.63,es,wordfreq,0,3.55
ii,4.96,es,wordfreq,24,1.0
iii,4.7,es,wordfreq,2,1.75
il,4.0,es,wordfreq,17,1.05
ilegal,4.57,es,wordfreq,0,2.55
ilegales,4.14,es,wordfreq,0,2.85
iluminación,3.97,es,wordfreq,0,3.9
ilusiones,3.88,es,wordfreq,0,3.2
ilusión,4.37,es,wordfreq,1,2.7
ilustraciones,3.81,es,wordfreq,0,4.55
ilustración,3.99,es,wordfreq,0,3.8
imagen,5.2,es,wordfreq,0,2.8
imagenes,3.81,es,wordfreq,1,3.35
imagina,4.07,es,wordfreq,1,2.5
imaginación,4.3,es,wordfreq,0,3.9
imaginar,4.41,es,wordfreq,1,3.25
imaginas,3.85,es,wordfreq,1,2.9
imagino,4.46,es,wordfreq,1,2.7
imbécil,4.02,es,wordfreq,0,4.0
impacto,4.68,es,wordfreq,0,2.95
impedir,4.25,es,wordfreq,0,3.25
imperial,4.02,es,wordfreq,0,3.6
imperio,4.57,es,wordfreq,0,2.9
impide,4.18,es,wordfreq,0,2.85
implementación,4.14,es,wordfreq,0,5.45
implementar,4.06,es,wordfreq,0,4.5
implica,4.53,es,wordfreq,0,2.85
impone,3.97,es,wordfreq,0,2.45
imponer,4.22,es,wordfreq,0,2.7
importa,5.2,es,wordfreq,1,2.6
importaba,3.88,es,wordfreq,0,3.5
importaciones,3.98,es,wordfreq,0,3.95
importación,3.99,es,wordfreq,0,3.55
importan,4.13,es,wordfreq,1,2.9
importancia,4.96,es,wordfreq,0,4.05
importante,5.48,es,wordfreq,0,3.7
importantes,5.06,es,wordfreq,0,3.95
importar,4.42,es,wordfreq,1,2.7
importe,4.25,es,wordfreq,1,2.55
imposible,4.99,es,wordfreq,0,3.95
imposición,3.84,es,wordfreq,0,3.45
impotencia,3.84,es,wordfreq,0,3.7
imprenta,3.85,es,wordfreq,0,3.35
imprescindible,3.97,es,wordfreq,0,7.4
impresionante,4.44,es,wordfreq,0,5.65
impresiones,3.9,es,wordfreq,0,3.85
impresión,4.52,es,wordfreq,0,3.35
impreso,3.85,es,wordfreq,0,2.7
imprimir,3.93,es,wordfreq,0,3.9
impuesto,4.63,es,wordfreq,0,2.4
impuestos,4.71,es,wordfreq,0,2.65
impulsar,4.07,es,wordfreq,0,3.55
impulso,4.26,es,wordfreq,0,3.1
impunidad,4.14,es,wordfreq,0,3.8
impuso,3.96,es,wordfreq,0,2.75
imágenes,4.94,es,wordfreq,1,3.6
in,5.07,es,wordfreq,16,1.0
inauguración,4.17,es,wordfreq,0,4.5
inc,3.96,es,wordfreq,2,1.85
incapaces,3.81,es,wordfreq,0,4.35
incapacidad,4.02,es,wordfreq,0,4.6
incapaz,4.1,es,wordfreq,0,3.65
incendio,4.38,es,wordfreq,0,3.2
incendios,4.1,es,wordfreq,0,3.6
incentivos,3.81,es,wordfreq,0,3.75
incertidumbre,4.05,es,wordfreq,0,6.7
incidencia,3.92,es,wordfreq,0,3.4
incidente,4.27,es,wordfreq,0,3.1
incidentes,3.96,es,wordfreq,0,3.35
inclinación,3.81,es,wordfreq,0,3.7
incluida,4.18,es,wordfreq,1,3.0
incluidas,4.03,es,wordfreq,1,3.5
incluido,4.5,es,wordfreq,1,2.95
incluidos,4.32,es,wordfreq,1,3.5
incluir,4.35,es,wordfreq,1,2.9
inclusive,4.11,es,wordfreq,0,3.7
inclusión,4.17,es,wordfreq,0,3.05
incluso,5.41,es,wordfreq,0,2.8
incluye,4.86,es,wordfreq,1,3.0
incluyen,4.54,es,wordfreq,0,3.35
incluyendo,4.82,es,wordfreq,0,4.15
incluyó,3.92,es,wordfreq,1,3.1
incluía,3.84,es,wordfreq,0,3.25
inconsciente,3.93,es,wordfreq,0,4.6
inconveniente,3.83,es,wordfreq,0,5.2
incorpora,3.86,es,wordfreq,0,4.3
incorporación,4.06,es,wordfreq,0,4.55
incorporar,3.89,es,wordfreq,0,4.45
increible,4.04,es,wordfreq,1,4.15
incrementar,4.02,es,wordfreq,0,4.45
incremento,4.39,es,wordfreq,0,3.9
increíble,4.83,es,wordfreq,1,4.4
increíblemente,3.83,es,wordfreq,0,5.95
increíbles,4.0,es,wordfreq,0,4.5
incómodo,3.94,es,wordfreq,0,3.95
indemnización,3.88,es,wordfreq,0,4.95
independencia,4.87,es,wordfreq,0,5.1
independiente,4.81,es,wordfreq,0,4.8
independientes,4.4,es,wordfreq,0,5.0
india,4.7,es,wordfreq,1,1.95
indias,4.09,es,wordfreq,1,2.25
indica,4.63,es,wordfreq,1,1.95
indicaciones,3.83,es,wordfreq,0,3.85
indicado,4.11,es,wordfreq,0,2.45
indicador,3.88,es,wordfreq,0,3.0
indicadores,3.97,es,wordfreq,0,4.25
indican,4.23,es,wordfreq,1,2.45
indicando,3.82,es,wordfreq,0,3.2
indicar,4.07,es,wordfreq,1,2.35
indicios,3.81,es,wordfreq,0,2.8
indicó,4.03,es,wordfreq,1,2.4
indiferencia,3.91,es,wordfreq,0,4.45
indignación,3.9,es,wordfreq,0,3.65
indio,4.33,es,wordfreq,1,2.1
indios,4.41,es,wordfreq,1,2.3
indirectamente,3.81,es,wordfreq,0,5.3
indispensable,3.96,es,wordfreq,0,6.5
individual,4.49,es,wordfreq,0,4.45
individuales,4.39,es,wordfreq,0,5.1
individuo,4.36,es,wordfreq,0,3.7
individuos,4.49,es,wordfreq,0,4.15
indonesia,3.97,es,wordfreq,0,4.4
industria,4.96,es,wordfreq,0,3.75
industrial,4.63,es,wordfreq,1,4.2
industriales,4.23,es,wordfreq,0,5.15
industrias,4.23,es,wordfreq,1,4.2
indígena,4.33,es,wordfreq,0,3.85
indígenas,4.6,es,wordfreq,0,4.35
ine,3.88,es,wordfreq,4,1.55
inesperado,3.87,es,wordfreq,0,3.7
inestabilidad,3.83,es,wordfreq,0,5.25
inevitable,4.17,es,wordfreq,0,4.5
infancia,4.49,es,wordfreq,0,3.25
infantería,3.87,es,wordfreq,0,4.25
infantil,4.6,es,wordfreq,0,3.75
infantiles,4.03,es,wordfreq,0,4.6
infección,4.05,es,wordfreq,1,3.05
inferior,4.55,es,wordfreq,1,3.0
inferiores,4.1,es,wordfreq,1,3.45
infierno,4.44,es,wordfreq,1,3.3
infinito,4.09,es,wordfreq,0,3.65
inflación,4.3,es,wordfreq,0,3.1
influencia,4.75,es,wordfreq,0,3.8
influencias,3.98,es,wordfreq,0,4.45
influir,3.85,es,wordfreq,1,3.45
info,4.25,es,wordfreq,0,2.05
informa,4.31,es,wordfreq,2,2.3
informacion,3.94,es,wordfreq,1,3.8
informaciones,4.06,es,wordfreq,0,4.0
información,5.48,es,wordfreq,1,3.4
informado,4.27,es,wordfreq,0,3.05
informal,3.9,es,wordfreq,1,2.6
informar,4.26,es,wordfreq,1,2.55
informativo,3.94,es,wordfreq,0,4.3
informe,4.91,es,wordfreq,2,2.45
informes,4.5,es,wordfreq,0,2.8
informática,4.2,es,wordfreq,0,4.6
informó,4.44,es,wordfreq,2,2.65
infraestructura,4.49,es,wordfreq,0,8.25
ing,4.06,es,wordfreq,3,1.75
ingeniero,4.43,es,wordfreq,0,3.75
ingenieros,4.25,es,wordfreq,0,4.1
ingeniería,4.49,es,wordfreq,0,4.45
inglaterra,4.61,es,wordfreq,0,4.75
ingles,4.1,es,wordfreq,1,2.55
inglesa,4.21,es,wordfreq,0,2.8
ingleses,4.18,es,wordfreq,0,3.3
inglés,5.22,es,wordfreq,1,3.0
ingredientes,3.98,es,wordfreq,0,4.8
ingresar,4.13,es,wordfreq,0,3.15
ingreso,4.6,es,wordfreq,0,2.65
ingresos,4.81,es,wordfreq,0,3.25
inicia,4.34,es,wordfreq,2,2.25
iniciado,4.11,es,wordfreq,0,2.7
inicial,4.54,es,wordfreq,1,2.5
iniciales,4.06,es,wordfreq,0,3.2
inicialmente,4.16,es,wordfreq,0,4.05
iniciar,4.39,es,wordfreq,1,2.5
iniciaron,3.9,es,wordfreq,0,3.4
iniciativa,4.69,es,wordfreq,0,4.25
iniciativas,4.22,es,wordfreq,0,4.6
inicio,4.83,es,wordfreq,2,2.15
inicios,4.01,es,wordfreq,0,2.45
inició,4.45,es,wordfreq,2,2.55
injusticia,4.05,es,wordfreq,0,4.3
injusto,4.07,es,wordfreq,0,2.9
inmediata,4.32,es,wordfreq,1,3.9
inmediatamente,4.71,es,wordfreq,0,5.8
inmediato,4.56,es,wordfreq,1,3.8
inmensa,4.05,es,wordfreq,2,2.7
inmenso,3.89,es,wordfreq,2,2.65
inmigración,4.22,es,wordfreq,0,3.5
inmigrantes,4.41,es,wordfreq,0,4.3
inminente,3.9,es,wordfreq,0,3.55
inmueble,3.87,es,wordfreq,0,3.65
inmuebles,3.91,es,wordfreq,0,3.7
inmunidad,3.86,es,wordfreq,0,3.6
innovación,4.24,es,wordfreq,0,3.7
innumerables,3.88,es,wordfreq,0,5.6
inocencia,4.04,es,wordfreq,0,3.35
inocente,4.31,es,wordfreq,0,2.8
inocentes,4.14,es,wordfreq,0,3.5
inscripciones,3.92,es,wordfreq,0,4.6
inscripción,4.27,es,wordfreq,0,4.2
insectos,3.96,es,wordfreq,0,3.05
inseguridad,4.17,es,wordfreq,0,4.3
insiste,3.96,es,wordfreq,0,2.8
insistir,3.85,es,wordfreq,1,3.3
insistió,3.86,es,wordfreq,1,3.35
insoportable,3.85,es,wordfreq,0,5.55
inspección,4.05,es,wordfreq,0,3.6
inspector,4.0,es,wordfreq,0,3.7
inspiración,4.27,es,wordfreq,0,3.45
inspirado,4.05,es,wordfreq,0,3.6
instagram,4.34,es,wordfreq,0,4.15
instalaciones,4.52,es,wordfreq,0,4.3
instalación,4.34,es,wordfreq,0,3.75
instalado,3.97,es,wordfreq,0,3.75
instalar,4.1,es,wordfreq,0,3.7
instancia,4.26,es,wordfreq,0,3.1
instancias,3.93,es,wordfreq,0,3.4
instante,4.37,es,wordfreq,0,2.8
instinto,3.89,es,wordfreq,0,2.9
institucional,4.28,es,wordfreq,0,4.9
institucionales,3.81,es,wordfreq,0,5.45
instituciones,4.85,es,wordfreq,0,4.05
institución,4.67,es,wordfreq,0,3.45
instituto,4.96,es,wordfreq,0,3.75
institutos,3.88,es,wordfreq,0,4.05
instrucciones,4.4,es,wordfreq,0,4.2
instrucción,4.08,es,wordfreq,0,3.4
instrumento,4.38,es,wordfreq,0,4.5
instrumentos,4.43,es,wordfreq,0,4.85
insultar,3.92,es,wordfreq,0,2.85
insulto,3.99,es,wordfreq,0,2.8
insultos,4.06,es,wordfreq,0,3.35
integra,3.81,es,wordfreq,0,2.3
integración,4.4,es,wordfreq,0,3.45
integrada,3.96,es,wordfreq,1,2.9
integrado,4.1,es,wordfreq,1,2.55
integral,4.29,es,wordfreq,2,2.6
integran,3.84,es,wordfreq,2,2.5
integrante,3.93,es,wordfreq,0,3.3
integrantes,4.3,es,wordfreq,0,3.65
integrar,3.94,es,wordfreq,2,2.55
integridad,4.16,es,wordfreq,0,3.35
intelectual,4.5,es,wordfreq,0,5.35
intelectuales,4.23,es,wordfreq,0,6.0
inteligencia,4.72,es,wordfreq,0,4.65
inteligente,4.68,es,wordfreq,0,4.3
inteligentes,4.22,es,wordfreq,0,4.4
intenciones,4.29,es,wordfreq,0,3.75
intención,4.76,es,wordfreq,0,2.75
intendente,4.02,es,wordfreq,0,3.65
intensa,4.14,es,wordfreq,3,2.15
intensidad,4.25,es,wordfreq,0,3.65
intenso,4.18,es,wordfreq,3,2.25
intenta,4.58,es,wordfreq,4,1.8
intentaba,3.88,es,wordfreq,0,3.05
intentado,4.24,es,wordfreq,1,2.35
intentan,4.18,es,wordfreq,1,2.25
intentando,4.47,es,wordfreq,0,3.1
intentar,4.68,es,wordfreq,2,2.2
intentarlo,4.0,es,wordfreq,0,3.2
intentaron,3.98,es,wordfreq,0,3.2
intente,3.96,es,wordfreq,3,2.2
intento,4.81,es,wordfreq,5,1.9
intentos,4.21,es,wordfreq,0,2.35
intentó,4.37,es,wordfreq,3,2.4
inter,3.91,es,wordfreq,0,2.15
interacción,4.1,es,wordfreq,0,3.5
intercambio,4.46,es,wordfreq,0,4.95
interesa,4.67,es,wordfreq,0,2.55
interesada,3.96,es,wordfreq,1,3.4
interesado,4.38,es,wordfreq,1,3.15
interesados,4.33,es,wordfreq,0,3.6
interesan,3.92,es,wordfreq,0,2.9
interesante,4.95,es,wordfreq,0,3.9
interesantes,4.41,es,wordfreq,0,4.1
intereses,4.87,es,wordfreq,0,3.25
interfaz,3.81,es,wordfreq,0,2.9
interino,3.84,es,wordfreq,0,2.75
interior,5.09,es,wordfreq,2,2.55
interiores,3.99,es,wordfreq,2,3.0
intermedio,3.9,es,wordfreq,0,4.0
interna,4.51,es,wordfreq,1,2.05
internacional,5.34,es,wordfreq,1,4.95
internacionales,4.88,es,wordfreq,0,5.3
internas,4.15,es,wordfreq,1,2.5
international,4.23,es,wordfreq,1,5.4
internet,5.18,es,wordfreq,0,2.95
interno,4.44,es,wordfreq,1,2.05
internos,4.31,es,wordfreq,1,2.45
interpretación,4.49,es,wordfreq,0,5.5
interpretar,4.11,es,wordfreq,0,4.55
interrupción,3.82,es,wordfreq,0,4.5
intervenciones,4.01,es,wordfreq,0,5.2
intervención,4.64,es,wordfreq,0,4.35
intervenir,4.06,es,wordfreq,0,4.05
interés,5.1,es,wordfreq,0,2.6
intimidad,3.92,es,wordfreq,0,3.7
introducción,4.46,es,wordfreq,0,4.25
introduce,3.83,es,wordfreq,0,4.5
introducir,4.08,es,wordfreq,0,4.5
intérprete,3.83,es,wordfreq,0,5.3
inundaciones,3.91,es,wordfreq,0,4.35
inusual,3.86,es,wordfreq,0,3.7
invasión,4.24,es,wordfreq,0,3.35
inventado,3.81,es,wordfreq,1,2.6
inventar,3.86,es,wordfreq,1,2.55
inventario,3.84,es,wordfreq,0,3.4
invento,3.9,es,wordfreq,1,2.35
inversiones,4.44,es,wordfreq,0,3.65
inversión,4.72,es,wordfreq,0,3.25
inversores,3.84,es,wordfreq,0,3.75
invertido,3.87,es,wordfreq,0,3.2
invertir,4.29,es,wordfreq,0,3.2
investiga,3.89,es,wordfreq,0,3.6
investigaciones,4.6,es,wordfreq,0,5.15
investigación,5.17,es,wordfreq,0,4.45
investigador,4.2,es,wordfreq,0,4.3
investigadores,4.38,es,wordfreq,0,5.35
investigando,3.9,es,wordfreq,0,4.4
investigar,4.38,es,wordfreq,0,3.85
invierno,4.65,es,wordfreq,1,3.35
invisible,4.05,es,wordfreq,0,4.0
invita,4.17,es,wordfreq,2,2.5
invitación,4.27,es,wordfreq,0,3.35
invitado,4.36,es,wordfreq,0,2.55
invitados,4.39,es,wordfreq,1,3.25
invitamos,3.82,es,wordfreq,1,3.55
invitar,3.95,es,wordfreq,0,2.55
invito,4.06,es,wordfreq,2,2.6
invitó,3.97,es,wordfreq,2,2.65
involucrado,4.03,es,wordfreq,0,4.95
involucrados,3.97,es,wordfreq,0,5.6
inyección,3.83,es,wordfreq,1,3.15
inútil,4.29,es,wordfreq,0,3.2
inútiles,3.94,es,wordfreq,0,3.65
io,3.84,es,wordfreq,25,1.0
ios,4.2,es,wordfreq,7,1.45
ip,4.06,es,wordfreq,18,1.05
iphone,4.23,es,wordfreq,0,2.85
ir,5.65,es,wordfreq,20,1.0
ira,4.32,es,wordfreq,8,1.2
irak,4.07,es,wordfreq,0,1.95
iremos,3.82,es,wordfreq,0,2.3
irene,3.91,es,wordfreq,0,2.0
iris,3.95,es,wordfreq,1,1.95
irlanda,4.02,es,wordfreq,0,2.75
irme,4.41,es,wordfreq,2,1.85
ironía,4.04,es,wordfreq,0,2.75
irregular,3.9,es,wordfreq,0,3.85
irregularidades,3.91,es,wordfreq,0,7.15
irse,4.53,es,wordfreq,2,1.9
irte,4.04,es,wordfreq,3,1.85
irá,4.23,es,wordfreq,2,1.7
irán,4.44,es,wordfreq,1,1.85
iré,4.05,es,wordfreq,2,1.8
iría,4.11,es,wordfreq,2,1.8
irónico,3.91,es,wordfreq,0,2.95
is,4.49,es,wordfreq,22,1.0
isaac,3.85,es,wordfreq,0,2.85
isabel,4.36,es,wordfreq,0,2.7
isidro,3.85,es,wordfreq,0,2.95
isla,4.97,es,wordfreq,0,1.9
islam,3.96,es,wordfreq,1,2.6
island,3.82,es,wordfreq,0,2.8
islas,4.57,es,wordfreq,1,1.9
islámico,3.85,es,wordfreq,0,3.9
israel,4.57,es,wordfreq,0,2.85
israelí,3.94,es,wordfreq,0,3.75
it,4.45,es,wordfreq,17,1.1
italia,4.68,es,wordfreq,0,2.75
italiana,4.13,es,wordfreq,1,3.35
italiano,4.42,es,wordfreq,1,3.4
italianos,4.02,es,wordfreq,0,3.65
iv,4.56,es,wordfreq,16,1.1
iva,4.11,es,wordfreq,4,1.55
ivan,3.88,es,wordfreq,2,1.75
iván,4.01,es,wordfreq,2,2.1
ix,4.02,es,wordfreq,14,1.25
izquierda,4.97,es,wordfreq,1,3.75
izquierdo,4.26,es,wordfreq,1,3.8
ja,4.48,es,wordfreq,18,1.05
jabón,3.88,es,wordfreq,2,2.1
jack,4.33,es,wordfreq,2,1.9
jackson,4.15,es,wordfreq,0,3.45
jacob,3.91,es,wordfreq,0,2.75
jaime,4.26,es,wordfreq,0,2.45
jaja,4.7,es,wordfreq,3,1.8
jajaj,3.85,es,wordfreq,0,2.45
jajaja,4.73,es,wordfreq,0,2.8
jajajaja,4.33,es,wordfreq,0,4.1
jajajajaja,3.89,es,wordfreq,0,5.55
jalisco,4.07,es,wordfreq,0,3.15
jamaica,3.88,es,wordfreq,0,3.0
jamas,4.18,es,wordfreq,5,1.7
james,4.59,es,wordfreq,2,1.9
jamás,4.95,es,wordfreq,2,2.05
jamón,3.86,es,wordfreq,3,1.9
jane,3.89,es,wordfreq,1,1.95
janeiro,4.08,es,wordfreq,0,3.25
japonesa,4.21,es,wordfreq,0,3.55
japoneses,4.14,es,wordfreq,0,4.15
japonés,4.39,es,wordfreq,0,3.35
japón,4.81,es,wordfreq,2,2.3
jardines,4.1,es,wordfreq,0,3.6
jardín,4.56,es,wordfreq,0,2.9
jason,3.99,es,wordfreq,0,2.05
javier,4.5,es,wordfreq,0,3.0
jay,3.81,es,wordfreq,6,1.6
jazz,4.0,es,wordfreq,0,2.2
jaén,3.85,es,wordfreq,0,2.0
je,3.98,es,wordfreq,20,1.0
jean,4.32,es,wordfreq,5,1.75
jefa,4.03,es,wordfreq,2,1.9
jefe,5.15,es,wordfreq,3,1.8
jefes,4.36,es,wordfreq,0,1.95
jeff,3.82,es,wordfreq,2,2.55
jeje,3.95,es,wordfreq,2,1.85
jennifer,3.85,es,wordfreq,0,4.25
jerarquía,3.83,es,wordfreq,0,4.75
jersey,3.98,es,wordfreq,0,2.95
jerusalén,3.97,es,wordfreq,0,5.0
jesucristo,4.15,es,wordfreq,0,4.5
jesus,3.99,es,wordfreq,1,2.45
jesús,4.89,es,wordfreq,1,2.5
jim,3.96,es,wordfreq,2,1.9
jimmy,3.96,es,wordfreq,0,2.95
jiménez,4.18,es,wordfreq,0,3.95
jo,4.07,es,wordfreq,16,1.0
joan,4.0,es,wordfreq,3,1.8
joaquín,4.21,es,wordfreq,0,3.8
joda,4.26,es,wordfreq,5,1.75
jode,3.98,es,wordfreq,2,1.8
joder,4.54,es,wordfreq,1,2.0
jodido,4.19,es,wordfreq,1,2.65
joe,4.18,es,wordfreq,1,1.75
john,4.86,es,wordfreq,1,1.9
johnny,3.92,es,wordfreq,0,3.55
johnson,4.04,es,wordfreq,0,3.8
jon,3.84,es,wordfreq,9,1.35
jonathan,4.03,es,wordfreq,0,4.0
jones,4.15,es,wordfreq,1,1.95
jordan,3.91,es,wordfreq,0,2.6
jorge,4.73,es,wordfreq,0,2.35
jornada,4.57,es,wordfreq,0,2.75
jornadas,4.07,es,wordfreq,0,3.35
jose,4.14,es,wordfreq,3,1.8
joseph,4.15,es,wordfreq,0,3.2
josé,5.23,es,wordfreq,1,1.95
journal,3.93,es,wordfreq,0,3.4
joven,5.18,es,wordfreq,0,2.2
joya,3.95,es,wordfreq,1,1.9
joyas,4.02,es,wordfreq,0,1.95
jr,3.97,es,wordfreq,11,1.45
juan,5.33,es,wordfreq,3,1.75
juana,4.08,es,wordfreq,0,1.95
jubilación,3.9,es,wordfreq,0,3.75
jubilados,3.83,es,wordfreq,0,3.7
judicial,4.75,es,wordfreq,0,3.45
judiciales,4.19,es,wordfreq,0,3.7
judía,3.88,es,wordfreq,1,2.25
judío,4.17,es,wordfreq,1,2.3
judíos,4.4,es,wordfreq,0,2.7
jueces,4.49,es,wordfreq,1,2.45
juega,4.63,es,wordfreq,1,1.9
juegan,4.2,es,wordfreq,0,2.25
juego,5.38,es,wordfreq,4,1.7
juegos,5.07,es,wordfreq,1,1.9
jueves,4.71,es,wordfreq,1,2.2
juez,4.83,es,wordfreq,0,2.0
jugaba,3.99,es,wordfreq,1,2.7
jugada,4.09,es,wordfreq,2,2.45
jugado,4.18,es,wordfreq,2,1.8
jugador,4.77,es,wordfreq,0,2.5
jugadores,4.79,es,wordfreq,0,3.45
jugamos,3.85,es,wordfreq,0,2.6
jugando,4.69,es,wordfreq,0,2.55
jugar,5.05,es,wordfreq,1,1.9
jugo,4.12,es,wordfreq,4,1.75
juguete,3.9,es,wordfreq,0,3.65
juguetes,4.05,es,wordfreq,0,3.7
jugó,4.09,es,wordfreq,1,2.1
juicio,4.95,es,wordfreq,0,2.6
juicios,4.13,es,wordfreq,0,2.85
jujuy,3.81,es,wordfreq,0,3.0
julia,4.24,es,wordfreq,1,2.1
julian,3.9,es,wordfreq,1,2.65
julio,5.26,es,wordfreq,2,1.95
julián,4.0,es,wordfreq,1,2.85
jun,3.81,es,wordfreq,3,1.75
junio,5.17,es,wordfreq,2,1.85
junior,4.05,es,wordfreq,0,2.6
junta,4.76,es,wordfreq,3,1.75
juntar,3.96,es,wordfreq,1,2.1
juntas,4.45,es,wordfreq,3,1.8
junto,5.29,es,wordfreq,4,1.75
juntos,5.05,es,wordfreq,3,1.8
jurado,4.41,es,wordfreq,1,2.2
juramento,3.97,es,wordfreq,0,3.55
jurisdicción,4.15,es,wordfreq,0,5.3
juro,4.48,es,wordfreq,5,1.75
jurídica,4.21,es,wordfreq,1,3.5
jurídicas,3.82,es,wordfreq,0,3.65
jurídico,4.18,es,wordfreq,1,3.55
just,3.87,es,wordfreq,0,1.9
justa,4.27,es,wordfreq,3,1.8
justamente,4.18,es,wordfreq,0,3.55
justicia,5.21,es,wordfreq,0,3.2
justifica,3.96,es,wordfreq,0,3.95
justificación,4.0,es,wordfreq,0,4.4
justificar,4.17,es,wordfreq,0,4.4
justin,3.96,es,wordfreq,0,2.75
justo,5.08,es,wordfreq,4,1.7
justos,3.84,es,wordfreq,2,1.85
juvenil,4.32,es,wordfreq,0,3.6
juveniles,3.9,es,wordfreq,0,4.05
juventud,4.66,es,wordfreq,0,3.95
juzgado,4.28,es,wordfreq,0,2.55
juzgados,3.95,es,wordfreq,0,2.95
juzgar,4.25,es,wordfreq,0,2.65
juárez,4.16,es,wordfreq,1,2.9
jóvenes,5.02,es,wordfreq,0,3.0
karen,3.88,es,wordfreq,1,1.95
karl,3.81,es,wordfreq,1,1.95
karma,3.96,es,wordfreq,0,1.95
ke,3.92,es,wordfreq,19,1.05
kelly,3.83,es,wordfreq,0,2.6
kenia,3.81,es,wordfreq,1,1.95
kennedy,3.91,es,wordfreq,0,4.0
kevin,4.24,es,wordfreq,0,2.9
kg,4.23,es,wordfreq,3,1.85
kilo,3.87,es,wordfreq,1,1.9
kilos,4.29,es,wordfreq,1,1.9
kilómetro,3.82,es,wordfreq,0,4.6
kilómetros,4.69,es,wordfreq,0,4.6
kim,4.3,es,wordfreq,3,1.8
king,4.2,es,wordfreq,1,1.9
kirchner,3.97,es,wordfreq,0,4.5
kit,3.83,es,wordfreq,1,1.9
km,4.67,es,wordfreq,8,1.55
kong,4.14,es,wordfreq,3,1.8
la,7.56,es,wordfreq,18,1.0
laberinto,3.85,es,wordfreq,0,3.95
labios,4.43,es,wordfreq,0,2.35
labor,4.61,es,wordfreq,1,1.95
laboral,4.68,es,wordfreq,0,2.65
laborales,4.33,es,wordfreq,0,3.4
laboratorio,4.43,es,wordfreq,0,4.9
laboratorios,3.91,es,wordfreq,0,5.5
labores,4.12,es,wordfreq,0,2.65
lado,5.53,es,wordfreq,4,1.75
lados,4.65,es,wordfreq,3,1.8
ladrones,4.23,es,wordfreq,0,3.1
ladrón,4.11,es,wordfreq,0,2.8
lady,4.07,es,wordfreq,1,1.95
lago,4.48,es,wordfreq,9,1.45
lagos,4.08,es,wordfreq,3,1.75
laguna,4.14,es,wordfreq,0,2.55
lamentable,4.14,es,wordfreq,0,4.6
lamentablemente,4.16,es,wordfreq,0,6.5
lamento,4.12,es,wordfreq,0,2.5
lana,4.22,es,wordfreq,7,1.5
lanza,4.34,es,wordfreq,2,1.8
lanzado,4.31,es,wordfreq,0,2.5
lanzamiento,4.5,es,wordfreq,0,4.0
lanzar,4.25,es,wordfreq,0,2.25
lanzaron,3.85,es,wordfreq,0,3.1
lanzó,4.37,es,wordfreq,1,2.55
lara,4.09,es,wordfreq,7,1.5
larga,4.87,es,wordfreq,2,1.8
largas,4.32,es,wordfreq,3,1.8
largo,5.3,es,wordfreq,2,1.8
largos,4.28,es,wordfreq,2,1.8
larry,3.83,es,wordfreq,1,2.3
las,6.99,es,wordfreq,8,1.4
lastima,4.04,es,wordfreq,1,2.8
lata,3.96,es,wordfreq,7,1.6
lateral,4.09,es,wordfreq,1,2.55
laterales,3.87,es,wordfreq,0,3.2
latina,4.7,es,wordfreq,1,2.25
latino,4.24,es,wordfreq,1,2.5
latinoamericana,3.95,es,wordfreq,1,7.25
latinoamericano,4.0,es,wordfreq,1,7.05
latinoamérica,4.33,es,wordfreq,0,6.35
latinos,4.04,es,wordfreq,0,2.65
latín,4.0,es,wordfreq,0,2.7
laura,4.41,es,wordfreq,0,1.95
lava,3.87,es,wordfreq,3,1.8
lavado,4.13,es,wordfreq,0,2.0
lavar,4.05,es,wordfreq,0,1.95
lazo,3.84,es,wordfreq,2,1.8
lazos,4.06,es,wordfreq,2,1.8
le,6.4,es,wordfreq,20,1.0
lea,4.16,es,wordfreq,9,1.25
league,3.9,es,wordfreq,0,2.85
leal,4.04,es,wordfreq,2,1.8
lealtad,4.16,es,wordfreq,0,3.0
lean,3.93,es,wordfreq,7,1.6
lecciones,4.16,es,wordfreq,1,2.6
lección,4.29,es,wordfreq,1,2.45
leche,4.74,es,wordfreq,0,2.2
lector,4.35,es,wordfreq,2,2.25
lectores,4.31,es,wordfreq,1,2.55
lectura,4.62,es,wordfreq,0,2.7
lecturas,3.98,es,wordfreq,0,2.75
lee,4.78,es,wordfreq,7,1.35
leen,3.91,es,wordfreq,5,1.7
leer,5.15,es,wordfreq,2,1.85
leerlo,3.91,es,wordfreq,0,2.8
lees,3.9,es,wordfreq,2,1.75
legado,4.29,es,wordfreq,2,1.85
legal,4.9,es,wordfreq,0,1.9
legales,4.53,es,wordfreq,0,2.5
legalidad,3.94,es,wordfreq,0,3.35
legalmente,4.17,es,wordfreq,0,3.5
legislación,4.49,es,wordfreq,0,4.0
legisladores,3.97,es,wordfreq,0,5.05
legislativa,4.0,es,wordfreq,1,4.5
legislativas,3.84,es,wordfreq,0,4.8
legislativo,4.25,es,wordfreq,1,4.5
legislatura,4.11,es,wordfreq,0,4.75
legitimidad,3.95,es,wordfreq,0,4.95
legítima,3.86,es,wordfreq,1,3.65
legítimo,3.98,es,wordfreq,1,3.75
lei,3.84,es,wordfreq,6,1.55
lejano,3.99,es,wordfreq,0,2.65
lejos,5.07,es,wordfreq,0,2.0
lema,4.08,es,wordfreq,3,1.8
lengua,4.92,es,wordfreq,0,2.65
lenguaje,4.75,es,wordfreq,0,3.7
lenguas,4.46,es,wordfreq,0,2.75
lenin,3.89,es,wordfreq,0,2.2
lenta,4.1,es,wordfreq,3,1.85
lentamente,4.26,es,wordfreq,0,3.6
lentes,4.05,es,wordfreq,2,1.9
lento,4.38,es,wordfreq,1,1.95
leo,4.51,es,wordfreq,8,1.45
leon,3.97,es,wordfreq,3,1.8
leonardo,3.94,es,wordfreq,0,3.5
leones,4.0,es,wordfreq,0,2.45
leopoldo,3.98,es,wordfreq,0,3.9
les,5.88,es,wordfreq,11,1.3
lesbianas,3.82,es,wordfreq,0,4.1
lesiones,4.16,es,wordfreq,1,2.4
lesión,4.13,es,wordfreq,1,2.15
letra,4.61,es,wordfreq,0,1.95
letras,4.67,es,wordfreq,0,2.1
levanta,4.29,es,wordfreq,2,2.6
levantado,3.98,es,wordfreq,0,3.25
levantamiento,3.99,es,wordfreq,0,4.55
levantar,4.4,es,wordfreq,0,2.95
levantarse,3.94,es,wordfreq,0,4.05
levante,4.11,es,wordfreq,2,2.55
levantó,4.05,es,wordfreq,2,2.85
leve,3.98,es,wordfreq,2,1.8
lewis,3.92,es,wordfreq,0,2.4
ley,5.6,es,wordfreq,9,1.45
leyenda,4.4,es,wordfreq,1,2.8
leyendas,3.93,es,wordfreq,0,3.4
leyendo,4.58,es,wordfreq,1,2.65
leyes,5.0,es,wordfreq,1,1.9
leyó,3.84,es,wordfreq,0,1.95
leí,4.31,es,wordfreq,6,1.65
leído,4.51,es,wordfreq,0,2.3
leña,3.86,es,wordfreq,2,1.85
león,4.73,es,wordfreq,3,1.85
lgbt,3.93,es,wordfreq,0,2.85
li,4.14,es,wordfreq,15,1.1
liberación,4.44,es,wordfreq,0,3.65
liberado,3.96,es,wordfreq,0,2.8
liberal,4.49,es,wordfreq,2,2.25
liberales,4.33,es,wordfreq,0,2.95
liberalismo,3.84,es,wordfreq,0,4.7
liberar,4.08,es,wordfreq,1,2.55
libertad,5.21,es,wordfreq,0,3.1
libertades,4.12,es,wordfreq,0,3.75
libertador,3.83,es,wordfreq,0,3.6
libertadores,3.97,es,wordfreq,0,4.35
libia,3.81,es,wordfreq,1,1.95
libra,3.9,es,wordfreq,4,1.75
libras,4.17,es,wordfreq,2,1.9
libre,5.25,es,wordfreq,2,1.85
libremente,4.16,es,wordfreq,0,3.95
librería,3.88,es,wordfreq,0,3.35
libres,4.64,es,wordfreq,2,2.25
libro,5.33,es,wordfreq,2,1.85
libros,5.11,es,wordfreq,3,2.2
lic,3.83,es,wordfreq,1,1.85
licencia,4.59,es,wordfreq,0,2.75
licenciado,4.02,es,wordfreq,0,4.05
licencias,4.04,es,wordfreq,0,3.3
licenciatura,3.91,es,wordfreq,0,5.45
liceo,3.97,es,wordfreq,0,2.0
licitación,3.87,es,wordfreq,0,3.75
liderazgo,4.28,es,wordfreq,0,4.3
lidiar,4.01,es,wordfreq,0,2.85
life,4.07,es,wordfreq,3,1.85
liga,4.69,es,wordfreq,4,1.75
ligas,3.81,es,wordfreq,1,1.9
ligera,4.11,es,wordfreq,1,2.1
ligeramente,4.16,es,wordfreq,0,3.75
ligero,4.09,es,wordfreq,1,2.65
light,3.87,es,wordfreq,0,2.85
like,4.12,es,wordfreq,4,1.8
lima,4.67,es,wordfreq,4,1.75
limita,4.12,es,wordfreq,0,2.45
limitaciones,4.09,es,wordfreq,0,4.15
limitada,4.22,es,wordfreq,1,3.35
limitado,4.26,es,wordfreq,1,2.8
limitar,3.93,es,wordfreq,0,2.5
limpia,4.34,es,wordfreq,1,2.5
limpiar,4.36,es,wordfreq,1,2.8
limpias,3.88,es,wordfreq,1,2.75
limpieza,4.39,es,wordfreq,0,3.45
limpio,4.31,es,wordfreq,1,2.8
limón,4.1,es,wordfreq,1,2.65
lincoln,3.83,es,wordfreq,0,3.75
linda,4.58,es,wordfreq,2,1.85
lindas,3.92,es,wordfreq,1,2.1
lindo,4.67,es,wordfreq,1,1.9
lindos,3.84,es,wordfreq,1,2.15
line,4.03,es,wordfreq,6,1.6
linea,4.27,es,wordfreq,2,1.85
lingüística,3.95,es,wordfreq,0,5.55
link,4.4,es,wordfreq,1,1.95
linux,3.94,es,wordfreq,0,2.75
lisa,4.12,es,wordfreq,5,1.65
lisboa,3.87,es,wordfreq,0,2.7
lista,5.29,es,wordfreq,3,1.75
listado,4.0,es,wordfreq,0,2.35
listas,4.51,es,wordfreq,3,1.8
listo,4.76,es,wordfreq,2,1.85
listos,4.25,es,wordfreq,2,1.85
literal,4.08,es,wordfreq,3,2.55
literalmente,4.32,es,wordfreq,0,4.15
literaria,4.13,es,wordfreq,1,3.55
literario,4.11,es,wordfreq,1,3.5
literarios,3.81,es,wordfreq,0,3.95
literatura,4.75,es,wordfreq,0,4.35
litoral,3.84,es,wordfreq,1,2.75
litros,4.07,es,wordfreq,1,2.25
little,3.91,es,wordfreq,0,3.0
live,4.11,es,wordfreq,6,1.7
llama,5.15,es,wordfreq,3,1.7
llamaba,4.29,es,wordfreq,1,2.35
llamaban,3.86,es,wordfreq,0,2.6
llamada,5.01,es,wordfreq,2,2.2
llamadas,4.56,es,wordfreq,1,2.55
llamado,5.16,es,wordfreq,1,2.05
llamados,4.4,es,wordfreq,2,2.45
llamamos,4.05,es,wordfreq,1,2.6
llaman,4.66,es,wordfreq,3,2.0
llamando,4.23,es,wordfreq,0,2.6
llamar,4.85,es,wordfreq,2,1.95
llamaron,4.14,es,wordfreq,0,2.55
llamarse,3.89,es,wordfreq,0,2.85
llamas,4.32,es,wordfreq,2,1.85
llame,4.23,es,wordfreq,4,2.05
llamen,3.88,es,wordfreq,1,2.35
llamo,4.43,es,wordfreq,3,1.85
llamó,4.63,es,wordfreq,3,2.35
llanto,3.81,es,wordfreq,0,2.45
llave,4.26,es,wordfreq,3,1.8
llaves,4.07,es,wordfreq,1,2.2
llega,5.06,es,wordfreq,4,1.65
llegaba,4.1,es,wordfreq,3,2.1
llegaban,3.82,es,wordfreq,1,2.5
llegada,4.67,es,wordfreq,4,1.9
llegado,4.91,es,wordfreq,2,1.8
llegamos,4.4,es,wordfreq,1,2.65
llegan,4.7,es,wordfreq,3,1.8
llegando,4.52,es,wordfreq,1,2.5
llegar,5.38,es,wordfreq,4,1.65
llegara,4.08,es,wordfreq,3,1.85
llegaron,4.69,es,wordfreq,1,2.4
llegará,4.26,es,wordfreq,2,2.15
llegaría,3.82,es,wordfreq,1,2.5
llegas,4.14,es,wordfreq,4,1.75
llegaste,3.88,es,wordfreq,0,2.9
llego,4.49,es,wordfreq,5,1.75
llegue,4.69,es,wordfreq,1,2.35
lleguen,4.13,es,wordfreq,0,2.75
llegué,4.28,es,wordfreq,1,2.55
llegó,5.1,es,wordfreq,3,2.0
llena,4.72,es,wordfreq,5,1.65
llenar,4.28,es,wordfreq,3,1.8
llenas,4.14,es,wordfreq,4,1.75
lleno,4.82,es,wordfreq,4,1.75
llenos,4.24,es,wordfreq,1,2.25
lleva,5.17,es,wordfreq,5,1.6
llevaba,4.52,es,wordfreq,2,2.1
llevaban,4.09,es,wordfreq,1,2.5
llevada,4.01,es,wordfreq,4,1.9
llevado,4.65,es,wordfreq,3,1.75
llevados,3.83,es,wordfreq,1,2.4
llevamos,4.33,es,wordfreq,2,2.6
llevan,4.76,es,wordfreq,4,1.75
llevando,4.4,es,wordfreq,1,2.4
llevar,5.15,es,wordfreq,5,1.65
llevarlo,3.91,es,wordfreq,0,2.6
llevaron,4.5,es,wordfreq,2,2.25
llevarse,4.08,es,wordfreq,0,2.6
llevará,4.31,es,wordfreq,1,2.0
llevarán,3.81,es,wordfreq,1,2.4
llevaría,3.89,es,wordfreq,1,2.45
llevas,4.23,es,wordfreq,4,1.75
lleve,4.38,es,wordfreq,4,1.65
lleven,4.08,es,wordfreq,1,2.05
llevo,4.72,es,wordfreq,5,1.75
llevó,4.87,es,wordfreq,4,1.95
llora,3.91,es,wordfreq,1,1.9
llorando,4.26,es,wordfreq,0,2.8
llorar,4.51,es,wordfreq,0,2.55
llueve,3.83,es,wordfreq,0,2.5
lluvia,4.61,es,wordfreq,0,2.85
lluvias,4.29,es,wordfreq,0,3.0
lo,6.89,es,wordfreq,16,1.05
lobo,4.2,es,wordfreq,3,1.75
lobos,3.96,es,wordfreq,2,1.85
loca,4.58,es,wordfreq,7,1.55
local,5.11,es,wordfreq,2,1.85
locales,4.88,es,wordfreq,1,2.55
localidad,4.44,es,wordfreq,0,3.05
localidades,4.05,es,wordfreq,0,4.05
localización,4.08,es,wordfreq,0,4.25
localizar,3.9,es,wordfreq,0,3.75
locas,3.82,es,wordfreq,5,1.7
loco,4.96,es,wordfreq,7,1.6
locos,4.39,es,wordfreq,3,1.8
locura,4.54,es,wordfreq,0,2.6
logo,4.08,es,wordfreq,4,1.75
logra,4.43,es,wordfreq,2,1.8
logrado,4.48,es,wordfreq,0,2.35
logramos,3.84,es,wordfreq,0,2.8
logran,4.05,es,wordfreq,1,2.4
logrando,3.91,es,wordfreq,0,2.75
lograr,4.8,es,wordfreq,1,2.25
lograrlo,3.87,es,wordfreq,0,3.3
lograron,4.2,es,wordfreq,0,2.75
logro,4.35,es,wordfreq,2,1.8
logros,4.23,es,wordfreq,0,2.15
logró,4.54,es,wordfreq,2,2.55
lol,4.08,es,wordfreq,6,1.6
lola,3.86,es,wordfreq,5,1.65
londres,4.76,es,wordfreq,0,2.95
long,3.9,es,wordfreq,2,1.85
longitud,4.28,es,wordfreq,0,4.2
look,3.88,es,wordfreq,0,2.0
lopez,3.97,es,wordfreq,1,2.6
lord,4.08,es,wordfreq,1,1.95
lorenzo,4.28,es,wordfreq,0,3.05
los,7.18,es,wordfreq,10,1.4
lote,3.86,es,wordfreq,4,1.8
lotería,3.83,es,wordfreq,0,2.9
louis,4.36,es,wordfreq,0,2.5
love,4.27,es,wordfreq,3,1.85
lucas,4.45,es,wordfreq,2,1.85
luce,3.9,es,wordfreq,0,1.95
luces,4.46,es,wordfreq,2,1.85
lucha,5.09,es,wordfreq,3,1.7
luchan,3.84,es,wordfreq,2,2.3
luchando,4.29,es,wordfreq,0,2.9
luchar,4.65,es,wordfreq,2,2.35
luchas,4.19,es,wordfreq,3,2.0
lucro,4.0,es,wordfreq,0,2.0
lucía,4.15,es,wordfreq,1,2.0
luego,5.69,es,wordfreq,4,1.75
lugar,5.8,es,wordfreq,1,1.95
lugares,5.08,es,wordfreq,0,2.85
lugo,3.86,es,wordfreq,5,1.7
luis,5.07,es,wordfreq,0,1.9
luisa,3.93,es,wordfreq,0,1.9
lujo,4.43,es,wordfreq,1,1.9
luna,4.79,es,wordfreq,2,1.85
lunes,4.81,es,wordfreq,1,1.95
luz,5.25,es,wordfreq,0,2.0
lágrimas,4.37,es,wordfreq,0,3.75
lápiz,3.82,es,wordfreq,0,2.85
lástima,4.36,es,wordfreq,1,2.95
lázaro,3.85,es,wordfreq,0,2.95
líder,4.86,es,wordfreq,0,2.6
líderes,4.54,es,wordfreq,0,2.9
límite,4.58,es,wordfreq,0,2.75
límites,4.57,es,wordfreq,0,3.35
línea,5.27,es,wordfreq,1,2.3
líneas,4.73,es,wordfreq,0,2.75
líquido,4.18,es,wordfreq,0,3.65
lógica,4.49,es,wordfreq,1,2.8
lógico,4.2,es,wordfreq,1,2.85
lópez,4.82,es,wordfreq,1,2.75
ma,4.44,es,wordfreq,27,1.0
mac,4.19,es,wordfreq,6,1.5
macho,4.21,es,wordfreq,1,1.9
machos,3.83,es,wordfreq,1,2.15
macri,4.39,es,wordfreq,0,2.25
madera,4.69,es,wordfreq,3,2.05
madero,3.86,es,wordfreq,2,2.15
madre,5.45,es,wordfreq,1,1.9
madres,4.54,es,wordfreq,1,2.25
madrid,5.36,es,wordfreq,0,2.6
madrugada,4.22,es,wordfreq,0,4.0
madura,3.84,es,wordfreq,2,2.45
madurez,4.0,es,wordfreq,0,3.1
maduro,4.56,es,wordfreq,2,2.5
maestra,4.32,es,wordfreq,2,2.45
maestro,4.83,es,wordfreq,1,2.45
maestros,4.54,es,wordfreq,0,2.6
maestría,3.99,es,wordfreq,0,3.1
mafia,4.07,es,wordfreq,2,1.9
magdalena,3.95,es,wordfreq,0,4.4
magia,4.45,es,wordfreq,2,1.9
magnitud,4.24,es,wordfreq,0,4.15
magnífica,3.82,es,wordfreq,1,4.15
magnífico,3.98,es,wordfreq,1,4.4
mago,3.93,es,wordfreq,9,1.5
mail,4.21,es,wordfreq,0,1.85
majestad,4.15,es,wordfreq,0,3.65
mal,5.62,es,wordfreq,11,1.15
mala,5.07,es,wordfreq,9,1.4
malas,4.63,es,wordfreq,6,1.6
malasia,3.84,es,wordfreq,0,2.9
maldad,3.95,es,wordfreq,0,2.6
maldición,3.85,es,wordfreq,0,3.45
maldita,4.25,es,wordfreq,1,2.85
maldito,4.24,es,wordfreq,1,2.75
malditos,3.88,es,wordfreq,0,3.0
maldonado,4.0,es,wordfreq,0,3.8
males,3.87,es,wordfreq,5,1.75
malestar,3.83,es,wordfreq,1,2.8
mallorca,3.93,es,wordfreq,0,3.85
malo,5.03,es,wordfreq,6,1.6
malos,4.61,es,wordfreq,4,1.75
maltrato,3.95,es,wordfreq,0,3.55
malvinas,3.94,es,wordfreq,0,3.05
mama,4.37,es,wordfreq,12,1.35
mami,4.13,es,wordfreq,2,1.85
mamá,5.01,es,wordfreq,2,1.9
man,4.52,es,wordfreq,17,1.0
mancha,4.25,es,wordfreq,2,1.85
manchas,3.96,es,wordfreq,1,2.35
manchester,3.84,es,wordfreq,0,4.75
manda,4.44,es,wordfreq,5,1.6
mandado,3.97,es,wordfreq,1,2.05
mandan,4.05,es,wordfreq,1,1.85
mandando,3.82,es,wordfreq,0,2.55
mandar,4.44,es,wordfreq,1,1.85
mandaron,3.81,es,wordfreq,0,2.7
mandatario,3.82,es,wordfreq,0,4.25
mandato,4.44,es,wordfreq,1,2.55
mande,3.96,es,wordfreq,3,1.85
mando,4.84,es,wordfreq,7,1.55
mandó,4.21,es,wordfreq,3,1.85
maneja,4.01,es,wordfreq,2,2.25
manejar,4.43,es,wordfreq,0,2.7
manejo,4.49,es,wordfreq,1,2.4
manera,5.61,es,wordfreq,3,1.8
maneras,4.57,es,wordfreq,0,2.4
manga,4.36,es,wordfreq,2,1.9
mango,3.86,es,wordfreq,4,1.7
manifestaciones,4.38,es,wordfreq,0,5.5
manifestación,4.32,es,wordfreq,0,4.8
manifestado,3.85,es,wordfreq,0,4.45
manifestantes,3.97,es,wordfreq,0,5.3
manifestó,4.09,es,wordfreq,0,4.45
manifiesta,4.06,es,wordfreq,1,4.5
manifiesto,4.23,es,wordfreq,1,4.45
maniobra,3.94,es,wordfreq,0,3.9
manipulación,4.11,es,wordfreq,0,4.55
manipular,3.88,es,wordfreq,0,4.35
mano,5.38,es,wordfreq,8,1.35
manos,5.23,es,wordfreq,3,1.8
mansión,3.83,es,wordfreq,0,2.65
mantener,5.03,es,wordfreq,0,2.75
mantenerse,4.18,es,wordfreq,0,4.45
mantenga,3.97,es,wordfreq,1,2.95
mantenido,4.17,es,wordfreq,0,3.1
manteniendo,4.12,es,wordfreq,0,4.05
mantenimiento,4.45,es,wordfreq,0,4.5
mantenía,3.81,es,wordfreq,1,2.8
mantequilla,3.87,es,wordfreq,0,5.35
mantiene,4.62,es,wordfreq,0,3.0
mantienen,4.3,es,wordfreq,0,3.3
mantuvo,4.22,es,wordfreq,0,3.0
manual,4.34,es,wordfreq,1,2.4
manuel,4.91,es,wordfreq,1,2.5
manzana,4.15,es,wordfreq,0,2.75
manzanas,3.9,es,wordfreq,0,3.25
mapa,4.63,es,wordfreq,8,1.55
mapas,4.13,es,wordfreq,4,1.75
mapuche,3.91,es,wordfreq,0,3.55
maquillaje,4.1,es,wordfreq,0,4.85
maquina,3.83,es,wordfreq,1,2.75
maquinaria,4.12,es,wordfreq,0,4.7
mar,5.11,es,wordfreq,9,1.1
maracaibo,3.82,es,wordfreq,0,3.95
maratón,3.96,es,wordfreq,0,2.7
maravilla,4.17,es,wordfreq,0,3.65
maravillas,3.98,es,wordfreq,0,3.95
maravillosa,4.19,es,wordfreq,1,4.8
maravilloso,4.34,es,wordfreq,1,4.95
marc,3.94,es,wordfreq,4,1.55
marca,4.89,es,wordfreq,6,1.5
marcada,3.96,es,wordfreq,1,2.4
marcado,4.22,es,wordfreq,2,2.0
marcador,3.97,es,wordfreq,0,2.7
marcar,4.14,es,wordfreq,1,1.85
marcas,4.44,es,wordfreq,2,1.8
marcelo,4.09,es,wordfreq,0,2.9
marcha,4.94,es,wordfreq,3,1.7
marchar,3.98,es,wordfreq,1,2.4
marchas,4.1,es,wordfreq,2,2.2
marchó,3.81,es,wordfreq,1,2.25
marco,4.83,es,wordfreq,5,1.6
marcos,4.36,es,wordfreq,2,1.8
marcó,4.02,es,wordfreq,2,1.8
marea,3.94,es,wordfreq,5,1.7
margarita,4.2,es,wordfreq,0,3.95
margen,4.47,es,wordfreq,0,2.25
maria,4.44,es,wordfreq,8,1.55
mariana,3.93,es,wordfreq,1,2.4
mariano,4.29,es,wordfreq,1,2.45
marido,4.61,es,wordfreq,1,1.9
marie,4.0,es,wordfreq,3,1.85
marihuana,4.17,es,wordfreq,0,3.8
marina,4.53,es,wordfreq,2,1.8
marino,3.98,es,wordfreq,2,1.75
marinos,3.82,es,wordfreq,0,2.3
mario,4.55,es,wordfreq,4,1.7
mariposa,3.84,es,wordfreq,0,3.4
mariscal,3.81,es,wordfreq,0,3.5
mark,4.31,es,wordfreq,4,1.75
marketing,4.19,es,wordfreq,0,4.45
marqués,4.14,es,wordfreq,0,3.4
marruecos,4.15,es,wordfreq,0,3.95
marrón,3.94,es,wordfreq,0,2.45
marta,4.16,es,wordfreq,7,1.55
marte,4.03,es,wordfreq,4,1.65
martes,4.66,es,wordfreq,1,1.85
martha,3.82,es,wordfreq,1,2.0
martin,4.5,es,wordfreq,1,2.1
martín,4.62,es,wordfreq,1,2.25
martínez,4.56,es,wordfreq,0,3.7
marx,3.97,es,wordfreq,3,1.75
mary,4.21,es,wordfreq,4,1.7
marzo,5.22,es,wordfreq,2,1.9
maría,5.07,es,wordfreq,7,1.65
marítimo,3.86,es,wordfreq,0,3.6
mas,5.87,es,wordfreq,15,1.0
masa,4.63,es,wordfreq,12,1.3
masacre,4.05,es,wordfreq,0,3.3
masas,4.29,es,wordfreq,6,1.65
mascota,4.04,es,wordfreq,0,2.9
mascotas,4.02,es,wordfreq,0,3.55
masculina,3.89,es,wordfreq,1,3.75
masculino,4.12,es,wordfreq,1,4.2
masiva,4.17,es,wordfreq,1,2.5
masivo,4.03,es,wordfreq,1,2.5
master,4.04,es,wordfreq,0,2.45
mata,4.51,es,wordfreq,14,1.15
matado,4.0,es,wordfreq,0,1.9
matan,4.2,es,wordfreq,1,1.9
matando,4.24,es,wordfreq,0,2.15
matanza,3.95,es,wordfreq,0,2.8
matar,4.8,es,wordfreq,1,1.9
mataron,4.24,es,wordfreq,0,2.55
mate,4.34,es,wordfreq,6,1.6
matemática,4.1,es,wordfreq,0,4.1
matemáticas,4.32,es,wordfreq,0,4.6
mateo,4.11,es,wordfreq,0,1.9
materia,4.83,es,wordfreq,1,2.35
material,4.91,es,wordfreq,1,2.65
materiales,4.69,es,wordfreq,0,3.55
materias,4.41,es,wordfreq,1,2.55
materna,3.96,es,wordfreq,1,2.45
maternidad,3.84,es,wordfreq,0,4.0
mato,4.15,es,wordfreq,15,1.2
matrimonio,4.82,es,wordfreq,1,4.4
matrimonios,3.86,es,wordfreq,0,4.8
matriz,3.96,es,wordfreq,0,2.5
matrícula,3.92,es,wordfreq,0,4.35
matt,3.97,es,wordfreq,4,1.8
matías,3.81,es,wordfreq,0,2.15
mató,4.3,es,wordfreq,4,1.8
mauricio,4.25,es,wordfreq,0,3.5
max,4.31,es,wordfreq,6,1.6
may,4.08,es,wordfreq,13,1.05
maya,4.15,es,wordfreq,9,1.5
mayo,5.23,es,wordfreq,7,1.55
mayor,5.64,es,wordfreq,0,1.95
mayores,4.98,es,wordfreq,0,2.55
mayormente,3.99,es,wordfreq,0,4.6
mayoría,5.36,es,wordfreq,0,2.8
maíz,4.21,es,wordfreq,1,1.95
mañana,5.48,es,wordfreq,0,2.6
mañanas,3.89,es,wordfreq,0,2.85
mc,3.87,es,wordfreq,17,1.1
me,6.7,es,wordfreq,29,1.0
mecanismo,4.35,es,wordfreq,0,4.0
mecanismos,4.32,es,wordfreq,0,4.25
mecánica,4.11,es,wordfreq,1,3.5
mecánico,3.97,es,wordfreq,1,3.6
medalla,4.37,es,wordfreq,0,2.9
medallas,4.0,es,wordfreq,0,3.2
medellín,4.2,es,wordfreq,0,4.15
media,5.19,es,wordfreq,2,1.75
mediados,4.36,es,wordfreq,0,2.65
mediana,3.85,es,wordfreq,1,2.4
mediano,3.91,es,wordfreq,1,2.5
medianoche,3.88,es,wordfreq,0,4.65
mediante,5.09,es,wordfreq,0,3.05
medias,4.36,es,wordfreq,1,2.05
medicamento,3.82,es,wordfreq,0,4.25
medicamentos,4.24,es,wordfreq,0,4.7
medicina,4.71,es,wordfreq,0,2.75
medicinas,3.99,es,wordfreq,0,3.25
medida,5.08,es,wordfreq,1,1.9
medidas,4.99,es,wordfreq,0,2.35
medieval,3.93,es,wordfreq,0,3.65
medina,4.22,es,wordfreq,1,2.0
medio,5.6,es,wordfreq,2,1.85
mediodía,4.13,es,wordfreq,0,3.5
medios,5.29,es,wordfreq,1,1.9
medir,4.16,es,wordfreq,3,1.95
mediterráneo,4.03,es,wordfreq,0,6.45
mediática,3.87,es,wordfreq,0,3.85
mega,4.09,es,wordfreq,5,1.75
mejor,5.95,es,wordfreq,1,1.95
mejora,4.43,es,wordfreq,0,2.25
mejorado,3.92,es,wordfreq,0,2.75
mejorando,3.95,es,wordfreq,0,3.3
mejorar,4.85,es,wordfreq,1,2.65
mejoras,4.18,es,wordfreq,2,2.45
mejores,5.25,es,wordfreq,2,2.4
meme,3.93,es,wordfreq,2,1.85
memes,3.97,es,wordfreq,1,1.9
memoria,4.89,es,wordfreq,0,2.8
memorias,4.05,es,wordfreq,0,3.1
men,4.0,es,wordfreq,8,1.45
menciona,4.34,es,wordfreq,1,2.5
mencionada,3.96,es,wordfreq,1,3.2
mencionadas,3.81,es,wordfreq,1,3.8
mencionado,4.36,es,wordfreq,1,3.05
mencionados,4.0,es,wordfreq,1,3.35
mencionan,3.87,es,wordfreq,1,3.0
mencionar,4.39,es,wordfreq,1,2.9
mencionó,4.08,es,wordfreq,1,3.15
mención,4.27,es,wordfreq,0,2.35
mendoza,4.4,es,wordfreq,0,3.0
menor,5.06,es,wordfreq,2,1.9
menores,4.77,es,wordfreq,1,2.4
menos,5.84,es,wordfreq,3,1.85
mensaje,5.1,es,wordfreq,0,2.85
mensajes,4.75,es,wordfreq,0,2.9
mensual,4.2,es,wordfreq,0,2.85
mensuales,4.07,es,wordfreq,0,3.1
mental,4.55,es,wordfreq,0,2.0
mentales,4.04,es,wordfreq,0,2.5
mentalidad,4.1,es,wordfreq,0,3.55
mente,4.97,es,wordfreq,2,1.7
mentes,4.03,es,wordfreq,3,1.8
mentir,4.16,es,wordfreq,1,2.15
mentira,4.63,es,wordfreq,0,2.55
mentiras,4.43,es,wordfreq,0,2.65
mentiroso,3.9,es,wordfreq,0,3.5
menudo,4.78,es,wordfreq,0,2.5
menú,3.85,es,wordfreq,0,1.95
mera,4.0,es,wordfreq,9,1.45
mercado,5.16,es,wordfreq,1,2.4
mercados,4.48,es,wordfreq,0,2.55
mercancía,3.91,es,wordfreq,0,3.65
mercancías,3.93,es,wordfreq,0,4.15
merced,3.86,es,wordfreq,0,2.7
mercedes,4.23,es,wordfreq,0,3.25
mercurio,3.88,es,wordfreq,0,3.8
merece,4.67,es,wordfreq,0,2.45
merecen,4.31,es,wordfreq,1,2.5
mereces,3.88,es,wordfreq,1,2.6
merecido,3.87,es,wordfreq,0,2.8
merecía,3.81,es,wordfreq,0,2.75
mero,3.96,es,wordfreq,6,1.6
mes,5.31,es,wordfreq,7,1.45
mesa,4.92,es,wordfreq,6,1.55
mesas,4.11,es,wordfreq,3,1.75
meses,5.42,es,wordfreq,2,1.9
messi,4.06,es,wordfreq,0,2.75
meta,4.51,es,wordfreq,8,1.45
metal,4.44,es,wordfreq,1,1.85
metales,3.95,es,wordfreq,0,2.25
metas,4.33,es,wordfreq,3,1.8
mete,4.2,es,wordfreq,5,1.6
meten,3.94,es,wordfreq,1,1.9
meter,4.42,es,wordfreq,2,1.85
meterse,3.96,es,wordfreq,0,2.9
metido,4.22,es,wordfreq,0,2.0
metió,4.14,es,wordfreq,0,2.05
meto,3.81,es,wordfreq,7,1.6
metodología,3.94,es,wordfreq,0,5.4
metro,4.66,es,wordfreq,0,1.85
metropolitana,4.05,es,wordfreq,0,6.95
metros,4.91,es,wordfreq,0,2.0
mexicana,4.69,es,wordfreq,1,2.75
mexicanas,3.95,es,wordfreq,1,3.2
mexicano,4.75,es,wordfreq,1,2.6
mexicanos,4.6,es,wordfreq,1,3.05
mexico,4.39,es,wordfreq,1,2.55
mezcla,4.58,es,wordfreq,0,3.0
mg,4.11,es,wordfreq,13,1.35
mi,6.43,es,wordfreq,24,1.0
mia,4.17,es,wordfreq,8,1.3
miami,4.34,es,wordfreq,0,2.6
michael,4.62,es,wordfreq,0,3.3
michel,3.91,es,wordfreq,0,2.75
michelle,3.89,es,wordfreq,0,4.0
michoacán,3.98,es,wordfreq,0,4.85
micro,4.1,es,wordfreq,0,1.95
microsoft,4.12,es,wordfreq,0,4.9
micrófono,3.83,es,wordfreq,0,4.9
mide,4.18,es,wordfreq,3,1.85
miedo,5.24,es,wordfreq,0,1.95
miedos,3.87,es,wordfreq,0,2.25
miel,4.17,es,wordfreq,2,1.85
miembro,4.88,es,wordfreq,0,2.85
miembros,5.15,es,wordfreq,0,3.3
miente,3.95,es,wordfreq,2,1.85
mientras,5.67,es,wordfreq,0,2.8
mierda,5.43,es,wordfreq,1,1.95
migración,4.09,es,wordfreq,0,3.4
migrantes,4.07,es,wordfreq,0,3.6
miguel,4.85,es,wordfreq,0,2.65
mike,4.16,es,wordfreq,3,1.85
mil,5.34,es,wordfreq,6,1.45
milagro,4.27,es,wordfreq,0,3.0
milagros,4.01,es,wordfreq,0,3.45
milenio,3.88,es,wordfreq,0,2.95
miles,4.95,es,wordfreq,2,1.9
militante,3.95,es,wordfreq,0,3.45
militantes,4.18,es,wordfreq,0,3.5
militar,5.07,es,wordfreq,0,2.85
militares,4.86,es,wordfreq,0,3.55
millas,4.19,es,wordfreq,2,1.9
miller,4.02,es,wordfreq,0,2.75
millonario,3.91,es,wordfreq,0,4.75
millones,5.46,es,wordfreq,1,3.35
millón,4.59,es,wordfreq,1,2.7
milán,3.86,es,wordfreq,0,2.5
min,4.28,es,wordfreq,8,1.4
mina,4.53,es,wordfreq,5,1.6
minas,4.56,es,wordfreq,1,1.9
minera,4.02,es,wordfreq,2,1.8
mineral,4.04,es,wordfreq,0,2.4
minerales,4.18,es,wordfreq,0,2.9
minero,3.93,es,wordfreq,2,1.9
mineros,3.97,es,wordfreq,0,2.5
minería,4.19,es,wordfreq,1,2.45
mini,4.19,es,wordfreq,1,1.9
ministerio,5.06,es,wordfreq,0,3.5
ministerios,3.88,es,wordfreq,0,3.8
ministra,4.1,es,wordfreq,1,3.25
ministro,5.05,es,wordfreq,1,3.15
ministros,4.49,es,wordfreq,0,3.2
minoría,4.12,es,wordfreq,1,2.7
minorías,3.82,es,wordfreq,0,3.05
minuto,4.69,es,wordfreq,0,2.65
minutos,5.24,es,wordfreq,0,2.8
mio,4.42,es,wordfreq,10,1.25
mira,5.19,es,wordfreq,10,1.25
miraba,4.04,es,wordfreq,1,2.55
mirada,4.72,es,wordfreq,1,2.05
miradas,3.97,es,wordfreq,0,2.7
miran,4.09,es,wordfreq,3,1.8
miranda,4.22,es,wordfreq,1,2.5
mirando,4.65,es,wordfreq,2,2.55
mirar,4.74,es,wordfreq,4,1.75
miras,4.2,es,wordfreq,5,1.7
mire,4.21,es,wordfreq,8,1.5
miren,4.35,es,wordfreq,2,1.85
mires,3.84,es,wordfreq,4,1.75
miro,4.18,es,wordfreq,9,1.45
mirá,3.95,es,wordfreq,5,1.7
miró,3.98,es,wordfreq,5,1.75
mis,5.7,es,wordfreq,7,1.4
misa,4.22,es,wordfreq,8,1.45
miserable,4.01,es,wordfreq,0,4.1
miseria,4.23,es,wordfreq,0,2.65
misericordia,3.95,es,wordfreq,0,6.3
misiles,3.99,es,wordfreq,0,2.75
misiones,4.24,es,wordfreq,1,2.55
misión,4.82,es,wordfreq,1,2.3
misma,5.51,es,wordfreq,1,1.85
mismas,4.8,es,wordfreq,1,2.1
mismo,5.93,es,wordfreq,1,2.0
mismos,5.11,es,wordfreq,1,2.25
miss,4.18,es,wordfreq,1,1.9
misterio,4.3,es,wordfreq,0,2.8
misteriosa,3.85,es,wordfreq,1,3.7
misterioso,3.93,es,wordfreq,1,3.7
mitad,5.04,es,wordfreq,0,2.0
mito,4.18,es,wordfreq,4,1.7
mitos,3.96,es,wordfreq,1,1.9
miércoles,4.63,es,wordfreq,0,4.0
ml,3.89,es,wordfreq,17,1.05
mm,4.53,es,wordfreq,18,1.05
mmm,4.03,es,wordfreq,0,1.95
mo,3.98,es,wordfreq,25,1.0
mochila,4.05,es,wordfreq,0,3.55
moción,3.95,es,wordfreq,1,2.45
moda,4.65,es,wordfreq,6,1.7
modalidad,4.06,es,wordfreq,0,3.2
modelo,5.03,es,wordfreq,0,2.65
modelos,4.61,es,wordfreq,1,2.65
moderado,3.86,es,wordfreq,0,2.85
moderna,4.5,es,wordfreq,1,2.6
modernas,4.01,es,wordfreq,1,2.75
modernización,3.82,es,wordfreq,0,4.8
moderno,4.45,es,wordfreq,1,2.55
modernos,4.18,es,wordfreq,1,2.7
modificaciones,4.13,es,wordfreq,0,5.05
modificación,4.16,es,wordfreq,0,3.95
modificado,3.87,es,wordfreq,0,4.1
modificar,4.16,es,wordfreq,0,3.85
modo,5.19,es,wordfreq,5,1.7
modos,4.48,es,wordfreq,3,1.8
moisés,3.83,es,wordfreq,0,2.95
molesta,4.54,es,wordfreq,1,2.6
molestar,3.96,es,wordfreq,1,2.7
molestia,3.98,es,wordfreq,0,3.2
molesto,4.13,es,wordfreq,1,2.65
molina,4.12,es,wordfreq,2,2.3
molino,3.88,es,wordfreq,1,2.65
momento,5.71,es,wordfreq,1,2.35
momentos,4.91,es,wordfreq,0,2.75
mona,3.85,es,wordfreq,5,1.75
monarca,3.9,es,wordfreq,0,2.9
monarquía,4.16,es,wordfreq,0,4.45
monasterio,4.06,es,wordfreq,0,4.1
moneda,4.6,es,wordfreq,0,2.35
monedas,4.39,es,wordfreq,0,2.8
monetaria,3.9,es,wordfreq,0,3.75
monitor,3.98,es,wordfreq,0,2.75
monjes,3.82,es,wordfreq,1,2.65
mono,4.13,es,wordfreq,7,1.55
monopolio,4.0,es,wordfreq,0,4.95
monos,3.86,es,wordfreq,5,1.7
monstruo,4.07,es,wordfreq,0,3.15
monstruos,3.87,es,wordfreq,0,3.55
montado,3.83,es,wordfreq,1,2.05
montaje,4.01,es,wordfreq,0,2.75
montar,4.11,es,wordfreq,1,1.95
montaña,4.55,es,wordfreq,0,2.7
montañas,4.4,es,wordfreq,0,3.2
monte,4.48,es,wordfreq,3,1.8
montero,3.86,es,wordfreq,0,2.55
monterrey,4.2,es,wordfreq,0,4.05
montes,4.09,es,wordfreq,2,1.85
montevideo,4.31,es,wordfreq,0,4.5
monto,4.18,es,wordfreq,2,1.8
montón,4.64,es,wordfreq,0,2.65
monumental,3.87,es,wordfreq,0,3.7
monumento,4.24,es,wordfreq,0,3.15
monumentos,4.02,es,wordfreq,0,3.25
moon,3.81,es,wordfreq,0,2.0
mora,4.07,es,wordfreq,6,1.65
moral,4.67,es,wordfreq,0,1.85
morales,4.51,es,wordfreq,0,2.35
more,3.98,es,wordfreq,2,1.9
morelos,3.92,es,wordfreq,1,2.75
morena,4.16,es,wordfreq,1,2.1
moreno,4.49,es,wordfreq,1,2.2
morgan,3.91,es,wordfreq,0,2.6
morir,4.85,es,wordfreq,0,2.25
mortal,4.18,es,wordfreq,1,2.0
mortales,3.97,es,wordfreq,1,2.5
mortalidad,3.87,es,wordfreq,0,3.45
moscú,4.31,es,wordfreq,0,3.0
mostraba,3.92,es,wordfreq,0,3.4
mostrado,4.14,es,wordfreq,0,2.55
mostrando,4.2,es,wordfreq,0,2.95
mostrar,4.61,es,wordfreq,0,2.7
mostraron,3.94,es,wordfreq,0,3.5
mostró,4.36,es,wordfreq,0,2.75
motivación,4.12,es,wordfreq,0,3.95
motivo,4.89,es,wordfreq,0,2.6
motivos,4.68,es,wordfreq,0,2.75
moto,4.32,es,wordfreq,9,1.4
motor,4.6,es,wordfreq,1,1.9
motores,4.22,es,wordfreq,0,2.4
motos,3.85,es,wordfreq,6,1.65
mover,4.28,es,wordfreq,0,2.1
moverse,4.07,es,wordfreq,0,2.75
movida,3.83,es,wordfreq,0,2.55
movilidad,4.07,es,wordfreq,0,3.5
movilización,4.04,es,wordfreq,0,4.25
movimiento,5.16,es,wordfreq,0,3.65
movimientos,4.71,es,wordfreq,0,4.05
movistar,3.81,es,wordfreq,0,3.1
mr,4.28,es,wordfreq,20,1.0
ms,3.87,es,wordfreq,22,1.0
mu,3.83,es,wordfreq,20,1.0
mucha,5.23,es,wordfreq,3,1.8
muchacha,4.11,es,wordfreq,1,3.65
muchacho,4.28,es,wordfreq,1,3.4
muchachos,4.34,es,wordfreq,0,3.95
muchas,5.62,es,wordfreq,2,2.0
muchisimo,3.84,es,wordfreq,1,4.2
mucho,5.95,es,wordfreq,2,1.85
muchos,5.66,es,wordfreq,2,2.25
muchísimas,4.06,es,wordfreq,0,4.7
muchísimo,4.51,es,wordfreq,1,4.35
muebles,4.2,es,wordfreq,0,2.8
muelle,3.88,es,wordfreq,0,2.5
muera,4.12,es,wordfreq,3,1.75
muere,4.54,es,wordfreq,3,1.75
mueren,4.22,es,wordfreq,1,1.9
muero,4.01,es,wordfreq,3,1.7
muerta,4.29,es,wordfreq,4,1.7
muertas,3.9,es,wordfreq,3,1.8
muerte,5.43,es,wordfreq,4,1.7
muertes,4.29,es,wordfreq,3,1.85
muerto,4.93,es,wordfreq,3,1.75
muertos,4.9,es,wordfreq,3,1.95
muestra,5.07,es,wordfreq,3,1.95
muestran,4.51,es,wordfreq,1,2.5
muestras,4.34,es,wordfreq,3,2.15
mueve,4.38,es,wordfreq,2,1.85
mueven,3.94,es,wordfreq,1,2.2
mujer,5.57,es,wordfreq,0,2.5
mujeres,5.5,es,wordfreq,0,2.65
multa,4.26,es,wordfreq,0,1.95
multas,4.0,es,wordfreq,0,2.15
multimedia,3.82,es,wordfreq,0,5.2
multitud,4.37,es,wordfreq,0,3.9
mundial,5.27,es,wordfreq,0,2.95
mundiales,4.19,es,wordfreq,0,3.6
mundo,5.89,es,wordfreq,1,1.9
mundos,4.02,es,wordfreq,0,2.1
municipal,4.77,es,wordfreq,0,3.55
municipales,4.52,es,wordfreq,0,4.1
municipalidad,4.18,es,wordfreq,0,5.5
municipio,4.7,es,wordfreq,0,4.05
municipios,4.43,es,wordfreq,0,4.35
murcia,4.24,es,wordfreq,0,2.55
muriendo,4.21,es,wordfreq,0,2.7
murieron,4.31,es,wordfreq,0,2.65
murió,4.88,es,wordfreq,0,2.1
muro,4.45,es,wordfreq,6,1.6
muros,4.16,es,wordfreq,3,1.8
museo,4.67,es,wordfreq,0,1.95
museos,4.02,es,wordfreq,0,2.4
music,3.86,es,wordfreq,0,2.6
musica,4.1,es,wordfreq,1,2.1
musical,4.55,es,wordfreq,0,2.75
musicales,4.2,es,wordfreq,0,3.55
musulmanes,4.15,es,wordfreq,0,4.95
mutuamente,3.85,es,wordfreq,0,3.65
mutuo,3.86,es,wordfreq,0,2.3
muy,6.21,es,wordfreq,1,1.85
muñeca,3.99,es,wordfreq,0,2.9
muñoz,4.09,es,wordfreq,0,2.85
my,4.43,es,wordfreq,14,1.2
mágica,3.96,es,wordfreq,1,2.45
mágico,4.1,es,wordfreq,1,2.45
málaga,4.31,es,wordfreq,0,2.95
máquina,4.56,es,wordfreq,1,3.05
máquinas,4.36,es,wordfreq,0,3.45
márquez,4.03,es,wordfreq,0,3.7
más,6.63,es,wordfreq,3,1.8
máscara,3.99,es,wordfreq,0,3.05
máxima,4.53,es,wordfreq,1,2.8
máximo,4.76,es,wordfreq,1,2.65
médica,4.42,es,wordfreq,1,2.05
médicas,3.89,es,wordfreq,1,2.6
médico,4.88,es,wordfreq,2,2.35
médicos,4.67,es,wordfreq,1,2.55
méndez,3.84,es,wordfreq,0,2.95
mérida,4.12,es,wordfreq,0,2.45
mérito,4.19,es,wordfreq,0,2.45
méritos,3.85,es,wordfreq,0,2.65
método,4.65,es,wordfreq,0,2.7
métodos,4.54,es,wordfreq,0,2.8
méxico,5.54,es,wordfreq,2,2.4
mí,5.39,es,wordfreq,15,1.15
mía,4.67,es,wordfreq,5,1.6
mías,3.81,es,wordfreq,3,1.75
mínima,4.33,es,wordfreq,1,2.7
mínimo,4.73,es,wordfreq,1,2.65
mínimos,3.94,es,wordfreq,0,2.75
mío,4.71,es,wordfreq,4,1.65
míos,4.14,es,wordfreq,3,1.8
mónica,3.93,es,wordfreq,0,2.55
móvil,4.68,es,wordfreq,0,2.8
móviles,4.33,es,wordfreq,0,2.9
múltiples,4.53,es,wordfreq,0,4.4
músculo,3.81,es,wordfreq,0,3.4
músculos,3.98,es,wordfreq,0,3.55
música,5.24,es,wordfreq,2,2.3
músico,4.09,es,wordfreq,1,2.3
músicos,4.21,es,wordfreq,0,2.65
na,4.39,es,wordfreq,18,1.0
nace,4.4,es,wordfreq,4,1.7
nacen,3.87,es,wordfreq,2,1.85
nacer,4.15,es,wordfreq,2,1.85
nacida,3.84,es,wordfreq,1,2.45
nacido,4.53,es,wordfreq,1,2.2
nacidos,4.03,es,wordfreq,0,2.75
nacieron,3.85,es,wordfreq,0,2.85
nacimiento,4.57,es,wordfreq,0,3.6
nacion,3.85,es,wordfreq,1,2.4
nacional,5.69,es,wordfreq,2,3.1
nacionales,4.91,es,wordfreq,0,3.5
nacionalidad,4.31,es,wordfreq,0,4.45
nacionalismo,4.1,es,wordfreq,0,4.9
nacionalista,4.09,es,wordfreq,0,4.55
nacionalistas,3.99,es,wordfreq,0,4.9
naciones,4.77,es,wordfreq,0,2.45
nació,4.6,es,wordfreq,0,2.0
nación,4.93,es,wordfreq,2,2.0
nací,3.98,es,wordfreq,1,1.95
nada,6.02,es,wordfreq,3,1.85
nadie,5.67,es,wordfreq,0,2.45
napoleón,3.83,es,wordfreq,0,4.0
naranja,4.28,es,wordfreq,0,2.9
narcotráfico,4.02,es,wordfreq,0,6.3
narices,3.83,es,wordfreq,0,2.95
nariz,4.3,es,wordfreq,0,2.5
narra,3.83,es,wordfreq,1,1.95
narración,3.9,es,wordfreq,0,3.15
narrativa,4.1,es,wordfreq,0,3.7
nasa,3.97,es,wordfreq,6,1.7
natal,4.15,es,wordfreq,2,1.9
natalia,3.86,es,wordfreq,0,2.8
national,3.94,es,wordfreq,1,3.4
nativo,3.88,es,wordfreq,0,2.55
nativos,4.05,es,wordfreq,0,2.65
natural,5.03,es,wordfreq,0,2.85
naturales,4.75,es,wordfreq,0,3.35
naturaleza,4.92,es,wordfreq,0,4.6
naturalmente,4.17,es,wordfreq,0,4.05
naval,3.95,es,wordfreq,1,2.4
navarra,4.17,es,wordfreq,1,2.9
navarro,4.14,es,wordfreq,1,3.3
nave,4.39,es,wordfreq,2,1.8
navegación,4.12,es,wordfreq,0,3.65
navegar,3.89,es,wordfreq,0,2.95
naves,4.11,es,wordfreq,0,1.9
navidad,4.66,es,wordfreq,0,2.75
nazi,4.11,es,wordfreq,0,1.95
nazis,4.04,es,wordfreq,0,2.35
ne,3.87,es,wordfreq,20,1.0
necesaria,4.55,es,wordfreq,1,3.5
necesariamente,4.36,es,wordfreq,0,5.75
necesarias,4.4,es,wordfreq,1,3.75
necesario,5.12,es,wordfreq,1,3.45
necesarios,4.45,es,wordfreq,1,3.65
necesidad,5.03,es,wordfreq,0,3.25
necesidades,4.71,es,wordfreq,0,4.0
necesita,5.14,es,wordfreq,2,2.75
necesitaba,4.39,es,wordfreq,0,3.75
necesitamos,4.8,es,wordfreq,0,3.95
necesitan,4.8,es,wordfreq,2,3.0
necesitar,4.09,es,wordfreq,2,3.0
necesitas,4.77,es,wordfreq,3,2.75
necesite,4.0,es,wordfreq,2,2.95
necesites,3.88,es,wordfreq,1,3.1
necesito,5.13,es,wordfreq,2,2.95
negación,3.83,es,wordfreq,0,2.85
negado,3.82,es,wordfreq,2,2.1
negar,4.24,es,wordfreq,1,1.95
negativa,4.35,es,wordfreq,1,3.15
negativas,3.98,es,wordfreq,1,3.45
negativo,4.34,es,wordfreq,1,2.95
negativos,4.13,es,wordfreq,1,3.2
negociaciones,4.28,es,wordfreq,0,4.75
negociación,4.2,es,wordfreq,0,4.05
negociar,4.15,es,wordfreq,0,3.65
negocio,4.93,es,wordfreq,0,3.25
negocios,4.9,es,wordfreq,0,3.4
negra,4.71,es,wordfreq,1,1.9
negras,4.26,es,wordfreq,1,2.45
negro,5.1,es,wordfreq,1,1.9
negros,4.6,es,wordfreq,1,2.5
negó,4.19,es,wordfreq,0,2.0
nelson,4.05,es,wordfreq,0,2.95
nena,4.27,es,wordfreq,4,1.8
nene,4.02,es,wordfreq,2,1.9
nervios,4.12,es,wordfreq,0,2.7
nerviosa,4.01,es,wordfreq,1,3.5
nervioso,4.22,es,wordfreq,1,3.25
neta,4.1,es,wordfreq,4,1.75
netflix,4.1,es,wordfreq,0,4.0
network,3.85,es,wordfreq,0,4.0
neutral,3.86,es,wordfreq,0,2.9
new,4.66,es,wordfreq,1,1.85
news,4.16,es,wordfreq,0,2.05
ni,6.02,es,wordfreq,15,1.25
nicaragua,4.3,es,wordfreq,0,4.8
nick,4.14,es,wordfreq,1,1.95
nicolas,3.87,es,wordfreq,1,2.85
nicolás,4.45,es,wordfreq,1,3.5
nido,3.94,es,wordfreq,4,1.7
niebla,3.91,es,wordfreq,0,2.9
niega,4.26,es,wordfreq,2,1.85
niegan,3.86,es,wordfreq,0,2.45
niego,3.85,es,wordfreq,5,1.75
nieto,4.37,es,wordfreq,1,1.9
nietos,3.91,es,wordfreq,0,2.2
nieve,4.39,es,wordfreq,1,1.95
nigeria,3.87,es,wordfreq,0,2.9
ningun,4.22,es,wordfreq,1,2.65
ninguna,5.29,es,wordfreq,1,3.1
ninguno,4.83,es,wordfreq,1,3.2
ningún,5.3,es,wordfreq,1,2.85
nintendo,3.95,es,wordfreq,0,2.8
nivel,5.39,es,wordfreq,0,2.05
niveles,4.76,es,wordfreq,0,2.75
niña,4.84,es,wordfreq,3,1.8
niñas,4.62,es,wordfreq,1,1.9
niñez,3.95,es,wordfreq,1,2.6
niño,5.1,es,wordfreq,2,1.85
niños,5.39,es,wordfreq,1,1.9
no,7.16,es,wordfreq,16,1.0
nobel,4.09,es,wordfreq,0,2.55
noble,4.26,es,wordfreq,1,2.0
nobles,4.05,es,wordfreq,2,2.1
nobleza,3.9,es,wordfreq,0,3.1
noche,5.55,es,wordfreq,1,2.25
noches,4.92,es,wordfreq,1,2.6
noción,3.93,es,wordfreq,2,2.5
nocturna,3.87,es,wordfreq,1,3.4
nocturno,4.02,es,wordfreq,1,3.8
nomas,4.12,es,wordfreq,3,1.8
nombrado,4.26,es,wordfreq,0,2.9
nombramiento,4.07,es,wordfreq,0,4.95
nombrar,4.05,es,wordfreq,0,2.6
nombre,5.61,es,wordfreq,2,2.1
nombres,4.86,es,wordfreq,1,2.45
nombró,3.81,es,wordfreq,1,2.6
nomás,3.83,es,wordfreq,2,2.3
non,3.84,es,wordfreq,10,1.4
noreste,3.97,es,wordfreq,0,2.75
norma,4.48,es,wordfreq,1,1.85
normal,4.98,es,wordfreq,2,2.15
normales,4.27,es,wordfreq,1,2.65
normalidad,4.01,es,wordfreq,0,3.65
normalmente,4.65,es,wordfreq,1,3.7
normas,4.67,es,wordfreq,2,1.9
normativa,4.03,es,wordfreq,0,3.7
noroeste,4.0,es,wordfreq,0,3.65
norte,5.2,es,wordfreq,1,1.9
norteamericana,4.04,es,wordfreq,1,6.5
norteamericano,4.13,es,wordfreq,1,6.4
norteamericanos,3.94,es,wordfreq,0,6.75
noruega,4.0,es,wordfreq,0,2.95
nos,6.14,es,wordfreq,10,1.35
nosotras,4.27,es,wordfreq,1,3.35
nosotros,5.55,es,wordfreq,2,3.35
nostalgia,3.95,es,wordfreq,0,4.25
not,4.04,es,wordfreq,5,1.6
nota,5.09,es,wordfreq,5,1.6
notable,4.27,es,wordfreq,1,2.7
notables,3.98,es,wordfreq,0,2.75
notado,3.94,es,wordfreq,1,2.0
notar,4.17,es,wordfreq,2,1.85
notas,4.67,es,wordfreq,4,1.75
note,3.93,es,wordfreq,4,1.7
noticia,4.95,es,wordfreq,0,2.85
noticias,5.13,es,wordfreq,0,3.5
notificación,3.95,es,wordfreq,0,4.1
novedad,4.14,es,wordfreq,0,2.75
novedades,4.14,es,wordfreq,0,3.7
novela,4.71,es,wordfreq,0,2.55
novelas,4.23,es,wordfreq,0,2.7
noventa,3.97,es,wordfreq,0,2.85
novia,4.81,es,wordfreq,1,2.4
noviembre,5.16,es,wordfreq,0,4.15
novio,4.63,es,wordfreq,1,2.55
novios,3.86,es,wordfreq,0,2.75
now,3.86,es,wordfreq,5,1.7
nube,4.08,es,wordfreq,1,1.9
nubes,4.19,es,wordfreq,0,2.2
nuclear,4.37,es,wordfreq,0,3.55
nucleares,4.03,es,wordfreq,0,4.15
nuestra,5.68,es,wordfreq,3,2.2
nuestras,5.21,es,wordfreq,3,2.3
nuestro,5.7,es,wordfreq,2,2.4
nuestros,5.44,es,wordfreq,2,2.4
nueva,5.67,es,wordfreq,3,1.8
nuevamente,4.63,es,wordfreq,0,3.65
nuevas,5.17,es,wordfreq,2,2.0
nueve,4.77,es,wordfreq,4,1.8
nuevo,5.77,es,wordfreq,3,1.8
nuevos,5.18,es,wordfreq,2,2.0
numero,4.37,es,wordfreq,1,2.5
numerosas,4.44,es,wordfreq,1,3.75
numerosos,4.52,es,wordfreq,1,3.7
nunca,5.84,es,wordfreq,0,2.3
néstor,3.84,es,wordfreq,0,2.8
núcleo,4.22,es,wordfreq,0,3.2
núm,3.91,es,wordfreq,0,2.0
número,5.46,es,wordfreq,1,2.6
números,4.73,es,wordfreq,0,2.85
núñez,3.88,es,wordfreq,1,2.9
oaxaca,4.19,es,wordfreq,0,2.95
obama,4.34,es,wordfreq,0,2.25
obispo,4.42,es,wordfreq,0,2.9
obispos,3.99,es,wordfreq,0,3.3
objetivo,5.1,es,wordfreq,0,3.6
objetivos,4.71,es,wordfreq,0,3.65
objeto,4.77,es,wordfreq,0,2.75
objetos,4.58,es,wordfreq,0,2.9
obliga,4.25,es,wordfreq,1,2.6
obligaciones,4.25,es,wordfreq,0,3.95
obligación,4.39,es,wordfreq,0,3.7
obligada,3.97,es,wordfreq,1,3.1
obligado,4.42,es,wordfreq,1,2.7
obligados,4.22,es,wordfreq,0,3.4
obligar,3.87,es,wordfreq,0,2.9
obligatoria,3.97,es,wordfreq,1,4.95
obligatorio,4.14,es,wordfreq,1,4.95
obligó,3.99,es,wordfreq,1,2.85
obra,5.27,es,wordfreq,2,1.75
obras,5.12,es,wordfreq,1,1.9
obrera,3.86,es,wordfreq,1,2.55
obrero,4.1,es,wordfreq,1,2.65
obreros,4.05,es,wordfreq,0,2.8
observa,4.27,es,wordfreq,1,2.6
observaciones,4.1,es,wordfreq,0,4.55
observación,4.24,es,wordfreq,0,3.75
observado,3.87,es,wordfreq,0,3.25
observador,3.84,es,wordfreq,0,3.2
observando,3.97,es,wordfreq,0,3.6
observar,4.39,es,wordfreq,0,3.0
observatorio,3.87,es,wordfreq,0,4.9
observó,3.89,es,wordfreq,1,3.4
obsesión,3.9,es,wordfreq,0,3.35
obstante,4.74,es,wordfreq,0,3.45
obstáculo,3.93,es,wordfreq,0,4.55
obstáculos,4.14,es,wordfreq,0,4.65
obtención,3.89,es,wordfreq,0,3.3
obtener,4.9,es,wordfreq,0,2.75
obtenido,4.26,es,wordfreq,0,2.9
obtenidos,3.98,es,wordfreq,0,3.4
obtiene,4.17,es,wordfreq,0,2.65
obtienen,3.9,es,wordfreq,0,2.95
obtuvo,4.4,es,wordfreq,0,2.75
obviamente,4.53,es,wordfreq,0,3.9
obvio,4.54,es,wordfreq,0,2.75
ocasiones,4.76,es,wordfreq,0,2.9
ocasión,4.69,es,wordfreq,0,2.8
occidental,4.6,es,wordfreq,0,4.05
occidentales,4.09,es,wordfreq,0,4.35
occidente,4.3,es,wordfreq,1,3.15
ochenta,4.07,es,wordfreq,0,2.95
ocho,4.93,es,wordfreq,1,1.95
octavo,3.84,es,wordfreq,0,2.8
octubre,5.2,es,wordfreq,0,3.4
oculta,4.13,es,wordfreq,1,2.45
ocultar,4.19,es,wordfreq,0,2.75
oculto,3.96,es,wordfreq,1,2.65
ocupa,4.43,es,wordfreq,1,1.85
ocupación,4.37,es,wordfreq,0,3.15
ocupada,4.12,es,wordfreq,1,2.65
ocupado,4.35,es,wordfreq,1,2.45
ocupados,4.01,es,wordfreq,0,2.85
ocupan,4.04,es,wordfreq,1,2.5
ocupando,3.87,es,wordfreq,0,2.7
ocupar,4.27,es,wordfreq,1,2.5
ocupó,3.89,es,wordfreq,1,2.7
ocurra,4.17,es,wordfreq,1,2.45
ocurre,4.8,es,wordfreq,1,2.55
ocurren,4.02,es,wordfreq,0,2.65
ocurrido,4.5,es,wordfreq,0,3.05
ocurriendo,3.92,es,wordfreq,0,3.55
ocurrir,4.23,es,wordfreq,1,2.75
ocurrió,4.65,es,wordfreq,1,2.95
océano,4.27,es,wordfreq,0,2.95
odia,4.11,es,wordfreq,1,1.8
odian,3.93,es,wordfreq,0,2.2
odio,4.97,es,wordfreq,1,1.9
oeste,4.61,es,wordfreq,0,1.95
of,5.1,es,wordfreq,9,1.5
ofender,3.86,es,wordfreq,0,2.85
ofensiva,4.07,es,wordfreq,0,3.95
oferta,4.65,es,wordfreq,0,2.5
ofertas,4.23,es,wordfreq,0,2.75
off,4.03,es,wordfreq,0,1.95
oficial,5.23,es,wordfreq,0,2.7
oficiales,4.85,es,wordfreq,0,3.3
oficialmente,4.4,es,wordfreq,0,3.95
oficina,5.04,es,wordfreq,0,2.8
oficinas,4.51,es,wordfreq,0,3.45
oficio,4.2,es,wordfreq,0,2.75
ofrece,4.81,es,wordfreq,0,2.45
ofrecen,4.41,es,wordfreq,1,2.55
ofrecer,4.54,es,wordfreq,1,2.65
ofrecido,4.04,es,wordfreq,0,2.9
ofreciendo,4.06,es,wordfreq,0,3.7
ofrecieron,3.87,es,wordfreq,0,3.75
ofreció,4.27,es,wordfreq,0,3.05
oh,4.71,es,wordfreq,9,1.55
oido,3.83,es,wordfreq,4,1.75
oir,3.91,es,wordfreq,3,1.75
ojala,4.23,es,wordfreq,1,2.4
ojalá,4.73,es,wordfreq,1,2.85
ojo,4.79,es,wordfreq,3,1.7
ojos,5.27,es,wordfreq,0,1.9
ok,4.72,es,wordfreq,6,1.7
ola,4.21,es,wordfreq,2,1.5
olas,4.0,es,wordfreq,1,1.7
oliva,3.87,es,wordfreq,0,2.05
oliver,3.97,es,wordfreq,0,2.8
olla,3.85,es,wordfreq,2,1.8
olor,4.48,es,wordfreq,1,1.85
olvida,4.23,es,wordfreq,3,2.35
olvidado,4.37,es,wordfreq,0,3.0
olvidar,4.53,es,wordfreq,0,2.65
olvide,4.1,es,wordfreq,3,2.5
olvidemos,3.84,es,wordfreq,0,3.65
olvides,4.28,es,wordfreq,0,2.85
olvido,4.35,es,wordfreq,3,2.35
olvidó,3.98,es,wordfreq,3,2.55
olímpica,3.85,es,wordfreq,1,3.45
olímpico,4.03,es,wordfreq,1,3.5
olímpicos,4.24,es,wordfreq,0,3.8
omar,4.01,es,wordfreq,1,1.85
on,4.66,es,wordfreq,10,1.0
once,4.39,es,wordfreq,0,1.9
onda,4.65,es,wordfreq,1,1.8
ondas,3.95,es,wordfreq,1,1.9
one,4.41,es,wordfreq,5,1.55
ong,3.93,es,wordfreq,3,1.65
online,4.75,es,wordfreq,0,2.95
onu,4.3,es,wordfreq,2,1.85
op,4.24,es,wordfreq,12,1.3
opciones,4.64,es,wordfreq,0,2.8
opción,4.89,es,wordfreq,0,2.6
open,4.07,es,wordfreq,0,2.0
opera,4.09,es,wordfreq,1,1.85
operaciones,4.74,es,wordfreq,0,3.35
operación,4.81,es,wordfreq,0,2.85
operador,3.89,es,wordfreq,0,2.85
operadores,4.0,es,wordfreq,0,3.65
operan,3.84,es,wordfreq,1,2.45
operar,4.11,es,wordfreq,1,2.4
operativo,4.21,es,wordfreq,0,3.6
operativos,3.84,es,wordfreq,0,3.75
opina,4.06,es,wordfreq,0,1.9
opinan,3.85,es,wordfreq,1,2.6
opinar,3.84,es,wordfreq,1,2.5
opinion,3.98,es,wordfreq,1,3.1
opiniones,4.61,es,wordfreq,0,3.25
opinión,5.14,es,wordfreq,1,2.8
opone,3.81,es,wordfreq,0,2.05
oportunidad,5.14,es,wordfreq,0,4.7
oportunidades,4.66,es,wordfreq,0,5.6
oportuno,3.87,es,wordfreq,0,3.85
oposición,4.83,es,wordfreq,0,3.15
opositor,3.87,es,wordfreq,0,3.65
opositores,4.08,es,wordfreq,0,4.1
optimismo,3.81,es,wordfreq,0,4.5
optimista,3.84,es,wordfreq,0,4.3
opuesto,4.13,es,wordfreq,1,2.35
or,4.23,es,wordfreq,14,1.05
oraciones,4.04,es,wordfreq,0,2.65
oración,4.34,es,wordfreq,0,2.35
oral,4.21,es,wordfreq,1,1.9
orden,5.3,es,wordfreq,0,2.1
ordena,3.99,es,wordfreq,1,2.3
ordenado,4.09,es,wordfreq,0,2.95
ordenador,4.15,es,wordfreq,0,3.4
ordenar,4.02,es,wordfreq,0,2.6
ordenes,3.86,es,wordfreq,1,2.6
ordenó,4.32,es,wordfreq,1,2.7
oreja,3.99,es,wordfreq,0,1.95
orejas,4.02,es,wordfreq,1,2.35
organismo,4.46,es,wordfreq,0,3.55
organismos,4.41,es,wordfreq,0,4.15
organiza,4.03,es,wordfreq,1,3.25
organizaciones,4.74,es,wordfreq,0,5.1
organización,5.14,es,wordfreq,0,4.05
organizada,4.21,es,wordfreq,1,3.75
organizado,4.46,es,wordfreq,1,3.35
organizados,3.91,es,wordfreq,0,3.95
organizar,4.37,es,wordfreq,0,3.35
organizó,4.05,es,wordfreq,1,3.5
orgullo,4.55,es,wordfreq,0,3.45
orgullosa,4.05,es,wordfreq,1,4.4
orgulloso,4.34,es,wordfreq,1,4.4
orgullosos,4.01,es,wordfreq,0,5.2
orgánica,4.11,es,wordfreq,0,3.6
orientación,4.36,es,wordfreq,0,3.85
oriental,4.52,es,wordfreq,0,2.9
orientales,3.82,es,wordfreq,0,3.55
oriente,4.55,es,wordfreq,0,2.55
origen,4.96,es,wordfreq,0,2.8
original,4.95,es,wordfreq,0,3.4
originales,4.39,es,wordfreq,0,3.55
originalmente,4.38,es,wordfreq,0,4.65
orilla,4.08,es,wordfreq,0,2.65
orillas,3.9,es,wordfreq,0,2.7
orlando,3.9,es,wordfreq,0,2.75
oro,5.07,es,wordfreq,4,1.5
orquesta,4.06,es,wordfreq,0,3.45
ortega,4.21,es,wordfreq,0,2.8
ortiz,4.05,es,wordfreq,0,2.9
orto,4.35,es,wordfreq,0,1.9
ortografía,3.88,es,wordfreq,0,4.9
orígenes,4.17,es,wordfreq,0,3.4
os,5.27,es,wordfreq,16,1.0
oscar,4.41,es,wordfreq,1,2.4
oscura,4.19,es,wordfreq,1,2.45
oscuras,3.98,es,wordfreq,1,2.7
oscuridad,4.3,es,wordfreq,0,3.8
oscuro,4.49,es,wordfreq,1,2.65
oscuros,3.95,es,wordfreq,1,2.7
osea,4.18,es,wordfreq,0,1.95
oso,4.13,es,wordfreq,4,1.7
otan,3.86,es,wordfreq,0,1.95
otorga,4.14,es,wordfreq,0,2.85
otorgado,3.94,es,wordfreq,0,3.2
otoño,4.28,es,wordfreq,0,2.65
otra,5.86,es,wordfreq,2,1.85
otras,5.67,es,wordfreq,3,1.75
otro,5.87,es,wordfreq,1,1.85
otros,5.87,es,wordfreq,1,1.9
out,4.02,es,wordfreq,0,2.0
ovejas,3.87,es,wordfreq,1,2.4
oviedo,3.98,es,wordfreq,0,2.75
oxígeno,4.08,es,wordfreq,0,3.85
oye,4.62,es,wordfreq,1,1.95
oído,4.49,es,wordfreq,1,1.9
oídos,4.07,es,wordfreq,0,2.15
oír,4.32,es,wordfreq,1,1.9
pa,4.71,es,wordfreq,26,1.0
pabellón,3.89,es,wordfreq,0,3.8
pablo,4.93,es,wordfreq,2,1.85
pacheco,3.81,es,wordfreq,0,3.35
paciencia,4.4,es,wordfreq,0,3.05
paciente,4.55,es,wordfreq,1,2.55
pacientes,4.54,es,wordfreq,1,2.6
pack,3.84,es,wordfreq,4,1.8
paco,4.08,es,wordfreq,9,1.5
pacto,4.39,es,wordfreq,2,1.75
pacífica,3.92,es,wordfreq,1,3.6
pacífico,4.37,es,wordfreq,1,3.6
padre,5.36,es,wordfreq,1,1.85
padres,5.15,es,wordfreq,1,1.85
paga,4.55,es,wordfreq,12,1.2
pagado,4.28,es,wordfreq,3,1.75
pagados,3.87,es,wordfreq,3,1.95
pagamos,3.85,es,wordfreq,3,2.15
pagan,4.32,es,wordfreq,4,1.75
pagando,4.1,es,wordfreq,1,2.25
pagar,4.99,es,wordfreq,6,1.6
pagas,3.85,es,wordfreq,7,1.6
pagina,4.23,es,wordfreq,1,2.25
pago,4.92,es,wordfreq,12,1.35
pagos,4.32,es,wordfreq,4,1.75
pague,3.97,es,wordfreq,0,2.05
paguen,3.85,es,wordfreq,0,2.65
pagó,3.99,es,wordfreq,3,1.85
pais,4.47,es,wordfreq,2,1.85
paisaje,4.3,es,wordfreq,0,2.75
paisajes,3.98,es,wordfreq,0,2.9
paises,3.96,es,wordfreq,1,1.9
paja,4.38,es,wordfreq,10,1.5
pakistán,3.86,es,wordfreq,0,3.95
pal,3.83,es,wordfreq,7,1.45
palabra,5.19,es,wordfreq,0,2.8
palabras,5.34,es,wordfreq,0,3.05
palacio,4.67,es,wordfreq,0,2.8
palacios,3.95,es,wordfreq,0,2.9
palermo,3.83,es,wordfreq,0,3.0
palestina,4.0,es,wordfreq,0,3.95
palma,4.31,es,wordfreq,1,1.8
palmas,4.06,es,wordfreq,0,1.9
palo,4.38,es,wordfreq,8,1.4
paloma,3.92,es,wordfreq,0,2.5
palos,4.09,es,wordfreq,4,1.75
pamplona,3.83,es,wordfreq,0,3.85
pan,4.82,es,wordfreq,13,1.15
pana,3.81,es,wordfreq,10,1.35
panamá,4.6,es,wordfreq,0,2.85
panel,4.02,es,wordfreq,1,1.95
paneles,3.83,es,wordfreq,1,2.6
panorama,4.29,es,wordfreq,0,3.75
pantalla,4.73,es,wordfreq,0,3.15
pantallas,3.85,es,wordfreq,0,3.35
pantalones,4.23,es,wordfreq,0,4.0
pantalón,3.94,es,wordfreq,0,3.6
papa,4.81,es,wordfreq,11,1.4
papas,4.19,es,wordfreq,6,1.65
papel,5.16,es,wordfreq,1,1.95
papeles,4.51,es,wordfreq,1,2.75
papi,4.06,es,wordfreq,2,1.9
papá,4.73,es,wordfreq,2,1.85
papás,3.83,es,wordfreq,1,1.9
paquete,4.41,es,wordfreq,0,2.9
paquetes,4.08,es,wordfreq,0,3.05
par,5.07,es,wordfreq,8,1.2
para,6.92,es,wordfreq,15,1.15
parada,4.35,es,wordfreq,3,1.85
parado,4.2,es,wordfreq,3,1.7
parados,3.82,es,wordfreq,2,1.85
paraguay,4.44,es,wordfreq,0,3.9
paralelo,4.11,es,wordfreq,0,3.65
parar,4.58,es,wordfreq,2,1.85
paraíso,4.21,es,wordfreq,0,2.85
parcial,4.34,es,wordfreq,0,2.85
parciales,3.93,es,wordfreq,0,3.55
parcialmente,4.07,es,wordfreq,0,3.9
pardo,3.94,es,wordfreq,1,1.85
pare,3.92,es,wordfreq,5,1.35
parece,5.69,es,wordfreq,1,1.75
parecen,4.76,es,wordfreq,3,1.95
parecer,4.82,es,wordfreq,2,2.1
pareces,3.82,es,wordfreq,3,1.8
parecida,3.93,es,wordfreq,1,2.6
parecido,4.53,es,wordfreq,1,2.45
pareciera,3.97,es,wordfreq,0,3.15
pareció,4.45,es,wordfreq,0,2.35
parecía,4.71,es,wordfreq,0,2.3
parecían,4.0,es,wordfreq,0,2.8
pared,4.5,es,wordfreq,2,1.85
paredes,4.47,es,wordfreq,1,2.2
pareja,4.91,es,wordfreq,0,2.0
parejas,4.41,es,wordfreq,0,2.6
paren,3.81,es,wordfreq,4,1.75
pares,4.13,es,wordfreq,6,1.55
parezca,4.27,es,wordfreq,0,2.75
pariente,3.87,es,wordfreq,1,2.5
parientes,4.11,es,wordfreq,1,2.6
paris,4.13,es,wordfreq,2,1.85
park,4.29,es,wordfreq,6,1.65
parlamentaria,3.94,es,wordfreq,1,5.25
parlamentario,3.99,es,wordfreq,1,5.0
parlamentarios,3.87,es,wordfreq,0,5.25
parlamento,4.59,es,wordfreq,0,3.45
paro,4.5,es,wordfreq,13,1.15
parodia,3.81,es,wordfreq,0,2.85
parque,4.85,es,wordfreq,1,2.45
parques,4.11,es,wordfreq,0,2.55
parroquia,4.04,es,wordfreq,0,4.6
part,3.81,es,wordfreq,4,1.55
parte,6.0,es,wordfreq,4,1.55
partes,5.14,es,wordfreq,1,1.8
participa,4.3,es,wordfreq,1,3.1
participación,5.01,es,wordfreq,0,4.35
participado,4.12,es,wordfreq,0,3.6
participan,4.18,es,wordfreq,1,3.05
participando,4.08,es,wordfreq,0,3.95
participante,3.84,es,wordfreq,0,4.05
participantes,4.57,es,wordfreq,0,4.4
participar,4.82,es,wordfreq,1,3.2
participaron,4.26,es,wordfreq,0,4.0
participó,4.26,es,wordfreq,1,3.5
particular,4.93,es,wordfreq,0,3.55
particulares,4.39,es,wordfreq,0,4.5
particularmente,4.5,es,wordfreq,0,5.75
partida,4.49,es,wordfreq,1,2.35
partidario,3.83,es,wordfreq,0,4.0
partidarios,4.03,es,wordfreq,0,4.4
partidas,3.91,es,wordfreq,1,2.65
partido,5.6,es,wordfreq,1,2.2
partidos,5.17,es,wordfreq,1,2.65
partiendo,3.85,es,wordfreq,0,2.9
partir,5.17,es,wordfreq,1,2.25
partió,3.86,es,wordfreq,1,2.3
parto,4.12,es,wordfreq,6,1.55
party,3.9,es,wordfreq,2,1.85
partículas,3.94,es,wordfreq,0,3.85
parámetros,4.01,es,wordfreq,0,4.55
parís,4.76,es,wordfreq,2,1.85
pasa,5.48,es,wordfreq,16,1.0
pasaba,4.4,es,wordfreq,2,1.85
pasaban,3.87,es,wordfreq,0,2.55
pasada,4.64,es,wordfreq,8,1.55
pasadas,4.01,es,wordfreq,2,1.85
pasado,5.55,es,wordfreq,6,1.55
pasados,4.09,es,wordfreq,7,1.6
pasaje,4.19,es,wordfreq,0,2.2
pasajero,3.83,es,wordfreq,0,3.0
pasajeros,4.44,es,wordfreq,0,3.4
pasajes,3.96,es,wordfreq,0,2.4
pasamos,4.32,es,wordfreq,2,1.95
pasan,4.71,es,wordfreq,5,1.7
pasando,4.94,es,wordfreq,1,2.0
pasaporte,4.18,es,wordfreq,0,3.9
pasar,5.34,es,wordfreq,6,1.5
pasara,4.05,es,wordfreq,3,1.75
pasaron,4.5,es,wordfreq,0,2.35
pasará,4.27,es,wordfreq,1,2.05
pasaría,4.12,es,wordfreq,0,2.65
pasas,4.15,es,wordfreq,10,1.45
pascua,3.93,es,wordfreq,0,2.6
pascual,3.81,es,wordfreq,0,2.8
pase,4.89,es,wordfreq,9,1.4
pasear,4.0,es,wordfreq,0,1.95
pasen,4.21,es,wordfreq,4,1.75
paseo,4.47,es,wordfreq,3,1.75
pases,4.0,es,wordfreq,8,1.45
pasillo,3.93,es,wordfreq,0,2.85
pasión,4.55,es,wordfreq,0,2.15
paso,5.38,es,wordfreq,14,1.15
pasos,4.65,es,wordfreq,8,1.55
pasta,4.27,es,wordfreq,6,1.6
pastel,4.03,es,wordfreq,0,2.25
pastillas,4.03,es,wordfreq,0,3.4
pasto,3.93,es,wordfreq,5,1.6
pastor,4.29,es,wordfreq,0,1.95
pasé,4.26,es,wordfreq,4,1.8
pasó,5.19,es,wordfreq,6,1.7
pata,4.11,es,wordfreq,12,1.25
patada,3.9,es,wordfreq,2,1.9
patagonia,3.82,es,wordfreq,0,4.0
patas,4.22,es,wordfreq,5,1.7
patatas,3.85,es,wordfreq,0,2.75
patente,4.11,es,wordfreq,1,2.55
patio,4.4,es,wordfreq,0,1.95
pato,3.95,es,wordfreq,11,1.2
patria,4.7,es,wordfreq,0,2.35
patricia,3.97,es,wordfreq,0,2.85
patrick,3.96,es,wordfreq,0,3.2
patrimonio,4.57,es,wordfreq,1,4.25
patriota,3.82,es,wordfreq,0,3.55
patriotas,3.84,es,wordfreq,0,3.55
patriotismo,3.84,es,wordfreq,0,4.9
patrones,4.13,es,wordfreq,0,2.85
patrón,4.36,es,wordfreq,0,2.55
patético,3.86,es,wordfreq,0,3.3
paul,4.58,es,wordfreq,0,1.85
paula,4.13,es,wordfreq,2,1.8
paulo,4.23,es,wordfreq,2,1.8
pausa,3.89,es,wordfreq,2,1.85
payaso,3.93,es,wordfreq,0,2.35
paz,5.28,es,wordfreq,5,1.7
país,5.78,es,wordfreq,1,1.9
países,5.37,es,wordfreq,1,2.15
pañuelo,3.83,es,wordfreq,0,2.9
pc,4.43,es,wordfreq,16,1.2
pd,3.84,es,wordfreq,19,1.0
pdf,4.06,es,wordfreq,0,1.9
pe,4.04,es,wordfreq,28,1.0
pecado,4.25,es,wordfreq,2,1.8
pecados,3.98,es,wordfreq,1,2.3
peces,4.26,es,wordfreq,1,1.95
pecho,4.59,es,wordfreq,2,1.8
pechos,3.92,es,wordfreq,1,2.0
peculiar,3.86,es,wordfreq,0,3.6
pedazo,4.29,es,wordfreq,0,2.55
pedazos,4.13,es,wordfreq,0,2.6
pedido,4.72,es,wordfreq,1,1.85
pedidos,4.06,es,wordfreq,1,2.0
pedimos,4.15,es,wordfreq,2,2.25
pedir,4.9,es,wordfreq,1,1.95
pedirle,4.12,es,wordfreq,0,2.95
pedo,4.46,es,wordfreq,7,1.55
pedro,4.99,es,wordfreq,1,1.85
pedí,4.11,es,wordfreq,1,1.85
pedía,3.95,es,wordfreq,1,1.9
pega,4.18,es,wordfreq,6,1.65
pegado,3.93,es,wordfreq,5,1.75
pegar,4.06,es,wordfreq,3,1.8
pekín,3.87,es,wordfreq,0,2.85
pelea,4.59,es,wordfreq,0,1.9
peleando,3.95,es,wordfreq,0,2.9
pelear,4.26,es,wordfreq,1,2.4
peleas,4.07,es,wordfreq,1,2.3
peli,3.85,es,wordfreq,1,1.95
pelicula,4.04,es,wordfreq,1,3.45
peliculas,3.85,es,wordfreq,1,3.55
peligro,4.82,es,wordfreq,0,2.8
peligros,4.0,es,wordfreq,0,2.7
peligrosa,4.12,es,wordfreq,1,3.15
peligrosas,3.89,es,wordfreq,1,3.65
peligroso,4.47,es,wordfreq,1,3.1
peligrosos,4.03,es,wordfreq,1,3.6
pelo,4.82,es,wordfreq,7,1.6
pelos,4.06,es,wordfreq,3,1.8
pelota,4.37,es,wordfreq,0,2.45
pelotas,4.19,es,wordfreq,0,2.75
pelotudo,4.14,es,wordfreq,0,3.8
película,5.17,es,wordfreq,1,3.45
películas,4.84,es,wordfreq,1,3.5
pena,5.15,es,wordfreq,7,1.5
penal,4.7,es,wordfreq,1,1.9
penales,4.17,es,wordfreq,0,2.45
penas,4.25,es,wordfreq,2,1.8
pendejo,4.31,es,wordfreq,0,2.85
pendejos,3.92,es,wordfreq,0,3.05
pendiente,4.37,es,wordfreq,0,3.0
pendientes,4.21,es,wordfreq,0,3.45
pene,4.13,es,wordfreq,5,1.7
penetración,3.84,es,wordfreq,0,3.7
pensaba,4.59,es,wordfreq,0,2.8
pensado,4.51,es,wordfreq,0,2.05
pensamiento,4.7,es,wordfreq,0,3.7
pensamientos,4.5,es,wordfreq,0,4.25
pensamos,4.3,es,wordfreq,0,2.7
pensando,4.9,es,wordfreq,0,2.7
pensar,5.27,es,wordfreq,0,1.95
pensarlo,3.89,es,wordfreq,0,3.15
pense,3.93,es,wordfreq,2,1.75
pensiones,4.25,es,wordfreq,1,2.7
pensión,4.15,es,wordfreq,1,2.45
pensé,4.76,es,wordfreq,2,2.1
pensó,4.3,es,wordfreq,2,2.05
península,4.21,es,wordfreq,0,4.7
peor,5.22,es,wordfreq,0,1.9
peores,4.44,es,wordfreq,0,2.2
pepe,4.04,es,wordfreq,2,1.9
pequeña,5.03,es,wordfreq,1,2.9
pequeñas,4.72,es,wordfreq,1,3.3
pequeño,5.09,es,wordfreq,1,3.0
pequeños,4.85,es,wordfreq,1,3.25
per,4.41,es,wordfreq,6,1.4
percepción,4.26,es,wordfreq,0,3.5
perdemos,3.82,es,wordfreq,0,2.7
perder,5.02,es,wordfreq,0,2.25
perdida,4.4,es,wordfreq,2,2.25
perdidas,3.94,es,wordfreq,2,2.4
perdido,4.88,es,wordfreq,1,2.05
perdidos,4.06,es,wordfreq,1,2.15
perdiendo,4.48,es,wordfreq,0,2.75
perdieron,4.24,es,wordfreq,0,3.0
perdiste,3.86,es,wordfreq,0,3.05
perdió,4.67,es,wordfreq,0,2.45
perdon,3.91,es,wordfreq,1,2.0
perdona,4.11,es,wordfreq,1,2.45
perdonar,3.85,es,wordfreq,0,2.9
perdí,4.24,es,wordfreq,0,1.95
perdón,4.81,es,wordfreq,1,2.55
perfección,4.15,es,wordfreq,0,3.4
perfecta,4.58,es,wordfreq,1,3.05
perfectamente,4.59,es,wordfreq,0,4.6
perfecto,4.91,es,wordfreq,1,2.9
perfectos,3.81,es,wordfreq,0,3.2
perfil,4.73,es,wordfreq,0,2.9
perfiles,4.02,es,wordfreq,0,3.25
perfume,3.89,es,wordfreq,0,3.6
periodismo,4.42,es,wordfreq,0,3.9
periodista,4.7,es,wordfreq,0,3.8
periodistas,4.61,es,wordfreq,0,4.2
periodo,4.73,es,wordfreq,1,2.6
periodos,3.88,es,wordfreq,1,2.6
periódico,4.63,es,wordfreq,0,3.7
periódicos,4.41,es,wordfreq,0,3.85
perjuicio,3.91,es,wordfreq,0,3.85
perla,3.83,es,wordfreq,2,1.9
permanece,4.17,es,wordfreq,0,3.2
permanecen,3.9,es,wordfreq,1,3.5
permanecer,4.29,es,wordfreq,1,3.5
permaneció,3.86,es,wordfreq,0,3.95
permanencia,3.9,es,wordfreq,0,4.15
permanente,4.6,es,wordfreq,0,3.45
permanentemente,3.83,es,wordfreq,0,6.05
permanentes,3.85,es,wordfreq,0,4.05
permiso,4.71,es,wordfreq,0,2.65
permisos,3.9,es,wordfreq,0,2.8
permita,4.28,es,wordfreq,1,2.4
permitan,4.02,es,wordfreq,1,2.75
permite,4.99,es,wordfreq,1,2.4
permiten,4.49,es,wordfreq,1,2.75
permitido,4.37,es,wordfreq,0,2.8
permitiendo,4.0,es,wordfreq,0,3.85
permitieron,3.84,es,wordfreq,0,3.95
permitir,4.55,es,wordfreq,1,2.55
permitirá,4.09,es,wordfreq,0,3.2
permitiría,3.82,es,wordfreq,0,3.9
permitió,4.34,es,wordfreq,1,2.65
permitía,3.92,es,wordfreq,0,2.9
pero,6.57,es,wordfreq,9,1.35
perpetua,3.91,es,wordfreq,0,3.75
perra,4.18,es,wordfreq,2,1.9
perro,4.9,es,wordfreq,3,1.75
perros,4.66,es,wordfreq,0,1.95
persecución,4.22,es,wordfreq,0,4.0
perseguir,3.99,es,wordfreq,0,4.2
persigue,3.88,es,wordfreq,0,3.75
persona,5.56,es,wordfreq,1,2.5
personaje,4.79,es,wordfreq,0,3.55
personajes,4.77,es,wordfreq,1,3.8
personal,5.29,es,wordfreq,1,2.95
personales,4.7,es,wordfreq,1,3.4
personalidad,4.56,es,wordfreq,0,4.7
personalidades,4.05,es,wordfreq,0,5.5
personalmente,4.49,es,wordfreq,0,4.85
personas,5.84,es,wordfreq,1,2.55
perspectiva,4.56,es,wordfreq,0,4.3
perspectivas,4.1,es,wordfreq,0,4.55
pertenece,4.57,es,wordfreq,0,3.45
pertenecen,4.26,es,wordfreq,1,3.75
pertenecer,3.98,es,wordfreq,1,3.7
perteneciente,3.99,es,wordfreq,0,4.85
pertenecientes,4.05,es,wordfreq,0,5.25
pertenecía,3.82,es,wordfreq,0,3.85
peru,3.95,es,wordfreq,2,1.85
peruana,4.17,es,wordfreq,1,2.65
peruano,4.23,es,wordfreq,1,2.6
peruanos,3.98,es,wordfreq,0,2.75
período,4.8,es,wordfreq,1,2.7
períodos,3.93,es,wordfreq,1,2.7
perón,3.95,es,wordfreq,0,2.0
perú,4.97,es,wordfreq,2,1.85
pesa,4.02,es,wordfreq,7,1.45
pesada,4.08,es,wordfreq,2,1.9
pesadilla,3.98,es,wordfreq,0,3.95
pesado,4.22,es,wordfreq,4,1.65
pesados,3.89,es,wordfreq,2,1.85
pesar,5.21,es,wordfreq,3,1.75
pesca,4.32,es,wordfreq,0,1.95
pescado,4.22,es,wordfreq,0,2.1
pescadores,3.86,es,wordfreq,0,3.7
pese,4.57,es,wordfreq,7,1.55
peso,4.95,es,wordfreq,9,1.4
pesos,4.89,es,wordfreq,4,1.65
peter,4.48,es,wordfreq,1,1.95
peticiones,3.96,es,wordfreq,0,3.1
petición,4.43,es,wordfreq,0,2.85
petrolera,3.92,es,wordfreq,0,4.1
petróleo,4.51,es,wordfreq,0,3.95
pez,4.19,es,wordfreq,3,1.8
peña,4.56,es,wordfreq,5,1.75
pi,3.86,es,wordfreq,23,1.0
piano,4.17,es,wordfreq,1,1.9
pib,4.06,es,wordfreq,1,1.85
pibe,4.13,es,wordfreq,1,1.8
pibes,3.99,es,wordfreq,1,1.85
pico,4.4,es,wordfreq,6,1.7
pida,3.99,es,wordfreq,7,1.6
pide,4.76,es,wordfreq,5,1.6
piden,4.51,es,wordfreq,1,1.9
pides,3.81,es,wordfreq,3,1.75
pidiendo,4.54,es,wordfreq,1,2.65
pidieron,4.09,es,wordfreq,1,2.6
pidió,4.67,es,wordfreq,0,2.5
pido,4.57,es,wordfreq,10,1.45
pie,4.94,es,wordfreq,2,1.6
piedad,4.14,es,wordfreq,0,2.4
piedra,4.76,es,wordfreq,0,2.05
piedras,4.46,es,wordfreq,0,2.55
piel,4.8,es,wordfreq,3,1.8
piensa,4.92,es,wordfreq,3,1.75
piensan,4.61,es,wordfreq,2,2.4
piensas,4.38,es,wordfreq,2,2.05
piense,4.16,es,wordfreq,2,1.75
piensen,4.03,es,wordfreq,2,2.25
pienses,3.92,es,wordfreq,2,2.15
pienso,4.97,es,wordfreq,2,1.9
pierda,4.05,es,wordfreq,4,1.75
pierdas,3.97,es,wordfreq,2,1.85
pierde,4.56,es,wordfreq,3,1.95
pierden,4.2,es,wordfreq,1,2.25
pierdes,3.88,es,wordfreq,2,2.2
pierdo,3.88,es,wordfreq,2,1.9
pierna,4.23,es,wordfreq,1,1.9
piernas,4.53,es,wordfreq,1,2.25
pierre,3.94,es,wordfreq,2,2.1
pies,4.77,es,wordfreq,2,1.75
pieza,4.55,es,wordfreq,1,1.9
piezas,4.57,es,wordfreq,0,2.15
pija,3.94,es,wordfreq,6,1.7
pila,4.04,es,wordfreq,4,1.65
pilar,4.16,es,wordfreq,1,1.9
pilares,3.84,es,wordfreq,0,2.65
pilas,4.0,es,wordfreq,2,1.85
piloto,4.4,es,wordfreq,0,2.7
pilotos,4.02,es,wordfreq,0,2.8
pimienta,3.89,es,wordfreq,0,3.1
pinche,4.17,es,wordfreq,0,2.9
pino,3.93,es,wordfreq,6,1.6
pinochet,3.81,es,wordfreq,0,3.95
pinta,4.32,es,wordfreq,5,1.7
pintado,3.89,es,wordfreq,0,2.55
pintar,4.07,es,wordfreq,1,1.9
pinto,3.9,es,wordfreq,2,1.8
pintor,4.08,es,wordfreq,1,2.4
pintura,4.55,es,wordfreq,1,2.6
pinturas,4.08,es,wordfreq,0,2.8
piola,3.81,es,wordfreq,1,1.9
pirata,3.96,es,wordfreq,0,2.4
piratas,4.01,es,wordfreq,0,2.6
piscina,4.15,es,wordfreq,0,3.2
piso,4.79,es,wordfreq,6,1.65
pisos,4.16,es,wordfreq,2,1.85
pista,4.55,es,wordfreq,5,1.7
pistas,4.15,es,wordfreq,2,1.85
pistola,4.08,es,wordfreq,0,2.9
pizza,4.24,es,wordfreq,1,2.45
piña,3.85,es,wordfreq,6,1.7
piñera,3.95,es,wordfreq,0,2.35
placa,4.28,es,wordfreq,5,1.7
placas,4.05,es,wordfreq,2,1.85
placer,4.63,es,wordfreq,0,2.7
plaga,3.81,es,wordfreq,5,1.7
plan,5.18,es,wordfreq,3,1.7
plana,4.07,es,wordfreq,7,1.4
planea,3.91,es,wordfreq,2,1.75
planeado,4.01,es,wordfreq,0,2.8
planes,4.8,es,wordfreq,2,1.9
planeta,4.74,es,wordfreq,0,2.45
planetas,3.95,es,wordfreq,0,2.65
planificación,4.25,es,wordfreq,0,4.6
plano,4.54,es,wordfreq,5,1.65
planos,4.13,es,wordfreq,3,1.8
planta,4.81,es,wordfreq,1,1.7
plantas,4.67,es,wordfreq,0,1.9
plantea,4.26,es,wordfreq,1,2.3
planteado,3.87,es,wordfreq,0,3.35
plantear,3.92,es,wordfreq,0,2.8
plantel,3.89,es,wordfreq,1,2.55
plantilla,4.0,es,wordfreq,0,3.6
plata,5.07,es,wordfreq,6,1.55
plataforma,4.67,es,wordfreq,0,4.7
plataformas,4.22,es,wordfreq,0,5.25
plato,4.37,es,wordfreq,3,1.75
platos,4.24,es,wordfreq,2,1.85
play,4.23,es,wordfreq,1,1.9
playa,4.72,es,wordfreq,5,1.65
playas,4.16,es,wordfreq,2,1.85
plaza,5.13,es,wordfreq,6,1.65
plazas,4.32,es,wordfreq,3,1.8
plazo,4.87,es,wordfreq,3,1.75
plazos,3.91,es,wordfreq,3,1.75
plena,4.43,es,wordfreq,4,1.75
plenamente,4.02,es,wordfreq,0,3.55
pleno,4.48,es,wordfreq,3,1.85
plomo,3.98,es,wordfreq,0,2.1
pluma,3.91,es,wordfreq,0,1.95
plumas,3.87,es,wordfreq,0,2.25
plural,3.89,es,wordfreq,0,2.75
plus,4.13,es,wordfreq,0,2.0
plástico,4.24,es,wordfreq,0,3.3
pm,4.4,es,wordfreq,17,1.15
po,4.19,es,wordfreq,24,1.0
poblaciones,4.3,es,wordfreq,0,3.35
población,5.25,es,wordfreq,0,3.05
poblado,3.97,es,wordfreq,0,2.8
pobladores,3.94,es,wordfreq,0,3.85
pobre,4.95,es,wordfreq,2,1.85
pobres,4.79,es,wordfreq,0,1.95
pobreza,4.74,es,wordfreq,0,2.8
poca,4.69,es,wordfreq,6,1.6
pocas,4.8,es,wordfreq,3,1.75
poco,5.82,es,wordfreq,9,1.5
pocos,5.06,es,wordfreq,2,1.85
podamos,4.38,es,wordfreq,1,2.3
podemos,5.52,es,wordfreq,2,2.15
poder,5.68,es,wordfreq,4,1.8
poderes,4.61,es,wordfreq,0,2.55
poderosa,4.21,es,wordfreq,1,2.95
poderoso,4.35,es,wordfreq,1,2.8
poderosos,4.12,es,wordfreq,0,3.5
podes,4.25,es,wordfreq,4,1.8
podia,4.1,es,wordfreq,1,1.85
podido,4.76,es,wordfreq,2,2.4
podremos,4.28,es,wordfreq,0,2.7
podria,4.15,es,wordfreq,1,2.2
podrá,4.86,es,wordfreq,1,2.05
podrán,4.63,es,wordfreq,1,2.5
podrás,4.43,es,wordfreq,1,2.25
podré,3.98,es,wordfreq,1,2.2
podría,5.42,es,wordfreq,1,2.05
podríamos,4.43,es,wordfreq,0,3.25
podrían,4.85,es,wordfreq,1,2.5
podrías,4.45,es,wordfreq,1,2.5
podéis,4.17,es,wordfreq,0,2.7
podés,3.92,es,wordfreq,1,2.0
podía,5.08,es,wordfreq,3,1.75
podíamos,3.88,es,wordfreq,0,2.7
podían,4.56,es,wordfreq,0,2.35
poema,4.31,es,wordfreq,1,1.9
poemas,4.27,es,wordfreq,1,1.9
poesía,4.58,es,wordfreq,0,2.4
poeta,4.53,es,wordfreq,2,1.85
poetas,4.16,es,wordfreq,1,1.9
polaco,3.83,es,wordfreq,0,2.4
policia,4.05,es,wordfreq,1,2.4
policial,4.26,es,wordfreq,0,2.7
policiales,3.98,es,wordfreq,0,3.35
policía,5.28,es,wordfreq,1,2.75
policías,4.58,es,wordfreq,0,3.2
politica,3.91,es,wordfreq,1,2.65
polla,3.9,es,wordfreq,1,1.9
pollo,4.38,es,wordfreq,3,1.8
polo,4.08,es,wordfreq,5,1.65
polonia,4.15,es,wordfreq,1,2.75
polvo,4.44,es,wordfreq,1,2.0
polémica,4.25,es,wordfreq,0,3.4
política,5.5,es,wordfreq,2,2.75
políticamente,4.06,es,wordfreq,0,4.7
políticas,5.02,es,wordfreq,1,3.2
político,5.2,es,wordfreq,1,2.95
políticos,5.12,es,wordfreq,1,3.35
pon,4.02,es,wordfreq,11,1.3
ponce,3.82,es,wordfreq,1,1.85
pondrá,4.0,es,wordfreq,0,2.55
pondría,3.86,es,wordfreq,0,2.5
pone,5.02,es,wordfreq,1,1.55
ponemos,4.16,es,wordfreq,1,2.65
ponen,4.7,es,wordfreq,2,1.85
poner,5.24,es,wordfreq,4,1.75
ponerle,4.17,es,wordfreq,4,2.55
ponerlo,3.99,es,wordfreq,1,2.65
ponerme,4.14,es,wordfreq,3,2.6
ponerse,4.49,es,wordfreq,3,2.5
ponerte,4.02,es,wordfreq,3,2.5
pones,4.38,es,wordfreq,4,1.75
ponga,4.48,es,wordfreq,2,1.8
pongan,4.28,es,wordfreq,1,2.4
pongas,4.07,es,wordfreq,1,2.1
pongo,4.54,es,wordfreq,2,1.9
poniendo,4.55,es,wordfreq,0,2.75
ponte,4.23,es,wordfreq,2,1.85
ponía,4.08,es,wordfreq,2,1.9
pop,4.3,es,wordfreq,4,1.65
popular,5.1,es,wordfreq,0,3.05
populares,4.6,es,wordfreq,0,3.6
popularidad,4.22,es,wordfreq,0,4.8
poquito,4.54,es,wordfreq,0,3.2
por,7.04,es,wordfreq,6,1.5
porcentaje,4.48,es,wordfreq,0,4.45
porción,3.97,es,wordfreq,0,2.75
porno,4.37,es,wordfreq,2,1.9
porque,6.14,es,wordfreq,2,2.65
porqué,4.62,es,wordfreq,1,3.2
portada,4.35,es,wordfreq,0,2.6
portal,4.42,es,wordfreq,2,1.95
portales,3.81,es,wordfreq,1,2.65
portavoz,4.12,es,wordfreq,0,3.7
portero,4.04,es,wordfreq,0,2.75
portugal,4.44,es,wordfreq,0,3.4
portuguesa,3.88,es,wordfreq,0,4.75
portugués,4.24,es,wordfreq,0,4.55
pos,4.09,es,wordfreq,10,1.3
posee,4.46,es,wordfreq,0,1.9
poseen,4.11,es,wordfreq,1,2.7
poseer,3.91,es,wordfreq,1,2.5
posesión,4.32,es,wordfreq,0,2.8
posibilidad,4.93,es,wordfreq,0,4.15
posibilidades,4.62,es,wordfreq,0,5.15
posible,5.38,es,wordfreq,0,2.75
posiblemente,4.45,es,wordfreq,0,5.05
posibles,4.63,es,wordfreq,0,3.05
posiciones,4.44,es,wordfreq,0,3.15
posición,5.02,es,wordfreq,0,2.65
positiva,4.36,es,wordfreq,1,3.2
positivas,4.04,es,wordfreq,1,3.45
positivo,4.55,es,wordfreq,1,3.25
positivos,4.17,es,wordfreq,1,3.4
post,4.97,es,wordfreq,0,1.85
posta,4.16,es,wordfreq,5,1.65
postal,3.98,es,wordfreq,1,2.1
posterior,4.48,es,wordfreq,0,3.65
posteriores,4.21,es,wordfreq,0,4.35
posteriormente,4.51,es,wordfreq,0,6.0
postre,3.99,es,wordfreq,0,2.45
posts,4.12,es,wordfreq,1,1.9
postura,4.42,es,wordfreq,0,2.65
posturas,3.86,es,wordfreq,0,2.8
potable,3.99,es,wordfreq,1,2.7
potencia,4.48,es,wordfreq,0,2.75
potencial,4.51,es,wordfreq,1,3.35
potenciales,3.96,es,wordfreq,0,3.75
potencias,3.92,es,wordfreq,1,3.2
potente,3.94,es,wordfreq,1,2.65
potter,3.89,es,wordfreq,0,2.65
power,3.95,es,wordfreq,2,2.05
pozo,4.22,es,wordfreq,2,1.9
poética,3.82,es,wordfreq,0,2.8
pp,4.99,es,wordfreq,17,1.05
pq,3.93,es,wordfreq,11,1.45
pr,4.01,es,wordfreq,19,1.0
practica,4.01,es,wordfreq,1,2.7
practicar,4.21,es,wordfreq,0,3.45
prado,3.98,es,wordfreq,1,1.9
prd,3.9,es,wordfreq,3,1.75
pre,4.37,es,wordfreq,5,1.55
precaución,3.82,es,wordfreq,0,3.4
precedente,3.96,es,wordfreq,1,3.05
precedentes,4.02,es,wordfreq,1,3.15
precio,5.16,es,wordfreq,2,1.75
precios,4.98,es,wordfreq,2,2.05
preciosa,4.3,es,wordfreq,1,2.5
precioso,4.22,es,wordfreq,1,2.45
precisa,4.09,es,wordfreq,1,2.15
precisamente,4.69,es,wordfreq,0,3.9
precisión,4.15,es,wordfreq,0,3.15
preciso,4.17,es,wordfreq,1,2.15
preferencia,4.06,es,wordfreq,0,3.4
preferencias,3.86,es,wordfreq,0,3.8
preferido,3.97,es,wordfreq,0,3.65
prefiere,4.13,es,wordfreq,1,2.9
prefieren,4.06,es,wordfreq,1,3.1
prefieres,3.87,es,wordfreq,1,3.15
prefiero,4.58,es,wordfreq,1,2.7
pregunta,5.24,es,wordfreq,4,2.1
preguntaba,4.03,es,wordfreq,0,3.0
preguntado,4.11,es,wordfreq,0,2.5
preguntan,4.23,es,wordfreq,2,2.4
preguntando,4.14,es,wordfreq,0,3.25
preguntar,4.52,es,wordfreq,2,2.3
preguntarle,3.97,es,wordfreq,0,3.65
preguntaron,3.92,es,wordfreq,0,3.2
preguntas,5.03,es,wordfreq,2,2.4
pregunte,4.0,es,wordfreq,4,2.35
pregunto,4.7,es,wordfreq,5,2.25
pregunté,4.15,es,wordfreq,4,2.7
preguntó,4.49,es,wordfreq,4,2.55
prejuicios,3.96,es,wordfreq,0,4.0
preliminar,3.83,es,wordfreq,0,4.5
premio,4.96,es,wordfreq,3,2.15
premios,4.63,es,wordfreq,2,2.15
premium,3.83,es,wordfreq,0,3.3
prenda,3.84,es,wordfreq,1,1.95
prendas,3.88,es,wordfreq,0,2.45
prensa,4.95,es,wordfreq,2,1.85
preocupa,4.5,es,wordfreq,0,3.3
preocupaciones,4.07,es,wordfreq,0,4.7
preocupación,4.42,es,wordfreq,0,3.85
preocupada,3.87,es,wordfreq,1,3.45
preocupado,4.19,es,wordfreq,1,3.25
preocupados,3.87,es,wordfreq,0,3.45
preocupan,3.88,es,wordfreq,0,3.3
preocupante,3.85,es,wordfreq,0,3.95
preocuparse,4.04,es,wordfreq,0,4.15
preocupes,4.21,es,wordfreq,0,3.6
prepara,4.24,es,wordfreq,0,2.6
preparación,4.42,es,wordfreq,0,3.4
preparada,4.13,es,wordfreq,1,3.05
preparado,4.48,es,wordfreq,1,2.75
preparados,4.22,es,wordfreq,0,3.25
preparan,3.81,es,wordfreq,1,3.0
preparando,4.19,es,wordfreq,0,3.35
preparar,4.33,es,wordfreq,1,2.65
presa,4.21,es,wordfreq,3,1.7
presencia,4.97,es,wordfreq,0,2.8
presenta,4.91,es,wordfreq,3,1.95
presentaba,3.87,es,wordfreq,1,2.6
presentaciones,4.03,es,wordfreq,0,4.45
presentación,4.71,es,wordfreq,0,3.55
presentada,4.14,es,wordfreq,2,2.35
presentadas,3.82,es,wordfreq,1,2.85
presentado,4.57,es,wordfreq,1,2.05
presentador,3.85,es,wordfreq,1,2.65
presentados,3.88,es,wordfreq,3,2.4
presentamos,3.94,es,wordfreq,1,2.9
presentan,4.52,es,wordfreq,1,2.25
presentando,4.02,es,wordfreq,0,2.7
presentar,4.68,es,wordfreq,1,2.1
presentaron,4.17,es,wordfreq,0,2.8
presentarse,4.2,es,wordfreq,0,3.1
presente,5.04,es,wordfreq,3,2.25
presentes,4.51,es,wordfreq,0,2.6
presento,4.03,es,wordfreq,4,2.3
presentó,4.64,es,wordfreq,3,2.45
preservar,3.92,es,wordfreq,0,3.35
presidencia,4.68,es,wordfreq,0,3.2
presidencial,4.4,es,wordfreq,0,3.85
presidenciales,4.08,es,wordfreq,0,4.8
presidenta,4.4,es,wordfreq,1,2.95
presidente,5.55,es,wordfreq,1,2.6
presidentes,4.29,es,wordfreq,0,2.95
presiones,4.03,es,wordfreq,0,2.7
presión,4.82,es,wordfreq,1,2.25
preso,4.27,es,wordfreq,2,1.8
presos,4.39,es,wordfreq,0,1.85
press,4.14,es,wordfreq,2,1.85
presta,4.1,es,wordfreq,1,1.85
prestaciones,3.99,es,wordfreq,0,3.6
prestación,3.87,es,wordfreq,0,3.2
prestado,4.07,es,wordfreq,0,2.6
prestar,4.14,es,wordfreq,0,2.5
prestigio,4.09,es,wordfreq,0,3.9
presunto,3.86,es,wordfreq,2,2.45
presupuesto,4.78,es,wordfreq,0,3.95
presupuestos,4.11,es,wordfreq,0,4.3
pretende,4.48,es,wordfreq,0,2.7
pretenden,4.04,es,wordfreq,1,3.35
pretender,3.87,es,wordfreq,1,2.95
pretendía,3.95,es,wordfreq,0,3.45
pretexto,3.91,es,wordfreq,0,3.2
prevención,4.29,es,wordfreq,0,3.4
prevenir,4.25,es,wordfreq,0,3.15
preventiva,3.84,es,wordfreq,0,3.7
previa,4.43,es,wordfreq,1,2.15
previamente,4.37,es,wordfreq,0,3.6
previas,3.9,es,wordfreq,1,2.55
previo,4.35,es,wordfreq,3,2.15
previos,3.95,es,wordfreq,3,2.25
prevista,3.83,es,wordfreq,1,2.55
previsto,4.23,es,wordfreq,1,2.75
pri,4.31,es,wordfreq,3,1.75
prima,4.4,es,wordfreq,2,1.85
primaria,4.53,es,wordfreq,1,3.0
primarias,4.03,es,wordfreq,0,3.4
primario,3.83,es,wordfreq,1,2.75
primas,3.96,es,wordfreq,1,1.95
primavera,4.57,es,wordfreq,0,3.6
primer,5.62,es,wordfreq,0,2.4
primera,5.67,es,wordfreq,1,2.3
primeras,4.81,es,wordfreq,1,2.55
primero,5.41,es,wordfreq,1,2.45
primeros,5.08,es,wordfreq,1,2.65
primo,4.42,es,wordfreq,1,1.9
primos,3.95,es,wordfreq,1,1.9
princesa,4.49,es,wordfreq,0,3.4
principal,5.2,es,wordfreq,0,3.6
principales,5.08,es,wordfreq,0,3.95
principalmente,4.8,es,wordfreq,0,4.95
principio,5.1,es,wordfreq,0,3.95
principios,5.0,es,wordfreq,0,4.25
prioridad,4.32,es,wordfreq,0,3.6
prioridades,4.01,es,wordfreq,0,4.55
prisa,4.13,es,wordfreq,2,1.85
prisionero,4.04,es,wordfreq,0,4.25
prisioneros,4.26,es,wordfreq,0,4.45
prisión,4.7,es,wordfreq,1,2.6
privacidad,4.26,es,wordfreq,0,4.15
privada,4.71,es,wordfreq,1,2.7
privadas,4.43,es,wordfreq,1,2.8
privado,4.76,es,wordfreq,1,2.55
privados,4.43,es,wordfreq,1,2.7
privilegio,4.09,es,wordfreq,0,4.8
privilegios,4.1,es,wordfreq,0,5.05
pro,4.79,es,wordfreq,5,1.5
probabilidad,4.12,es,wordfreq,0,4.55
probabilidades,3.9,es,wordfreq,0,5.55
probable,4.66,es,wordfreq,0,3.7
probablemente,5.0,es,wordfreq,0,5.45
probado,4.23,es,wordfreq,0,2.45
probar,4.64,es,wordfreq,0,2.6
problema,5.5,es,wordfreq,0,3.5
problemas,5.43,es,wordfreq,0,3.65
problemática,3.96,es,wordfreq,0,5.35
procede,4.03,es,wordfreq,0,2.75
procedente,4.01,es,wordfreq,1,3.4
procedentes,4.11,es,wordfreq,1,3.45
proceder,3.95,es,wordfreq,0,2.85
procedimiento,4.53,es,wordfreq,0,4.55
procedimientos,4.36,es,wordfreq,0,5.0
procesamiento,3.92,es,wordfreq,0,4.85
proceso,5.32,es,wordfreq,0,2.5
procesos,4.66,es,wordfreq,0,2.75
procurador,3.87,es,wordfreq,0,3.9
producciones,3.95,es,wordfreq,0,4.1
producción,5.15,es,wordfreq,0,2.85
produce,4.66,es,wordfreq,0,2.65
producen,4.34,es,wordfreq,0,3.15
producida,3.9,es,wordfreq,1,2.75
producido,4.44,es,wordfreq,1,2.5
producidos,3.83,es,wordfreq,0,3.2
produciendo,3.95,es,wordfreq,0,3.75
producir,4.54,es,wordfreq,0,2.65
productiva,3.9,es,wordfreq,1,3.3
productividad,4.13,es,wordfreq,0,5.2
productivo,4.09,es,wordfreq,1,3.3
producto,4.88,es,wordfreq,0,2.4
productor,4.26,es,wordfreq,1,2.6
productora,3.81,es,wordfreq,0,3.2
productores,4.42,es,wordfreq,0,3.65
productos,5.05,es,wordfreq,1,2.7
produjo,4.35,es,wordfreq,0,2.8
profe,3.84,es,wordfreq,0,2.65
profesional,4.93,es,wordfreq,0,4.2
profesionales,4.72,es,wordfreq,0,5.15
profesión,4.35,es,wordfreq,0,3.3
profesor,4.97,es,wordfreq,0,2.75
profesora,4.36,es,wordfreq,0,3.4
profesores,4.71,es,wordfreq,0,3.8
profeta,3.93,es,wordfreq,0,2.7
profunda,4.38,es,wordfreq,1,3.25
profundamente,4.29,es,wordfreq,0,5.0
profundas,3.99,es,wordfreq,1,3.45
profundidad,4.39,es,wordfreq,0,4.55
profundo,4.51,es,wordfreq,1,3.1
profundos,3.86,es,wordfreq,1,3.5
programa,5.35,es,wordfreq,0,3.6
programación,4.43,es,wordfreq,0,4.6
programado,3.82,es,wordfreq,0,4.2
programas,4.92,es,wordfreq,0,3.65
progresista,3.97,es,wordfreq,0,4.8
progreso,4.49,es,wordfreq,0,3.1
prohibición,4.14,es,wordfreq,0,4.3
prohibida,3.86,es,wordfreq,1,3.6
prohibido,4.39,es,wordfreq,1,3.5
prohibir,4.09,es,wordfreq,0,3.65
project,3.82,es,wordfreq,0,3.0
promedio,4.72,es,wordfreq,0,2.8
promesa,4.31,es,wordfreq,0,2.55
promesas,4.26,es,wordfreq,0,2.75
promete,4.0,es,wordfreq,1,2.6
prometido,4.06,es,wordfreq,0,2.85
prometió,4.01,es,wordfreq,0,3.1
prometo,4.11,es,wordfreq,1,2.4
promocionar,3.85,es,wordfreq,0,4.25
promoción,4.55,es,wordfreq,0,3.3
promover,4.46,es,wordfreq,0,3.3
promueve,3.99,es,wordfreq,0,3.5
pronto,5.12,es,wordfreq,0,2.45
pronóstico,3.81,es,wordfreq,0,4.3
propaganda,4.41,es,wordfreq,0,4.45
propia,5.2,es,wordfreq,1,2.45
propias,4.75,es,wordfreq,1,2.55
propiedad,4.95,es,wordfreq,0,3.6
propiedades,4.5,es,wordfreq,0,4.35
propietario,4.33,es,wordfreq,0,4.6
propietarios,4.27,es,wordfreq,0,5.0
propio,5.23,es,wordfreq,1,2.5
propios,4.86,es,wordfreq,1,2.6
propone,4.43,es,wordfreq,0,2.7
proponen,3.84,es,wordfreq,1,3.3
proponer,4.06,es,wordfreq,1,3.0
propongo,3.86,es,wordfreq,0,3.4
proporciona,4.21,es,wordfreq,0,4.3
proporcional,3.86,es,wordfreq,1,4.7
proporcionar,4.21,es,wordfreq,1,4.7
proporción,4.11,es,wordfreq,0,3.45
propuesta,4.9,es,wordfreq,1,2.9
propuestas,4.64,es,wordfreq,0,3.35
propuesto,4.22,es,wordfreq,1,2.75
propuso,4.18,es,wordfreq,0,2.8
propósito,4.76,es,wordfreq,0,3.6
propósitos,3.92,es,wordfreq,0,3.85
prosperidad,3.93,es,wordfreq,0,4.75
prostitución,3.97,es,wordfreq,0,4.4
prostitutas,3.86,es,wordfreq,0,4.75
protagonista,4.33,es,wordfreq,0,5.45
protagonistas,4.1,es,wordfreq,0,5.75
protección,4.92,es,wordfreq,1,3.45
protector,3.97,es,wordfreq,0,2.95
protege,4.07,es,wordfreq,0,2.8
proteger,4.59,es,wordfreq,0,2.95
protegida,3.9,es,wordfreq,1,3.45
protegido,4.02,es,wordfreq,1,3.3
protegidos,3.86,es,wordfreq,0,3.65
protesta,4.43,es,wordfreq,0,2.6
protestar,3.95,es,wordfreq,1,2.9
protestas,4.31,es,wordfreq,1,2.85
proteínas,3.96,es,wordfreq,0,3.75
protocolo,4.24,es,wordfreq,0,4.15
provecho,4.02,es,wordfreq,0,3.0
proveedor,4.07,es,wordfreq,0,3.6
proveedores,4.18,es,wordfreq,0,4.45
proveer,3.97,es,wordfreq,0,2.8
provenientes,4.05,es,wordfreq,0,4.45
proviene,4.13,es,wordfreq,0,3.4
provienen,3.86,es,wordfreq,0,3.65
provincia,5.1,es,wordfreq,0,3.45
provincial,4.5,es,wordfreq,1,3.6
provinciales,3.97,es,wordfreq,0,4.2
provincias,4.57,es,wordfreq,1,3.6
provisional,4.03,es,wordfreq,0,4.6
provoca,4.24,es,wordfreq,1,2.75
provocado,4.0,es,wordfreq,0,3.25
provocando,3.93,es,wordfreq,0,3.7
provocar,4.21,es,wordfreq,0,3.15
provocó,4.19,es,wordfreq,1,3.35
proyección,4.07,es,wordfreq,1,3.4
proyecto,5.38,es,wordfreq,0,2.6
proyectos,4.98,es,wordfreq,0,3.15
prueba,5.09,es,wordfreq,0,2.6
pruebas,4.92,es,wordfreq,0,2.75
práctica,4.89,es,wordfreq,2,2.85
prácticamente,4.6,es,wordfreq,0,4.45
prácticas,4.61,es,wordfreq,1,3.25
práctico,4.09,es,wordfreq,1,2.85
prácticos,3.87,es,wordfreq,1,3.25
préstamo,4.2,es,wordfreq,0,3.65
préstamos,4.12,es,wordfreq,0,3.55
príncipe,4.62,es,wordfreq,0,3.9
próxima,4.73,es,wordfreq,1,3.05
próximas,4.24,es,wordfreq,1,3.25
próximo,4.88,es,wordfreq,1,3.0
próximos,4.42,es,wordfreq,1,3.1
ps,3.99,es,wordfreq,21,1.0
psicología,4.25,es,wordfreq,0,4.4
psicológica,3.85,es,wordfreq,1,5.05
psicológico,3.89,es,wordfreq,1,5.0
psicólogo,3.84,es,wordfreq,0,4.75
psoe,4.41,es,wordfreq,0,2.0
pt,3.81,es,wordfreq,16,1.2
publica,4.56,es,wordfreq,3,2.2
publicaciones,4.59,es,wordfreq,0,4.25
publicación,4.77,es,wordfreq,0,3.45
publicada,4.48,es,wordfreq,1,2.65
publicadas,3.98,es,wordfreq,1,3.1
publicado,4.92,es,wordfreq,1,2.45
publicados,4.19,es,wordfreq,1,2.85
publican,3.93,es,wordfreq,1,2.45
publicar,4.44,es,wordfreq,1,2.45
publicaron,3.87,es,wordfreq,0,3.35
publicidad,4.68,es,wordfreq,0,3.5
publico,4.14,es,wordfreq,3,2.45
publicó,4.67,es,wordfreq,2,2.85
pude,4.68,es,wordfreq,3,1.8
pudiendo,4.12,es,wordfreq,1,2.7
pudiera,4.73,es,wordfreq,0,2.55
pudieran,4.31,es,wordfreq,1,2.55
pudieron,4.46,es,wordfreq,3,2.4
pudiese,3.83,es,wordfreq,0,2.85
pudimos,4.07,es,wordfreq,1,2.55
pudo,4.99,es,wordfreq,8,1.55
puebla,4.35,es,wordfreq,1,2.45
pueblo,5.51,es,wordfreq,1,2.35
pueblos,4.9,es,wordfreq,0,2.55
pueda,5.26,es,wordfreq,4,1.7
puedan,4.94,es,wordfreq,3,1.95
puedas,4.61,es,wordfreq,4,1.75
puede,6.11,es,wordfreq,3,1.7
pueden,5.68,es,wordfreq,3,1.85
puedes,5.44,es,wordfreq,3,1.8
puedo,5.58,es,wordfreq,3,1.75
puente,4.71,es,wordfreq,2,1.85
puentes,4.09,es,wordfreq,1,1.9
puerta,5.07,es,wordfreq,4,1.75
puertas,4.72,es,wordfreq,3,1.8
puerto,5.06,es,wordfreq,3,1.8
puertos,4.12,es,wordfreq,3,1.8
pues,5.68,es,wordfreq,1,1.95
puesta,4.49,es,wordfreq,4,1.7
puestas,3.84,es,wordfreq,2,1.8
puesto,5.3,es,wordfreq,2,1.75
puestos,4.69,es,wordfreq,2,1.85
pulgadas,3.89,es,wordfreq,0,3.4
pulso,3.92,es,wordfreq,0,1.95
punta,4.6,es,wordfreq,3,1.7
puntas,3.85,es,wordfreq,2,1.8
punto,5.5,es,wordfreq,3,1.75
puntos,5.18,es,wordfreq,2,1.8
puntuación,3.84,es,wordfreq,0,3.8
pura,4.54,es,wordfreq,5,1.7
puramente,3.81,es,wordfreq,0,2.9
puras,3.81,es,wordfreq,3,1.8
puro,4.53,es,wordfreq,11,1.35
puros,3.86,es,wordfreq,5,1.7
puse,4.53,es,wordfreq,4,1.75
pusieron,4.42,es,wordfreq,1,2.6
pusiste,3.89,es,wordfreq,0,2.85
puso,4.91,es,wordfreq,9,1.45
puta,5.05,es,wordfreq,4,1.7
putas,4.39,es,wordfreq,4,1.7
puto,4.45,es,wordfreq,7,1.55
putos,3.93,es,wordfreq,3,1.75
puñado,3.86,es,wordfreq,1,2.2
puño,3.81,es,wordfreq,4,1.8
página,5.14,es,wordfreq,1,2.75
páginas,4.77,es,wordfreq,0,2.95
pájaro,3.95,es,wordfreq,0,2.8
pájaros,4.01,es,wordfreq,0,2.9
pánico,4.18,es,wordfreq,0,2.7
párrafo,4.04,es,wordfreq,0,3.6
pérdida,4.72,es,wordfreq,1,2.6
pérdidas,4.24,es,wordfreq,1,2.9
pérez,4.62,es,wordfreq,0,2.55
pública,5.18,es,wordfreq,2,2.4
públicamente,4.11,es,wordfreq,0,4.3
públicas,4.81,es,wordfreq,1,2.75
público,5.34,es,wordfreq,2,2.65
públicos,4.86,es,wordfreq,1,3.15
qu,3.91,es,wordfreq,8,1.5
que,7.52,es,wordfreq,2,1.8
queda,5.28,es,wordfreq,8,1.45
quedaba,4.29,es,wordfreq,1,2.45
quedaban,3.87,es,wordfreq,0,2.7
quedado,4.62,es,wordfreq,1,2.1
quedamos,4.25,es,wordfreq,0,2.75
quedan,4.84,es,wordfreq,5,1.7
quedando,4.36,es,wordfreq,0,2.8
quedar,4.74,es,wordfreq,3,1.7
quedara,3.88,es,wordfreq,2,2.0
quedarme,4.21,es,wordfreq,2,2.45
quedaron,4.53,es,wordfreq,1,2.35
quedarse,4.56,es,wordfreq,3,2.35
quedarte,3.94,es,wordfreq,2,2.4
quedará,4.23,es,wordfreq,1,2.15
quedarán,3.83,es,wordfreq,1,2.4
quedaría,3.99,es,wordfreq,0,2.45
quedas,4.14,es,wordfreq,6,1.65
quede,4.65,es,wordfreq,5,1.65
queden,4.05,es,wordfreq,3,1.75
quedes,3.89,es,wordfreq,4,1.75
quedo,4.55,es,wordfreq,6,1.7
quedé,4.27,es,wordfreq,4,1.8
quedó,4.91,es,wordfreq,4,1.8
queen,3.83,es,wordfreq,1,1.9
queja,4.31,es,wordfreq,2,1.8
quejan,3.93,es,wordfreq,2,2.0
quejarse,3.82,es,wordfreq,1,2.8
quejas,4.22,es,wordfreq,2,1.85
quema,4.07,es,wordfreq,2,1.85
quemado,3.92,es,wordfreq,1,2.55
quemar,4.13,es,wordfreq,1,2.15
queremos,5.04,es,wordfreq,0,2.7
querer,4.75,es,wordfreq,1,2.2
queres,4.21,es,wordfreq,3,1.8
queria,4.25,es,wordfreq,1,1.9
querida,4.29,es,wordfreq,1,2.55
querido,4.78,es,wordfreq,1,2.45
queridos,4.19,es,wordfreq,0,2.75
queriendo,4.08,es,wordfreq,0,3.05
queréis,4.01,es,wordfreq,0,2.75
querés,4.05,es,wordfreq,1,2.25
querétaro,3.88,es,wordfreq,0,4.0
quería,5.06,es,wordfreq,1,1.85
queríamos,3.87,es,wordfreq,0,3.4
querían,4.41,es,wordfreq,1,2.5
querías,3.94,es,wordfreq,1,2.1
queso,4.45,es,wordfreq,3,1.85
quiebra,3.93,es,wordfreq,0,2.7
quien,5.72,es,wordfreq,2,1.9
quienes,5.25,es,wordfreq,2,2.35
quiera,4.9,es,wordfreq,2,1.75
quieran,4.54,es,wordfreq,2,2.05
quieras,4.78,es,wordfreq,2,2.05
quiere,5.55,es,wordfreq,2,1.9
quieren,5.26,es,wordfreq,2,2.1
quieres,5.3,es,wordfreq,3,2.1
quiero,5.79,es,wordfreq,2,2.1
quince,4.3,es,wordfreq,0,2.8
quinta,4.31,es,wordfreq,1,1.95
quintana,3.96,es,wordfreq,0,3.45
quinto,4.36,es,wordfreq,1,2.25
quise,4.39,es,wordfreq,1,2.05
quisiera,4.72,es,wordfreq,0,3.25
quisieron,3.93,es,wordfreq,0,3.15
quiso,4.56,es,wordfreq,3,1.85
quita,4.37,es,wordfreq,2,1.75
quitado,3.85,es,wordfreq,0,2.5
quitan,3.81,es,wordfreq,1,2.2
quitar,4.34,es,wordfreq,1,2.05
quitarle,3.84,es,wordfreq,0,3.4
quito,4.33,es,wordfreq,3,1.8
quitó,3.83,es,wordfreq,2,2.15
quizas,3.85,es,wordfreq,1,2.45
quizá,4.79,es,wordfreq,0,2.4
quizás,4.97,es,wordfreq,1,2.8
quién,5.37,es,wordfreq,1,2.3
quiénes,4.31,es,wordfreq,1,2.8
qué,6.13,es,wordfreq,2,1.85
quédate,4.14,es,wordfreq,0,3.3
química,4.33,es,wordfreq,1,2.85
químicas,3.85,es,wordfreq,1,3.4
químico,3.87,es,wordfreq,1,3.05
químicos,4.08,es,wordfreq,1,3.35
ra,3.81,es,wordfreq,17,1.0
rabia,4.26,es,wordfreq,3,1.8
racing,3.98,es,wordfreq,0,2.95
racional,3.99,es,wordfreq,1,3.0
racismo,4.08,es,wordfreq,0,2.9
racista,4.01,es,wordfreq,0,2.75
radar,3.82,es,wordfreq,0,2.0
radiación,4.03,es,wordfreq,0,2.75
radica,3.83,es,wordfreq,0,2.55
radical,4.38,es,wordfreq,0,2.85
radicales,4.12,es,wordfreq,0,3.6
radio,5.03,es,wordfreq,0,1.95
radios,3.9,es,wordfreq,0,2.1
rafael,4.58,es,wordfreq,0,3.0
rajoy,4.22,es,wordfreq,0,2.2
ram,3.84,es,wordfreq,3,1.65
rama,4.29,es,wordfreq,11,1.2
ramas,4.17,es,wordfreq,7,1.55
ramo,3.83,es,wordfreq,4,1.6
ramos,4.37,es,wordfreq,5,1.55
ramírez,4.19,es,wordfreq,0,3.65
ramón,4.41,es,wordfreq,3,1.85
rancho,4.01,es,wordfreq,0,2.55
rango,4.41,es,wordfreq,2,1.9
ranking,4.0,es,wordfreq,0,3.85
rap,3.9,es,wordfreq,3,1.75
rapidez,3.96,es,wordfreq,0,3.3
rapido,4.14,es,wordfreq,1,2.3
rara,4.41,es,wordfreq,9,1.5
raras,4.11,es,wordfreq,5,1.7
raro,4.8,es,wordfreq,6,1.65
raros,3.96,es,wordfreq,4,1.75
rasgos,4.13,es,wordfreq,0,2.2
rastro,3.88,es,wordfreq,2,2.35
rata,4.07,es,wordfreq,12,1.3
ratas,4.06,es,wordfreq,5,1.7
rato,4.86,es,wordfreq,10,1.45
ratón,3.88,es,wordfreq,2,1.9
ray,4.07,es,wordfreq,10,1.25
raya,3.89,es,wordfreq,8,1.55
raymond,3.82,es,wordfreq,0,3.7
rayo,4.15,es,wordfreq,6,1.6
rayos,4.26,es,wordfreq,2,1.85
raza,4.58,es,wordfreq,7,1.6
razas,4.0,es,wordfreq,3,1.8
razon,4.42,es,wordfreq,1,1.95
razonable,4.23,es,wordfreq,0,4.2
razonamiento,3.83,es,wordfreq,0,4.65
razones,4.91,es,wordfreq,0,2.8
razón,5.37,es,wordfreq,3,2.05
raíces,4.35,es,wordfreq,0,2.9
raíz,4.46,es,wordfreq,1,1.95
raúl,4.29,es,wordfreq,0,2.0
re,4.96,es,wordfreq,19,1.0
reaccionar,3.89,es,wordfreq,0,3.7
reacciones,4.21,es,wordfreq,0,2.75
reacción,4.58,es,wordfreq,0,2.55
real,5.41,es,wordfreq,1,1.95
reales,4.71,es,wordfreq,0,2.05
realidad,5.42,es,wordfreq,0,2.6
realidades,3.96,es,wordfreq,0,3.4
realista,4.1,es,wordfreq,0,2.9
realistas,3.86,es,wordfreq,0,3.3
realiza,4.62,es,wordfreq,1,2.4
realización,4.39,es,wordfreq,0,3.55
realizada,4.44,es,wordfreq,1,2.6
realizadas,4.26,es,wordfreq,1,3.0
realizado,4.7,es,wordfreq,1,2.35
realizados,4.17,es,wordfreq,1,2.85
realizan,4.33,es,wordfreq,1,2.5
realizando,4.18,es,wordfreq,0,3.15
realizar,4.89,es,wordfreq,1,2.35
realizaron,4.19,es,wordfreq,0,3.1
realizarse,3.99,es,wordfreq,0,3.4
realizará,3.88,es,wordfreq,0,2.95
realizó,4.6,es,wordfreq,1,2.85
realmente,5.3,es,wordfreq,0,3.15
rebelde,4.1,es,wordfreq,0,3.25
rebeldes,4.18,es,wordfreq,0,3.55
rebelión,4.08,es,wordfreq,0,3.25
recaudación,4.0,es,wordfreq,0,3.7
recepción,4.28,es,wordfreq,1,2.8
receptor,3.84,es,wordfreq,0,3.35
receta,4.2,es,wordfreq,0,2.4
recetas,3.93,es,wordfreq,0,2.75
rechaza,4.0,es,wordfreq,2,2.6
rechazado,3.92,es,wordfreq,0,3.4
rechazar,3.99,es,wordfreq,0,2.95
rechazo,4.35,es,wordfreq,2,2.6
rechazó,4.01,es,wordfreq,2,2.75
reciba,3.89,es,wordfreq,3,1.9
recibe,4.66,es,wordfreq,3,2.2
reciben,4.37,es,wordfreq,0,2.45
recibida,3.92,es,wordfreq,1,2.6
recibido,4.72,es,wordfreq,1,2.4
recibidos,3.91,es,wordfreq,1,3.05
recibiendo,4.18,es,wordfreq,0,3.35
recibieron,4.22,es,wordfreq,0,3.45
recibimos,3.94,es,wordfreq,1,3.25
recibir,4.84,es,wordfreq,1,2.4
recibirá,3.85,es,wordfreq,0,3.1
recibió,4.75,es,wordfreq,1,2.4
recibo,4.2,es,wordfreq,3,1.95
recibí,3.96,es,wordfreq,3,2.4
recien,3.98,es,wordfreq,1,2.3
reciente,4.55,es,wordfreq,0,2.35
recientemente,4.57,es,wordfreq,0,4.95
recientes,4.34,es,wordfreq,0,2.7
recinto,4.07,es,wordfreq,0,2.65
recién,4.79,es,wordfreq,1,2.6
reclama,3.93,es,wordfreq,1,2.6
reclamar,4.08,es,wordfreq,0,2.95
reclamo,4.05,es,wordfreq,1,2.6
reclamos,3.88,es,wordfreq,0,2.75
recoge,4.15,es,wordfreq,0,2.7
recoger,4.28,es,wordfreq,0,2.7
recogida,3.87,es,wordfreq,1,2.8
recogido,3.83,es,wordfreq,1,2.75
recolección,3.94,es,wordfreq,0,3.55
recomendable,3.85,es,wordfreq,0,5.45
recomendaciones,4.21,es,wordfreq,0,5.65
recomendación,4.04,es,wordfreq,0,4.5
recomienda,4.11,es,wordfreq,1,3.5
recomiendo,4.37,es,wordfreq,1,3.25
recompensa,4.06,es,wordfreq,0,4.45
reconoce,4.42,es,wordfreq,0,2.9
reconocen,4.02,es,wordfreq,1,3.15
reconocer,4.57,es,wordfreq,1,3.05
reconocida,4.09,es,wordfreq,1,3.1
reconocido,4.42,es,wordfreq,1,2.9
reconocidos,4.03,es,wordfreq,0,3.35
reconocimiento,4.71,es,wordfreq,0,4.8
reconoció,4.13,es,wordfreq,0,3.25
reconozco,3.94,es,wordfreq,0,3.55
reconstrucción,4.14,es,wordfreq,0,5.1
reconstruir,3.83,es,wordfreq,0,4.5
recopilación,3.91,es,wordfreq,0,4.0
record,3.86,es,wordfreq,1,2.6
recordado,3.88,es,wordfreq,0,3.05
recordando,4.0,es,wordfreq,0,3.6
recordar,4.76,es,wordfreq,0,2.7
recordemos,3.88,es,wordfreq,0,3.85
recordó,4.11,es,wordfreq,0,2.75
recorre,3.83,es,wordfreq,0,2.6
recorrer,4.07,es,wordfreq,0,2.7
recorrido,4.45,es,wordfreq,0,3.2
recortes,4.02,es,wordfreq,1,2.65
recta,3.95,es,wordfreq,2,1.85
recto,3.81,es,wordfreq,2,1.8
rector,4.02,es,wordfreq,2,2.0
recuento,3.82,es,wordfreq,0,2.65
recuerda,4.91,es,wordfreq,2,2.4
recuerdan,4.13,es,wordfreq,2,3.0
recuerdas,3.98,es,wordfreq,2,2.7
recuerde,3.96,es,wordfreq,2,2.55
recuerden,4.02,es,wordfreq,1,3.2
recuerdo,5.06,es,wordfreq,2,2.35
recuerdos,4.53,es,wordfreq,1,2.6
recuperación,4.37,es,wordfreq,0,3.85
recuperado,3.88,es,wordfreq,0,3.55
recuperar,4.56,es,wordfreq,0,3.35
recurrente,3.81,es,wordfreq,0,3.8
recurrir,4.09,es,wordfreq,0,3.05
recurso,4.4,es,wordfreq,0,2.8
recursos,5.1,es,wordfreq,0,3.0
red,5.1,es,wordfreq,3,1.75
redacción,4.3,es,wordfreq,1,2.75
redes,4.98,es,wordfreq,1,1.95
redonda,3.89,es,wordfreq,1,2.8
redondo,3.82,es,wordfreq,1,2.9
reducción,4.44,es,wordfreq,1,2.7
reduce,4.17,es,wordfreq,0,2.75
reducida,3.89,es,wordfreq,1,2.8
reducido,4.27,es,wordfreq,1,2.65
reducir,4.59,es,wordfreq,0,2.65
redujo,3.81,es,wordfreq,0,2.9
reelección,3.9,es,wordfreq,0,3.2
reemplazar,3.97,es,wordfreq,0,4.5
reemplazo,3.9,es,wordfreq,0,4.25
referencia,4.89,es,wordfreq,0,3.05
referencias,4.31,es,wordfreq,0,3.25
referente,4.23,es,wordfreq,0,2.95
referentes,3.89,es,wordfreq,0,3.4
referido,3.9,es,wordfreq,0,2.9
referirse,4.09,es,wordfreq,0,3.85
referéndum,4.12,es,wordfreq,0,5.1
refería,4.0,es,wordfreq,0,2.85
refiere,4.7,es,wordfreq,1,2.35
refieren,3.96,es,wordfreq,1,2.5
refieres,3.88,es,wordfreq,1,2.65
refiero,4.35,es,wordfreq,1,2.55
refirió,3.83,es,wordfreq,0,2.9
refleja,4.25,es,wordfreq,1,2.8
reflejan,3.89,es,wordfreq,0,3.55
reflejo,4.11,es,wordfreq,1,2.9
reflexionar,4.04,es,wordfreq,0,4.65
reflexiones,4.09,es,wordfreq,0,4.15
reflexión,4.35,es,wordfreq,0,3.6
reforma,4.89,es,wordfreq,0,2.7
reformas,4.48,es,wordfreq,0,2.8
reforzar,4.01,es,wordfreq,0,3.05
refugiados,4.18,es,wordfreq,0,3.85
refugio,4.28,es,wordfreq,0,3.2
regalar,3.86,es,wordfreq,1,2.5
regalo,4.67,es,wordfreq,0,2.5
regalos,4.28,es,wordfreq,0,2.65
regimiento,3.87,es,wordfreq,0,3.3
regional,4.69,es,wordfreq,0,3.4
regionales,4.39,es,wordfreq,0,3.65
regiones,4.65,es,wordfreq,0,2.65
registra,3.95,es,wordfreq,2,2.5
registrada,3.89,es,wordfreq,1,3.7
registrado,4.22,es,wordfreq,1,3.2
registrados,3.97,es,wordfreq,0,3.85
registrar,3.98,es,wordfreq,0,3.0
registro,4.83,es,wordfreq,2,2.6
registros,4.4,es,wordfreq,0,3.15
registró,3.96,es,wordfreq,2,3.05
región,5.18,es,wordfreq,0,2.65
regla,4.51,es,wordfreq,0,1.95
reglamento,4.32,es,wordfreq,0,3.6
reglas,4.76,es,wordfreq,0,2.35
regresa,4.27,es,wordfreq,2,2.65
regresar,4.55,es,wordfreq,0,3.15
regreso,4.71,es,wordfreq,2,2.6
regresó,4.19,es,wordfreq,2,2.75
regulación,4.27,es,wordfreq,0,3.05
regular,4.51,es,wordfreq,1,2.55
regulares,3.93,es,wordfreq,0,3.6
regularmente,4.0,es,wordfreq,0,4.55
regímenes,3.82,es,wordfreq,0,3.8
rehabilitación,4.06,es,wordfreq,0,5.75
rehenes,3.82,es,wordfreq,0,3.0
reina,4.79,es,wordfreq,2,1.9
reinado,3.9,es,wordfreq,0,2.75
reino,4.89,es,wordfreq,1,1.9
reinos,3.89,es,wordfreq,0,2.4
relacion,3.94,es,wordfreq,1,2.75
relaciona,3.88,es,wordfreq,0,3.1
relacionada,4.19,es,wordfreq,1,3.6
relacionadas,4.4,es,wordfreq,1,3.9
relacionado,4.46,es,wordfreq,1,3.25
relacionados,4.55,es,wordfreq,1,3.7
relaciones,5.07,es,wordfreq,0,2.8
relación,5.25,es,wordfreq,1,2.45
relata,3.88,es,wordfreq,1,2.3
relativa,4.08,es,wordfreq,1,2.9
relativamente,4.45,es,wordfreq,0,4.75
relativo,4.04,es,wordfreq,1,2.8
relativos,3.81,es,wordfreq,0,3.1
relato,4.38,es,wordfreq,1,2.05
relatos,4.15,es,wordfreq,0,2.45
relevancia,4.07,es,wordfreq,0,3.95
relevante,4.21,es,wordfreq,0,3.2
relevantes,4.11,es,wordfreq,0,3.5
relieve,3.97,es,wordfreq,0,2.95
religiones,4.04,es,wordfreq,0,3.1
religiosa,4.45,es,wordfreq,1,3.15
religiosas,4.34,es,wordfreq,1,3.55
religioso,4.39,es,wordfreq,1,3.15
religiosos,4.4,es,wordfreq,1,3.35
religión,4.67,es,wordfreq,0,2.8
relleno,3.89,es,wordfreq,0,2.9
reloj,4.38,es,wordfreq,0,2.7
remate,3.89,es,wordfreq,0,2.5
remedio,4.22,es,wordfreq,0,2.8
remedios,3.84,es,wordfreq,0,3.4
remoto,3.9,es,wordfreq,0,2.6
renacimiento,3.89,es,wordfreq,0,3.85
rendición,3.84,es,wordfreq,1,2.8
rendimiento,4.36,es,wordfreq,0,3.45
rendir,4.07,es,wordfreq,0,2.6
renovables,3.83,es,wordfreq,0,3.95
renovación,4.19,es,wordfreq,0,3.35
renovar,3.93,es,wordfreq,0,3.0
renta,4.51,es,wordfreq,3,1.8
rentas,3.85,es,wordfreq,1,1.9
renuncia,4.39,es,wordfreq,2,2.5
renunciar,4.3,es,wordfreq,1,3.0
renunció,3.86,es,wordfreq,2,2.75
reparaciones,3.81,es,wordfreq,0,3.65
reparación,4.05,es,wordfreq,1,2.7
reparar,3.96,es,wordfreq,1,2.4
reparto,4.13,es,wordfreq,0,2.75
repente,4.46,es,wordfreq,0,2.65
repercusión,3.86,es,wordfreq,0,4.6
repertorio,3.81,es,wordfreq,0,4.55
repetición,3.82,es,wordfreq,0,3.45
repetir,4.3,es,wordfreq,0,2.95
repite,4.13,es,wordfreq,1,2.6
repito,4.16,es,wordfreq,1,2.15
reportaje,4.0,es,wordfreq,0,3.8
reporte,4.24,es,wordfreq,1,2.3
reportes,3.98,es,wordfreq,2,2.6
representa,4.79,es,wordfreq,0,3.0
representación,4.63,es,wordfreq,0,4.25
representada,3.85,es,wordfreq,1,3.1
representado,3.99,es,wordfreq,1,2.9
representados,3.83,es,wordfreq,0,3.25
representan,4.44,es,wordfreq,1,2.95
representando,3.81,es,wordfreq,0,3.35
representante,4.58,es,wordfreq,0,3.8
representantes,4.71,es,wordfreq,0,4.4
representar,4.28,es,wordfreq,1,3.15
represión,4.28,es,wordfreq,1,3.1
reproducción,4.31,es,wordfreq,0,4.3
republica,3.87,es,wordfreq,1,3.25
republicana,3.85,es,wordfreq,1,4.0
republicano,4.03,es,wordfreq,1,3.85
republicanos,3.96,es,wordfreq,0,4.2
reputación,4.22,es,wordfreq,0,2.8
república,5.17,es,wordfreq,1,3.55
requerimientos,3.83,es,wordfreq,0,5.35
requiere,4.63,es,wordfreq,0,3.0
requieren,4.17,es,wordfreq,0,3.2
requisito,4.01,es,wordfreq,0,3.85
requisitos,4.38,es,wordfreq,0,4.25
resaltar,3.86,es,wordfreq,1,2.6
rescatar,3.99,es,wordfreq,0,2.75
rescate,4.35,es,wordfreq,0,2.8
reserva,4.55,es,wordfreq,0,2.65
reservado,3.87,es,wordfreq,0,3.05
reservas,4.36,es,wordfreq,0,3.1
reseña,4.1,es,wordfreq,0,2.7
reside,3.98,es,wordfreq,0,2.75
residencia,4.5,es,wordfreq,0,3.0
residente,4.0,es,wordfreq,0,2.6
residentes,4.24,es,wordfreq,0,2.95
residuos,4.04,es,wordfreq,0,3.45
resistencia,4.72,es,wordfreq,0,3.85
resistir,4.01,es,wordfreq,0,2.85
resoluciones,3.85,es,wordfreq,1,3.85
resolución,4.69,es,wordfreq,1,3.25
resolver,4.68,es,wordfreq,0,3.45
respaldo,4.18,es,wordfreq,0,2.95
respecta,4.0,es,wordfreq,1,2.65
respectivamente,4.34,es,wordfreq,0,5.35
respectivas,3.9,es,wordfreq,1,3.85
respectivos,4.01,es,wordfreq,1,3.75
respecto,5.26,es,wordfreq,1,2.6
respeta,4.0,es,wordfreq,1,2.4
respetar,4.32,es,wordfreq,0,2.45
respeto,4.97,es,wordfreq,1,2.45
respiración,4.02,es,wordfreq,0,3.4
respirar,4.23,es,wordfreq,0,2.8
responda,3.83,es,wordfreq,1,3.0
responde,4.56,es,wordfreq,1,2.8
responden,4.04,es,wordfreq,1,3.2
responder,4.66,es,wordfreq,1,3.1
respondiendo,3.88,es,wordfreq,0,4.4
respondió,4.42,es,wordfreq,0,3.6
responsabilidad,4.9,es,wordfreq,0,6.05
responsable,4.8,es,wordfreq,0,4.6
responsables,4.52,es,wordfreq,0,4.8
respuesta,5.16,es,wordfreq,0,2.75
respuestas,4.69,es,wordfreq,0,3.3
restantes,4.04,es,wordfreq,0,3.2
restauración,4.07,es,wordfreq,0,3.9
restaurante,4.45,es,wordfreq,0,4.55
restaurantes,4.26,es,wordfreq,0,4.8
restaurar,3.81,es,wordfreq,0,3.65
resto,5.17,es,wordfreq,2,1.75
restos,4.42,es,wordfreq,1,1.8
restricciones,4.13,es,wordfreq,0,4.4
restricción,3.85,es,wordfreq,0,3.65
resuelto,4.05,es,wordfreq,0,2.55
resuelve,3.9,es,wordfreq,0,3.25
resulta,4.89,es,wordfreq,2,2.35
resultado,5.12,es,wordfreq,0,2.95
resultados,5.14,es,wordfreq,0,3.45
resultan,3.93,es,wordfreq,1,2.55
resultar,4.08,es,wordfreq,2,2.3
resultaron,3.92,es,wordfreq,0,3.45
resulte,3.84,es,wordfreq,2,2.5
resultó,4.44,es,wordfreq,2,2.65
resume,3.84,es,wordfreq,0,2.7
resumen,4.63,es,wordfreq,0,3.1
resurrección,3.83,es,wordfreq,0,4.55
retira,3.84,es,wordfreq,2,2.25
retirada,4.11,es,wordfreq,1,2.8
retirado,4.09,es,wordfreq,1,2.55
retirar,4.15,es,wordfreq,0,2.45
retirarse,3.96,es,wordfreq,0,3.6
retiro,4.41,es,wordfreq,2,2.25
retiró,3.94,es,wordfreq,2,2.6
reto,4.36,es,wordfreq,3,1.7
retorno,4.19,es,wordfreq,0,2.8
retos,4.09,es,wordfreq,0,1.9
retraso,4.09,es,wordfreq,1,2.7
retrato,4.17,es,wordfreq,1,2.65
retratos,3.84,es,wordfreq,0,2.85
retórica,3.9,es,wordfreq,0,3.75
reunido,4.09,es,wordfreq,0,2.45
reunidos,3.85,es,wordfreq,0,2.85
reunieron,3.83,es,wordfreq,0,3.1
reuniones,4.43,es,wordfreq,0,3.05
reunir,4.14,es,wordfreq,1,2.55
reunirse,4.01,es,wordfreq,0,3.4
reunió,4.09,es,wordfreq,1,2.65
reunión,4.9,es,wordfreq,0,2.7
revela,4.33,es,wordfreq,1,2.3
revelación,3.99,es,wordfreq,0,2.85
revelan,3.86,es,wordfreq,1,2.75
revelar,3.87,es,wordfreq,1,2.6
reveló,4.1,es,wordfreq,1,2.8
revisa,3.99,es,wordfreq,0,2.2
revisar,4.38,es,wordfreq,0,2.6
revisión,4.39,es,wordfreq,0,2.7
revista,4.9,es,wordfreq,0,2.3
revistas,4.29,es,wordfreq,0,2.65
revolucionaria,4.01,es,wordfreq,1,5.45
revolucionario,4.29,es,wordfreq,1,5.25
revolucionarios,4.02,es,wordfreq,0,5.8
revoluciones,3.82,es,wordfreq,1,3.85
revolución,4.95,es,wordfreq,1,3.15
revuelta,3.86,es,wordfreq,0,2.8
revés,4.23,es,wordfreq,0,2.55
rey,5.24,es,wordfreq,6,1.65
reyes,4.62,es,wordfreq,2,1.9
reza,3.82,es,wordfreq,1,1.9
rezar,3.85,es,wordfreq,0,2.1
reír,4.12,es,wordfreq,0,2.0
reúne,4.11,es,wordfreq,0,2.65
reúnen,3.84,es,wordfreq,0,2.85
ribera,3.93,es,wordfreq,1,2.25
rica,4.76,es,wordfreq,5,1.7
ricardo,4.48,es,wordfreq,0,2.95
ricas,4.03,es,wordfreq,4,1.75
richard,4.36,es,wordfreq,0,3.2
rick,3.9,es,wordfreq,4,1.8
rico,4.96,es,wordfreq,3,1.75
ricos,4.51,es,wordfreq,1,1.9
ridículo,4.34,es,wordfreq,0,3.9
riego,3.85,es,wordfreq,4,1.7
riesgo,4.89,es,wordfreq,0,2.5
riesgos,4.38,es,wordfreq,0,2.65
rigor,3.83,es,wordfreq,1,2.4
rincón,4.2,es,wordfreq,0,3.0
rinde,3.92,es,wordfreq,1,2.0
rio,4.43,es,wordfreq,6,1.55
rioja,3.92,es,wordfreq,0,1.95
riqueza,4.48,es,wordfreq,0,3.35
risa,4.54,es,wordfreq,7,1.55
risas,4.03,es,wordfreq,3,1.8
rita,3.93,es,wordfreq,6,1.65
ritmo,4.55,es,wordfreq,0,2.35
ritual,4.03,es,wordfreq,0,2.6
rituales,3.83,es,wordfreq,0,2.65
rival,4.24,es,wordfreq,1,1.95
rivales,4.01,es,wordfreq,0,2.55
rivas,3.87,es,wordfreq,4,1.8
river,4.4,es,wordfreq,0,2.15
rivera,4.44,es,wordfreq,1,2.35
road,3.81,es,wordfreq,0,2.0
roba,3.97,es,wordfreq,8,1.5
robado,4.19,es,wordfreq,0,1.95
roban,3.93,es,wordfreq,2,1.85
robando,3.91,es,wordfreq,0,2.4
robar,4.43,es,wordfreq,1,1.85
robaron,4.08,es,wordfreq,0,2.75
robert,4.43,es,wordfreq,0,2.6
roberto,4.39,es,wordfreq,0,2.8
robin,3.89,es,wordfreq,1,2.35
robles,3.81,es,wordfreq,2,2.25
robo,4.55,es,wordfreq,5,1.65
robos,3.92,es,wordfreq,3,1.75
robot,4.05,es,wordfreq,1,2.1
robots,3.92,es,wordfreq,0,2.6
robó,3.86,es,wordfreq,2,1.9
roca,4.38,es,wordfreq,13,1.3
rocas,4.13,es,wordfreq,6,1.65
rock,4.56,es,wordfreq,2,1.9
rodea,4.09,es,wordfreq,0,1.95
rodeada,3.88,es,wordfreq,1,2.8
rodeado,4.14,es,wordfreq,1,2.7
rodean,3.97,es,wordfreq,0,2.65
rodilla,4.01,es,wordfreq,0,2.85
rodillas,4.07,es,wordfreq,0,3.4
rodrigo,4.26,es,wordfreq,0,3.15
rodriguez,3.88,es,wordfreq,1,4.5
rodríguez,4.69,es,wordfreq,1,4.75
roger,4.08,es,wordfreq,1,2.0
roja,4.65,es,wordfreq,8,1.5
rojas,4.47,es,wordfreq,5,1.7
rojo,4.84,es,wordfreq,3,1.75
rojos,4.19,es,wordfreq,2,1.8
rol,4.49,es,wordfreq,7,1.65
roles,3.88,es,wordfreq,1,1.9
rollo,4.06,es,wordfreq,1,2.0
roma,4.63,es,wordfreq,10,1.45
romana,3.99,es,wordfreq,1,2.4
romance,4.06,es,wordfreq,0,2.85
romano,4.18,es,wordfreq,1,2.2
romanos,4.11,es,wordfreq,0,2.65
romero,4.27,es,wordfreq,1,2.2
rompe,4.27,es,wordfreq,0,2.3
rompen,3.86,es,wordfreq,1,2.6
romper,4.57,es,wordfreq,1,2.6
rompiendo,3.95,es,wordfreq,0,3.35
rompió,4.19,es,wordfreq,0,2.8
romántica,3.96,es,wordfreq,1,3.6
romántico,4.02,es,wordfreq,1,3.7
ron,4.08,es,wordfreq,9,1.5
ronda,4.41,es,wordfreq,1,1.9
ropa,4.97,es,wordfreq,8,1.5
ropas,3.83,es,wordfreq,4,1.7
rosa,4.71,es,wordfreq,11,1.4
rosario,4.46,es,wordfreq,0,2.9
rosas,4.25,es,wordfreq,5,1.65
rose,3.99,es,wordfreq,3,1.85
ross,3.82,es,wordfreq,2,1.85
rostro,4.57,es,wordfreq,1,2.35
rostros,3.89,es,wordfreq,0,2.6
rota,3.94,es,wordfreq,13,1.35
roto,4.29,es,wordfreq,9,1.55
roy,3.92,es,wordfreq,9,1.55
rt,4.06,es,wordfreq,7,1.6
rubia,4.05,es,wordfreq,3,1.85
rubio,4.15,es,wordfreq,1,1.95
rubén,4.02,es,wordfreq,0,2.7
rueda,4.37,es,wordfreq,2,1.85
ruedas,4.29,es,wordfreq,2,1.85
ruego,3.87,es,wordfreq,4,1.8
ruido,4.57,es,wordfreq,0,2.0
ruina,3.83,es,wordfreq,1,1.85
ruinas,4.06,es,wordfreq,0,2.25
ruiz,4.28,es,wordfreq,0,2.0
rumbo,4.41,es,wordfreq,0,2.4
rumor,4.0,es,wordfreq,1,2.15
rumores,4.22,es,wordfreq,0,2.85
ruptura,4.07,es,wordfreq,0,2.85
rural,4.54,es,wordfreq,0,2.0
rurales,4.32,es,wordfreq,0,2.75
rusa,4.33,es,wordfreq,4,1.7
rusia,4.8,es,wordfreq,1,1.9
ruso,4.54,es,wordfreq,2,1.8
rusos,4.25,es,wordfreq,0,1.9
ruta,4.69,es,wordfreq,5,1.65
rutas,4.25,es,wordfreq,2,1.8
rutina,4.21,es,wordfreq,0,2.55
ryan,3.93,es,wordfreq,0,2.0
rápida,4.52,es,wordfreq,1,2.7
rápidamente,4.67,es,wordfreq,0,4.15
rápido,5.0,es,wordfreq,2,2.4
rápidos,4.0,es,wordfreq,0,2.8
récord,4.25,es,wordfreq,1,2.95
régimen,4.93,es,wordfreq,0,3.75
río,5.1,es,wordfreq,3,1.75
ríos,4.5,es,wordfreq,2,1.85
sa,4.27,es,wordfreq,25,1.0
sabe,5.37,es,wordfreq,3,1.7
sabemos,4.98,es,wordfreq,0,2.6
saben,5.09,es,wordfreq,4,1.75
saber,5.49,es,wordfreq,4,1.75
saberlo,4.08,es,wordfreq,1,2.65
sabes,5.25,es,wordfreq,3,1.8
sabia,4.34,es,wordfreq,4,1.8
sabido,4.39,es,wordfreq,3,1.8
sabiduría,4.17,es,wordfreq,0,4.45
sabiendo,4.31,es,wordfreq,3,2.5
sabio,4.1,es,wordfreq,2,1.85
sabor,4.45,es,wordfreq,2,1.9
sabrá,3.86,es,wordfreq,1,1.9
sabrás,3.81,es,wordfreq,0,2.55
sabéis,4.08,es,wordfreq,1,2.65
sabía,4.88,es,wordfreq,3,1.75
sabíamos,3.84,es,wordfreq,1,2.75
sabían,4.21,es,wordfreq,2,1.95
sabías,4.16,es,wordfreq,1,2.05
saca,4.52,es,wordfreq,8,1.4
sacado,4.25,es,wordfreq,0,1.95
sacan,4.16,es,wordfreq,2,1.85
sacando,4.07,es,wordfreq,0,2.45
sacar,4.89,es,wordfreq,2,1.85
sacarle,3.85,es,wordfreq,0,2.85
sacaron,4.06,es,wordfreq,0,2.6
sacas,3.86,es,wordfreq,5,1.7
sacerdote,4.28,es,wordfreq,0,3.8
sacerdotes,4.05,es,wordfreq,0,4.45
saco,4.4,es,wordfreq,5,1.75
sacrificio,4.23,es,wordfreq,0,4.8
sacó,4.32,es,wordfreq,2,1.9
saga,4.11,es,wordfreq,8,1.55
sagrada,4.01,es,wordfreq,1,2.85
sagrado,4.2,es,wordfreq,1,2.65
saint,4.01,es,wordfreq,0,2.5
sal,4.57,es,wordfreq,7,1.4
sala,4.92,es,wordfreq,10,1.1
salamanca,4.15,es,wordfreq,0,3.9
salarial,3.81,es,wordfreq,0,3.45
salario,4.48,es,wordfreq,0,2.75
salarios,4.36,es,wordfreq,0,2.8
salas,4.3,es,wordfreq,5,1.65
salazar,3.92,es,wordfreq,0,2.85
saldo,4.07,es,wordfreq,4,1.7
saldrá,4.1,es,wordfreq,0,2.8
sale,5.03,es,wordfreq,5,1.6
salen,4.59,es,wordfreq,4,1.75
sales,4.17,es,wordfreq,5,1.7
salga,4.6,es,wordfreq,6,1.55
salgan,4.2,es,wordfreq,0,1.95
salgo,4.16,es,wordfreq,5,1.7
salida,4.88,es,wordfreq,3,1.8
salidas,4.05,es,wordfreq,1,2.3
salido,4.56,es,wordfreq,4,1.7
saliendo,4.4,es,wordfreq,1,2.6
salieron,4.39,es,wordfreq,0,2.95
salimos,4.2,es,wordfreq,0,2.7
salinas,4.01,es,wordfreq,1,2.6
salio,4.05,es,wordfreq,7,1.6
salir,5.36,es,wordfreq,2,1.9
salió,4.87,es,wordfreq,4,1.8
salsa,4.32,es,wordfreq,5,1.7
salta,4.32,es,wordfreq,7,1.5
saltar,4.07,es,wordfreq,3,1.75
salto,4.38,es,wordfreq,6,1.6
salud,5.28,es,wordfreq,0,1.9
saluda,3.81,es,wordfreq,2,1.95
saludable,4.18,es,wordfreq,0,3.95
saludar,3.86,es,wordfreq,0,2.45
saludo,4.48,es,wordfreq,2,1.95
saludos,4.75,es,wordfreq,0,2.55
salva,4.01,es,wordfreq,8,1.5
salvación,3.98,es,wordfreq,0,3.35
salvador,4.65,es,wordfreq,0,2.95
salvaje,4.2,es,wordfreq,0,2.8
salvajes,4.02,es,wordfreq,0,3.45
salvar,4.52,es,wordfreq,1,1.9
salvo,4.79,es,wordfreq,7,1.65
salvó,3.84,es,wordfreq,3,1.85
salí,4.23,es,wordfreq,2,1.8
salía,4.1,es,wordfreq,6,1.6
salón,4.58,es,wordfreq,2,1.9
sam,4.11,es,wordfreq,3,1.7
samsung,4.0,es,wordfreq,0,3.95
samuel,4.04,es,wordfreq,0,2.8
san,5.47,es,wordfreq,14,1.0
sana,4.17,es,wordfreq,9,1.4
sanciones,4.2,es,wordfreq,1,2.7
sanción,4.07,es,wordfreq,1,2.55
sandra,3.88,es,wordfreq,0,2.4
sangre,5.01,es,wordfreq,0,2.95
sanidad,4.31,es,wordfreq,0,2.65
sanitaria,3.91,es,wordfreq,1,3.5
sanitario,3.88,es,wordfreq,1,3.45
sano,4.23,es,wordfreq,8,1.45
sant,3.82,es,wordfreq,2,1.7
santa,5.14,es,wordfreq,4,1.7
santander,4.26,es,wordfreq,0,3.75
santiago,4.92,es,wordfreq,0,3.55
santo,4.87,es,wordfreq,4,1.65
santos,4.7,es,wordfreq,1,1.9
santuario,3.95,es,wordfreq,0,3.6
saque,4.18,es,wordfreq,1,2.0
saquen,3.89,es,wordfreq,0,2.55
saqué,3.85,es,wordfreq,1,2.65
sara,4.13,es,wordfreq,9,1.45
sarah,4.12,es,wordfreq,0,2.05
sarcasmo,3.86,es,wordfreq,0,3.6
sargento,3.93,es,wordfreq,0,2.95
sarmiento,3.95,es,wordfreq,0,3.2
satisfacción,4.2,es,wordfreq,0,4.9
satisfacer,4.13,es,wordfreq,0,5.45
satisfecho,4.01,es,wordfreq,0,5.35
satélite,4.05,es,wordfreq,0,3.95
school,3.89,es,wordfreq,0,3.55
scott,4.17,es,wordfreq,0,2.95
se,7.06,es,wordfreq,27,1.0
sea,5.82,es,wordfreq,9,1.1
seamos,4.29,es,wordfreq,1,1.95
sean,5.19,es,wordfreq,4,1.65
seas,4.63,es,wordfreq,3,1.7
sebastian,3.88,es,wordfreq,1,4.1
sebastián,4.28,es,wordfreq,1,4.55
seca,4.15,es,wordfreq,6,1.6
secas,3.82,es,wordfreq,4,1.7
secciones,4.15,es,wordfreq,1,2.65
sección,4.82,es,wordfreq,1,2.5
seco,4.28,es,wordfreq,4,1.7
secos,3.85,es,wordfreq,1,1.9
secreta,4.12,es,wordfreq,1,2.7
secretaria,4.28,es,wordfreq,2,3.9
secretario,4.76,es,wordfreq,1,3.55
secretaría,4.47,es,wordfreq,1,4.25
secreto,4.69,es,wordfreq,2,2.7
secretos,4.38,es,wordfreq,0,2.9
sector,5.04,es,wordfreq,2,2.15
sectores,4.67,es,wordfreq,1,2.6
secuencia,4.03,es,wordfreq,0,3.15
secuestrado,3.87,es,wordfreq,0,4.5
secuestro,4.15,es,wordfreq,0,3.5
secundaria,4.59,es,wordfreq,1,4.05
secundario,4.08,es,wordfreq,1,3.8
secundarios,3.99,es,wordfreq,0,4.25
sed,4.14,es,wordfreq,7,1.45
seda,3.92,es,wordfreq,5,1.65
sede,4.76,es,wordfreq,1,1.85
see,3.81,es,wordfreq,6,1.55
segmento,3.99,es,wordfreq,0,2.95
segovia,3.82,es,wordfreq,0,3.15
seguida,4.09,es,wordfreq,2,2.35
seguido,4.63,es,wordfreq,2,2.25
seguidores,4.68,es,wordfreq,0,3.6
seguidos,3.93,es,wordfreq,2,2.45
seguimiento,4.34,es,wordfreq,0,3.7
seguimos,4.49,es,wordfreq,1,2.65
seguir,5.34,es,wordfreq,0,2.25
seguiremos,3.99,es,wordfreq,0,3.75
seguirá,4.3,es,wordfreq,1,2.45
seguirán,4.0,es,wordfreq,0,3.0
seguiré,3.88,es,wordfreq,1,2.55
segun,4.29,es,wordfreq,2,2.05
segunda,5.26,es,wordfreq,2,2.55
segundo,5.35,es,wordfreq,2,2.5
segundos,4.74,es,wordfreq,1,2.75
segura,4.67,es,wordfreq,2,1.85
seguramente,4.65,es,wordfreq,0,3.75
seguridad,5.36,es,wordfreq,0,3.35
seguro,5.39,es,wordfreq,1,2.05
seguros,4.56,es,wordfreq,0,2.55
seguí,4.03,es,wordfreq,1,2.45
seguía,4.29,es,wordfreq,1,2.25
seguían,3.89,es,wordfreq,0,2.65
según,5.62,es,wordfreq,1,2.6
seis,5.16,es,wordfreq,2,1.9
seleccionado,3.91,es,wordfreq,0,4.3
seleccionados,3.84,es,wordfreq,0,4.6
selección,4.88,es,wordfreq,0,2.7
sello,4.24,es,wordfreq,2,1.85
selva,4.25,es,wordfreq,2,1.9
semana,5.48,es,wordfreq,0,2.15
semanal,4.03,es,wordfreq,1,2.75
semanales,3.91,es,wordfreq,0,3.55
semanas,5.06,es,wordfreq,1,2.6
semejante,4.24,es,wordfreq,0,3.85
semestre,4.19,es,wordfreq,0,3.5
semi,3.94,es,wordfreq,0,2.0
semilla,3.9,es,wordfreq,1,2.7
semillas,4.26,es,wordfreq,0,2.85
seminario,4.16,es,wordfreq,0,3.75
senado,4.53,es,wordfreq,0,1.9
senador,4.44,es,wordfreq,0,2.7
senadores,4.21,es,wordfreq,0,3.1
sencilla,4.23,es,wordfreq,1,3.15
sencillamente,3.99,es,wordfreq,0,4.9
sencillo,4.66,es,wordfreq,1,3.25
sencillos,3.86,es,wordfreq,0,3.45
sendero,3.89,es,wordfreq,0,2.7
seno,4.02,es,wordfreq,4,1.8
sensaciones,3.84,es,wordfreq,0,3.35
sensación,4.64,es,wordfreq,0,3.0
sensibilidad,4.15,es,wordfreq,0,4.65
sensible,4.3,es,wordfreq,0,3.5
sensibles,3.93,es,wordfreq,0,3.35
sentada,4.09,es,wordfreq,1,2.55
sentado,4.36,es,wordfreq,2,2.1
sentados,3.9,es,wordfreq,1,2.4
sentarse,4.03,es,wordfreq,1,3.05
sentencia,4.65,es,wordfreq,0,3.0
sentencias,3.93,es,wordfreq,0,3.5
sentido,5.32,es,wordfreq,1,2.1
sentidos,4.18,es,wordfreq,2,2.45
sentimental,3.91,es,wordfreq,0,4.45
sentimiento,4.61,es,wordfreq,0,3.35
sentimientos,4.7,es,wordfreq,0,3.9
sentimos,4.26,es,wordfreq,1,2.7
sentir,4.89,es,wordfreq,1,2.2
sentirme,3.88,es,wordfreq,1,3.15
sentirse,4.33,es,wordfreq,2,3.0
sentí,4.38,es,wordfreq,0,1.95
sentía,4.45,es,wordfreq,0,2.15
sep,3.9,es,wordfreq,5,1.6
sepa,4.57,es,wordfreq,4,1.6
sepan,4.21,es,wordfreq,1,1.85
separa,4.02,es,wordfreq,0,2.15
separación,4.32,es,wordfreq,1,3.25
separadas,3.84,es,wordfreq,1,3.25
separado,4.23,es,wordfreq,0,2.55
separados,4.09,es,wordfreq,1,2.95
separar,4.01,es,wordfreq,1,2.55
sepas,4.17,es,wordfreq,2,1.8
septiembre,5.13,es,wordfreq,0,4.5
ser,6.27,es,wordfreq,10,1.25
sera,4.39,es,wordfreq,9,1.25
serbia,3.95,es,wordfreq,0,2.3
seremos,4.01,es,wordfreq,1,2.25
serena,3.92,es,wordfreq,0,2.25
seres,4.61,es,wordfreq,1,1.85
sergio,4.34,es,wordfreq,0,2.35
seria,4.72,es,wordfreq,6,1.55
seriamente,4.08,es,wordfreq,0,3.4
serias,3.97,es,wordfreq,2,1.85
serie,5.22,es,wordfreq,2,1.85
seriedad,3.92,es,wordfreq,0,3.1
series,4.47,es,wordfreq,2,2.3
serio,5.04,es,wordfreq,3,1.75
serios,4.15,es,wordfreq,2,1.85
serlo,4.29,es,wordfreq,3,1.85
serpiente,3.96,es,wordfreq,0,3.35
serrano,3.96,es,wordfreq,0,2.6
servicio,5.34,es,wordfreq,0,3.25
servicios,5.27,es,wordfreq,0,3.6
servido,4.13,es,wordfreq,0,2.4
servidor,4.19,es,wordfreq,0,2.8
servidores,4.17,es,wordfreq,0,3.65
servir,4.54,es,wordfreq,0,2.35
servirá,3.91,es,wordfreq,0,2.8
será,5.56,es,wordfreq,3,1.7
serán,4.97,es,wordfreq,2,1.85
serás,4.13,es,wordfreq,3,1.8
seré,4.18,es,wordfreq,3,1.8
sería,5.39,es,wordfreq,2,1.8
serían,4.51,es,wordfreq,0,2.0
sesenta,4.06,es,wordfreq,1,2.75
sesiones,4.34,es,wordfreq,1,2.5
sesión,4.65,es,wordfreq,1,2.2
set,4.06,es,wordfreq,6,1.55
setenta,4.0,es,wordfreq,1,2.75
setiembre,4.14,es,wordfreq,0,3.95
severo,3.83,es,wordfreq,0,2.85
sevilla,4.66,es,wordfreq,1,2.7
sexo,4.98,es,wordfreq,3,1.8
sexta,4.14,es,wordfreq,1,1.95
sexto,4.15,es,wordfreq,2,1.85
sexual,4.74,es,wordfreq,0,2.85
sexuales,4.39,es,wordfreq,0,2.95
sexualidad,4.01,es,wordfreq,0,3.7
sexy,4.2,es,wordfreq,1,1.95
señal,4.66,es,wordfreq,0,1.9
señala,4.51,es,wordfreq,1,2.3
señalado,4.11,es,wordfreq,0,2.75
señalan,3.99,es,wordfreq,1,2.55
señalando,3.88,es,wordfreq,0,3.5
señalar,4.24,es,wordfreq,1,2.5
señales,4.42,es,wordfreq,0,2.4
señaló,4.44,es,wordfreq,1,2.65
señor,5.45,es,wordfreq,0,1.95
señora,4.92,es,wordfreq,0,2.35
señoras,4.0,es,wordfreq,1,2.7
señores,4.58,es,wordfreq,1,2.45
señorita,4.16,es,wordfreq,0,3.35
shock,3.9,es,wordfreq,0,2.9
show,4.64,es,wordfreq,0,2.4
si,6.59,es,wordfreq,22,1.0
sida,3.97,es,wordfreq,5,1.7
sido,5.77,es,wordfreq,6,1.65
siembra,3.83,es,wordfreq,0,2.75
siempre,5.93,es,wordfreq,0,3.1
siendo,5.45,es,wordfreq,2,1.9
sienta,4.33,es,wordfreq,3,1.75
sientan,4.0,es,wordfreq,2,2.4
sientas,4.03,es,wordfreq,2,1.85
siente,4.85,es,wordfreq,4,1.65
sienten,4.41,es,wordfreq,2,2.15
sientes,4.36,es,wordfreq,3,1.8
siento,5.26,es,wordfreq,5,1.7
sierra,4.48,es,wordfreq,2,1.9
siesta,3.81,es,wordfreq,2,1.9
siete,4.98,es,wordfreq,0,1.95
siga,4.58,es,wordfreq,5,1.7
sigamos,3.95,es,wordfreq,1,2.6
sigan,4.42,es,wordfreq,1,1.9
siglas,4.13,es,wordfreq,2,2.0
siglo,5.15,es,wordfreq,1,1.85
siglos,4.55,es,wordfreq,2,2.1
significa,5.18,es,wordfreq,0,3.65
significaba,3.88,es,wordfreq,0,4.75
significado,4.57,es,wordfreq,0,3.85
significan,3.87,es,wordfreq,1,4.05
significar,3.93,es,wordfreq,1,3.8
significativa,4.08,es,wordfreq,1,5.2
significativo,4.14,es,wordfreq,1,5.1
significativos,3.82,es,wordfreq,0,5.6
signo,4.29,es,wordfreq,2,1.75
signos,4.24,es,wordfreq,1,2.35
sigo,4.66,es,wordfreq,4,1.7
sigue,5.38,es,wordfreq,0,2.1
siguen,4.97,es,wordfreq,1,2.45
sigues,4.3,es,wordfreq,1,2.5
siguiendo,4.66,es,wordfreq,0,3.05
siguiente,5.33,es,wordfreq,0,3.4
siguientes,4.98,es,wordfreq,0,3.75
siguieron,4.16,es,wordfreq,0,3.3
siguió,4.46,es,wordfreq,0,2.7
silencio,4.89,es,wordfreq,0,3.55
silla,4.43,es,wordfreq,2,1.85
sillas,3.99,es,wordfreq,3,1.9
sillón,3.81,es,wordfreq,1,2.7
silva,4.25,es,wordfreq,4,1.75
silvestre,3.82,es,wordfreq,0,4.3
silvia,3.83,es,wordfreq,0,2.6
similar,4.84,es,wordfreq,0,2.85
similares,4.64,es,wordfreq,0,3.6
simon,4.11,es,wordfreq,1,2.25
simpatía,3.85,es,wordfreq,0,3.95
simple,4.96,es,wordfreq,0,2.8
simplemente,5.16,es,wordfreq,0,4.4
simples,4.31,es,wordfreq,0,2.9
simpson,3.91,es,wordfreq,0,3.55
simultáneamente,3.95,es,wordfreq,0,6.95
simón,4.12,es,wordfreq,2,2.45
sin,6.24,es,wordfreq,6,1.55
sinaloa,3.85,es,wordfreq,0,3.05
sincera,3.94,es,wordfreq,1,2.85
sinceramente,4.22,es,wordfreq,0,4.45
sinceridad,3.86,es,wordfreq,0,4.0
sincero,4.13,es,wordfreq,1,2.75
sindical,3.94,es,wordfreq,0,3.2
sindicato,4.31,es,wordfreq,0,3.35
sindicatos,4.22,es,wordfreq,0,3.65
singapur,3.87,es,wordfreq,0,4.3
singular,3.99,es,wordfreq,0,3.55
sino,5.59,es,wordfreq,7,1.55
sintiendo,3.89,es,wordfreq,0,2.8
sintió,4.19,es,wordfreq,0,2.75
sinónimo,3.96,es,wordfreq,0,3.8
siquiera,5.05,es,wordfreq,0,3.2
sir,4.03,es,wordfreq,5,1.6
siria,4.33,es,wordfreq,3,1.85
sirva,4.09,es,wordfreq,3,1.85
sirve,4.81,es,wordfreq,1,1.9
sirven,4.38,es,wordfreq,0,2.5
sirvió,4.18,es,wordfreq,0,2.5
sistema,5.56,es,wordfreq,0,2.95
sistemas,4.88,es,wordfreq,0,3.5
sistemática,3.87,es,wordfreq,0,4.8
sitio,5.28,es,wordfreq,0,1.95
sitios,4.68,es,wordfreq,0,2.6
situacion,3.84,es,wordfreq,1,3.65
situaciones,4.61,es,wordfreq,0,3.5
situación,5.34,es,wordfreq,1,3.15
situada,4.2,es,wordfreq,1,2.95
situado,4.35,es,wordfreq,1,2.8
sitúa,3.91,es,wordfreq,0,2.5
smith,4.2,es,wordfreq,0,2.8
so,4.42,es,wordfreq,23,1.0
soberano,3.94,es,wordfreq,0,3.15
soberanía,4.31,es,wordfreq,0,3.9
sobra,4.14,es,wordfreq,2,1.8
sobre,6.19,es,wordfreq,3,1.85
sobretodo,3.94,es,wordfreq,0,3.95
sobrevivientes,3.81,es,wordfreq,0,6.35
sobrevivir,4.3,es,wordfreq,0,5.2
sobrina,3.84,es,wordfreq,1,2.75
sobrino,4.1,es,wordfreq,1,2.85
social,5.47,es,wordfreq,0,2.65
sociales,5.27,es,wordfreq,0,2.85
socialismo,4.25,es,wordfreq,0,4.4
socialista,4.54,es,wordfreq,0,4.0
socialistas,4.16,es,wordfreq,0,4.25
sociedad,5.4,es,wordfreq,0,3.15
sociedades,4.4,es,wordfreq,0,3.9
socio,4.44,es,wordfreq,1,1.9
sociología,3.87,es,wordfreq,0,4.5
socios,4.34,es,wordfreq,0,2.3
socorro,4.01,es,wordfreq,0,3.15
software,4.65,es,wordfreq,0,3.95
sofá,3.96,es,wordfreq,0,2.25
sofía,4.01,es,wordfreq,1,2.35
sois,4.29,es,wordfreq,1,1.9
sol,5.09,es,wordfreq,9,1.4
sola,5.07,es,wordfreq,7,1.4
solamente,5.0,es,wordfreq,0,3.6
solar,4.41,es,wordfreq,4,1.7
solares,3.92,es,wordfreq,1,2.5
solas,4.14,es,wordfreq,5,1.65
soldado,4.38,es,wordfreq,0,2.75
soldados,4.76,es,wordfreq,0,2.95
soledad,4.37,es,wordfreq,0,2.85
solicita,4.09,es,wordfreq,1,2.8
solicitado,3.98,es,wordfreq,0,3.55
solicitar,4.24,es,wordfreq,0,3.3
solicitud,4.46,es,wordfreq,0,3.85
solicitudes,4.06,es,wordfreq,0,4.65
solicitó,4.03,es,wordfreq,1,3.4
solidaridad,4.44,es,wordfreq,0,4.8
solitario,4.14,es,wordfreq,0,3.55
solo,6.0,es,wordfreq,4,1.7
solos,4.43,es,wordfreq,2,1.85
soltar,3.89,es,wordfreq,1,1.9
soltera,3.92,es,wordfreq,1,2.85
soltero,3.92,es,wordfreq,1,2.7
solucionar,4.24,es,wordfreq,0,4.25
soluciones,4.53,es,wordfreq,0,3.05
solución,4.9,es,wordfreq,0,2.85
solía,4.2,es,wordfreq,2,1.85
sombra,4.41,es,wordfreq,0,2.15
sombras,4.23,es,wordfreq,0,2.5
sombrero,4.11,es,wordfreq,0,2.95
sometido,3.93,es,wordfreq,1,3.0
sometidos,3.84,es,wordfreq,1,3.4
somos,5.38,es,wordfreq,1,1.95
son,6.26,es,wordfreq,13,1.2
sonar,4.08,es,wordfreq,3,1.85
sonido,4.65,es,wordfreq,0,2.0
sonidos,4.15,es,wordfreq,0,2.65
sonora,4.2,es,wordfreq,0,2.6
sonrisa,4.5,es,wordfreq,0,3.15
sony,3.92,es,wordfreq,1,1.85
sopa,4.13,es,wordfreq,4,1.8
soportar,4.21,es,wordfreq,0,3.15
soporte,4.26,es,wordfreq,0,2.75
soria,3.9,es,wordfreq,2,1.9
sorprende,4.37,es,wordfreq,0,3.4
sorprendente,4.2,es,wordfreq,0,4.8
sorprendido,4.1,es,wordfreq,0,4.3
sorprendió,4.06,es,wordfreq,0,4.2
sorpresa,4.65,es,wordfreq,0,3.4
sorpresas,3.93,es,wordfreq,0,3.75
sorteo,4.03,es,wordfreq,0,2.5
sos,4.82,es,wordfreq,11,1.15
sospecha,4.09,es,wordfreq,0,3.65
sospechas,3.89,es,wordfreq,0,3.85
sospechoso,4.06,es,wordfreq,0,4.45
sospechosos,3.88,es,wordfreq,0,5.3
sostener,4.05,es,wordfreq,0,3.35
sostenible,4.04,es,wordfreq,0,4.75
sostiene,4.26,es,wordfreq,0,3.25
sostienen,3.88,es,wordfreq,0,3.35
sostuvo,4.05,es,wordfreq,0,2.95
soto,3.96,es,wordfreq,5,1.75
south,3.87,es,wordfreq,0,2.85
soviética,4.2,es,wordfreq,1,4.05
soviético,3.85,es,wordfreq,1,4.2
soy,5.78,es,wordfreq,8,1.5
soñando,3.82,es,wordfreq,0,2.65
soñar,3.97,es,wordfreq,2,1.9
sp,3.82,es,wordfreq,16,1.15
spam,3.92,es,wordfreq,0,1.95
sr,4.97,es,wordfreq,18,1.0
sra,4.13,es,wordfreq,4,1.55
ss,4.05,es,wordfreq,20,1.0
st,4.17,es,wordfreq,15,1.15
stalin,3.84,es,wordfreq,0,2.7
star,4.17,es,wordfreq,0,1.95
status,3.87,es,wordfreq,0,2.85
stephen,3.92,es,wordfreq,0,3.7
steve,4.2,es,wordfreq,0,2.05
steven,3.85,es,wordfreq,0,2.65
stone,3.83,es,wordfreq,0,2.35
stop,3.82,es,wordfreq,0,1.95
story,3.84,es,wordfreq,0,2.6
street,4.23,es,wordfreq,0,2.95
su,6.78,es,wordfreq,18,1.0
suave,4.34,es,wordfreq,0,2.05
sub,4.6,es,wordfreq,3,1.7
suba,3.97,es,wordfreq,4,1.75
subasta,3.84,es,wordfreq,0,2.95
sube,4.53,es,wordfreq,4,1.7
suben,3.98,es,wordfreq,1,1.9
subida,4.11,es,wordfreq,1,2.05
subido,4.12,es,wordfreq,2,1.9
subiendo,4.15,es,wordfreq,1,2.55
subir,4.71,es,wordfreq,1,1.95
subió,4.25,es,wordfreq,1,1.95
submarino,3.81,es,wordfreq,0,3.9
subsidio,3.88,es,wordfreq,0,3.45
subsidios,3.93,es,wordfreq,0,3.75
subvenciones,3.81,es,wordfreq,0,4.8
suceda,3.96,es,wordfreq,1,2.25
sucede,4.65,es,wordfreq,1,2.35
suceden,3.84,es,wordfreq,1,2.55
suceder,4.17,es,wordfreq,1,2.55
sucedido,4.32,es,wordfreq,0,2.9
sucediendo,4.04,es,wordfreq,0,3.65
sucedió,4.48,es,wordfreq,0,2.7
sucesión,4.06,es,wordfreq,0,2.95
suceso,3.98,es,wordfreq,0,2.25
sucesor,3.9,es,wordfreq,1,2.75
sucesos,4.17,es,wordfreq,1,2.6
sucia,4.05,es,wordfreq,1,1.9
sucio,4.1,es,wordfreq,2,1.9
sucre,3.83,es,wordfreq,1,2.05
sudamérica,3.87,es,wordfreq,0,4.7
sudeste,3.92,es,wordfreq,1,2.85
sudor,3.84,es,wordfreq,0,2.15
sudáfrica,4.15,es,wordfreq,0,4.5
suecia,4.13,es,wordfreq,0,2.4
sueldo,4.42,es,wordfreq,1,1.85
sueldos,4.14,es,wordfreq,0,2.6
suele,4.69,es,wordfreq,3,1.8
suelen,4.6,es,wordfreq,0,1.95
suelo,4.93,es,wordfreq,4,1.65
suelos,3.99,es,wordfreq,2,1.8
suelta,4.02,es,wordfreq,2,1.9
suelto,3.86,es,wordfreq,3,1.8
suena,4.78,es,wordfreq,1,1.95
suerte,5.25,es,wordfreq,2,1.9
sueño,4.92,es,wordfreq,2,1.85
sueños,4.63,es,wordfreq,2,1.95
suficiente,5.02,es,wordfreq,0,4.0
suficientemente,4.47,es,wordfreq,0,6.15
suficientes,4.43,es,wordfreq,0,4.4
sufre,4.31,es,wordfreq,1,2.15
sufren,4.2,es,wordfreq,0,2.45
sufrido,4.33,es,wordfreq,0,2.7
sufriendo,4.15,es,wordfreq,0,2.9
sufrieron,3.83,es,wordfreq,0,3.15
sufrimiento,4.29,es,wordfreq,0,3.95
sufrir,4.44,es,wordfreq,1,2.6
sufrió,4.28,es,wordfreq,1,2.6
sugerencia,3.94,es,wordfreq,0,3.7
sugerencias,4.04,es,wordfreq,0,3.95
sugiere,4.2,es,wordfreq,0,2.8
sugieren,3.82,es,wordfreq,0,2.8
suicida,3.93,es,wordfreq,0,2.75
suicidio,4.24,es,wordfreq,0,3.3
suiza,4.3,es,wordfreq,0,2.25
sujeto,4.49,es,wordfreq,0,2.6
sujetos,4.19,es,wordfreq,0,2.7
suma,4.61,es,wordfreq,3,1.75
sumado,3.83,es,wordfreq,0,2.05
sumamente,4.1,es,wordfreq,0,3.4
suman,3.96,es,wordfreq,1,1.9
sumar,4.03,es,wordfreq,2,1.85
suministro,4.16,es,wordfreq,0,4.2
suministros,3.91,es,wordfreq,0,4.35
sumo,3.97,es,wordfreq,4,1.8
sun,3.92,es,wordfreq,8,1.5
supe,4.2,es,wordfreq,2,1.85
super,4.74,es,wordfreq,1,1.85
supera,4.11,es,wordfreq,1,1.9
superado,4.02,es,wordfreq,0,2.8
superar,4.47,es,wordfreq,0,2.5
superficial,3.92,es,wordfreq,0,4.7
superficie,4.66,es,wordfreq,0,4.6
superior,5.04,es,wordfreq,0,3.15
superiores,4.42,es,wordfreq,0,3.7
superioridad,3.82,es,wordfreq,0,5.05
supermercado,3.91,es,wordfreq,0,5.5
supermercados,3.83,es,wordfreq,0,5.85
supervisión,4.02,es,wordfreq,0,4.6
supervivencia,4.11,es,wordfreq,0,5.4
superó,3.82,es,wordfreq,1,2.6
supiera,3.83,es,wordfreq,0,2.45
supo,4.28,es,wordfreq,4,1.8
supone,4.77,es,wordfreq,0,2.45
suponer,4.02,es,wordfreq,0,2.6
supongo,4.78,es,wordfreq,0,3.35
suponía,3.94,es,wordfreq,0,3.0
suprema,4.36,es,wordfreq,1,2.8
supremo,4.45,es,wordfreq,1,2.9
supuesta,4.1,es,wordfreq,1,2.75
supuestamente,4.37,es,wordfreq,0,4.85
supuesto,5.04,es,wordfreq,1,2.55
supuestos,4.09,es,wordfreq,0,2.8
sur,5.22,es,wordfreq,5,1.65
sureste,3.9,es,wordfreq,1,2.8
surge,4.23,es,wordfreq,0,2.2
surgen,3.98,es,wordfreq,0,2.5
surgido,3.89,es,wordfreq,0,2.7
surgieron,3.82,es,wordfreq,0,3.05
surgir,3.86,es,wordfreq,1,2.55
surgió,4.21,es,wordfreq,1,2.5
sus,6.37,es,wordfreq,6,1.55
susana,4.06,es,wordfreq,0,2.5
suspender,3.89,es,wordfreq,0,3.7
suspendido,3.85,es,wordfreq,0,3.85
suspensión,4.27,es,wordfreq,0,4.15
sustancia,4.05,es,wordfreq,0,3.1
sustancias,4.06,es,wordfreq,0,3.55
sustitución,4.04,es,wordfreq,0,4.35
sustituir,3.88,es,wordfreq,0,4.55
susto,3.84,es,wordfreq,2,1.9
sutil,3.84,es,wordfreq,0,2.7
suya,4.42,es,wordfreq,5,1.7
suyas,3.89,es,wordfreq,2,1.85
suyo,4.55,es,wordfreq,5,1.7
suyos,4.15,es,wordfreq,3,1.8
suárez,4.19,es,wordfreq,1,2.75
sábado,4.79,es,wordfreq,0,2.6
sábados,3.9,es,wordfreq,0,2.9
sánchez,4.72,es,wordfreq,0,3.9
sé,5.49,es,wordfreq,12,1.4
séptimo,3.94,es,wordfreq,0,3.55
sí,5.75,es,wordfreq,13,1.3
símbolo,4.41,es,wordfreq,0,3.8
símbolos,4.13,es,wordfreq,0,3.8
síndrome,4.09,es,wordfreq,0,4.5
síntesis,3.98,es,wordfreq,0,3.9
síntomas,4.24,es,wordfreq,0,3.65
sólida,3.95,es,wordfreq,2,2.5
sólido,3.98,es,wordfreq,2,2.25
sólo,5.79,es,wordfreq,1,1.95
súper,4.46,es,wordfreq,1,2.6
ta,4.29,es,wordfreq,24,1.0
tabaco,4.1,es,wordfreq,0,2.75
tabasco,3.82,es,wordfreq,0,2.9
tabla,4.48,es,wordfreq,2,1.85
tablas,4.07,es,wordfreq,1,1.9
tablero,3.87,es,wordfreq,0,2.95
tacos,3.94,es,wordfreq,0,2.0
tailandia,3.95,es,wordfreq,0,4.2
tal,5.64,es,wordfreq,6,1.55
talento,4.52,es,wordfreq,0,2.6
talentos,3.94,es,wordfreq,0,2.8
tales,4.86,es,wordfreq,2,1.9
talla,4.11,es,wordfreq,4,1.7
taller,4.51,es,wordfreq,0,2.2
talleres,4.44,es,wordfreq,0,3.55
tamaulipas,3.86,es,wordfreq,0,4.9
tamaño,4.8,es,wordfreq,0,2.85
tambien,4.98,es,wordfreq,1,2.9
también,6.19,es,wordfreq,1,3.35
tampoco,5.21,es,wordfreq,0,3.35
tan,5.95,es,wordfreq,11,1.3
tango,3.86,es,wordfreq,4,1.8
tanque,4.07,es,wordfreq,0,2.65
tanques,4.01,es,wordfreq,0,2.75
tanta,4.85,es,wordfreq,5,1.7
tantas,4.75,es,wordfreq,1,1.9
tanto,5.84,es,wordfreq,5,1.7
tantos,4.81,es,wordfreq,3,1.8
tapa,4.13,es,wordfreq,5,1.7
tarda,3.97,es,wordfreq,2,1.9
tarde,5.43,es,wordfreq,1,1.9
tardes,4.28,es,wordfreq,0,2.15
tarea,4.73,es,wordfreq,2,1.8
tareas,4.5,es,wordfreq,0,1.95
tarifa,4.07,es,wordfreq,0,2.65
tarifas,4.17,es,wordfreq,0,2.75
tarjeta,4.65,es,wordfreq,0,2.8
tarjetas,4.39,es,wordfreq,0,2.95
tasa,4.61,es,wordfreq,7,1.6
tasas,4.32,es,wordfreq,3,1.8
tatuaje,3.85,es,wordfreq,0,3.75
taxi,4.31,es,wordfreq,0,1.95
taxis,3.89,es,wordfreq,0,2.3
taylor,4.1,es,wordfreq,0,2.8
taza,4.04,es,wordfreq,4,1.8
te,6.52,es,wordfreq,26,1.0
team,4.08,es,wordfreq,0,2.0
teatral,3.88,es,wordfreq,0,2.85
teatro,4.83,es,wordfreq,0,2.55
techo,4.47,es,wordfreq,2,1.85
teclado,4.11,es,wordfreq,0,2.75
tecnología,4.94,es,wordfreq,0,4.15
tecnologías,4.44,es,wordfreq,0,4.5
tecnológica,4.03,es,wordfreq,1,4.6
tecnológico,4.14,es,wordfreq,1,4.65
tecnológicos,3.85,es,wordfreq,0,5.05
ted,3.82,es,wordfreq,4,1.7
tejido,4.16,es,wordfreq,1,2.5
tejidos,3.99,es,wordfreq,0,2.75
tel,3.97,es,wordfreq,4,1.55
tela,4.2,es,wordfreq,3,1.8
tele,4.28,es,wordfreq,2,1.85
telefono,3.89,es,wordfreq,1,3.65
telefonía,3.86,es,wordfreq,0,4.2
telefónica,4.09,es,wordfreq,0,4.75
televisa,3.86,es,wordfreq,0,3.75
televisión,4.99,es,wordfreq,0,4.15
teléfono,4.92,es,wordfreq,1,3.9
teléfonos,4.25,es,wordfreq,0,4.4
tema,5.4,es,wordfreq,5,1.7
temas,5.08,es,wordfreq,4,1.75
teme,3.93,es,wordfreq,6,1.65
temer,3.94,es,wordfreq,2,1.85
temo,4.11,es,wordfreq,3,1.8
temor,4.37,es,wordfreq,1,1.9
temperatura,4.55,es,wordfreq,0,4.55
temperaturas,4.1,es,wordfreq,0,5.25
templo,4.44,es,wordfreq,0,2.7
templos,3.9,es,wordfreq,0,2.75
temporada,4.89,es,wordfreq,0,3.5
temporadas,3.96,es,wordfreq,0,3.6
temporal,4.45,es,wordfreq,0,3.4
temporales,3.96,es,wordfreq,0,3.7
temporalmente,3.92,es,wordfreq,0,5.0
temprana,3.95,es,wordfreq,1,3.4
temprano,4.66,es,wordfreq,1,3.35
temática,4.03,es,wordfreq,0,3.3
ten,4.38,es,wordfreq,8,1.45
tendencia,4.69,es,wordfreq,0,3.2
tendencias,4.39,es,wordfreq,0,3.55
tendremos,4.4,es,wordfreq,0,3.15
tendrá,4.88,es,wordfreq,2,2.45
tendrán,4.58,es,wordfreq,1,2.6
tendrás,4.34,es,wordfreq,1,2.6
tendré,4.16,es,wordfreq,1,2.6
tendría,4.73,es,wordfreq,1,2.35
tendríamos,3.97,es,wordfreq,0,3.45
tendrían,4.11,es,wordfreq,1,2.65
tendrías,3.87,es,wordfreq,1,2.55
tenemos,5.55,es,wordfreq,0,2.5
tener,5.81,es,wordfreq,2,1.9
tenerife,3.95,es,wordfreq,0,3.9
tenerlo,4.08,es,wordfreq,0,2.8
tenes,4.61,es,wordfreq,4,1.7
tenga,5.14,es,wordfreq,4,1.7
tengamos,4.33,es,wordfreq,1,2.75
tengan,4.86,es,wordfreq,4,2.1
tengas,4.74,es,wordfreq,3,1.8
tengo,5.91,es,wordfreq,3,1.85
tenia,4.71,es,wordfreq,4,1.75
tenian,3.88,es,wordfreq,2,2.1
tenido,5.19,es,wordfreq,2,1.9
teniendo,4.88,es,wordfreq,0,2.65
teniente,4.44,es,wordfreq,0,2.85
tenis,4.23,es,wordfreq,4,1.75
tensiones,3.91,es,wordfreq,1,2.75
tensión,4.42,es,wordfreq,1,2.5
tenéis,4.28,es,wordfreq,0,2.55
tenés,4.14,es,wordfreq,2,1.85
tenía,5.51,es,wordfreq,3,1.75
teníamos,4.38,es,wordfreq,1,2.7
tenían,4.97,es,wordfreq,4,1.95
tenías,4.08,es,wordfreq,2,1.85
teología,3.89,es,wordfreq,0,3.6
teoría,4.81,es,wordfreq,0,2.65
teorías,4.24,es,wordfreq,0,2.8
terapia,4.23,es,wordfreq,0,3.0
tercer,4.79,es,wordfreq,0,2.3
tercera,4.82,es,wordfreq,1,2.6
tercero,4.44,es,wordfreq,1,2.6
terceros,4.06,es,wordfreq,0,2.85
tercio,4.08,es,wordfreq,0,2.65
teresa,4.34,es,wordfreq,0,2.5
termina,4.73,es,wordfreq,4,2.0
terminada,3.85,es,wordfreq,1,2.75
terminado,4.46,es,wordfreq,1,2.4
terminal,4.19,es,wordfreq,2,2.4
terminamos,4.0,es,wordfreq,0,3.35
terminan,4.24,es,wordfreq,2,2.25
terminando,3.96,es,wordfreq,0,3.2
terminar,4.89,es,wordfreq,2,2.3
terminaron,4.12,es,wordfreq,0,3.35
termine,4.43,es,wordfreq,4,2.35
termino,4.29,es,wordfreq,5,2.05
terminé,3.99,es,wordfreq,4,2.4
terminó,4.71,es,wordfreq,4,2.35
ternura,3.85,es,wordfreq,0,2.9
terraza,3.83,es,wordfreq,0,2.95
terremoto,4.19,es,wordfreq,0,3.85
terreno,4.72,es,wordfreq,0,2.75
terrenos,4.27,es,wordfreq,0,2.85
terrestre,3.96,es,wordfreq,0,3.9
terrible,4.64,es,wordfreq,0,3.55
terribles,4.05,es,wordfreq,0,3.6
territorial,4.28,es,wordfreq,0,4.45
territoriales,3.85,es,wordfreq,0,5.15
territorio,4.9,es,wordfreq,0,3.9
territorios,4.34,es,wordfreq,0,4.3
terror,4.44,es,wordfreq,0,2.55
terrorismo,4.27,es,wordfreq,0,4.45
terrorista,4.23,es,wordfreq,0,4.3
terroristas,4.31,es,wordfreq,0,4.45
tesis,4.35,es,wordfreq,1,1.95
tesoro,4.32,es,wordfreq,0,2.85
test,4.16,es,wordfreq,2,1.85
testamento,4.09,es,wordfreq,0,3.75
testigo,4.41,es,wordfreq,0,2.7
testigos,4.46,es,wordfreq,0,2.8
testimonio,4.31,es,wordfreq,0,4.25
testimonios,4.08,es,wordfreq,0,4.5
tetas,4.21,es,wordfreq,3,1.85
texas,4.2,es,wordfreq,2,1.9
texto,4.98,es,wordfreq,1,1.9
textos,4.51,es,wordfreq,0,2.4
teórico,3.86,es,wordfreq,0,3.0
that,4.12,es,wordfreq,2,1.9
the,5.42,es,wordfreq,1,1.85
this,4.22,es,wordfreq,0,2.0
thomas,4.29,es,wordfreq,0,2.3
ti,5.46,es,wordfreq,21,1.0
tic,3.97,es,wordfreq,3,1.8
tiempo,5.97,es,wordfreq,0,2.7
tiempos,4.98,es,wordfreq,0,2.8
tienda,4.74,es,wordfreq,1,1.9
tiendas,4.45,es,wordfreq,0,2.35
tiende,4.08,es,wordfreq,1,1.8
tienden,4.1,es,wordfreq,0,2.25
tiene,6.15,es,wordfreq,1,1.8
tienen,5.74,es,wordfreq,2,2.05
tienes,5.48,es,wordfreq,4,1.7
tierno,3.82,es,wordfreq,0,2.45
tierra,5.36,es,wordfreq,2,1.85
tierras,4.79,es,wordfreq,0,2.35
tigre,4.14,es,wordfreq,0,2.35
tigres,3.96,es,wordfreq,0,2.4
tim,3.97,es,wordfreq,5,1.65
timbre,3.83,es,wordfreq,0,2.6
time,4.21,es,wordfreq,3,1.75
times,4.21,es,wordfreq,1,1.9
tinta,3.98,es,wordfreq,4,1.8
tio,4.05,es,wordfreq,8,1.35
tipo,5.65,es,wordfreq,1,1.85
tipos,4.94,es,wordfreq,1,1.9
tira,4.34,es,wordfreq,4,1.65
tirado,4.02,es,wordfreq,0,1.95
tirando,3.98,es,wordfreq,1,2.6
tirar,4.37,es,wordfreq,3,1.8
tiras,3.95,es,wordfreq,3,1.75
tiro,4.62,es,wordfreq,6,1.6
tiros,4.17,es,wordfreq,3,1.8
tiroteo,3.9,es,wordfreq,0,3.15
tiró,3.89,es,wordfreq,3,1.85
titulada,4.05,es,wordfreq,1,3.45
titulado,4.36,es,wordfreq,1,3.05
titular,4.63,es,wordfreq,0,2.8
titulares,4.17,es,wordfreq,0,3.5
titulo,4.06,es,wordfreq,1,2.75
tl,3.89,es,wordfreq,14,1.2
to,4.9,es,wordfreq,22,1.0
toalla,3.83,es,wordfreq,0,2.55
toca,4.69,es,wordfreq,9,1.45
tocaba,3.94,es,wordfreq,1,2.6
tocado,4.18,es,wordfreq,1,1.9
tocan,3.95,es,wordfreq,2,1.85
tocando,4.11,es,wordfreq,1,2.3
tocar,4.61,es,wordfreq,2,1.85
toco,3.94,es,wordfreq,10,1.5
tocó,4.23,es,wordfreq,3,1.85
toda,5.72,es,wordfreq,6,1.65
todas,5.78,es,wordfreq,3,1.8
todavia,4.29,es,wordfreq,1,3.15
todavía,5.37,es,wordfreq,1,3.35
todo,6.35,es,wordfreq,7,1.6
todos,6.19,es,wordfreq,3,1.8
tokio,4.1,es,wordfreq,0,2.45
toledo,4.32,es,wordfreq,0,2.75
tolerancia,4.09,es,wordfreq,0,4.15
tom,4.31,es,wordfreq,4,1.5
toma,5.01,es,wordfreq,10,1.3
tomaba,3.88,es,wordfreq,2,2.2
tomada,4.12,es,wordfreq,2,1.9
tomadas,3.96,es,wordfreq,0,2.55
tomado,4.65,es,wordfreq,2,1.85
tomamos,4.1,es,wordfreq,0,2.7
toman,4.43,es,wordfreq,4,1.75
tomando,4.7,es,wordfreq,2,2.1
tomar,5.28,es,wordfreq,3,1.7
tomaron,4.31,es,wordfreq,0,2.55
tomarse,4.03,es,wordfreq,0,2.75
tomará,3.87,es,wordfreq,0,2.35
tomas,4.29,es,wordfreq,7,1.55
tomate,4.08,es,wordfreq,0,2.3
tome,4.44,es,wordfreq,9,1.4
tomen,4.21,es,wordfreq,3,1.8
tomes,3.82,es,wordfreq,5,1.7
tomo,4.57,es,wordfreq,10,1.45
tomás,4.26,es,wordfreq,3,1.85
tomé,4.15,es,wordfreq,4,1.75
tomó,4.76,es,wordfreq,5,1.7
toneladas,4.32,es,wordfreq,0,3.9
tono,4.55,es,wordfreq,8,1.45
tonta,4.11,es,wordfreq,4,1.8
tontería,3.9,es,wordfreq,0,2.85
tonterías,4.0,es,wordfreq,0,3.55
tonto,4.39,es,wordfreq,3,1.75
tontos,4.11,es,wordfreq,1,1.9
tony,4.19,es,wordfreq,2,1.9
top,4.44,es,wordfreq,3,1.65
tope,3.95,es,wordfreq,1,1.9
toque,4.59,es,wordfreq,0,2.2
toques,3.86,es,wordfreq,0,2.55
tormenta,4.44,es,wordfreq,0,2.85
tormentas,3.89,es,wordfreq,0,3.5
torneo,4.49,es,wordfreq,0,2.4
torno,4.62,es,wordfreq,3,1.7
toro,4.28,es,wordfreq,7,1.5
toros,4.09,es,wordfreq,3,1.8
torre,4.52,es,wordfreq,1,1.9
torres,4.53,es,wordfreq,0,2.1
torta,3.94,es,wordfreq,2,1.9
tortura,4.13,es,wordfreq,0,2.8
tos,3.84,es,wordfreq,10,1.35
total,5.29,es,wordfreq,0,2.0
totales,3.84,es,wordfreq,0,2.45
totalidad,4.33,es,wordfreq,0,3.25
totalmente,4.97,es,wordfreq,0,3.45
tour,4.26,es,wordfreq,1,1.95
trabaja,4.78,es,wordfreq,2,2.3
trabajaba,4.25,es,wordfreq,0,3.2
trabajado,4.39,es,wordfreq,0,2.4
trabajador,4.45,es,wordfreq,0,2.85
trabajadora,4.01,es,wordfreq,0,3.6
trabajadoras,3.86,es,wordfreq,1,4.2
trabajadores,5.03,es,wordfreq,1,4.05
trabajamos,4.13,es,wordfreq,0,3.1
trabajan,4.49,es,wordfreq,2,2.7
trabajando,4.92,es,wordfreq,0,3.2
trabajar,5.22,es,wordfreq,2,2.6
trabajas,3.85,es,wordfreq,3,2.45
trabajo,5.81,es,wordfreq,2,2.25
trabajos,4.94,es,wordfreq,1,2.45
trabajó,4.19,es,wordfreq,2,2.6
tradicional,4.69,es,wordfreq,0,4.05
tradicionales,4.49,es,wordfreq,0,4.35
tradiciones,4.26,es,wordfreq,0,3.45
tradición,4.66,es,wordfreq,0,2.75
traducciones,3.96,es,wordfreq,0,4.2
traducción,4.6,es,wordfreq,0,3.0
traduce,3.95,es,wordfreq,0,2.9
traducido,4.09,es,wordfreq,0,3.25
traducir,3.9,es,wordfreq,0,3.3
traductor,3.95,es,wordfreq,0,3.45
trae,4.58,es,wordfreq,1,1.7
traen,4.08,es,wordfreq,1,1.85
traer,4.52,es,wordfreq,1,1.85
tragedia,4.28,es,wordfreq,0,3.9
trago,3.86,es,wordfreq,4,1.75
traición,4.17,es,wordfreq,0,2.7
traidor,3.94,es,wordfreq,0,2.85
traidores,3.84,es,wordfreq,0,3.8
traigo,3.99,es,wordfreq,0,2.45
traje,4.38,es,wordfreq,2,1.8
trajes,3.97,es,wordfreq,0,2.15
trajo,4.27,es,wordfreq,4,1.8
trama,4.17,es,wordfreq,3,1.7
tramo,4.06,es,wordfreq,4,1.75
trampa,4.19,es,wordfreq,0,2.5
tranquila,4.37,es,wordfreq,1,4.05
tranquilidad,4.23,es,wordfreq,0,5.2
tranquilo,4.61,es,wordfreq,1,4.1
tranquilos,4.01,es,wordfreq,0,4.5
trans,3.88,es,wordfreq,0,1.95
transacciones,3.92,es,wordfreq,0,4.7
transcurso,3.95,es,wordfreq,0,4.6
transferencia,4.23,es,wordfreq,0,5.1
transforma,3.97,es,wordfreq,0,4.3
transformación,4.34,es,wordfreq,0,5.35
transformar,3.98,es,wordfreq,0,4.6
transición,4.39,es,wordfreq,0,3.6
transmisión,4.47,es,wordfreq,0,4.6
transmite,3.93,es,wordfreq,0,4.05
transmitir,4.13,es,wordfreq,0,4.6
transparencia,4.31,es,wordfreq,0,5.6
transparente,4.09,es,wordfreq,0,5.25
transporte,4.92,es,wordfreq,0,4.2
transportes,4.0,es,wordfreq,0,4.4
tras,5.43,es,wordfreq,3,1.65
trasera,3.99,es,wordfreq,1,2.85
trasero,4.06,es,wordfreq,1,2.75
trasladado,3.9,es,wordfreq,0,4.5
traslado,4.15,es,wordfreq,0,2.9
trastorno,3.88,es,wordfreq,0,3.7
trastornos,3.9,es,wordfreq,0,4.25
trata,5.29,es,wordfreq,4,1.65
trataba,4.39,es,wordfreq,0,2.75
tratado,4.73,es,wordfreq,0,2.1
tratados,4.33,es,wordfreq,1,2.6
tratamiento,4.77,es,wordfreq,0,3.9
tratamientos,3.95,es,wordfreq,0,4.5
tratamos,3.88,es,wordfreq,1,2.75
tratan,4.39,es,wordfreq,1,2.15
tratando,4.72,es,wordfreq,0,2.7
tratar,4.86,es,wordfreq,1,2.05
trataron,3.91,es,wordfreq,0,2.65
tratarse,3.87,es,wordfreq,0,3.05
trate,4.23,es,wordfreq,4,1.75
trato,4.68,es,wordfreq,6,1.65
trató,4.34,es,wordfreq,3,1.85
trauma,3.82,es,wordfreq,0,2.6
través,5.43,es,wordfreq,0,2.75
trayecto,3.9,es,wordfreq,0,3.5
trayectoria,4.24,es,wordfreq,0,5.05
traído,4.05,es,wordfreq,0,2.35
trece,4.06,es,wordfreq,1,1.95
tregua,3.82,es,wordfreq,0,2.95
treinta,4.42,es,wordfreq,0,2.85
tremenda,4.07,es,wordfreq,1,3.25
tremendo,4.19,es,wordfreq,1,3.1
tren,4.71,es,wordfreq,1,1.85
trenes,4.22,es,wordfreq,1,1.9
tres,5.72,es,wordfreq,3,1.85
tribu,4.11,es,wordfreq,0,2.7
tribuna,3.82,es,wordfreq,0,3.15
tribunal,4.86,es,wordfreq,0,3.4
tribunales,4.32,es,wordfreq,0,3.9
tribus,3.98,es,wordfreq,0,2.8
tributaria,3.88,es,wordfreq,0,4.75
tributo,4.04,es,wordfreq,0,2.95
trigo,4.05,es,wordfreq,1,1.9
trimestre,3.97,es,wordfreq,0,4.15
trinidad,4.14,es,wordfreq,0,3.6
triple,4.19,es,wordfreq,0,2.9
tripulación,4.02,es,wordfreq,0,3.85
triste,4.85,es,wordfreq,0,2.4
tristes,4.0,es,wordfreq,0,2.75
tristeza,4.3,es,wordfreq,0,3.6
triunfo,4.54,es,wordfreq,0,3.55
trofeo,3.82,es,wordfreq,0,2.75
tronco,3.87,es,wordfreq,0,2.4
trono,4.13,es,wordfreq,1,1.85
tropa,3.91,es,wordfreq,0,1.9
tropas,4.54,es,wordfreq,0,2.15
tropical,4.01,es,wordfreq,0,3.7
trozo,3.89,es,wordfreq,1,1.9
trozos,3.82,es,wordfreq,0,2.5
truco,4.15,es,wordfreq,0,1.95
trucos,4.0,es,wordfreq,0,2.35
trujillo,3.94,es,wordfreq,0,3.95
trump,4.53,es,wordfreq,0,2.75
tráfico,4.6,es,wordfreq,2,2.7
trágico,3.83,es,wordfreq,1,2.8
trámite,4.03,es,wordfreq,0,3.1
trámites,3.95,es,wordfreq,0,3.75
tránsito,4.42,es,wordfreq,0,3.8
tu,6.22,es,wordfreq,17,1.1
tubo,4.15,es,wordfreq,3,1.8
tubos,3.86,es,wordfreq,1,1.9
tucumán,3.95,es,wordfreq,0,3.85
tuit,4.18,es,wordfreq,0,1.95
tuits,4.05,es,wordfreq,0,2.5
tumba,4.24,es,wordfreq,0,2.5
turco,3.99,es,wordfreq,1,1.9
turcos,3.85,es,wordfreq,0,2.1
turismo,4.63,es,wordfreq,0,3.15
turistas,4.27,es,wordfreq,0,3.1
turno,4.49,es,wordfreq,2,1.9
turquía,4.23,es,wordfreq,0,3.85
turística,3.87,es,wordfreq,1,3.6
turístico,4.04,es,wordfreq,1,3.55
turísticos,3.82,es,wordfreq,0,3.85
tus,5.55,es,wordfreq,3,1.75
tuve,4.93,es,wordfreq,1,1.95
tuviera,4.53,es,wordfreq,0,2.5
tuvieran,4.0,es,wordfreq,1,2.6
tuvieron,4.79,es,wordfreq,1,2.55
tuviese,3.82,es,wordfreq,0,2.85
tuvimos,4.42,es,wordfreq,0,2.75
tuviste,4.05,es,wordfreq,0,2.75
tuvo,5.28,es,wordfreq,3,1.85
tuya,4.47,es,wordfreq,3,1.85
tuyo,4.67,es,wordfreq,5,1.7
tuyos,3.92,es,wordfreq,3,1.8
tv,4.87,es,wordfreq,13,1.35
tweet,3.85,es,wordfreq,0,2.75
tweets,3.87,es,wordfreq,0,2.9
twitter,5.09,es,wordfreq,0,3.7
táctica,3.92,es,wordfreq,0,2.9
té,4.29,es,wordfreq,11,1.45
técnica,4.76,es,wordfreq,1,2.9
técnicamente,3.97,es,wordfreq,0,4.6
técnicas,4.58,es,wordfreq,1,3.35
técnico,4.67,es,wordfreq,1,2.75
técnicos,4.41,es,wordfreq,1,3.35
término,4.87,es,wordfreq,1,2.6
términos,4.83,es,wordfreq,0,2.95
tí,4.16,es,wordfreq,12,1.3
tía,4.35,es,wordfreq,4,1.7
tío,4.59,es,wordfreq,4,1.65
tíos,3.83,es,wordfreq,2,1.8
típica,4.12,es,wordfreq,1,2.75
típico,4.36,es,wordfreq,1,2.7
típicos,3.83,es,wordfreq,0,2.8
título,5.02,es,wordfreq,1,2.8
títulos,4.53,es,wordfreq,0,3.05
tú,5.43,es,wordfreq,9,1.55
túnel,4.0,es,wordfreq,0,2.8
uber,3.87,es,wordfreq,0,2.0
ubica,3.9,es,wordfreq,1,2.15
ubicación,4.47,es,wordfreq,0,3.25
ubicada,4.23,es,wordfreq,1,2.75
ubicado,4.37,es,wordfreq,1,2.7
ubicados,3.84,es,wordfreq,0,2.8
ucrania,4.14,es,wordfreq,0,3.25
ud,4.36,es,wordfreq,14,1.2
uds,4.05,es,wordfreq,0,1.9
ue,4.43,es,wordfreq,23,1.0
uh,4.1,es,wordfreq,9,1.55
ultima,4.21,es,wordfreq,2,2.5
ultimo,4.29,es,wordfreq,2,2.65
ultra,4.01,es,wordfreq,0,2.35
umbral,3.84,es,wordfreq,0,2.95
un,7.07,es,wordfreq,10,1.2
una,6.95,es,wordfreq,4,1.5
unam,4.01,es,wordfreq,1,1.9
unas,5.35,es,wordfreq,4,1.7
une,4.36,es,wordfreq,5,1.55
unen,4.04,es,wordfreq,1,1.9
unesco,3.99,es,wordfreq,0,2.9
unica,4.03,es,wordfreq,4,1.8
unico,4.29,es,wordfreq,3,1.85
unida,4.14,es,wordfreq,2,1.8
unidad,4.96,es,wordfreq,1,2.45
unidades,4.63,es,wordfreq,0,3.15
unidas,4.53,es,wordfreq,2,2.2
unido,4.74,es,wordfreq,2,1.8
unidos,5.38,es,wordfreq,1,2.15
unieron,3.84,es,wordfreq,0,2.55
uniforme,4.31,es,wordfreq,0,3.45
uniformes,3.86,es,wordfreq,0,3.7
union,3.97,es,wordfreq,1,2.2
unir,4.06,es,wordfreq,1,1.95
unirse,4.19,es,wordfreq,0,2.85
united,3.94,es,wordfreq,0,2.9
universal,4.61,es,wordfreq,0,3.9
universidad,5.35,es,wordfreq,0,4.2
universidades,4.6,es,wordfreq,0,4.9
universitaria,4.34,es,wordfreq,1,5.35
universitario,4.38,es,wordfreq,1,5.15
universitarios,4.22,es,wordfreq,0,5.6
university,3.99,es,wordfreq,0,4.5
universo,4.66,es,wordfreq,0,3.65
unió,4.05,es,wordfreq,1,1.9
unión,4.99,es,wordfreq,1,2.25
uno,5.96,es,wordfreq,4,1.65
unos,5.61,es,wordfreq,2,1.8
up,4.33,es,wordfreq,12,1.35
urbana,4.33,es,wordfreq,1,2.65
urbanas,4.0,es,wordfreq,1,2.7
urbanización,3.82,es,wordfreq,0,4.45
urbano,4.4,es,wordfreq,1,2.6
urbanos,4.08,es,wordfreq,1,2.6
urgencia,4.14,es,wordfreq,0,2.85
urgente,4.37,es,wordfreq,0,2.75
uribe,4.06,es,wordfreq,0,2.75
urnas,3.95,es,wordfreq,0,1.95
urss,3.86,es,wordfreq,0,2.0
uruguay,4.73,es,wordfreq,0,3.75
uruguayo,4.04,es,wordfreq,0,4.2
us,4.55,es,wordfreq,16,1.0
usa,4.92,es,wordfreq,6,1.4
usaba,4.03,es,wordfreq,1,1.9
usaban,3.86,es,wordfreq,0,2.35
usada,4.17,es,wordfreq,2,1.85
usadas,3.91,es,wordfreq,1,2.25
usado,4.61,es,wordfreq,2,1.8
usados,4.17,es,wordfreq,2,1.9
usamos,4.03,es,wordfreq,1,1.95
usan,4.62,es,wordfreq,3,1.75
usando,4.78,es,wordfreq,0,2.0
usar,5.13,es,wordfreq,2,1.85
usarlo,3.98,es,wordfreq,0,2.7
usaron,3.95,es,wordfreq,0,2.6
usas,3.95,es,wordfreq,6,1.65
usd,4.02,es,wordfreq,4,1.7
use,4.1,es,wordfreq,7,1.4
usen,3.93,es,wordfreq,2,1.85
uso,5.38,es,wordfreq,7,1.4
usos,4.24,es,wordfreq,3,1.7
usted,5.31,es,wordfreq,0,2.5
ustedes,5.15,es,wordfreq,0,3.2
usualmente,4.11,es,wordfreq,0,3.4
usuario,4.86,es,wordfreq,0,2.85
usuarios,4.92,es,wordfreq,0,3.3
usó,4.22,es,wordfreq,4,1.75
utilidad,4.2,es,wordfreq,0,2.75
utiliza,4.65,es,wordfreq,1,2.9
utilización,4.24,es,wordfreq,0,3.7
utilizada,4.26,es,wordfreq,1,2.95
utilizadas,4.01,es,wordfreq,1,3.45
utilizado,4.52,es,wordfreq,1,2.8
utilizados,4.18,es,wordfreq,1,3.1
utilizan,4.48,es,wordfreq,1,2.9
utilizando,4.53,es,wordfreq,0,3.3
utilizar,4.71,es,wordfreq,1,2.85
utilizaron,3.82,es,wordfreq,0,3.6
utilizó,4.06,es,wordfreq,1,3.45
uu,4.32,es,wordfreq,14,1.3
uñas,4.08,es,wordfreq,2,1.9
va,5.89,es,wordfreq,20,1.0
vaca,4.15,es,wordfreq,2,1.75
vacaciones,4.74,es,wordfreq,0,2.9
vacas,4.01,es,wordfreq,2,1.8
vacuna,3.96,es,wordfreq,0,2.5
vacunas,3.85,es,wordfreq,0,2.8
vacía,4.01,es,wordfreq,3,1.75
vacías,3.84,es,wordfreq,1,1.95
vacío,4.49,es,wordfreq,1,2.0
vacíos,3.82,es,wordfreq,1,2.4
vago,3.87,es,wordfreq,7,1.65
vaina,3.88,es,wordfreq,0,2.0
vais,3.95,es,wordfreq,1,1.9
vale,5.14,es,wordfreq,2,1.75
valen,4.12,es,wordfreq,2,1.85
valencia,4.72,es,wordfreq,0,2.75
valenciana,3.89,es,wordfreq,0,4.15
valentía,3.92,es,wordfreq,1,3.05
valentín,4.0,es,wordfreq,1,3.5
valer,3.93,es,wordfreq,2,1.85
valga,3.95,es,wordfreq,1,1.95
validez,3.93,es,wordfreq,0,2.95
valiente,4.36,es,wordfreq,1,2.55
valientes,4.03,es,wordfreq,1,2.55
valiosa,3.86,es,wordfreq,1,2.85
valioso,4.0,es,wordfreq,1,2.85
valió,3.89,es,wordfreq,1,2.05
valladolid,4.17,es,wordfreq,0,5.5
valle,4.66,es,wordfreq,1,1.85
valles,3.89,es,wordfreq,1,1.95
valor,5.13,es,wordfreq,3,1.85
valoración,4.0,es,wordfreq,0,3.35
valorar,4.03,es,wordfreq,0,2.85
valores,4.87,es,wordfreq,0,2.5
vamos,5.49,es,wordfreq,5,1.65
van,5.49,es,wordfreq,12,1.15
vanguardia,4.05,es,wordfreq,0,4.55
vano,3.98,es,wordfreq,6,1.6
vapor,4.15,es,wordfreq,1,2.2
varela,3.88,es,wordfreq,0,2.55
vargas,4.25,es,wordfreq,3,1.85
variable,4.1,es,wordfreq,0,3.55
variables,4.11,es,wordfreq,0,3.6
variaciones,3.98,es,wordfreq,0,3.6
variación,3.91,es,wordfreq,0,2.85
variantes,3.87,es,wordfreq,0,3.0
variar,3.92,es,wordfreq,1,2.45
varias,5.25,es,wordfreq,3,1.8
variedad,4.55,es,wordfreq,0,3.15
variedades,4.01,es,wordfreq,0,3.8
varios,5.4,es,wordfreq,1,1.95
varones,4.01,es,wordfreq,0,2.7
varía,3.91,es,wordfreq,5,1.75
varón,3.87,es,wordfreq,0,2.0
vas,5.41,es,wordfreq,9,1.2
vasco,4.2,es,wordfreq,1,1.85
vaso,4.29,es,wordfreq,4,1.65
vasos,3.97,es,wordfreq,3,1.8
vaticano,3.99,es,wordfreq,0,3.65
vaya,5.09,es,wordfreq,4,1.7
vayamos,3.89,es,wordfreq,0,2.65
vayan,4.63,es,wordfreq,2,1.85
vayas,4.46,es,wordfreq,3,1.8
vd,3.85,es,wordfreq,13,1.3
ve,5.26,es,wordfreq,22,1.0
vea,4.64,es,wordfreq,10,1.1
veamos,4.23,es,wordfreq,1,1.85
vean,4.43,es,wordfreq,4,1.6
veas,4.21,es,wordfreq,3,1.5
veces,5.67,es,wordfreq,2,1.9
vecina,4.12,es,wordfreq,1,2.45
vecindario,3.91,es,wordfreq,0,4.1
vecino,4.5,es,wordfreq,1,2.35
vecinos,4.83,es,wordfreq,0,2.6
vega,4.23,es,wordfreq,5,1.55
vegas,4.04,es,wordfreq,3,1.7
vegetación,3.86,es,wordfreq,0,3.45
vegetal,3.91,es,wordfreq,0,3.2
vegetales,4.02,es,wordfreq,0,3.5
vehículo,4.45,es,wordfreq,0,3.65
vehículos,4.5,es,wordfreq,0,3.85
veinte,4.47,es,wordfreq,0,2.55
vela,4.19,es,wordfreq,5,1.55
velas,4.05,es,wordfreq,3,1.75
velasco,3.85,es,wordfreq,0,2.9
velo,3.85,es,wordfreq,2,1.75
velocidad,4.79,es,wordfreq,0,3.9
vemos,4.84,es,wordfreq,4,1.75
ven,5.08,es,wordfreq,12,1.25
venas,3.93,es,wordfreq,4,1.65
vencer,4.24,es,wordfreq,1,2.4
vencido,4.04,es,wordfreq,1,2.45
venció,3.83,es,wordfreq,1,2.6
vende,4.36,es,wordfreq,2,1.75
vendedor,4.14,es,wordfreq,0,2.95
vendedores,3.99,es,wordfreq,0,3.8
venden,4.23,es,wordfreq,1,2.2
vender,4.63,es,wordfreq,2,1.9
vendido,4.17,es,wordfreq,1,2.25
vendidos,3.86,es,wordfreq,0,2.5
vendiendo,4.09,es,wordfreq,0,2.7
vendió,3.99,es,wordfreq,1,2.4
vendo,3.86,es,wordfreq,3,1.75
vendrá,4.01,es,wordfreq,1,2.3
vendría,3.97,es,wordfreq,1,2.6
venecia,3.87,es,wordfreq,0,2.95
veneno,3.99,es,wordfreq,0,2.6
venezolana,4.31,es,wordfreq,1,4.55
venezolano,4.49,es,wordfreq,1,4.5
venezolanos,4.43,es,wordfreq,0,5.3
venezuela,5.21,es,wordfreq,0,4.75
venga,4.68,es,wordfreq,5,1.6
vengan,4.36,es,wordfreq,3,1.8
venganza,4.28,es,wordfreq,0,3.35
vengas,3.91,es,wordfreq,3,1.7
vengo,4.45,es,wordfreq,3,1.85
venido,4.52,es,wordfreq,1,1.8
venimos,3.96,es,wordfreq,0,2.3
venir,4.82,es,wordfreq,0,2.0
venta,4.91,es,wordfreq,4,1.75
ventaja,4.51,es,wordfreq,1,2.6
ventajas,4.35,es,wordfreq,1,2.7
ventana,4.54,es,wordfreq,1,2.45
ventanas,4.3,es,wordfreq,1,2.7
ventas,4.52,es,wordfreq,2,1.8
venía,4.39,es,wordfreq,4,1.7
venían,3.97,es,wordfreq,2,1.8
veo,5.33,es,wordfreq,8,1.5
ver,5.95,es,wordfreq,8,1.4
vera,4.13,es,wordfreq,8,1.2
veracruz,4.29,es,wordfreq,0,4.65
verano,4.94,es,wordfreq,0,2.05
veras,4.12,es,wordfreq,4,1.65
verbal,3.84,es,wordfreq,0,2.6
verbo,3.95,es,wordfreq,2,1.9
verdad,5.68,es,wordfreq,0,2.5
verdadera,4.71,es,wordfreq,1,3.45
verdaderamente,4.37,es,wordfreq,0,5.85
verdaderas,3.94,es,wordfreq,1,3.85
verdadero,4.87,es,wordfreq,1,3.4
verdaderos,4.31,es,wordfreq,1,3.55
verdades,4.03,es,wordfreq,0,2.65
verde,4.87,es,wordfreq,4,1.75
verdes,4.38,es,wordfreq,0,1.95
verduras,3.97,es,wordfreq,0,3.45
veremos,4.49,es,wordfreq,1,2.25
verga,4.36,es,wordfreq,3,1.75
vergonzoso,3.89,es,wordfreq,0,4.95
verguenza,3.83,es,wordfreq,1,4.3
vergüenza,4.64,es,wordfreq,1,4.4
verificación,3.86,es,wordfreq,0,4.05
verificar,4.1,es,wordfreq,0,3.85
verla,4.39,es,wordfreq,4,1.7
verlo,4.63,es,wordfreq,4,1.7
verlos,4.11,es,wordfreq,2,1.85
verme,4.03,es,wordfreq,3,1.85
vernos,3.86,es,wordfreq,2,1.9
verse,4.37,es,wordfreq,4,1.8
versiones,4.33,es,wordfreq,0,2.7
versión,4.97,es,wordfreq,0,2.65
verso,3.96,es,wordfreq,3,1.8
versos,3.96,es,wordfreq,2,1.85
verte,4.63,es,wordfreq,3,1.8
vertical,4.05,es,wordfreq,0,3.7
verá,4.21,es,wordfreq,3,1.7
verán,4.04,es,wordfreq,2,1.85
verás,4.24,es,wordfreq,3,1.8
veré,3.84,es,wordfreq,3,1.8
vería,3.82,es,wordfreq,5,1.65
ves,4.93,es,wordfreq,10,1.25
vestida,3.82,es,wordfreq,1,2.7
vestido,4.57,es,wordfreq,1,2.25
vestidos,4.19,es,wordfreq,0,2.55
vestir,4.01,es,wordfreq,0,2.65
vestuario,3.92,es,wordfreq,0,3.8
vete,4.18,es,wordfreq,2,1.85
vez,6.04,es,wordfreq,7,1.6
veía,4.5,es,wordfreq,3,1.6
veían,3.88,es,wordfreq,0,1.85
vi,5.2,es,wordfreq,17,1.0
via,4.31,es,wordfreq,9,1.15
viaja,4.07,es,wordfreq,3,1.8
viajando,3.95,es,wordfreq,0,2.95
viajar,4.63,es,wordfreq,0,2.45
viaje,5.11,es,wordfreq,2,1.9
viajero,3.85,es,wordfreq,0,2.75
viajeros,4.03,es,wordfreq,0,3.25
viajes,4.56,es,wordfreq,0,2.35
viajó,3.84,es,wordfreq,2,2.35
vial,3.88,es,wordfreq,0,1.8
vice,3.96,es,wordfreq,4,1.8
vicente,4.43,es,wordfreq,1,2.45
vicepresidente,4.36,es,wordfreq,0,6.0
vicio,3.95,es,wordfreq,0,2.0
victor,4.08,es,wordfreq,1,2.25
victoria,4.95,es,wordfreq,0,3.45
victorias,4.07,es,wordfreq,0,3.55
vida,5.95,es,wordfreq,5,1.5
vidal,4.11,es,wordfreq,3,1.75
vidas,4.74,es,wordfreq,2,1.85
video,5.29,es,wordfreq,1,1.9
videojuegos,4.23,es,wordfreq,0,5.75
videos,4.78,es,wordfreq,1,2.3
vidrio,4.23,es,wordfreq,0,2.85
vieja,4.88,es,wordfreq,4,1.75
viejas,4.27,es,wordfreq,1,1.9
viejo,5.03,es,wordfreq,1,1.9
viejos,4.61,es,wordfreq,1,1.9
viena,3.86,es,wordfreq,3,1.85
viendo,4.91,es,wordfreq,2,1.85
viene,5.29,es,wordfreq,2,1.75
vienen,4.84,es,wordfreq,2,1.9
vienes,4.02,es,wordfreq,3,1.75
viento,4.66,es,wordfreq,3,1.8
vientos,4.13,es,wordfreq,1,1.9
vientre,3.94,es,wordfreq,0,2.55
viera,3.89,es,wordfreq,3,1.8
viernes,4.9,es,wordfreq,0,2.5
vieron,4.58,es,wordfreq,1,2.4
vietnam,4.17,es,wordfreq,0,3.05
vigencia,4.07,es,wordfreq,0,2.6
vigente,4.28,es,wordfreq,1,2.35
vigilancia,4.41,es,wordfreq,0,4.35
vigilar,3.89,es,wordfreq,0,2.85
vigor,4.12,es,wordfreq,1,2.25
vih,3.89,es,wordfreq,4,1.75
vii,4.23,es,wordfreq,6,1.5
viii,4.08,es,wordfreq,1,1.8
villa,4.77,es,wordfreq,2,1.85
villas,3.98,es,wordfreq,2,1.85
vimos,4.26,es,wordfreq,5,1.75
vinculado,3.91,es,wordfreq,0,3.7
vinculados,3.89,es,wordfreq,0,4.15
vine,4.15,es,wordfreq,5,1.65
viniendo,3.88,es,wordfreq,1,2.45
vinieron,4.22,es,wordfreq,0,2.8
vino,4.96,es,wordfreq,6,1.6
vinos,4.0,es,wordfreq,2,1.85
vio,4.82,es,wordfreq,10,1.3
viola,3.92,es,wordfreq,2,1.85
violaciones,4.02,es,wordfreq,0,3.45
violación,4.33,es,wordfreq,0,3.05
violar,3.92,es,wordfreq,0,2.4
violencia,5.01,es,wordfreq,0,3.2
violenta,4.09,es,wordfreq,1,2.8
violento,4.15,es,wordfreq,1,2.75
violentos,4.03,es,wordfreq,0,3.3
viral,3.93,es,wordfreq,2,1.85
virgen,4.57,es,wordfreq,0,2.65
virginia,3.94,es,wordfreq,0,3.9
virtual,4.37,es,wordfreq,0,2.7
virtuales,3.82,es,wordfreq,0,3.3
virtud,4.23,es,wordfreq,0,3.0
virtudes,3.88,es,wordfreq,0,3.55
virus,4.45,es,wordfreq,0,2.2
visa,4.04,es,wordfreq,6,1.6
visibilidad,3.86,es,wordfreq,0,4.45
visible,4.2,es,wordfreq,0,3.0
visibles,3.93,es,wordfreq,0,3.0
visiones,3.89,es,wordfreq,1,2.6
visita,4.93,es,wordfreq,1,2.15
visitado,3.9,es,wordfreq,0,2.7
visitante,3.97,es,wordfreq,0,3.35
visitantes,4.29,es,wordfreq,0,3.35
visitar,4.52,es,wordfreq,1,2.45
visitas,4.47,es,wordfreq,1,2.4
visitó,4.02,es,wordfreq,1,2.55
visión,4.79,es,wordfreq,1,2.3
vista,5.2,es,wordfreq,4,1.65
vistas,4.2,es,wordfreq,3,1.75
vistazo,4.25,es,wordfreq,0,2.75
viste,4.53,es,wordfreq,3,1.85
visto,5.36,es,wordfreq,3,1.8
vistos,3.93,es,wordfreq,2,1.85
visual,4.25,es,wordfreq,0,2.35
visuales,3.84,es,wordfreq,0,2.65
vital,4.27,es,wordfreq,2,1.85
vitales,3.82,es,wordfreq,0,2.45
viuda,4.07,es,wordfreq,0,1.95
viva,4.74,es,wordfreq,5,1.55
vivas,4.1,es,wordfreq,4,1.75
vive,5.02,es,wordfreq,5,1.65
viven,4.72,es,wordfreq,1,1.9
vives,4.22,es,wordfreq,3,1.8
vivido,4.43,es,wordfreq,0,2.4
vivienda,4.61,es,wordfreq,1,2.85
viviendas,4.47,es,wordfreq,0,3.65
viviendo,4.61,es,wordfreq,2,2.5
vivimos,4.49,es,wordfreq,0,2.65
vivir,5.26,es,wordfreq,1,2.1
vivió,4.24,es,wordfreq,1,1.95
vivo,5.13,es,wordfreq,3,1.75
vivos,4.35,es,wordfreq,4,1.75
vivía,4.33,es,wordfreq,0,1.9
vivían,3.99,es,wordfreq,0,2.55
viña,3.91,es,wordfreq,5,1.7
vió,3.87,es,wordfreq,5,1.7
vocabulario,3.87,es,wordfreq,0,5.7
vocación,4.01,es,wordfreq,1,2.7
vocal,3.85,es,wordfreq,1,1.95
vocales,3.86,es,wordfreq,1,2.6
voces,4.53,es,wordfreq,1,1.95
vol,4.25,es,wordfreq,9,1.55
volando,4.01,es,wordfreq,1,2.45
volante,3.96,es,wordfreq,0,2.85
volar,4.28,es,wordfreq,2,1.85
volcán,3.95,es,wordfreq,0,3.05
volumen,4.59,es,wordfreq,0,3.55
voluntad,4.72,es,wordfreq,0,3.8
voluntaria,3.96,es,wordfreq,1,4.1
voluntariamente,3.88,es,wordfreq,0,6.45
voluntario,4.02,es,wordfreq,1,3.85
voluntarios,4.17,es,wordfreq,0,4.3
volvamos,3.83,es,wordfreq,1,3.3
volvemos,4.07,es,wordfreq,1,3.1
volver,5.2,es,wordfreq,0,2.25
volverse,3.88,es,wordfreq,0,3.2
volverá,4.16,es,wordfreq,1,2.7
volverán,3.82,es,wordfreq,0,3.2
volveré,3.82,es,wordfreq,1,2.75
volvería,4.03,es,wordfreq,0,2.95
volviendo,4.33,es,wordfreq,0,3.2
volvieron,4.24,es,wordfreq,0,3.35
volvió,4.81,es,wordfreq,0,2.7
volví,4.18,es,wordfreq,0,2.65
volvía,3.86,es,wordfreq,0,2.65
volúmenes,3.92,es,wordfreq,0,4.25
von,3.96,es,wordfreq,13,1.3
vos,5.24,es,wordfreq,13,1.25
vosotros,4.57,es,wordfreq,1,3.3
vota,4.14,es,wordfreq,6,1.65
votaciones,3.92,es,wordfreq,0,2.8
votación,4.43,es,wordfreq,1,2.7
votado,3.93,es,wordfreq,1,1.95
votando,3.91,es,wordfreq,1,2.3
votantes,4.35,es,wordfreq,0,2.95
votar,4.72,es,wordfreq,2,1.85
votaron,3.95,es,wordfreq,0,2.75
vote,3.97,es,wordfreq,7,1.65
voto,4.87,es,wordfreq,7,1.6
votos,4.95,es,wordfreq,2,1.85
votó,3.87,es,wordfreq,3,1.85
voy,5.72,es,wordfreq,9,1.55
voz,5.2,es,wordfreq,5,1.75
vs,4.48,es,wordfreq,15,1.1
vuela,3.9,es,wordfreq,1,1.8
vuelo,4.63,es,wordfreq,3,1.65
vuelos,4.19,es,wordfreq,1,1.9
vuelta,5.17,es,wordfreq,3,1.75
vueltas,4.43,es,wordfreq,1,2.0
vuelto,4.66,es,wordfreq,3,1.8
vuelva,4.54,es,wordfreq,4,1.65
vuelvan,4.12,es,wordfreq,2,2.35
vuelvas,3.92,es,wordfreq,3,2.05
vuelve,4.95,es,wordfreq,2,1.9
vuelven,4.38,es,wordfreq,2,2.45
vuelves,3.86,es,wordfreq,2,2.4
vuelvo,4.43,es,wordfreq,3,1.8
vuestra,4.46,es,wordfreq,3,2.15
vuestras,4.07,es,wordfreq,3,2.25
vuestro,4.39,es,wordfreq,2,2.35
vuestros,4.18,es,wordfreq,2,2.4
vulnerable,3.85,es,wordfreq,0,4.6
vulnerables,3.83,es,wordfreq,0,4.6
válida,3.87,es,wordfreq,1,2.65
válido,3.93,es,wordfreq,2,2.5
vázquez,4.01,es,wordfreq,0,3.9
véase,4.46,es,wordfreq,0,2.35
vélez,3.82,es,wordfreq,0,2.75
ví,3.93,es,wordfreq,8,1.55
vía,4.99,es,wordfreq,5,1.55
vías,4.45,es,wordfreq,3,1.75
víctima,4.64,es,wordfreq,0,3.15
víctimas,4.71,es,wordfreq,0,3.75
víctor,4.27,es,wordfreq,1,2.55
vídeo,4.9,es,wordfreq,1,2.6
vídeos,4.46,es,wordfreq,1,2.7
vínculo,4.1,es,wordfreq,0,3.3
vínculos,4.03,es,wordfreq,0,3.45
walker,3.85,es,wordfreq,1,2.75
wall,3.94,es,wordfreq,3,1.8
walter,4.18,es,wordfreq,1,2.5
warner,3.84,es,wordfreq,0,2.8
was,3.84,es,wordfreq,6,1.65
washington,4.55,es,wordfreq,0,5.4
we,4.27,es,wordfreq,17,1.05
web,5.29,es,wordfreq,1,1.9
west,4.05,es,wordfreq,2,1.85
wey,3.87,es,wordfreq,4,1.75
what,3.99,es,wordfreq,2,2.25
whatsapp,4.27,es,wordfreq,0,4.95
white,4.03,es,wordfreq,0,2.65
wifi,4.07,es,wordfreq,0,2.3
wikipedia,4.11,es,wordfreq,0,4.95
will,4.05,es,wordfreq,3,1.85
william,4.29,es,wordfreq,0,3.4
williams,3.96,es,wordfreq,0,3.7
wilson,4.02,es,wordfreq,0,2.95
windows,4.2,es,wordfreq,0,3.45
with,4.2,es,wordfreq,0,2.45
world,4.34,es,wordfreq,0,2.85
wow,4.25,es,wordfreq,1,1.95
xbox,3.86,es,wordfreq,0,2.65
xd,4.56,es,wordfreq,11,1.45
xi,4.22,es,wordfreq,15,1.0
xii,3.99,es,wordfreq,6,1.5
xiii,3.99,es,wordfreq,2,2.0
xiv,3.91,es,wordfreq,2,1.75
xix,4.37,es,wordfreq,2,1.75
xv,4.06,es,wordfreq,7,1.55
xvi,4.27,es,wordfreq,2,1.7
xvii,4.06,es,wordfreq,1,1.85
xviii,4.16,es,wordfreq,0,2.5
xx,4.39,es,wordfreq,5,1.65
xxi,4.25,es,wordfreq,2,1.8
ya,6.33,es,wordfreq,16,1.2
yendo,4.42,es,wordfreq,1,1.95
yo,6.29,es,wordfreq,14,1.25
yoga,3.82,es,wordfreq,0,2.0
york,4.95,es,wordfreq,0,2.0
you,4.63,es,wordfreq,0,1.9
young,3.93,es,wordfreq,0,2.7
your,4.06,es,wordfreq,1,2.25
youtube,4.68,es,wordfreq,0,3.95
yucatán,3.94,es,wordfreq,0,3.9
zamora,4.03,es,wordfreq,0,2.7
zapata,3.83,es,wordfreq,0,2.85
zapatillas,3.93,es,wordfreq,0,4.4
zapatos,4.53,es,wordfreq,0,2.9
zaragoza,4.32,es,wordfreq,0,4.0
zelanda,3.9,es,wordfreq,0,2.85
zona,5.28,es,wordfreq,1,1.9
zonas,4.92,es,wordfreq,0,1.95
zorra,3.88,es,wordfreq,0,2.0
ácido,4.28,es,wordfreq,0,2.35
áfrica,4.58,es,wordfreq,1,2.8
águila,3.88,es,wordfreq,0,2.9
álbum,4.37,es,wordfreq,0,3.45
álvarez,4.09,es,wordfreq,0,3.9
álvaro,4.02,es,wordfreq,0,2.9
ámbito,4.59,es,wordfreq,0,2.75
ámbitos,4.0,es,wordfreq,0,2.95
ángel,4.6,es,wordfreq,1,2.8
ángeles,4.46,es,wordfreq,1,2.8
ángulo,4.09,es,wordfreq,0,2.95
ánimo,4.54,es,wordfreq,1,2.2
ánimos,3.83,es,wordfreq,0,2.4
árabe,4.37,es,wordfreq,0,2.45
árabes,4.18,es,wordfreq,0,2.7
árbitro,3.91,es,wordfreq,0,3.6
árbol,4.58,es,wordfreq,0,2.9
árboles,4.58,es,wordfreq,0,3.1
área,5.0,es,wordfreq,2,1.85
áreas,4.79,es,wordfreq,1,1.9
ávila,3.87,es,wordfreq,0,2.35
él,5.76,es,wordfreq,5,1.75
élite,4.0,es,wordfreq,0,2.45
énfasis,4.08,es,wordfreq,0,3.9
época,5.05,es,wordfreq,0,2.35
épocas,4.15,es,wordfreq,0,2.6
éramos,4.06,es,wordfreq,1,1.95
ése,3.89,es,wordfreq,2,1.8
ésta,4.86,es,wordfreq,3,1.8
éstas,4.24,es,wordfreq,2,1.85
éste,4.95,es,wordfreq,3,1.8
ésto,4.13,es,wordfreq,3,1.8
éstos,4.32,es,wordfreq,2,1.85
ética,4.32,es,wordfreq,1,2.25
ético,3.83,es,wordfreq,1,2.25
éxito,5.08,es,wordfreq,0,2.5
éxitos,4.2,es,wordfreq,0,2.6
íbamos,3.95,es,wordfreq,0,2.45
índice,4.46,es,wordfreq,0,2.75
índices,3.97,es,wordfreq,0,2.9
ópera,3.91,es,wordfreq,1,1.95
óptica,3.91,es,wordfreq,0,2.9
órdenes,4.64,es,wordfreq,1,2.85
órgano,4.35,es,wordfreq,0,2.75
órganos,4.35,es,wordfreq,0,2.8
óscar,3.85,es,wordfreq,1,2.6
última,5.22,es,wordfreq,2,2.45
últimamente,4.43,es,wordfreq,0,4.0
últimas,4.71,es,wordfreq,1,2.7
último,5.35,es,wordfreq,2,2.6
últimos,5.11,es,wordfreq,1,2.7
única,5.16,es,wordfreq,2,2.0
únicamente,4.55,es,wordfreq,0,3.7
únicas,4.13,es,wordfreq,1,2.5
único,5.36,es,wordfreq,2,1.95
únicos,4.37,es,wordfreq,1,2.35
útil,4.58,es,wordfreq,0,2.3
útiles,4.21,es,wordfreq,0,2.7
