word,freq_zipf,language,source,n_density,old20
一一,4.28,zh,wordfreq,260,1.0
一万,4.04,zh,wordfreq,253,1.0
一下,5.46,zh,wordfreq,306,1.0
一下子,4.13,zh,wordfreq,2,1.85
一世,3.94,zh,wordfreq,263,1.0
一丝,4.12,zh,wordfreq,243,1.0
一两,3.49,zh,wordfreq,238,1.0
一两个,3.73,zh,wordfreq,2,1.75
一个,6.56,zh,wordfreq,275,1.0
一个个,4.22,zh,wordfreq,5,1.65
一个半,3.51,zh,wordfreq,3,1.75
一个多,5.05,zh,wordfreq,3,1.8
一个月,4.68,zh,wordfreq,6,1.6
一中,4.0,zh,wordfreq,286,1.0
一串,3.61,zh,wordfreq,238,1.0
一举,3.86,zh,wordfreq,247,1.0
一书,3.72,zh,wordfreq,263,1.0
一事,4.17,zh,wordfreq,294,1.0
一二,3.54,zh,wordfreq,246,1.0
一些,5.76,zh,wordfreq,246,1.0
一人,4.56,zh,wordfreq,378,1.0
一亿,3.58,zh,wordfreq,242,1.0
一代,4.52,zh,wordfreq,261,1.0
一件,4.95,zh,wordfreq,265,1.0
一任,3.65,zh,wordfreq,268,1.0
一份,4.86,zh,wordfreq,249,1.0
一伙,3.75,zh,wordfreq,244,1.0
一会,4.54,zh,wordfreq,290,1.0
一会儿,4.52,zh,wordfreq,3,1.75
一位,5.28,zh,wordfreq,284,1.0
一体,4.43,zh,wordfreq,289,1.0
一体化,4.04,zh,wordfreq,0,1.95
一例,3.69,zh,wordfreq,252,1.0
一侧,3.75,zh,wordfreq,247,1.0
一倍,3.89,zh,wordfreq,245,1.0
一元,3.59,zh,wordfreq,253,1.0
一八,3.32,zh,wordfreq,242,1.0
一共,4.27,zh,wordfreq,244,1.0
一具,3.78,zh,wordfreq,255,1.0
一再,4.12,zh,wordfreq,239,1.0
一出,4.0,zh,wordfreq,316,1.0
一击,3.5,zh,wordfreq,264,1.0
一刀,3.74,zh,wordfreq,245,1.0
一分,4.18,zh,wordfreq,272,1.0
一分钟,4.31,zh,wordfreq,7,1.55
一分钱,3.69,zh,wordfreq,1,1.9
一切,5.54,zh,wordfreq,248,1.0
一列,3.48,zh,wordfreq,251,1.0
一则,4.08,zh,wordfreq,247,1.0
一到,5.06,zh,wordfreq,290,1.0
一刹那,3.31,zh,wordfreq,0,2.0
一刻,4.3,zh,wordfreq,246,1.0
一副,4.17,zh,wordfreq,240,1.0
一包,3.61,zh,wordfreq,246,1.0
一匹,3.68,zh,wordfreq,239,1.0
一千,4.06,zh,wordfreq,249,1.0
一千万,3.57,zh,wordfreq,2,1.75
一半,4.77,zh,wordfreq,243,1.0
一卷,3.5,zh,wordfreq,242,1.0
一双,3.92,zh,wordfreq,240,1.0
一发,3.85,zh,wordfreq,286,1.0
一口,4.31,zh,wordfreq,275,1.0
一口气,3.97,zh,wordfreq,0,1.9
一句,4.86,zh,wordfreq,244,1.0
一只,4.82,zh,wordfreq,242,1.0
一台,4.36,zh,wordfreq,265,1.0
一号,4.3,zh,wordfreq,268,1.0
一同,4.57,zh,wordfreq,255,1.0
一名,5.15,zh,wordfreq,305,1.0
一向,4.26,zh,wordfreq,272,1.0
一员,4.22,zh,wordfreq,262,1.0
一周,4.64,zh,wordfreq,247,1.0
一周年,3.81,zh,wordfreq,2,1.75
一味,3.82,zh,wordfreq,253,1.0
一品,3.56,zh,wordfreq,265,1.0
一回,3.91,zh,wordfreq,259,1.0
一团,3.89,zh,wordfreq,251,1.0
一团糟,3.33,zh,wordfreq,0,1.95
一国,3.83,zh,wordfreq,293,1.0
一圈,3.95,zh,wordfreq,239,1.0
一地,3.43,zh,wordfreq,303,1.0
一场,5.13,zh,wordfreq,291,1.0
一块,4.68,zh,wordfreq,250,1.0
一块儿,3.56,zh,wordfreq,2,1.85
一堂,3.42,zh,wordfreq,250,1.0
一堆,4.2,zh,wordfreq,238,1.0
一声,4.39,zh,wordfreq,266,1.0
一处,4.33,zh,wordfreq,270,1.0
一夜,4.27,zh,wordfreq,251,1.0
一夜情,3.31,zh,wordfreq,0,1.95
一大,4.51,zh,wordfreq,294,1.0
一大堆,3.71,zh,wordfreq,2,1.8
一大批,3.39,zh,wordfreq,2,1.75
一大早,3.55,zh,wordfreq,2,1.8
一天,5.25,zh,wordfreq,285,1.0
一头,4.14,zh,wordfreq,311,1.0
一套,4.64,zh,wordfreq,247,1.0
一女,3.57,zh,wordfreq,258,1.0
一如,3.57,zh,wordfreq,249,1.0
一字,3.69,zh,wordfreq,251,1.0
一季,3.42,zh,wordfreq,246,1.0
一季度,3.5,zh,wordfreq,0,1.85
一宗,3.39,zh,wordfreq,242,1.0
一定,5.71,zh,wordfreq,290,1.0
一审,3.71,zh,wordfreq,244,1.0
一家,5.03,zh,wordfreq,307,1.0
一家人,4.14,zh,wordfreq,1,1.8
一寸,3.4,zh,wordfreq,240,1.0
一对,4.5,zh,wordfreq,250,1.0
一对一,3.67,zh,wordfreq,0,1.9
一封,4.08,zh,wordfreq,243,1.0
一封信,3.75,zh,wordfreq,0,1.9
一尊,3.47,zh,wordfreq,240,1.0
一小,4.13,zh,wordfreq,256,1.0
一局,3.48,zh,wordfreq,256,1.0
一层,4.26,zh,wordfreq,259,1.0
一届,3.84,zh,wordfreq,245,1.0
一岁,3.51,zh,wordfreq,251,1.0
一带,4.67,zh,wordfreq,259,1.0
一席,3.41,zh,wordfreq,243,1.0
一帮,3.64,zh,wordfreq,241,1.0
一幅,4.17,zh,wordfreq,245,1.0
一幕,3.92,zh,wordfreq,250,1.0
一幢,3.38,zh,wordfreq,238,1.0
一年,5.18,zh,wordfreq,300,1.0
一年级,3.31,zh,wordfreq,1,1.8
一并,3.68,zh,wordfreq,241,1.0
一度,4.44,zh,wordfreq,286,1.0
一座,4.78,zh,wordfreq,252,1.0
一开,3.66,zh,wordfreq,270,1.0
一张,5.02,zh,wordfreq,254,1.0
一律,4.15,zh,wordfreq,245,1.0
一心,3.77,zh,wordfreq,291,1.0
一战,4.0,zh,wordfreq,277,1.0
一户,3.38,zh,wordfreq,254,1.0
一所,4.21,zh,wordfreq,249,1.0
一扇,3.47,zh,wordfreq,239,1.0
一手,4.19,zh,wordfreq,296,1.0
一打,3.33,zh,wordfreq,250,1.0
一批,4.55,zh,wordfreq,243,1.0
一把,4.59,zh,wordfreq,238,1.0
一把手,3.39,zh,wordfreq,0,1.85
一招,3.79,zh,wordfreq,239,1.0
一拳,3.68,zh,wordfreq,238,1.0
一排,3.62,zh,wordfreq,242,1.0
一支,4.53,zh,wordfreq,245,1.0
一整天,3.94,zh,wordfreq,1,1.85
一整套,3.37,zh,wordfreq,1,1.85
一文,3.79,zh,wordfreq,282,1.0
一斤,3.4,zh,wordfreq,239,1.0
一新,3.44,zh,wordfreq,251,1.0
一方,4.52,zh,wordfreq,278,1.0
一方面,4.48,zh,wordfreq,3,1.7
一旁,3.98,zh,wordfreq,241,1.0
一日,4.43,zh,wordfreq,278,1.0
一旦,4.9,zh,wordfreq,242,1.0
一早,3.7,zh,wordfreq,247,1.0
一时,4.43,zh,wordfreq,279,1.0
一时期,3.47,zh,wordfreq,1,1.8
一时间,3.6,zh,wordfreq,5,1.6
一是,5.22,zh,wordfreq,275,1.0
一曲,3.6,zh,wordfreq,248,1.0
一月,4.12,zh,wordfreq,259,1.0
一月份,3.33,zh,wordfreq,0,1.85
一期,4.09,zh,wordfreq,273,1.0
一本,4.5,zh,wordfreq,259,1.0
一朵,3.45,zh,wordfreq,240,1.0
一束,3.41,zh,wordfreq,242,1.0
一条,5.18,zh,wordfreq,255,1.0
一条街,3.31,zh,wordfreq,1,1.9
一条龙,3.39,zh,wordfreq,1,1.9
一来,3.81,zh,wordfreq,292,1.0
一杯,4.19,zh,wordfreq,239,1.0
一枚,4.12,zh,wordfreq,239,1.0
一枪,3.73,zh,wordfreq,243,1.0
一架,4.27,zh,wordfreq,249,1.0
一栋,3.78,zh,wordfreq,239,1.0
一样,5.75,zh,wordfreq,258,1.0
一根,4.37,zh,wordfreq,246,1.0
一案,3.78,zh,wordfreq,265,1.0
一桩,3.72,zh,wordfreq,238,1.0
一棵,3.73,zh,wordfreq,238,1.0
一棵树,3.36,zh,wordfreq,0,1.95
一楼,3.55,zh,wordfreq,249,1.0
一概,3.59,zh,wordfreq,240,1.0
一次,5.54,zh,wordfreq,272,1.0
一次性,3.92,zh,wordfreq,2,1.85
一次次,3.38,zh,wordfreq,1,1.9
一款,4.43,zh,wordfreq,257,1.0
一步,4.89,zh,wordfreq,255,1.0
一步步,3.66,zh,wordfreq,0,1.9
一段,4.95,zh,wordfreq,249,1.0
一波,3.83,zh,wordfreq,244,1.0
一派,3.91,zh,wordfreq,254,1.0
一流,4.25,zh,wordfreq,263,1.0
一滴,3.61,zh,wordfreq,241,1.0
一炮,3.45,zh,wordfreq,244,1.0
一点,5.51,zh,wordfreq,302,1.0
一点儿,3.95,zh,wordfreq,4,1.7
一点点,4.3,zh,wordfreq,1,1.85
一片,4.74,zh,wordfreq,263,1.0
一环,3.4,zh,wordfreq,244,1.0
一班,3.9,zh,wordfreq,245,1.0
一瓶,3.88,zh,wordfreq,239,1.0
一生,4.75,zh,wordfreq,286,1.0
一番,4.24,zh,wordfreq,238,1.0
一百,4.18,zh,wordfreq,249,1.0
一百万,3.68,zh,wordfreq,7,1.5
一百个,3.5,zh,wordfreq,4,1.7
一百年,3.64,zh,wordfreq,5,1.6
一盒,3.39,zh,wordfreq,238,1.0
一盘,3.57,zh,wordfreq,253,1.0
一直,5.64,zh,wordfreq,241,1.0
一看,3.76,zh,wordfreq,251,1.0
一眼,4.25,zh,wordfreq,249,1.0
一瞬间,3.73,zh,wordfreq,1,1.85
一碗,3.81,zh,wordfreq,239,1.0
一票,3.97,zh,wordfreq,256,1.0
一种,5.61,zh,wordfreq,267,1.0
一秒,3.66,zh,wordfreq,240,1.0
一站,3.86,zh,wordfreq,246,1.0
一章,3.46,zh,wordfreq,252,1.0
一端,3.52,zh,wordfreq,254,1.0
一笑,3.41,zh,wordfreq,250,1.0
一笔,4.16,zh,wordfreq,243,1.0
一等,5.0,zh,wordfreq,248,1.0
一等奖,3.73,zh,wordfreq,2,1.85
一箱,3.38,zh,wordfreq,241,1.0
一篇,4.52,zh,wordfreq,244,1.0
一米,3.31,zh,wordfreq,252,1.0
一类,4.18,zh,wordfreq,257,1.0
一粒,3.62,zh,wordfreq,240,1.0
一系列,4.74,zh,wordfreq,0,1.9
一级,4.71,zh,wordfreq,268,1.0
一纸,3.59,zh,wordfreq,243,1.0
一线,4.36,zh,wordfreq,278,1.0
一组,4.32,zh,wordfreq,250,1.0
一经,3.48,zh,wordfreq,254,1.0
一统,3.5,zh,wordfreq,245,1.0
一群,4.82,zh,wordfreq,247,1.0
一职,3.61,zh,wordfreq,257,1.0
一股,4.23,zh,wordfreq,247,1.0
一脚,3.83,zh,wordfreq,242,1.0
一脸,3.97,zh,wordfreq,243,1.0
一致,4.77,zh,wordfreq,249,1.0
一致性,3.43,zh,wordfreq,1,1.9
一般,5.52,zh,wordfreq,239,1.0
一艘,4.04,zh,wordfreq,240,1.0
一节,3.64,zh,wordfreq,254,1.0
一行,4.35,zh,wordfreq,302,1.0
一袋,3.41,zh,wordfreq,240,1.0
一见,3.48,zh,wordfreq,267,1.0
一览,3.59,zh,wordfreq,244,1.0
一角,3.7,zh,wordfreq,246,1.0
一记,3.49,zh,wordfreq,251,1.0
一词,4.14,zh,wordfreq,249,1.0
一说,5.09,zh,wordfreq,268,1.0
一课,3.51,zh,wordfreq,246,1.0
一贯,4.24,zh,wordfreq,239,1.0
一起,5.66,zh,wordfreq,270,1.0
一趟,4.01,zh,wordfreq,239,1.0
一路,4.68,zh,wordfreq,273,1.0
一路上,3.69,zh,wordfreq,1,1.85
一身,4.12,zh,wordfreq,276,1.0
一轮,4.01,zh,wordfreq,246,1.0
一辆,4.52,zh,wordfreq,242,1.0
一辆车,3.39,zh,wordfreq,0,1.95
一辈,3.48,zh,wordfreq,241,1.0
一辈子,4.49,zh,wordfreq,4,1.7
一边,4.88,zh,wordfreq,266,1.0
一连,3.53,zh,wordfreq,244,1.0
一连串,3.92,zh,wordfreq,0,1.9
一通,3.62,zh,wordfreq,262,1.0
一遍,4.39,zh,wordfreq,241,1.0
一道,4.46,zh,wordfreq,278,1.0
一部,4.86,zh,wordfreq,284,1.0
一部分,5.03,zh,wordfreq,2,1.75
一键,3.4,zh,wordfreq,240,1.0
一门,4.01,zh,wordfreq,283,1.0
一间,4.51,zh,wordfreq,260,1.0
一队,3.86,zh,wordfreq,266,1.0
一阵,4.24,zh,wordfreq,242,1.0
一阵子,3.97,zh,wordfreq,2,1.8
一集,3.79,zh,wordfreq,260,1.0
一面,4.71,zh,wordfreq,294,1.0
一页,3.95,zh,wordfreq,242,1.0
一项,4.9,zh,wordfreq,258,1.0
一顿,4.22,zh,wordfreq,243,1.0
一颗,4.67,zh,wordfreq,241,1.0
一餐,3.32,zh,wordfreq,247,1.0
一首,4.29,zh,wordfreq,247,1.0
一首歌,3.68,zh,wordfreq,0,1.9
一齐,3.54,zh,wordfreq,241,1.0
丁丁,3.36,zh,wordfreq,4,1.8
七万,3.38,zh,wordfreq,33,1.0
七个,4.24,zh,wordfreq,55,1.0
七人,3.36,zh,wordfreq,158,1.0
七位,3.36,zh,wordfreq,64,1.0
七十,3.81,zh,wordfreq,28,1.0
七千,3.39,zh,wordfreq,29,1.0
七号,3.52,zh,wordfreq,48,1.0
七名,3.45,zh,wordfreq,85,1.0
七夕,3.32,zh,wordfreq,20,1.0
七大,3.48,zh,wordfreq,74,1.0
七天,3.7,zh,wordfreq,65,1.0
七岁,3.46,zh,wordfreq,31,1.0
七年,4.21,zh,wordfreq,80,1.0
七成,3.48,zh,wordfreq,61,1.0
七日,3.67,zh,wordfreq,58,1.0
七星,3.47,zh,wordfreq,44,1.0
七月,4.32,zh,wordfreq,39,1.0
七点,3.75,zh,wordfreq,82,1.0
七百,3.36,zh,wordfreq,29,1.0
万一,4.27,zh,wordfreq,52,1.0
万万,3.59,zh,wordfreq,45,1.0
万个,3.99,zh,wordfreq,67,1.0
万事,3.55,zh,wordfreq,86,1.0
万亩,3.74,zh,wordfreq,31,1.0
万人,4.7,zh,wordfreq,170,1.0
万人次,3.86,zh,wordfreq,0,1.85
万亿,3.47,zh,wordfreq,34,1.0
万亿元,3.51,zh,wordfreq,1,1.8
万众,3.31,zh,wordfreq,41,1.0
万余,3.46,zh,wordfreq,37,1.0
万元,4.95,zh,wordfreq,45,1.0
万公顷,3.64,zh,wordfreq,0,1.95
万分,3.67,zh,wordfreq,64,1.0
万千,3.42,zh,wordfreq,41,1.0
万千瓦,3.31,zh,wordfreq,0,1.9
万历,3.67,zh,wordfreq,41,1.0
万台,3.57,zh,wordfreq,57,1.0
万名,4.13,zh,wordfreq,97,1.0
万吨,4.31,zh,wordfreq,31,1.0
万国,3.44,zh,wordfreq,85,1.0
万圣节,3.48,zh,wordfreq,0,2.0
万多,3.79,zh,wordfreq,46,1.0
万家,3.72,zh,wordfreq,99,1.0
万岁,4.41,zh,wordfreq,43,1.0
万年,3.74,zh,wordfreq,92,1.0
万张,3.4,zh,wordfreq,46,1.0
万户,3.67,zh,wordfreq,46,1.0
万次,3.48,zh,wordfreq,64,1.0
万物,4.08,zh,wordfreq,64,1.0
万美元,4.59,zh,wordfreq,3,1.75
万美金,3.69,zh,wordfreq,2,1.85
万股,3.48,zh,wordfreq,39,1.0
万能,3.93,zh,wordfreq,63,1.0
万英镑,3.46,zh,wordfreq,0,1.95
万象,3.57,zh,wordfreq,46,1.0
万辆,3.76,zh,wordfreq,34,1.0
万达,3.72,zh,wordfreq,44,1.0
万里,3.88,zh,wordfreq,75,1.0
丈夫,4.83,zh,wordfreq,17,1.1
丈母娘,3.36,zh,wordfreq,0,2.0
三万,3.78,zh,wordfreq,84,1.0
三世,3.86,zh,wordfreq,94,1.0
三个,5.21,zh,wordfreq,106,1.0
三中,4.9,zh,wordfreq,117,1.0
三亚,3.79,zh,wordfreq,81,1.0
三人,4.09,zh,wordfreq,209,1.0
三代,3.85,zh,wordfreq,92,1.0
三件,3.55,zh,wordfreq,96,1.0
三位,4.21,zh,wordfreq,115,1.0
三倍,3.71,zh,wordfreq,76,1.0
三元,3.79,zh,wordfreq,84,1.0
三八,3.43,zh,wordfreq,73,1.0
三农,3.37,zh,wordfreq,72,1.0
三分,4.16,zh,wordfreq,103,1.0
三分钟,3.69,zh,wordfreq,6,1.6
三十,4.05,zh,wordfreq,79,1.0
三十六,3.36,zh,wordfreq,3,1.75
三十岁,3.4,zh,wordfreq,4,1.65
三十年,4.07,zh,wordfreq,8,1.45
三千,3.95,zh,wordfreq,80,1.0
三口,3.41,zh,wordfreq,106,1.0
三只,3.5,zh,wordfreq,73,1.0
三号,3.74,zh,wordfreq,99,1.0
三合,3.35,zh,wordfreq,97,1.0
三名,4.12,zh,wordfreq,136,1.0
三周,3.63,zh,wordfreq,78,1.0
三四,3.42,zh,wordfreq,74,1.0
三国,4.46,zh,wordfreq,124,1.0
三场,3.5,zh,wordfreq,122,1.0
三块,3.41,zh,wordfreq,81,1.0
三大,4.23,zh,wordfreq,125,1.0
三天,4.49,zh,wordfreq,116,1.0
三宝,3.39,zh,wordfreq,76,1.0
三家,3.91,zh,wordfreq,138,1.0
三尺,3.38,zh,wordfreq,71,1.0
三层,3.82,zh,wordfreq,90,1.0
三岁,3.73,zh,wordfreq,82,1.0
三峡,3.88,zh,wordfreq,70,1.0
三年,4.88,zh,wordfreq,131,1.0
三年级,3.41,zh,wordfreq,1,1.8
三座,3.64,zh,wordfreq,83,1.0
三张,3.61,zh,wordfreq,85,1.0
三成,3.67,zh,wordfreq,112,1.0
三支,3.34,zh,wordfreq,76,1.0
三方,3.76,zh,wordfreq,109,1.0
三日,3.84,zh,wordfreq,109,1.0
三明治,3.59,zh,wordfreq,0,1.95
三星,4.45,zh,wordfreq,95,1.0
三月,4.38,zh,wordfreq,90,1.0
三期,3.5,zh,wordfreq,104,1.0
三条,3.95,zh,wordfreq,86,1.0
三板,3.43,zh,wordfreq,84,1.0
三楼,3.4,zh,wordfreq,80,1.0
三次,4.43,zh,wordfreq,103,1.0
三段,3.48,zh,wordfreq,80,1.0
三民,3.34,zh,wordfreq,98,1.0
三点,4.07,zh,wordfreq,133,1.0
三百,3.89,zh,wordfreq,80,1.0
三种,4.29,zh,wordfreq,98,1.0
三等奖,3.32,zh,wordfreq,2,1.9
三类,3.78,zh,wordfreq,88,1.0
三级,4.33,zh,wordfreq,99,1.0
三线,3.41,zh,wordfreq,109,1.0
三维,3.74,zh,wordfreq,74,1.0
三者,3.62,zh,wordfreq,100,1.0
三联,3.39,zh,wordfreq,78,1.0
三菱,3.34,zh,wordfreq,69,1.0
三藏,3.31,zh,wordfreq,81,1.0
三角,4.04,zh,wordfreq,77,1.0
三角形,3.55,zh,wordfreq,1,1.9
三角洲,3.87,zh,wordfreq,1,1.9
三路,3.42,zh,wordfreq,104,1.0
三轮,3.35,zh,wordfreq,77,1.0
三轮车,3.62,zh,wordfreq,0,1.95
三部,3.54,zh,wordfreq,115,1.0
三部曲,3.56,zh,wordfreq,0,1.95
三重,3.59,zh,wordfreq,100,1.0
三间,3.55,zh,wordfreq,91,1.0
三面,3.49,zh,wordfreq,125,1.0
三项,3.89,zh,wordfreq,89,1.0
三颗,3.41,zh,wordfreq,72,1.0
上万,3.49,zh,wordfreq,92,1.0
上下,4.45,zh,wordfreq,145,1.0
上个月,3.87,zh,wordfreq,3,1.85
上书,3.66,zh,wordfreq,102,1.0
上交,3.39,zh,wordfreq,93,1.0
上任,4.18,zh,wordfreq,107,1.0
上传,4.68,zh,wordfreq,86,1.0
上位,3.56,zh,wordfreq,123,1.0
上前,3.81,zh,wordfreq,103,1.0
上千,3.53,zh,wordfreq,88,1.0
上升,4.72,zh,wordfreq,83,1.0
上午,4.68,zh,wordfreq,80,1.0
上半场,3.38,zh,wordfreq,2,1.8
上半年,4.11,zh,wordfreq,2,1.8
上去,4.55,zh,wordfreq,97,1.0
上古,3.49,zh,wordfreq,83,1.0
上台,4.25,zh,wordfreq,104,1.0
上司,4.11,zh,wordfreq,82,1.0
上吊,3.41,zh,wordfreq,77,1.0
上周,4.28,zh,wordfreq,86,1.0
上周五,3.38,zh,wordfreq,1,1.85
上周末,3.31,zh,wordfreq,1,1.85
上场,3.94,zh,wordfreq,130,1.0
上天,3.92,zh,wordfreq,124,1.0
上头,3.75,zh,wordfreq,150,1.0
上学,4.47,zh,wordfreq,114,1.0
上将,4.01,zh,wordfreq,90,1.0
上尉,3.64,zh,wordfreq,78,1.0
上层,4.17,zh,wordfreq,98,1.0
上届,3.33,zh,wordfreq,84,1.0
上山,3.68,zh,wordfreq,113,1.0
上岗,3.56,zh,wordfreq,78,1.0
上岸,3.73,zh,wordfreq,89,1.0
上市,4.81,zh,wordfreq,94,1.0
上帝,4.84,zh,wordfreq,80,1.0
上年,5.29,zh,wordfreq,139,1.0
上床,4.06,zh,wordfreq,82,1.0
上当,3.74,zh,wordfreq,94,1.0
上扬,3.77,zh,wordfreq,84,1.0
上报,3.95,zh,wordfreq,109,1.0
上方,3.95,zh,wordfreq,117,1.0
上旬,3.54,zh,wordfreq,79,1.0
上星期,3.36,zh,wordfreq,0,1.95
上映,4.16,zh,wordfreq,81,1.0
上来,4.69,zh,wordfreq,131,1.0
上架,3.49,zh,wordfreq,88,1.0
上校,4.01,zh,wordfreq,92,1.0
上楼,3.4,zh,wordfreq,88,1.0
上榜,3.54,zh,wordfreq,78,1.0
上次,4.39,zh,wordfreq,111,1.0
上流,3.4,zh,wordfreq,102,1.0
上海,5.53,zh,wordfreq,102,1.0
上海市,4.17,zh,wordfreq,0,1.9
上涨,4.59,zh,wordfreq,80,1.0
上游,4.07,zh,wordfreq,89,1.0
上演,4.27,zh,wordfreq,89,1.0
上班,4.61,zh,wordfreq,84,1.0
上班族,3.6,zh,wordfreq,0,1.95
上瘾,3.66,zh,wordfreq,79,1.0
上百,3.39,zh,wordfreq,88,1.0
上百万,3.45,zh,wordfreq,4,1.65
上空,4.08,zh,wordfreq,96,1.0
上级,4.49,zh,wordfreq,107,1.0
上线,4.28,zh,wordfreq,117,1.0
上缴,3.35,zh,wordfreq,78,1.0
上网,4.5,zh,wordfreq,84,1.0
上船,3.35,zh,wordfreq,88,1.0
上行,3.58,zh,wordfreq,141,1.0
上街,4.16,zh,wordfreq,79,1.0
上衣,3.9,zh,wordfreq,90,1.0
上访,3.61,zh,wordfreq,89,1.0
上诉,4.31,zh,wordfreq,86,1.0
上课,4.28,zh,wordfreq,85,1.0
上调,3.68,zh,wordfreq,98,1.0
上路,4.05,zh,wordfreq,112,1.0
上身,3.59,zh,wordfreq,115,1.0
上车,4.19,zh,wordfreq,125,1.0
上载,3.38,zh,wordfreq,92,1.0
上边,3.46,zh,wordfreq,105,1.0
上述,4.84,zh,wordfreq,96,1.0
上部,3.4,zh,wordfreq,123,1.0
上门,4.02,zh,wordfreq,122,1.0
上阵,3.68,zh,wordfreq,81,1.0
上限,3.99,zh,wordfreq,89,1.0
上面,4.92,zh,wordfreq,133,1.0
上风,3.31,zh,wordfreq,98,1.0
上马,3.56,zh,wordfreq,101,1.0
下一代,4.02,zh,wordfreq,2,1.85
下个,3.82,zh,wordfreq,95,1.0
下个月,3.58,zh,wordfreq,3,1.8
下乡,3.45,zh,wordfreq,65,1.0
下令,4.46,zh,wordfreq,68,1.0
下体,3.4,zh,wordfreq,109,1.0
下列,4.31,zh,wordfreq,71,1.0
下午,5.01,zh,wordfreq,61,1.0
下半场,3.58,zh,wordfreq,3,1.75
下半年,3.99,zh,wordfreq,3,1.8
下半身,3.34,zh,wordfreq,2,1.9
下单,3.82,zh,wordfreq,72,1.0
下去,5.01,zh,wordfreq,78,1.0
下发,3.64,zh,wordfreq,106,1.0
下台,4.14,zh,wordfreq,85,1.0
下周,3.92,zh,wordfreq,67,1.0
下图,3.54,zh,wordfreq,75,1.0
下场,4.0,zh,wordfreq,111,1.0
下垂,3.4,zh,wordfreq,58,1.0
下层,3.85,zh,wordfreq,79,1.0
下属,4.23,zh,wordfreq,73,1.0
下山,3.75,zh,wordfreq,94,1.0
下岗,4.01,zh,wordfreq,59,1.0
下巴,3.68,zh,wordfreq,68,1.0
下意识,3.48,zh,wordfreq,3,1.8
下手,4.02,zh,wordfreq,116,1.0
下放,3.51,zh,wordfreq,71,1.0
下文,3.58,zh,wordfreq,102,1.0
下方,3.99,zh,wordfreq,98,1.0
下旬,3.98,zh,wordfreq,60,1.0
下来,5.17,zh,wordfreq,112,1.0
下架,3.42,zh,wordfreq,69,1.0
下楼,3.65,zh,wordfreq,69,1.0
下次,4.54,zh,wordfreq,92,1.0
下毒,3.53,zh,wordfreq,70,1.0
下水,3.85,zh,wordfreq,104,1.0
下水道,3.74,zh,wordfreq,0,1.9
下沉,3.51,zh,wordfreq,60,1.0
下注,3.58,zh,wordfreq,64,1.0
下流,3.78,zh,wordfreq,83,1.0
下海,3.36,zh,wordfreq,83,1.0
下游,4.08,zh,wordfreq,70,1.0
下滑,4.23,zh,wordfreq,60,1.0
下班,4.15,zh,wordfreq,65,1.0
下级,4.12,zh,wordfreq,88,1.0
下线,3.56,zh,wordfreq,98,1.0
下落,3.96,zh,wordfreq,84,1.0
下葬,3.33,zh,wordfreq,63,1.0
下行,3.67,zh,wordfreq,122,1.0
下议院,3.62,zh,wordfreq,2,1.85
下设,3.75,zh,wordfreq,70,1.0
下课,3.46,zh,wordfreq,66,1.0
下调,3.78,zh,wordfreq,79,1.0
下跌,4.26,zh,wordfreq,60,1.0
下跪,3.34,zh,wordfreq,58,1.0
下车,4.09,zh,wordfreq,106,1.0
下载,5.04,zh,wordfreq,73,1.0
下辖,3.88,zh,wordfreq,60,1.0
下边,3.38,zh,wordfreq,86,1.0
下达,4.14,zh,wordfreq,72,1.0
下部,3.7,zh,wordfreq,104,1.0
下降,4.8,zh,wordfreq,63,1.0
下限,3.52,zh,wordfreq,70,1.0
下雨,4.11,zh,wordfreq,64,1.0
下雪,3.45,zh,wordfreq,63,1.0
下面,4.89,zh,wordfreq,114,1.0
下马,3.5,zh,wordfreq,82,1.0
不上,5.34,zh,wordfreq,222,1.0
不下,3.94,zh,wordfreq,217,1.0
不丹,3.57,zh,wordfreq,153,1.0
不久,4.8,zh,wordfreq,158,1.0
不久前,3.83,zh,wordfreq,0,1.95
不乏,3.84,zh,wordfreq,152,1.0
不了,5.12,zh,wordfreq,156,1.0
不予,3.77,zh,wordfreq,153,1.0
不争,3.33,zh,wordfreq,156,1.0
不二,3.31,zh,wordfreq,157,1.0
不人道,3.65,zh,wordfreq,0,2.0
不仅,5.3,zh,wordfreq,151,1.0
不仅仅,4.38,zh,wordfreq,0,1.9
不介意,4.03,zh,wordfreq,2,1.85
不休,3.59,zh,wordfreq,150,1.0
不会,5.84,zh,wordfreq,201,1.0
不但,4.67,zh,wordfreq,150,1.0
不住,4.16,zh,wordfreq,171,1.0
不佳,3.92,zh,wordfreq,153,1.0
不便,4.04,zh,wordfreq,159,1.0
不值,3.31,zh,wordfreq,164,1.0
不停,4.57,zh,wordfreq,152,1.0
不像,4.23,zh,wordfreq,168,1.0
不光,3.86,zh,wordfreq,174,1.0
不免,3.7,zh,wordfreq,159,1.0
不全,3.5,zh,wordfreq,156,1.0
不公,3.89,zh,wordfreq,156,1.0
不具,3.48,zh,wordfreq,166,1.0
不再,5.13,zh,wordfreq,150,1.0
不准,4.46,zh,wordfreq,161,1.0
不减,3.46,zh,wordfreq,156,1.0
不凡,3.37,zh,wordfreq,153,1.0
不列颠,3.51,zh,wordfreq,0,2.0
不利,4.37,zh,wordfreq,192,1.0
不利于,3.7,zh,wordfreq,3,1.75
不到,5.28,zh,wordfreq,201,1.0
不力,3.71,zh,wordfreq,220,1.0
不动产,3.87,zh,wordfreq,0,2.0
不单,3.59,zh,wordfreq,163,1.0
不去,4.12,zh,wordfreq,169,1.0
不及,4.23,zh,wordfreq,162,1.0
不变,4.37,zh,wordfreq,166,1.0
不可,5.01,zh,wordfreq,157,1.0
不吃,4.11,zh,wordfreq,151,1.0
不合,4.02,zh,wordfreq,177,1.0
不合理,3.95,zh,wordfreq,0,1.85
不同,5.71,zh,wordfreq,166,1.0
不同于,4.18,zh,wordfreq,3,1.8
不善,3.63,zh,wordfreq,155,1.0
不在乎,4.38,zh,wordfreq,1,1.9
不在意,3.68,zh,wordfreq,3,1.8
不均,3.46,zh,wordfreq,153,1.0
不堪,3.99,zh,wordfreq,150,1.0
不够,5.01,zh,wordfreq,154,1.0
不太,4.28,zh,wordfreq,156,1.0
不太好,3.75,zh,wordfreq,0,1.9
不失,3.5,zh,wordfreq,160,1.0
不失为,3.32,zh,wordfreq,0,1.95
不好,4.97,zh,wordfreq,187,1.0
不好过,3.44,zh,wordfreq,1,1.8
不如,4.71,zh,wordfreq,160,1.0
不妙,3.46,zh,wordfreq,154,1.0
不妥,3.59,zh,wordfreq,150,1.0
不妨,4.03,zh,wordfreq,150,1.0
不孕,3.37,zh,wordfreq,151,1.0
不安,4.32,zh,wordfreq,165,1.0
不定,3.83,zh,wordfreq,201,1.0
不定期,3.4,zh,wordfreq,0,1.9
不宜,4.01,zh,wordfreq,152,1.0
不容,3.95,zh,wordfreq,165,1.0
不小,3.96,zh,wordfreq,167,1.0
不少,5.11,zh,wordfreq,158,1.0
不尽,3.48,zh,wordfreq,155,1.0
不屈,3.43,zh,wordfreq,150,1.0
不屑,3.47,zh,wordfreq,149,1.0
不已,4.02,zh,wordfreq,154,1.0
不带,3.73,zh,wordfreq,170,1.0
不干,3.4,zh,wordfreq,157,1.0
不平,3.76,zh,wordfreq,161,1.0
不幸,4.6,zh,wordfreq,154,1.0
不当,4.26,zh,wordfreq,166,1.0
不得,4.99,zh,wordfreq,181,1.0
不得不,4.69,zh,wordfreq,3,1.8
不得了,3.6,zh,wordfreq,2,1.8
不得已,3.6,zh,wordfreq,2,1.8
不必,4.71,zh,wordfreq,154,1.0
不必要,3.89,zh,wordfreq,0,1.85
不忍,3.61,zh,wordfreq,151,1.0
不快,3.89,zh,wordfreq,161,1.0
不怎么,3.9,zh,wordfreq,0,1.95
不怕,4.33,zh,wordfreq,157,1.0
不悦,3.34,zh,wordfreq,152,1.0
不惜,4.01,zh,wordfreq,152,1.0
不想,5.15,zh,wordfreq,172,1.0
不愧,3.56,zh,wordfreq,151,1.0
不愿,4.39,zh,wordfreq,161,1.0
不慎,3.39,zh,wordfreq,151,1.0
不懈,3.64,zh,wordfreq,149,1.0
不成,4.24,zh,wordfreq,192,1.0
不提,3.33,zh,wordfreq,153,1.0
不放过,3.36,zh,wordfreq,1,1.85
不敢,4.88,zh,wordfreq,153,1.0
不料,3.66,zh,wordfreq,172,1.0
不断,5.46,zh,wordfreq,166,1.0
不时,4.15,zh,wordfreq,190,1.0
不明,4.41,zh,wordfreq,180,1.0
不易,4.3,zh,wordfreq,156,1.0
不是,6.1,zh,wordfreq,186,1.0
不景气,3.43,zh,wordfreq,0,1.95
不曾,4.17,zh,wordfreq,150,1.0
不服,3.99,zh,wordfreq,166,1.0
不朽,3.64,zh,wordfreq,150,1.0
不止,4.26,zh,wordfreq,161,1.0
不正,3.58,zh,wordfreq,164,1.0
不死,3.6,zh,wordfreq,174,1.0
不法,3.75,zh,wordfreq,195,1.0
不清,3.47,zh,wordfreq,159,1.0
不满,4.71,zh,wordfreq,164,1.0
不然,4.58,zh,wordfreq,177,1.0
不爱,4.81,zh,wordfreq,170,1.0
不爽,3.75,zh,wordfreq,153,1.0
不玩,3.52,zh,wordfreq,154,1.0
不理,3.9,zh,wordfreq,190,1.0
不甘,3.31,zh,wordfreq,149,1.0
不用,5.07,zh,wordfreq,216,1.0
不用说,3.71,zh,wordfreq,0,1.9
不由,5.0,zh,wordfreq,157,1.0
不留,3.56,zh,wordfreq,161,1.0
不看,5.06,zh,wordfreq,162,1.0
不知,4.93,zh,wordfreq,169,1.0
不知情,3.56,zh,wordfreq,0,1.9
不祥,3.4,zh,wordfreq,150,1.0
不禁,4.21,zh,wordfreq,155,1.0
不符,3.88,zh,wordfreq,152,1.0
不算,4.41,zh,wordfreq,166,1.0
不管,5.07,zh,wordfreq,167,1.0
不经意,3.54,zh,wordfreq,2,1.9
不耐烦,3.46,zh,wordfreq,0,2.0
不肯,4.25,zh,wordfreq,152,1.0
不胜,3.37,zh,wordfreq,159,1.0
不能,5.94,zh,wordfreq,182,1.0
不能不,3.74,zh,wordfreq,1,1.9
不至于,3.86,zh,wordfreq,3,1.8
不致,3.66,zh,wordfreq,160,1.0
不良,4.42,zh,wordfreq,152,1.0
不行,4.83,zh,wordfreq,213,1.0
不要,5.7,zh,wordfreq,176,1.0
不要紧,3.78,zh,wordfreq,1,1.85
不要脸,3.55,zh,wordfreq,1,1.9
不见,4.63,zh,wordfreq,178,1.0
不见得,3.61,zh,wordfreq,0,1.9
不规则,3.47,zh,wordfreq,1,1.9
不觉,3.63,zh,wordfreq,164,1.0
不解,3.63,zh,wordfreq,171,1.0
不计,3.59,zh,wordfreq,163,1.0
不让,4.62,zh,wordfreq,153,1.0
不许,4.42,zh,wordfreq,160,1.0
不论,4.68,zh,wordfreq,168,1.0
不论是,3.85,zh,wordfreq,1,1.85
不该,4.72,zh,wordfreq,154,1.0
不详,3.92,zh,wordfreq,150,1.0
不语,3.33,zh,wordfreq,178,1.0
不说,5.34,zh,wordfreq,179,1.0
不谈,3.48,zh,wordfreq,158,1.0
不负,3.4,zh,wordfreq,157,1.0
不败,3.38,zh,wordfreq,160,1.0
不赖,3.34,zh,wordfreq,153,1.0
不起,3.92,zh,wordfreq,181,1.0
不起眼,3.31,zh,wordfreq,0,1.95
不足,4.93,zh,wordfreq,158,1.0
不足以,3.92,zh,wordfreq,0,1.9
不过,5.72,zh,wordfreq,191,1.0
不远,4.17,zh,wordfreq,160,1.0
不远处,3.6,zh,wordfreq,0,1.9
不适,4.07,zh,wordfreq,152,1.0
不通,3.93,zh,wordfreq,173,1.0
不道德,3.35,zh,wordfreq,0,1.95
不配,3.57,zh,wordfreq,156,1.0
不锈钢,3.6,zh,wordfreq,0,2.0
不错,5.12,zh,wordfreq,160,1.0
不问,3.71,zh,wordfreq,167,1.0
不间断,3.39,zh,wordfreq,0,1.9
不难,3.99,zh,wordfreq,166,1.0
不需,3.51,zh,wordfreq,154,1.0
不靠,3.93,zh,wordfreq,154,1.0
不顺,3.56,zh,wordfreq,152,1.0
不须,3.32,zh,wordfreq,151,1.0
不顾,4.34,zh,wordfreq,154,1.0
不高,3.8,zh,wordfreq,164,1.0
与会,5.25,zh,wordfreq,55,1.0
与会者,3.52,zh,wordfreq,0,1.95
与其,4.62,zh,wordfreq,7,1.65
与否,3.94,zh,wordfreq,6,1.7
与非,3.41,zh,wordfreq,15,1.25
丑恶,3.76,zh,wordfreq,10,1.5
丑闻,4.25,zh,wordfreq,7,1.65
丑陋,4.01,zh,wordfreq,3,1.85
专业,5.45,zh,wordfreq,65,1.0
专业化,3.63,zh,wordfreq,4,1.75
专业性,3.37,zh,wordfreq,1,1.9
专人,3.54,zh,wordfreq,171,1.0
专任,3.31,zh,wordfreq,61,1.0
专利,4.41,zh,wordfreq,74,1.0
专制,4.33,zh,wordfreq,68,1.0
专区,4.2,zh,wordfreq,74,1.0
专卖,3.5,zh,wordfreq,38,1.0
专卖店,3.53,zh,wordfreq,0,1.95
专员,3.9,zh,wordfreq,55,1.0
专场,3.63,zh,wordfreq,84,1.0
专家,5.32,zh,wordfreq,100,1.0
专属,4.13,zh,wordfreq,46,1.0
专心,3.99,zh,wordfreq,84,1.0
专政,4.12,zh,wordfreq,50,1.0
专机,3.55,zh,wordfreq,71,1.0
专柜,3.35,zh,wordfreq,33,1.0
专栏,4.27,zh,wordfreq,33,1.0
专案,3.84,zh,wordfreq,58,1.0
专案组,3.34,zh,wordfreq,0,1.95
专注,4.32,zh,wordfreq,37,1.0
专用,4.54,zh,wordfreq,98,1.0
专科,4.08,zh,wordfreq,45,1.0
专线,3.82,zh,wordfreq,71,1.0
专职,3.85,zh,wordfreq,50,1.0
专营,3.32,zh,wordfreq,44,1.0
专著,3.41,zh,wordfreq,42,1.0
专访,4.18,zh,wordfreq,43,1.0
专车,3.38,zh,wordfreq,79,1.0
专辑,4.46,zh,wordfreq,35,1.0
专长,3.79,zh,wordfreq,100,1.0
专门,5.0,zh,wordfreq,76,1.0
专页,3.83,zh,wordfreq,35,1.0
专项,4.29,zh,wordfreq,51,1.0
专题,4.58,zh,wordfreq,42,1.0
世上,4.46,zh,wordfreq,84,1.0
世事,3.58,zh,wordfreq,67,1.0
世人,4.26,zh,wordfreq,151,1.0
世代,4.17,zh,wordfreq,34,1.0
世俗,4.0,zh,wordfreq,18,1.1
世博,3.39,zh,wordfreq,13,1.35
世家,3.75,zh,wordfreq,80,1.0
世界,5.96,zh,wordfreq,25,1.0
世界性,3.43,zh,wordfreq,3,1.8
世界杯,4.58,zh,wordfreq,3,1.8
世界级,3.53,zh,wordfreq,3,1.8
世界观,3.82,zh,wordfreq,3,1.8
世纪,5.41,zh,wordfreq,14,1.1
世纪末,4.12,zh,wordfreq,0,1.95
世袭,3.64,zh,wordfreq,21,1.0
世贸,3.71,zh,wordfreq,14,1.3
世锦赛,3.61,zh,wordfreq,0,2.0
世间,4.02,zh,wordfreq,33,1.0
丘吉尔,3.57,zh,wordfreq,0,1.95
丘陵,3.73,zh,wordfreq,2,1.9
业主,4.11,zh,wordfreq,28,1.0
业余,4.23,zh,wordfreq,14,1.3
业内,3.61,zh,wordfreq,31,1.0
业务,5.1,zh,wordfreq,30,1.0
业务员,3.33,zh,wordfreq,2,1.85
业已,3.59,zh,wordfreq,12,1.4
业界,3.98,zh,wordfreq,21,1.0
业绩,4.35,zh,wordfreq,12,1.4
业者,3.85,zh,wordfreq,38,1.0
丛书,3.85,zh,wordfreq,26,1.0
丛林,4.21,zh,wordfreq,20,1.0
东东,3.35,zh,wordfreq,53,1.0
东亚,4.41,zh,wordfreq,46,1.0
东京,4.93,zh,wordfreq,38,1.0
东京都,3.33,zh,wordfreq,0,1.9
东侧,4.08,zh,wordfreq,43,1.0
东北,4.93,zh,wordfreq,45,1.0
东北部,4.08,zh,wordfreq,2,1.75
东区,3.51,zh,wordfreq,77,1.0
东南,4.41,zh,wordfreq,53,1.0
东南亚,4.55,zh,wordfreq,1,1.8
东南部,3.91,zh,wordfreq,4,1.65
东吴,3.31,zh,wordfreq,34,1.0
东坡,3.52,zh,wordfreq,36,1.0
东城,3.46,zh,wordfreq,58,1.0
东尼,3.34,zh,wordfreq,41,1.0
东山,3.33,zh,wordfreq,70,1.0
东岸,3.72,zh,wordfreq,46,1.0
东帝汶,3.36,zh,wordfreq,0,2.0
东征,3.35,zh,wordfreq,41,1.0
东德,3.46,zh,wordfreq,62,1.0
东方,4.89,zh,wordfreq,74,1.0
东方红,3.34,zh,wordfreq,0,1.95
东晋,3.65,zh,wordfreq,35,1.0
东森,3.45,zh,wordfreq,35,1.0
东欧,4.1,zh,wordfreq,37,1.0
东正教,3.64,zh,wordfreq,0,2.0
东汉,3.94,zh,wordfreq,39,1.0
东江,3.43,zh,wordfreq,44,1.0
东海,4.26,zh,wordfreq,59,1.0
东盟,3.85,zh,wordfreq,40,1.0
东经,3.56,zh,wordfreq,50,1.0
东至,3.39,zh,wordfreq,46,1.0
东芝,3.35,zh,wordfreq,34,1.0
东莞,4.05,zh,wordfreq,34,1.0
东西,5.63,zh,wordfreq,52,1.0
东路,3.65,zh,wordfreq,69,1.0
东边,3.76,zh,wordfreq,62,1.0
东道主,3.38,zh,wordfreq,0,2.0
东部,4.8,zh,wordfreq,80,1.0
东门,3.6,zh,wordfreq,79,1.0
东非,3.68,zh,wordfreq,46,1.0
东面,3.58,zh,wordfreq,90,1.0
东风,4.21,zh,wordfreq,55,1.0
丝带,3.39,zh,wordfreq,24,1.0
丝毫,4.15,zh,wordfreq,3,1.85
丝绸,3.72,zh,wordfreq,3,1.85
丝袜,4.05,zh,wordfreq,3,1.85
丞相,3.61,zh,wordfreq,11,1.45
丢下,3.72,zh,wordfreq,73,1.0
丢人,3.65,zh,wordfreq,145,1.0
丢失,4.0,zh,wordfreq,16,1.2
丢弃,3.75,zh,wordfreq,13,1.35
丢掉,3.93,zh,wordfreq,23,1.0
丢脸,4.04,zh,wordfreq,10,1.5
两万,3.76,zh,wordfreq,93,1.0
两三个,3.33,zh,wordfreq,2,1.8
两三年,3.31,zh,wordfreq,2,1.8
两下,3.31,zh,wordfreq,146,1.0
两个,5.62,zh,wordfreq,115,1.0
两人,4.73,zh,wordfreq,218,1.0
两代,3.32,zh,wordfreq,101,1.0
两件,3.77,zh,wordfreq,105,1.0
两件事,3.54,zh,wordfreq,3,1.8
两份,3.72,zh,wordfreq,89,1.0
两会,3.99,zh,wordfreq,130,1.0
两位,4.74,zh,wordfreq,124,1.0
两侧,4.19,zh,wordfreq,87,1.0
两倍,3.92,zh,wordfreq,85,1.0
两党,3.58,zh,wordfreq,84,1.0
两分,3.48,zh,wordfreq,112,1.0
两分钟,3.72,zh,wordfreq,6,1.6
两千,3.74,zh,wordfreq,89,1.0
两半,3.45,zh,wordfreq,83,1.0
两句,3.73,zh,wordfreq,84,1.0
两只,4.01,zh,wordfreq,82,1.0
两台,3.59,zh,wordfreq,105,1.0
两名,4.57,zh,wordfreq,145,1.0
两周,4.11,zh,wordfreq,87,1.0
两地,4.15,zh,wordfreq,143,1.0
两场,4.0,zh,wordfreq,131,1.0
两块,3.73,zh,wordfreq,90,1.0
两处,3.51,zh,wordfreq,110,1.0
两大,4.05,zh,wordfreq,134,1.0
两天,4.67,zh,wordfreq,125,1.0
两头,3.53,zh,wordfreq,151,1.0
两套,3.48,zh,wordfreq,87,1.0
两家,4.2,zh,wordfreq,147,1.0
两层,3.77,zh,wordfreq,99,1.0
两届,3.52,zh,wordfreq,85,1.0
两岁,3.63,zh,wordfreq,91,1.0
两岸,4.61,zh,wordfreq,90,1.0
两年,4.92,zh,wordfreq,140,1.0
两度,3.67,zh,wordfreq,126,1.0
两座,4.09,zh,wordfreq,92,1.0
两张,3.97,zh,wordfreq,94,1.0
两性,3.78,zh,wordfreq,123,1.0
两手,3.56,zh,wordfreq,136,1.0
两支,3.71,zh,wordfreq,85,1.0
两方,3.66,zh,wordfreq,118,1.0
两旁,3.47,zh,wordfreq,81,1.0
两本,3.37,zh,wordfreq,99,1.0
两条,4.13,zh,wordfreq,95,1.0
两极,3.81,zh,wordfreq,86,1.0
两枚,3.6,zh,wordfreq,79,1.0
两架,3.58,zh,wordfreq,89,1.0
两栖,3.41,zh,wordfreq,78,1.0
两样,3.81,zh,wordfreq,98,1.0
两根,3.48,zh,wordfreq,86,1.0
两次,4.68,zh,wordfreq,112,1.0
两款,3.57,zh,wordfreq,97,1.0
两步,3.36,zh,wordfreq,95,1.0
两段,3.53,zh,wordfreq,89,1.0
两派,3.54,zh,wordfreq,94,1.0
两点,4.06,zh,wordfreq,142,1.0
两片,3.31,zh,wordfreq,103,1.0
两百,3.52,zh,wordfreq,89,1.0
两眼,3.34,zh,wordfreq,89,1.0
两种,4.8,zh,wordfreq,107,1.0
两端,3.67,zh,wordfreq,94,1.0
两篇,3.41,zh,wordfreq,84,1.0
两类,3.67,zh,wordfreq,97,1.0
两级,3.79,zh,wordfreq,108,1.0
两组,3.56,zh,wordfreq,90,1.0
两者,4.53,zh,wordfreq,109,1.0
两艘,3.6,zh,wordfreq,80,1.0
两轮,3.36,zh,wordfreq,86,1.0
两辆,3.5,zh,wordfreq,82,1.0
两边,4.16,zh,wordfreq,106,1.0
两道,3.46,zh,wordfreq,118,1.0
两部,3.87,zh,wordfreq,124,1.0
两间,3.59,zh,wordfreq,100,1.0
两队,3.71,zh,wordfreq,106,1.0
两院,3.52,zh,wordfreq,96,1.0
两难,3.4,zh,wordfreq,95,1.0
两面,3.98,zh,wordfreq,134,1.0
两项,4.04,zh,wordfreq,98,1.0
两颗,3.7,zh,wordfreq,81,1.0
严厉,4.33,zh,wordfreq,10,1.5
严密,4.06,zh,wordfreq,24,1.0
严峻,4.18,zh,wordfreq,10,1.5
严惩,3.72,zh,wordfreq,11,1.45
严格,4.88,zh,wordfreq,27,1.0
严正,3.62,zh,wordfreq,25,1.0
严禁,3.93,zh,wordfreq,16,1.2
严肃,4.49,zh,wordfreq,11,1.45
严谨,4.02,zh,wordfreq,10,1.5
严酷,3.58,zh,wordfreq,14,1.3
严重,5.41,zh,wordfreq,41,1.0
严重性,3.44,zh,wordfreq,0,1.95
丧命,3.81,zh,wordfreq,22,1.0
丧失,4.46,zh,wordfreq,14,1.3
丧尸,3.34,zh,wordfreq,5,1.75
丧生,3.97,zh,wordfreq,51,1.0
个个,3.87,zh,wordfreq,47,1.0
个人,5.53,zh,wordfreq,150,1.0
个体,4.5,zh,wordfreq,61,1.0
个别,4.55,zh,wordfreq,28,1.0
个头,3.7,zh,wordfreq,83,1.0
个子,3.63,zh,wordfreq,182,1.0
个州,3.31,zh,wordfreq,43,1.0
个性,4.63,zh,wordfreq,55,1.0
个性化,3.52,zh,wordfreq,1,1.9
个数,3.58,zh,wordfreq,41,1.0
个案,3.9,zh,wordfreq,37,1.0
个股,3.56,zh,wordfreq,19,1.05
丫头,3.47,zh,wordfreq,73,1.0
中专,3.4,zh,wordfreq,73,1.0
中世纪,4.1,zh,wordfreq,2,1.85
中东,4.46,zh,wordfreq,91,1.0
中亚,4.12,zh,wordfreq,84,1.0
中产,3.34,zh,wordfreq,97,1.0
中介,4.24,zh,wordfreq,75,1.0
中以,5.1,zh,wordfreq,91,1.0
中信,3.6,zh,wordfreq,95,1.0
中共,5.12,zh,wordfreq,78,1.0
中关村,3.51,zh,wordfreq,0,2.0
中兴,3.88,zh,wordfreq,81,1.0
中医,4.31,zh,wordfreq,78,1.0
中午,4.42,zh,wordfreq,75,1.0
中华,4.98,zh,wordfreq,91,1.0
中南,3.87,zh,wordfreq,91,1.0
中南海,3.42,zh,wordfreq,1,1.85
中南部,3.66,zh,wordfreq,4,1.65
中原,4.22,zh,wordfreq,80,1.0
中叶,3.82,zh,wordfreq,76,1.0
中国,6.44,zh,wordfreq,127,1.0
中国区,3.38,zh,wordfreq,4,1.75
中国式,3.32,zh,wordfreq,4,1.7
中国画,3.39,zh,wordfreq,4,1.7
中国籍,3.35,zh,wordfreq,4,1.7
中国队,3.87,zh,wordfreq,5,1.65
中场,3.84,zh,wordfreq,125,1.0
中坚,3.38,zh,wordfreq,73,1.0
中型,3.89,zh,wordfreq,93,1.0
中外,4.18,zh,wordfreq,103,1.0
中央,5.29,zh,wordfreq,72,1.0
中奖,3.71,zh,wordfreq,80,1.0
中学,5.0,zh,wordfreq,109,1.0
中学生,4.13,zh,wordfreq,3,1.75
中将,4.05,zh,wordfreq,85,1.0
中尉,3.62,zh,wordfreq,73,1.0
中小,4.16,zh,wordfreq,90,1.0
中小型,3.33,zh,wordfreq,1,1.8
中小学,3.92,zh,wordfreq,1,1.8
中层,3.77,zh,wordfreq,93,1.0
中山,4.23,zh,wordfreq,108,1.0
中年,5.34,zh,wordfreq,134,1.0
中式,3.57,zh,wordfreq,92,1.0
中弹,3.57,zh,wordfreq,82,1.0
中心,5.65,zh,wordfreq,125,1.0
中性,3.7,zh,wordfreq,117,1.0
中情局,3.37,zh,wordfreq,0,2.0
中意,3.32,zh,wordfreq,121,1.0
中指,3.65,zh,wordfreq,80,1.0
中文,4.96,zh,wordfreq,116,1.0
中文版,4.14,zh,wordfreq,2,1.85
中文网,3.78,zh,wordfreq,2,1.85
中断,4.37,zh,wordfreq,89,1.0
中新社,3.33,zh,wordfreq,1,1.95
中新网,3.87,zh,wordfreq,2,1.9
中方,4.28,zh,wordfreq,112,1.0
中日,3.96,zh,wordfreq,112,1.0
中旬,4.07,zh,wordfreq,74,1.0
中是,5.54,zh,wordfreq,109,1.0
中有,5.43,zh,wordfreq,141,1.0
中期,4.42,zh,wordfreq,107,1.0
中来,5.24,zh,wordfreq,126,1.0
中枢,3.56,zh,wordfreq,72,1.0
中标,3.64,zh,wordfreq,85,1.0
中校,3.56,zh,wordfreq,87,1.0
中欧,3.75,zh,wordfreq,75,1.0
中止,3.99,zh,wordfreq,84,1.0
中正,3.48,zh,wordfreq,87,1.0
中段,3.49,zh,wordfreq,83,1.0
中毒,4.02,zh,wordfreq,84,1.0
中游,3.57,zh,wordfreq,84,1.0
中环,3.49,zh,wordfreq,78,1.0
中秋,3.61,zh,wordfreq,74,1.0
中科院,3.65,zh,wordfreq,0,2.0
中立,4.11,zh,wordfreq,93,1.0
中等,4.21,zh,wordfreq,82,1.0
中级,4.19,zh,wordfreq,102,1.0
中线,3.38,zh,wordfreq,112,1.0
中美洲,3.67,zh,wordfreq,2,1.85
中肯,3.35,zh,wordfreq,75,1.0
中药,4.01,zh,wordfreq,87,1.0
中西,3.76,zh,wordfreq,90,1.0
中西部,3.62,zh,wordfreq,1,1.8
中说,5.3,zh,wordfreq,102,1.0
中超,3.61,zh,wordfreq,74,1.0
中路,3.68,zh,wordfreq,107,1.0
中转,3.48,zh,wordfreq,85,1.0
中途,3.85,zh,wordfreq,79,1.0
中部,4.51,zh,wordfreq,118,1.0
中锋,3.47,zh,wordfreq,78,1.0
中长期,3.41,zh,wordfreq,0,1.9
中间,4.83,zh,wordfreq,94,1.0
中间人,3.39,zh,wordfreq,0,1.95
中队,3.94,zh,wordfreq,100,1.0
中非,3.6,zh,wordfreq,84,1.0
中风,3.65,zh,wordfreq,93,1.0
丰厚,3.82,zh,wordfreq,9,1.55
丰富,5.04,zh,wordfreq,11,1.45
丰收,3.74,zh,wordfreq,16,1.2
丰满,3.77,zh,wordfreq,21,1.0
丰田,3.82,zh,wordfreq,17,1.15
丰盛,3.64,zh,wordfreq,11,1.45
丰硕,3.39,zh,wordfreq,6,1.7
串流,3.34,zh,wordfreq,26,1.0
串联,3.5,zh,wordfreq,10,1.5
临床,4.28,zh,wordfreq,11,1.45
临时,4.84,zh,wordfreq,47,1.0
临汾,3.37,zh,wordfreq,6,1.7
临沂,3.65,zh,wordfreq,6,1.7
临界,3.53,zh,wordfreq,20,1.0
临终,3.45,zh,wordfreq,10,1.5
临近,3.99,zh,wordfreq,21,1.0
丸子,3.31,zh,wordfreq,172,1.0
丹东,3.48,zh,wordfreq,23,1.0
丹佛,3.49,zh,wordfreq,9,1.55
丹尼,3.99,zh,wordfreq,11,1.35
丹尼尔,3.71,zh,wordfreq,2,1.8
丹尼斯,3.56,zh,wordfreq,3,1.75
丹阳,3.31,zh,wordfreq,21,1.0
丹麦,4.44,zh,wordfreq,6,1.7
为主,4.79,zh,wordfreq,41,1.0
为了,5.79,zh,wordfreq,27,1.0
为什么,5.76,zh,wordfreq,2,1.85
为伍,3.52,zh,wordfreq,23,1.0
为何,5.04,zh,wordfreq,25,1.0
为例,4.04,zh,wordfreq,34,1.0
为准,3.85,zh,wordfreq,32,1.0
为名,4.06,zh,wordfreq,87,1.0
为啥,4.05,zh,wordfreq,20,1.0
为国,4.62,zh,wordfreq,75,1.0
为官,3.32,zh,wordfreq,34,1.0
为数,3.62,zh,wordfreq,51,1.0
为期,4.3,zh,wordfreq,55,1.0
为本,3.45,zh,wordfreq,41,1.0
为止,4.66,zh,wordfreq,32,1.0
为此,4.44,zh,wordfreq,34,1.0
为民,3.8,zh,wordfreq,49,1.0
为生,3.82,zh,wordfreq,68,1.0
为的是,4.54,zh,wordfreq,1,1.95
为荣,3.53,zh,wordfreq,24,1.0
为难,3.79,zh,wordfreq,37,1.0
为题,3.54,zh,wordfreq,31,1.0
为首,4.15,zh,wordfreq,29,1.0
主义,4.95,zh,wordfreq,62,1.0
主义者,4.19,zh,wordfreq,0,1.95
主人,4.69,zh,wordfreq,184,1.0
主人公,3.96,zh,wordfreq,0,1.9
主任,5.12,zh,wordfreq,74,1.0
主体,4.63,zh,wordfreq,95,1.0
主修,3.47,zh,wordfreq,53,1.0
主公,3.41,zh,wordfreq,51,1.0
主力,4.3,zh,wordfreq,115,1.0
主办,4.55,zh,wordfreq,59,1.0
主办方,3.32,zh,wordfreq,0,1.95
主动,4.85,zh,wordfreq,103,1.0
主唱,3.71,zh,wordfreq,49,1.0
主因,3.51,zh,wordfreq,51,1.0
主场,4.25,zh,wordfreq,97,1.0
主妇,3.65,zh,wordfreq,54,1.0
主委,3.41,zh,wordfreq,58,1.0
主子,3.46,zh,wordfreq,216,1.0
主宰,3.92,zh,wordfreq,45,1.0
主导,4.51,zh,wordfreq,62,1.0
主帅,3.65,zh,wordfreq,47,1.0
主席,5.36,zh,wordfreq,49,1.0
主席团,3.86,zh,wordfreq,0,1.95
主干,3.31,zh,wordfreq,52,1.0
主张,5.03,zh,wordfreq,60,1.0
主意,4.23,zh,wordfreq,93,1.0
主打,3.62,zh,wordfreq,56,1.0
主持,4.75,zh,wordfreq,54,1.0
主持人,4.56,zh,wordfreq,0,1.9
主播,4.21,zh,wordfreq,56,1.0
主攻,3.47,zh,wordfreq,48,1.0
主教,4.07,zh,wordfreq,62,1.0
主教练,3.77,zh,wordfreq,0,1.9
主旋律,3.6,zh,wordfreq,0,1.95
主旨,3.8,zh,wordfreq,45,1.0
主机,4.09,zh,wordfreq,84,1.0
主权,4.6,zh,wordfreq,75,1.0
主板,3.52,zh,wordfreq,59,1.0
主流,4.57,zh,wordfreq,69,1.0
主演,4.38,zh,wordfreq,56,1.0
主管,4.66,zh,wordfreq,62,1.0
主线,3.73,zh,wordfreq,84,1.0
主编,4.3,zh,wordfreq,50,1.0
主要,5.82,zh,wordfreq,71,1.0
主观,4.19,zh,wordfreq,65,1.0
主角,4.53,zh,wordfreq,52,1.0
主讲,3.37,zh,wordfreq,48,1.0
主谋,3.39,zh,wordfreq,51,1.0
主轴,3.46,zh,wordfreq,45,1.0
主页,4.06,zh,wordfreq,48,1.0
主题,5.08,zh,wordfreq,55,1.0
主题曲,3.88,zh,wordfreq,0,1.95
主食,3.46,zh,wordfreq,60,1.0
丽江,3.68,zh,wordfreq,11,1.45
丽莎,3.49,zh,wordfreq,1,1.95
举世,3.4,zh,wordfreq,39,1.0
举个,3.33,zh,wordfreq,51,1.0
举人,3.64,zh,wordfreq,154,1.0
举例,3.92,zh,wordfreq,28,1.0
举出,3.4,zh,wordfreq,92,1.0
举办,5.12,zh,wordfreq,29,1.0
举动,4.29,zh,wordfreq,73,1.0
举手,3.69,zh,wordfreq,72,1.0
举报,4.52,zh,wordfreq,46,1.0
举措,4.17,zh,wordfreq,15,1.25
举止,3.88,zh,wordfreq,26,1.0
举行,5.44,zh,wordfreq,78,1.0
举证,3.32,zh,wordfreq,32,1.0
举起,3.86,zh,wordfreq,46,1.0
举重,3.48,zh,wordfreq,45,1.0
乃是,3.94,zh,wordfreq,38,1.0
乃至,4.23,zh,wordfreq,13,1.35
久久,3.65,zh,wordfreq,10,1.5
久远,3.44,zh,wordfreq,12,1.4
义乌,3.39,zh,wordfreq,4,1.8
义务,4.61,zh,wordfreq,27,1.0
义勇军,3.34,zh,wordfreq,0,2.0
义和团,3.73,zh,wordfreq,0,2.0
义工,3.72,zh,wordfreq,34,1.0
义气,3.4,zh,wordfreq,46,1.0
义父,3.44,zh,wordfreq,14,1.3
之一,5.33,zh,wordfreq,69,1.0
之上,4.44,zh,wordfreq,120,1.0
之下,4.81,zh,wordfreq,115,1.0
之中,4.94,zh,wordfreq,95,1.0
之争,3.56,zh,wordfreq,54,1.0
之二,3.43,zh,wordfreq,55,1.0
之作,3.41,zh,wordfreq,78,1.0
之光,3.58,zh,wordfreq,72,1.0
之内,4.48,zh,wordfreq,71,1.0
之分,3.48,zh,wordfreq,81,1.0
之初,3.72,zh,wordfreq,52,1.0
之前,5.45,zh,wordfreq,73,1.0
之力,3.89,zh,wordfreq,118,1.0
之名,4.05,zh,wordfreq,114,1.0
之后,5.63,zh,wordfreq,86,1.0
之地,3.97,zh,wordfreq,112,1.0
之声,4.35,zh,wordfreq,75,1.0
之外,4.85,zh,wordfreq,78,1.0
之多,3.35,zh,wordfreq,63,1.0
之夜,3.92,zh,wordfreq,60,1.0
之大,3.43,zh,wordfreq,103,1.0
之女,3.33,zh,wordfreq,67,1.0
之妻,3.33,zh,wordfreq,51,1.0
之子,3.94,zh,wordfreq,219,1.0
之心,3.98,zh,wordfreq,100,1.0
之恋,3.5,zh,wordfreq,52,1.0
之情,3.58,zh,wordfreq,91,1.0
之意,3.95,zh,wordfreq,96,1.0
之战,4.03,zh,wordfreq,86,1.0
之所以,4.52,zh,wordfreq,0,1.95
之手,3.63,zh,wordfreq,105,1.0
之旅,4.11,zh,wordfreq,47,1.0
之星,3.68,zh,wordfreq,73,1.0
之春,3.36,zh,wordfreq,50,1.0
之歌,3.59,zh,wordfreq,54,1.0
之死,3.41,zh,wordfreq,72,1.0
之母,3.46,zh,wordfreq,58,1.0
之物,3.56,zh,wordfreq,81,1.0
之王,3.86,zh,wordfreq,59,1.0
之用,3.74,zh,wordfreq,114,1.0
之神,3.62,zh,wordfreq,58,1.0
之称,3.52,zh,wordfreq,77,1.0
之类,4.64,zh,wordfreq,66,1.0
之罪,3.33,zh,wordfreq,57,1.0
之美,3.5,zh,wordfreq,68,1.0
之道,3.87,zh,wordfreq,87,1.0
之间,5.48,zh,wordfreq,69,1.0
之际,4.41,zh,wordfreq,55,1.0
之风,3.35,zh,wordfreq,68,1.0
乌云,3.51,zh,wordfreq,11,1.45
乌克兰,4.73,zh,wordfreq,1,1.95
乌干达,3.61,zh,wordfreq,0,2.0
乌托邦,3.73,zh,wordfreq,0,2.0
乌拉,3.42,zh,wordfreq,37,1.0
乌拉圭,3.86,zh,wordfreq,1,1.9
乌斯,3.45,zh,wordfreq,47,1.0
乌鸦,3.75,zh,wordfreq,6,1.7
乌龙,3.46,zh,wordfreq,16,1.2
乌龟,3.81,zh,wordfreq,6,1.7
乍得,3.36,zh,wordfreq,32,1.0
乏力,3.46,zh,wordfreq,72,1.0
乏味,3.37,zh,wordfreq,16,1.2
乐乐,3.35,zh,wordfreq,28,1.0
乐于,3.86,zh,wordfreq,65,1.0
乐器,4.18,zh,wordfreq,25,1.0
乐团,4.43,zh,wordfreq,27,1.0
乐园,4.24,zh,wordfreq,24,1.0
乐天,3.81,zh,wordfreq,61,1.0
乐山,3.44,zh,wordfreq,50,1.0
乐意,3.95,zh,wordfreq,63,1.0
乐手,3.32,zh,wordfreq,72,1.0
乐曲,3.62,zh,wordfreq,24,1.0
乐章,3.37,zh,wordfreq,28,1.0
乐观,4.37,zh,wordfreq,35,1.0
乐视,3.38,zh,wordfreq,42,1.0
乐趣,4.27,zh,wordfreq,19,1.05
乐队,4.36,zh,wordfreq,42,1.0
乒乓,3.37,zh,wordfreq,0,1.95
乒乓球,3.56,zh,wordfreq,0,1.95
乔丹,3.67,zh,wordfreq,6,1.7
乔布斯,3.52,zh,wordfreq,1,1.95
乔木,3.37,zh,wordfreq,9,1.55
乔治,4.37,zh,wordfreq,16,1.15
乔治亚,3.53,zh,wordfreq,0,1.95
乔纳森,3.56,zh,wordfreq,0,2.0
乖乖,4.0,zh,wordfreq,0,2.0
乘以,3.38,zh,wordfreq,23,1.0
乘坐,4.05,zh,wordfreq,5,1.75
乘客,4.59,zh,wordfreq,19,1.05
乘机,3.43,zh,wordfreq,44,1.0
乘车,3.74,zh,wordfreq,52,1.0
乙烯,3.44,zh,wordfreq,1,1.95
乙醇,3.63,zh,wordfreq,1,1.95
九个,4.06,zh,wordfreq,50,1.0
九五,3.38,zh,wordfreq,16,1.2
九十,3.54,zh,wordfreq,23,1.0
九号,3.36,zh,wordfreq,43,1.0
九大,3.37,zh,wordfreq,69,1.0
九天,3.59,zh,wordfreq,60,1.0
九岁,3.45,zh,wordfreq,26,1.0
九州,4.06,zh,wordfreq,46,1.0
九年,4.0,zh,wordfreq,75,1.0
九成,3.42,zh,wordfreq,56,1.0
九月,4.32,zh,wordfreq,34,1.0
九江,3.7,zh,wordfreq,23,1.0
九点,3.76,zh,wordfreq,77,1.0
九龙,4.0,zh,wordfreq,24,1.0
乞丐,3.88,zh,wordfreq,2,1.9
乞求,3.39,zh,wordfreq,20,1.0
乞讨,3.47,zh,wordfreq,6,1.7
也好,4.29,zh,wordfreq,41,1.0
也罢,3.73,zh,wordfreq,4,1.8
也许,5.19,zh,wordfreq,14,1.3
也门,4.11,zh,wordfreq,48,1.0
习俗,4.28,zh,wordfreq,9,1.55
习性,3.81,zh,wordfreq,47,1.0
习惯,5.01,zh,wordfreq,2,1.85
习惯于,3.41,zh,wordfreq,0,1.95
习近平,4.48,zh,wordfreq,0,2.0
乡下,4.04,zh,wordfreq,74,1.0
乡亲,3.46,zh,wordfreq,14,1.3
乡土,3.54,zh,wordfreq,17,1.15
乡村,4.8,zh,wordfreq,10,1.5
乡试,3.4,zh,wordfreq,16,1.2
乡镇,4.31,zh,wordfreq,14,1.3
乡间,3.49,zh,wordfreq,28,1.0
书上,3.68,zh,wordfreq,93,1.0
书中,3.84,zh,wordfreq,68,1.0
书信,3.68,zh,wordfreq,43,1.0
书写,4.33,zh,wordfreq,32,1.0
书刊,3.36,zh,wordfreq,27,1.0
书包,3.62,zh,wordfreq,28,1.0
书名,3.59,zh,wordfreq,87,1.0
书局,3.48,zh,wordfreq,38,1.0
书展,3.37,zh,wordfreq,33,1.0
书店,4.19,zh,wordfreq,30,1.0
书房,3.79,zh,wordfreq,40,1.0
书本,3.8,zh,wordfreq,41,1.0
书法,4.06,zh,wordfreq,66,1.0
书法家,3.35,zh,wordfreq,0,1.95
书画,3.57,zh,wordfreq,33,1.0
书目,3.8,zh,wordfreq,38,1.0
书籍,4.62,zh,wordfreq,27,1.0
书记,5.01,zh,wordfreq,33,1.0
书评,3.43,zh,wordfreq,26,1.0
书里,3.31,zh,wordfreq,65,1.0
书院,3.74,zh,wordfreq,38,1.0
书面,4.06,zh,wordfreq,76,1.0
买下,3.99,zh,wordfreq,81,1.0
买不到,3.6,zh,wordfreq,5,1.7
买不起,3.54,zh,wordfreq,5,1.7
买个,3.48,zh,wordfreq,50,1.0
买主,3.44,zh,wordfreq,34,1.0
买入,3.7,zh,wordfreq,74,1.0
买办,3.36,zh,wordfreq,28,1.0
买单,3.88,zh,wordfreq,27,1.0
买卖,4.52,zh,wordfreq,20,1.0
买家,3.88,zh,wordfreq,82,1.0
买房,3.65,zh,wordfreq,33,1.0
买方,3.46,zh,wordfreq,53,1.0
买来,3.65,zh,wordfreq,67,1.0
买点,3.49,zh,wordfreq,77,1.0
买票,3.6,zh,wordfreq,31,1.0
买进,3.34,zh,wordfreq,39,1.0
乱世,3.37,zh,wordfreq,28,1.0
乱伦,3.68,zh,wordfreq,5,1.75
乱说,3.41,zh,wordfreq,33,1.0
乱象,3.44,zh,wordfreq,19,1.05
乳头,3.83,zh,wordfreq,74,1.0
乳房,3.99,zh,wordfreq,21,1.0
乳腺癌,3.52,zh,wordfreq,0,2.7
了不起,4.09,zh,wordfreq,4,1.75
了结,3.6,zh,wordfreq,16,1.2
了解,5.44,zh,wordfreq,23,1.0
予以,4.4,zh,wordfreq,19,1.05
争取,4.99,zh,wordfreq,36,1.0
争吵,3.97,zh,wordfreq,10,1.5
争夺,4.27,zh,wordfreq,13,1.3
争夺战,3.38,zh,wordfreq,0,1.95
争执,3.99,zh,wordfreq,12,1.4
争斗,3.71,zh,wordfreq,17,1.15
争相,3.49,zh,wordfreq,21,1.0
争端,3.97,zh,wordfreq,26,1.0
争议,4.84,zh,wordfreq,25,1.0
争论,4.55,zh,wordfreq,29,1.0
争辩,3.69,zh,wordfreq,12,1.4
争霸,3.65,zh,wordfreq,11,1.45
事业,5.08,zh,wordfreq,54,1.0
事事,3.57,zh,wordfreq,76,1.0
事件,5.5,zh,wordfreq,47,1.0
事例,3.69,zh,wordfreq,34,1.0
事儿,4.48,zh,wordfreq,45,1.0
事先,4.31,zh,wordfreq,32,1.0
事关,3.53,zh,wordfreq,37,1.0
事前,3.82,zh,wordfreq,46,1.0
事务,4.93,zh,wordfreq,43,1.0
事务所,4.19,zh,wordfreq,1,1.9
事务部,3.35,zh,wordfreq,2,1.85
事发,3.98,zh,wordfreq,68,1.0
事变,3.89,zh,wordfreq,37,1.0
事后,4.18,zh,wordfreq,59,1.0
事宜,4.08,zh,wordfreq,23,1.0
事实,5.18,zh,wordfreq,45,1.0
事实上,4.82,zh,wordfreq,0,1.95
事态,3.92,zh,wordfreq,34,1.0
事情,5.48,zh,wordfreq,64,1.0
事故,4.75,zh,wordfreq,25,1.0
事是,4.77,zh,wordfreq,57,1.0
事物,4.75,zh,wordfreq,54,1.0
事迹,4.05,zh,wordfreq,30,1.0
事项,4.56,zh,wordfreq,40,1.0
二世,3.82,zh,wordfreq,53,1.0
二个,3.78,zh,wordfreq,65,1.0
二中,3.54,zh,wordfreq,76,1.0
二二八,3.41,zh,wordfreq,0,2.0
二人,4.4,zh,wordfreq,168,1.0
二代,3.84,zh,wordfreq,51,1.0
二位,3.76,zh,wordfreq,74,1.0
二元,3.51,zh,wordfreq,43,1.0
二分,3.44,zh,wordfreq,62,1.0
二十,4.25,zh,wordfreq,38,1.0
二十一,3.6,zh,wordfreq,8,1.5
二十万,3.39,zh,wordfreq,9,1.45
二十三,3.32,zh,wordfreq,7,1.55
二十五,3.57,zh,wordfreq,7,1.55
二十六,3.35,zh,wordfreq,8,1.5
二十四,3.82,zh,wordfreq,7,1.55
二十岁,3.35,zh,wordfreq,9,1.45
二十年,4.2,zh,wordfreq,13,1.2
二千,3.53,zh,wordfreq,39,1.0
二号,3.97,zh,wordfreq,58,1.0
二哥,3.53,zh,wordfreq,36,1.0
二字,3.72,zh,wordfreq,41,1.0
二审,3.4,zh,wordfreq,34,1.0
二年,4.13,zh,wordfreq,90,1.0
二度,3.52,zh,wordfreq,76,1.0
二战,4.36,zh,wordfreq,67,1.0
二手,3.93,zh,wordfreq,86,1.0
二手车,3.39,zh,wordfreq,0,1.95
二是,3.86,zh,wordfreq,65,1.0
二月,4.22,zh,wordfreq,49,1.0
二期,3.68,zh,wordfreq,63,1.0
二楼,3.78,zh,wordfreq,39,1.0
二次,4.1,zh,wordfreq,62,1.0
二次元,3.38,zh,wordfreq,0,1.9
二百,3.43,zh,wordfreq,39,1.0
二等,3.59,zh,wordfreq,38,1.0
二等奖,3.47,zh,wordfreq,2,1.85
二级,4.33,zh,wordfreq,58,1.0
二线,3.49,zh,wordfreq,68,1.0
二维码,3.71,zh,wordfreq,0,2.0
二者,3.93,zh,wordfreq,59,1.0
二路,3.38,zh,wordfreq,63,1.0
于是,5.06,zh,wordfreq,37,1.0
亏了,3.36,zh,wordfreq,8,1.6
亏损,4.24,zh,wordfreq,5,1.75
云云,3.32,zh,wordfreq,12,1.4
云南,4.78,zh,wordfreq,25,1.0
云南省,4.09,zh,wordfreq,3,1.8
云层,3.43,zh,wordfreq,27,1.0
云盘,3.46,zh,wordfreq,21,1.0
云端,3.64,zh,wordfreq,22,1.0
云集,3.6,zh,wordfreq,28,1.0
云霄,3.36,zh,wordfreq,6,1.7
互不,3.61,zh,wordfreq,18,1.1
互信,3.42,zh,wordfreq,33,1.0
互利,3.51,zh,wordfreq,53,1.0
互动,4.62,zh,wordfreq,69,1.0
互助,4.04,zh,wordfreq,26,1.0
互惠,3.41,zh,wordfreq,14,1.3
互换,3.59,zh,wordfreq,20,1.0
互相,4.81,zh,wordfreq,21,1.0
互联,3.68,zh,wordfreq,19,1.0
互联网,5.0,zh,wordfreq,0,1.9
互补,3.71,zh,wordfreq,16,1.2
互通,3.55,zh,wordfreq,34,1.0
五一,3.67,zh,wordfreq,49,1.0
五万,3.64,zh,wordfreq,42,1.0
五个,4.59,zh,wordfreq,64,1.0
五人,3.56,zh,wordfreq,167,1.0
五代,3.71,zh,wordfreq,50,1.0
五位,3.83,zh,wordfreq,73,1.0
五分,3.86,zh,wordfreq,61,1.0
五分钟,3.84,zh,wordfreq,6,1.6
五十,4.17,zh,wordfreq,37,1.0
五十年,3.56,zh,wordfreq,6,1.55
五千,3.93,zh,wordfreq,38,1.0
五号,3.48,zh,wordfreq,57,1.0
五名,3.82,zh,wordfreq,94,1.0
五四,3.72,zh,wordfreq,32,1.0
五块,3.42,zh,wordfreq,39,1.0
五大,4.26,zh,wordfreq,83,1.0
五天,3.86,zh,wordfreq,74,1.0
五岁,3.71,zh,wordfreq,40,1.0
五年,4.72,zh,wordfreq,89,1.0
五日,3.48,zh,wordfreq,67,1.0
五星,3.68,zh,wordfreq,53,1.0
五星级,3.51,zh,wordfreq,0,1.9
五月,4.65,zh,wordfreq,48,1.0
五月天,3.44,zh,wordfreq,0,1.9
五条,3.52,zh,wordfreq,44,1.0
五次,3.68,zh,wordfreq,61,1.0
五点,3.86,zh,wordfreq,91,1.0
五百,3.91,zh,wordfreq,38,1.0
五百万,3.58,zh,wordfreq,4,1.65
五种,3.63,zh,wordfreq,56,1.0
五行,3.79,zh,wordfreq,91,1.0
五金,3.49,zh,wordfreq,45,1.0
五项,3.52,zh,wordfreq,47,1.0
井冈山,3.52,zh,wordfreq,0,2.0
亚军,3.78,zh,wordfreq,40,1.0
亚历,3.72,zh,wordfreq,21,1.0
亚太,3.89,zh,wordfreq,17,1.15
亚州,3.89,zh,wordfreq,43,1.0
亚当,3.91,zh,wordfreq,27,1.0
亚当斯,3.48,zh,wordfreq,0,1.9
亚斯,3.4,zh,wordfreq,52,1.0
亚洲,5.22,zh,wordfreq,18,1.1
亚热带,3.69,zh,wordfreq,0,1.95
亚瑟,3.63,zh,wordfreq,10,1.5
亚科,3.52,zh,wordfreq,24,1.0
亚细亚,3.35,zh,wordfreq,0,2.0
亚裔,3.77,zh,wordfreq,14,1.3
亚运,3.5,zh,wordfreq,29,1.0
亚运会,3.7,zh,wordfreq,1,1.9
亚马逊,4.3,zh,wordfreq,0,2.0
些许,3.57,zh,wordfreq,11,1.45
亡国,3.42,zh,wordfreq,56,1.0
亡灵,3.5,zh,wordfreq,8,1.6
交互,3.9,zh,wordfreq,36,1.0
交付,4.1,zh,wordfreq,41,1.0
交代,4.03,zh,wordfreq,58,1.0
交会,3.44,zh,wordfreq,87,1.0
交出,4.0,zh,wordfreq,113,1.0
交到,3.43,zh,wordfreq,87,1.0
交叉,4.06,zh,wordfreq,35,1.0
交友,4.26,zh,wordfreq,49,1.0
交响乐,3.41,zh,wordfreq,1,1.95
交响曲,3.33,zh,wordfreq,1,1.95
交往,4.44,zh,wordfreq,48,1.0
交待,3.56,zh,wordfreq,46,1.0
交情,3.47,zh,wordfreq,79,1.0
交战,3.98,zh,wordfreq,74,1.0
交手,3.46,zh,wordfreq,93,1.0
交换,4.83,zh,wordfreq,45,1.0
交换机,3.44,zh,wordfreq,0,1.95
交接,3.68,zh,wordfreq,47,1.0
交易,5.16,zh,wordfreq,42,1.0
交易所,4.21,zh,wordfreq,1,1.9
交易日,3.45,zh,wordfreq,1,1.9
交替,3.9,zh,wordfreq,38,1.0
交朋友,3.48,zh,wordfreq,4,1.7
交汇,3.6,zh,wordfreq,38,1.0
交流,5.12,zh,wordfreq,60,1.0
交流会,3.31,zh,wordfreq,0,1.9
交涉,3.94,zh,wordfreq,37,1.0
交火,3.45,zh,wordfreq,57,1.0
交由,3.78,zh,wordfreq,43,1.0
交界,3.6,zh,wordfreq,49,1.0
交界处,3.42,zh,wordfreq,0,1.95
交纳,3.66,zh,wordfreq,45,1.0
交织,3.68,zh,wordfreq,39,1.0
交给,4.7,zh,wordfreq,61,1.0
交融,3.41,zh,wordfreq,36,1.0
交警,3.75,zh,wordfreq,44,1.0
交谈,4.28,zh,wordfreq,44,1.0
交货,3.44,zh,wordfreq,51,1.0
交通,5.13,zh,wordfreq,59,1.0
交通部,3.58,zh,wordfreq,0,1.95
交配,3.85,zh,wordfreq,42,1.0
交锋,3.6,zh,wordfreq,41,1.0
交错,3.7,zh,wordfreq,46,1.0
交际,3.67,zh,wordfreq,43,1.0
交集,3.48,zh,wordfreq,57,1.0
亦可,3.95,zh,wordfreq,8,1.6
产业,5.23,zh,wordfreq,48,1.0
产业化,3.62,zh,wordfreq,5,1.7
产业园,3.45,zh,wordfreq,2,1.85
产业链,3.61,zh,wordfreq,2,1.85
产值,4.43,zh,wordfreq,29,1.0
产出,3.75,zh,wordfreq,92,1.0
产区,3.31,zh,wordfreq,57,1.0
产卵,3.4,zh,wordfreq,14,1.3
产后,3.55,zh,wordfreq,53,1.0
产品,5.56,zh,wordfreq,41,1.0
产地,4.09,zh,wordfreq,79,1.0
产妇,3.44,zh,wordfreq,24,1.0
产权,4.04,zh,wordfreq,45,1.0
产物,4.42,zh,wordfreq,48,1.0
产生,5.42,zh,wordfreq,62,1.0
产能,3.95,zh,wordfreq,47,1.0
产量,4.71,zh,wordfreq,55,1.0
产销,3.4,zh,wordfreq,29,1.0
亨利,4.3,zh,wordfreq,44,1.0
亨特,3.61,zh,wordfreq,28,1.0
享乐,3.62,zh,wordfreq,18,1.1
享受,4.95,zh,wordfreq,19,1.05
享年,3.61,zh,wordfreq,66,1.0
享有,4.66,zh,wordfreq,73,1.0
享用,3.95,zh,wordfreq,71,1.0
京东,3.88,zh,wordfreq,25,1.0
京剧,3.75,zh,wordfreq,20,1.0
京城,3.86,zh,wordfreq,30,1.0
京师,3.53,zh,wordfreq,25,1.0
京报,3.5,zh,wordfreq,38,1.0
京沪,3.31,zh,wordfreq,6,1.7
京津冀,3.42,zh,wordfreq,0,2.45
京都,3.96,zh,wordfreq,10,1.45
亮丽,3.34,zh,wordfreq,9,1.55
亮度,3.55,zh,wordfreq,52,1.0
亮点,3.92,zh,wordfreq,68,1.0
亮相,4.16,zh,wordfreq,15,1.25
亮眼,3.35,zh,wordfreq,15,1.25
亲亲,3.66,zh,wordfreq,28,1.0
亲人,4.28,zh,wordfreq,160,1.0
亲信,3.78,zh,wordfreq,43,1.0
亲切,4.09,zh,wordfreq,30,1.0
亲友,3.99,zh,wordfreq,34,1.0
亲口,3.53,zh,wordfreq,57,1.0
亲吻,4.11,zh,wordfreq,22,1.0
亲子,3.71,zh,wordfreq,192,1.0
亲密,4.23,zh,wordfreq,34,1.0
亲属,4.14,zh,wordfreq,35,1.0
亲情,3.73,zh,wordfreq,64,1.0
亲戚,4.37,zh,wordfreq,20,1.0
亲手,3.99,zh,wordfreq,78,1.0
亲热,3.72,zh,wordfreq,28,1.0
亲爱,4.53,zh,wordfreq,41,1.0
亲王,4.1,zh,wordfreq,32,1.0
亲生,3.84,zh,wordfreq,68,1.0
亲眼,3.79,zh,wordfreq,31,1.0
亲自,4.6,zh,wordfreq,31,1.0
亲身,3.99,zh,wordfreq,58,1.0
亲近,4.01,zh,wordfreq,35,1.0
亵渎,3.56,zh,wordfreq,0,2.0
人世,3.65,zh,wordfreq,93,1.0
人中,5.39,zh,wordfreq,116,1.0
人为,4.66,zh,wordfreq,111,1.0
人事,4.24,zh,wordfreq,124,1.0
人人,4.96,zh,wordfreq,208,1.0
人以,5.12,zh,wordfreq,87,1.0
人们,5.65,zh,wordfreq,76,1.0
人会,4.45,zh,wordfreq,120,1.0
人住,3.36,zh,wordfreq,90,1.0
人体,4.63,zh,wordfreq,119,1.0
人偶,3.51,zh,wordfreq,71,1.0
人像,4.66,zh,wordfreq,87,1.0
人则,4.69,zh,wordfreq,77,1.0
人到,5.29,zh,wordfreq,120,1.0
人力,4.42,zh,wordfreq,139,1.0
人去,5.06,zh,wordfreq,88,1.0
人参,3.36,zh,wordfreq,68,1.0
人口,5.54,zh,wordfreq,105,1.0
人口数,3.48,zh,wordfreq,0,1.9
人员,5.48,zh,wordfreq,92,1.0
人命,3.79,zh,wordfreq,87,1.0
人品,3.48,zh,wordfreq,95,1.0
人均,4.46,zh,wordfreq,72,1.0
人士,5.21,zh,wordfreq,96,1.0
人声,3.34,zh,wordfreq,96,1.0
人大,4.84,zh,wordfreq,124,1.0
人头,3.83,zh,wordfreq,141,1.0
人妖,3.62,zh,wordfreq,68,1.0
人妻,3.82,zh,wordfreq,72,1.0
人家,4.78,zh,wordfreq,137,1.0
人寿,3.64,zh,wordfreq,69,1.0
人工,4.62,zh,wordfreq,98,1.0
人形,3.53,zh,wordfreq,87,1.0
人影,3.56,zh,wordfreq,80,1.0
人心,4.3,zh,wordfreq,121,1.0
人性,4.62,zh,wordfreq,113,1.0
人性化,3.42,zh,wordfreq,1,1.9
人情,3.84,zh,wordfreq,112,1.0
人想,4.95,zh,wordfreq,91,1.0
人手,3.8,zh,wordfreq,126,1.0
人才,4.95,zh,wordfreq,76,1.0
人数,5.11,zh,wordfreq,99,1.0
人文,4.29,zh,wordfreq,112,1.0
人有,5.48,zh,wordfreq,137,1.0
人权,5.06,zh,wordfreq,99,1.0
人来,5.27,zh,wordfreq,122,1.0
人格,4.33,zh,wordfreq,85,1.0
人次,4.18,zh,wordfreq,102,1.0
人死,3.53,zh,wordfreq,93,1.0
人民,5.83,zh,wordfreq,97,1.0
人民党,3.5,zh,wordfreq,4,1.75
人民币,4.81,zh,wordfreq,2,1.85
人民网,3.93,zh,wordfreq,2,1.85
人气,4.29,zh,wordfreq,110,1.0
人流,3.54,zh,wordfreq,93,1.0
人渣,3.54,zh,wordfreq,68,1.0
人潮,3.55,zh,wordfreq,76,1.0
人物,5.3,zh,wordfreq,102,1.0
人犯,3.42,zh,wordfreq,77,1.0
人生,4.98,zh,wordfreq,116,1.0
人生观,3.37,zh,wordfreq,0,1.95
人用,4.99,zh,wordfreq,135,1.0
人种,3.72,zh,wordfreq,97,1.0
人称,3.93,zh,wordfreq,98,1.0
人类,5.42,zh,wordfreq,87,1.0
人类学,3.67,zh,wordfreq,0,1.95
人群,4.62,zh,wordfreq,77,1.0
人能,4.17,zh,wordfreq,101,1.0
人行,3.38,zh,wordfreq,132,1.0
人行道,3.8,zh,wordfreq,0,1.95
人要,5.28,zh,wordfreq,95,1.0
人质,4.16,zh,wordfreq,90,1.0
人身,4.01,zh,wordfreq,106,1.0
人选,4.33,zh,wordfreq,91,1.0
人造,4.03,zh,wordfreq,84,1.0
人间,4.41,zh,wordfreq,90,1.0
人马,3.94,zh,wordfreq,92,1.0
亿万,3.78,zh,wordfreq,19,1.05
亿人,3.6,zh,wordfreq,144,1.0
亿元,4.95,zh,wordfreq,19,1.0
亿吨,3.49,zh,wordfreq,5,1.75
亿年,3.61,zh,wordfreq,66,1.0
亿美元,4.76,zh,wordfreq,2,1.8
亿美金,3.38,zh,wordfreq,2,1.85
什么,6.3,zh,wordfreq,6,1.5
什么样,4.67,zh,wordfreq,1,1.9
什叶派,3.49,zh,wordfreq,0,2.0
仁义,3.32,zh,wordfreq,20,1.0
仁川,3.64,zh,wordfreq,11,1.45
仁慈,3.6,zh,wordfreq,2,1.9
仅为,3.58,zh,wordfreq,47,1.0
仅仅,4.74,zh,wordfreq,6,1.65
仅剩,3.41,zh,wordfreq,5,1.75
仅存,3.61,zh,wordfreq,20,1.0
仅次于,3.85,zh,wordfreq,0,2.0
仅限,3.59,zh,wordfreq,16,1.2
仆人,3.94,zh,wordfreq,140,1.0
仇人,3.39,zh,wordfreq,142,1.0
仇恨,4.23,zh,wordfreq,5,1.75
仇视,3.55,zh,wordfreq,30,1.0
今儿,3.52,zh,wordfreq,33,1.0
今后,4.59,zh,wordfreq,47,1.0
今夜,3.8,zh,wordfreq,21,1.0
今天,5.65,zh,wordfreq,55,1.0
今年,5.27,zh,wordfreq,70,1.0
今日,5.1,zh,wordfreq,48,1.0
今早,3.67,zh,wordfreq,17,1.15
今晚,4.73,zh,wordfreq,17,1.15
今生,3.42,zh,wordfreq,56,1.0
介于,3.88,zh,wordfreq,56,1.0
介入,4.35,zh,wordfreq,66,1.0
介意,3.76,zh,wordfreq,54,1.0
介绍,5.27,zh,wordfreq,6,1.7
介质,3.81,zh,wordfreq,27,1.0
介面,3.4,zh,wordfreq,61,1.0
仍会,3.48,zh,wordfreq,54,1.0
仍旧,4.16,zh,wordfreq,8,1.6
仍然,5.16,zh,wordfreq,30,1.0
从不,4.39,zh,wordfreq,25,1.0
从业,4.08,zh,wordfreq,51,1.0
从业者,3.36,zh,wordfreq,1,1.85
从严,3.39,zh,wordfreq,21,1.0
从中,4.34,zh,wordfreq,65,1.0
从事,4.98,zh,wordfreq,73,1.0
从今,3.35,zh,wordfreq,24,1.0
从军,3.31,zh,wordfreq,47,1.0
从前,4.4,zh,wordfreq,43,1.0
从头,3.64,zh,wordfreq,90,1.0
从容,3.56,zh,wordfreq,33,1.0
从小,4.32,zh,wordfreq,35,1.0
从属,3.5,zh,wordfreq,32,1.0
从政,3.65,zh,wordfreq,36,1.0
从未,4.63,zh,wordfreq,20,1.0
从来,4.9,zh,wordfreq,71,1.0
从来不,4.27,zh,wordfreq,0,1.9
从此,4.55,zh,wordfreq,31,1.0
从没,4.15,zh,wordfreq,20,1.0
从而,4.95,zh,wordfreq,25,1.0
仓促,3.49,zh,wordfreq,5,1.75
仓储,3.67,zh,wordfreq,4,1.8
仓库,4.39,zh,wordfreq,11,1.45
仔细,4.59,zh,wordfreq,3,1.85
仕途,3.39,zh,wordfreq,7,1.65
他于,5.16,zh,wordfreq,59,1.0
他人,4.84,zh,wordfreq,148,1.0
他们,6.4,zh,wordfreq,16,1.2
他会,4.35,zh,wordfreq,60,1.0
他俩,3.74,zh,wordfreq,11,1.45
他妈,3.41,zh,wordfreq,16,1.1
他妈的,4.54,zh,wordfreq,0,1.95
他家,3.99,zh,wordfreq,77,1.0
他杀,3.45,zh,wordfreq,21,1.0
他来,5.25,zh,wordfreq,62,1.0
付出,4.6,zh,wordfreq,82,1.0
付款,4.07,zh,wordfreq,23,1.0
付给,3.61,zh,wordfreq,30,1.0
付费,4.18,zh,wordfreq,22,1.0
付钱,3.83,zh,wordfreq,28,1.0
仙人,3.45,zh,wordfreq,144,1.0
仙人掌,3.34,zh,wordfreq,0,1.95
仙境,3.44,zh,wordfreq,22,1.0
仙女,3.69,zh,wordfreq,24,1.0
仙子,3.52,zh,wordfreq,176,1.0
仙桃,3.35,zh,wordfreq,6,1.7
代为,3.53,zh,wordfreq,54,1.0
代价,4.6,zh,wordfreq,42,1.0
代办,3.4,zh,wordfreq,26,1.0
代号,3.9,zh,wordfreq,41,1.0
代名词,3.34,zh,wordfreq,0,1.95
代数,3.64,zh,wordfreq,42,1.0
代替,4.51,zh,wordfreq,14,1.3
代理,4.87,zh,wordfreq,52,1.0
代理人,3.85,zh,wordfreq,3,1.8
代理商,3.46,zh,wordfreq,1,1.9
代码,4.64,zh,wordfreq,20,1.0
代表,5.65,zh,wordfreq,21,1.0
代表作,3.83,zh,wordfreq,3,1.8
代表团,4.32,zh,wordfreq,3,1.8
代表性,4.08,zh,wordfreq,3,1.8
代表队,3.32,zh,wordfreq,3,1.8
代言,3.86,zh,wordfreq,38,1.0
代言人,3.83,zh,wordfreq,2,1.85
代谢,3.8,zh,wordfreq,14,1.3
代购,3.76,zh,wordfreq,21,1.0
令人,4.81,zh,wordfreq,140,1.0
以上,5.36,zh,wordfreq,95,1.0
以下,5.37,zh,wordfreq,90,1.0
以东,3.9,zh,wordfreq,41,1.0
以为,5.27,zh,wordfreq,65,1.0
以便,4.46,zh,wordfreq,32,1.0
以免,4.19,zh,wordfreq,32,1.0
以内,4.13,zh,wordfreq,46,1.0
以前,5.29,zh,wordfreq,48,1.0
以北,3.93,zh,wordfreq,33,1.0
以南,4.15,zh,wordfreq,41,1.0
以及,5.84,zh,wordfreq,35,1.0
以后,5.46,zh,wordfreq,61,1.0
以外,4.76,zh,wordfreq,53,1.0
以太,3.52,zh,wordfreq,29,1.0
以往,4.52,zh,wordfreq,35,1.0
以来,5.36,zh,wordfreq,76,1.0
以此,4.38,zh,wordfreq,36,1.0
以求,3.66,zh,wordfreq,40,1.0
以示,3.83,zh,wordfreq,41,1.0
以至,4.06,zh,wordfreq,34,1.0
以至于,3.96,zh,wordfreq,1,1.85
以致,4.08,zh,wordfreq,33,1.0
以色列,4.65,zh,wordfreq,0,2.0
以西,3.73,zh,wordfreq,40,1.0
以防,3.82,zh,wordfreq,28,1.0
仪器,4.4,zh,wordfreq,13,1.35
仪式,4.7,zh,wordfreq,22,1.0
仪表,3.92,zh,wordfreq,12,1.4
仰慕,3.34,zh,wordfreq,3,1.85
仰望,3.44,zh,wordfreq,22,1.0
仲裁,3.9,zh,wordfreq,4,1.8
价位,3.6,zh,wordfreq,49,1.0
价值,5.35,zh,wordfreq,18,1.05
价值观,4.41,zh,wordfreq,0,1.95
价格,5.32,zh,wordfreq,20,1.0
价钱,4.28,zh,wordfreq,27,1.0
任一,3.52,zh,wordfreq,35,1.0
任何,5.67,zh,wordfreq,18,1.05
任何人,4.86,zh,wordfreq,0,1.9
任免,3.74,zh,wordfreq,23,1.0
任内,3.6,zh,wordfreq,37,1.0
任凭,3.36,zh,wordfreq,14,1.3
任务,5.45,zh,wordfreq,36,1.0
任命,4.46,zh,wordfreq,32,1.0
任天堂,3.62,zh,wordfreq,0,1.95
任性,3.67,zh,wordfreq,58,1.0
任意,4.39,zh,wordfreq,62,1.0
任教,3.87,zh,wordfreq,31,1.0
任期,4.51,zh,wordfreq,48,1.0
任用,3.68,zh,wordfreq,80,1.0
任由,3.58,zh,wordfreq,21,1.0
任职,4.47,zh,wordfreq,32,1.0
份子,3.94,zh,wordfreq,174,1.0
份量,3.4,zh,wordfreq,43,1.0
份额,4.07,zh,wordfreq,16,1.2
仿佛,4.27,zh,wordfreq,9,1.55
仿制,3.36,zh,wordfreq,41,1.0
仿效,3.56,zh,wordfreq,18,1.1
仿照,3.41,zh,wordfreq,22,1.0
仿真,3.59,zh,wordfreq,12,1.4
企业,5.75,zh,wordfreq,37,1.0
企业家,4.38,zh,wordfreq,0,1.95
企事业,3.35,zh,wordfreq,0,1.9
企划,3.5,zh,wordfreq,9,1.55
企图,4.65,zh,wordfreq,20,1.0
企鹅,3.99,zh,wordfreq,4,1.8
伊万,3.77,zh,wordfreq,22,1.0
伊凡,3.54,zh,wordfreq,11,1.45
伊利,3.54,zh,wordfreq,50,1.0
伊始,3.31,zh,wordfreq,12,1.4
伊尔,3.73,zh,wordfreq,51,1.0
伊恩,3.43,zh,wordfreq,12,1.4
伊拉克,4.57,zh,wordfreq,1,1.9
伊斯,3.67,zh,wordfreq,49,1.0
伊斯兰,4.48,zh,wordfreq,0,1.95
伊朗,4.75,zh,wordfreq,11,1.45
伍德,3.54,zh,wordfreq,28,1.0
伎俩,3.47,zh,wordfreq,3,1.85
伏击,3.44,zh,wordfreq,26,1.0
休假,4.02,zh,wordfreq,17,1.15
休克,3.41,zh,wordfreq,39,1.0
休养,3.52,zh,wordfreq,21,1.0
休息,4.73,zh,wordfreq,18,1.05
休息室,3.49,zh,wordfreq,0,1.95
休战,3.33,zh,wordfreq,45,1.0
休斯,3.5,zh,wordfreq,48,1.0
休斯敦,3.35,zh,wordfreq,1,1.9
休斯顿,3.44,zh,wordfreq,1,1.9
休闲,4.32,zh,wordfreq,8,1.6
众人,4.41,zh,wordfreq,142,1.0
众多,4.89,zh,wordfreq,18,1.1
众生,3.6,zh,wordfreq,50,1.0
众议员,3.7,zh,wordfreq,2,1.85
众议院,4.03,zh,wordfreq,3,1.8
优于,3.64,zh,wordfreq,67,1.0
优先,4.6,zh,wordfreq,28,1.0
优劣,3.38,zh,wordfreq,19,1.05
优势,4.97,zh,wordfreq,38,1.0
优化,4.52,zh,wordfreq,56,1.0
优异,3.97,zh,wordfreq,27,1.0
优待,3.59,zh,wordfreq,27,1.0
优惠,4.73,zh,wordfreq,20,1.0
优惠券,3.55,zh,wordfreq,0,1.95
优点,4.37,zh,wordfreq,80,1.0
优秀,4.98,zh,wordfreq,17,1.15
优美,3.98,zh,wordfreq,37,1.0
优胜,3.58,zh,wordfreq,26,1.0
优胜者,3.49,zh,wordfreq,0,1.95
优良,4.3,zh,wordfreq,19,1.05
优质,4.54,zh,wordfreq,38,1.0
优越,4.16,zh,wordfreq,22,1.0
优越性,3.33,zh,wordfreq,0,1.95
优酷,3.4,zh,wordfreq,20,1.0
优雅,4.15,zh,wordfreq,18,1.1
伙伴,4.63,zh,wordfreq,5,1.7
伙计,3.61,zh,wordfreq,16,1.2
伙食,3.39,zh,wordfreq,18,1.1
会上,4.25,zh,wordfreq,96,1.0
会为,5.27,zh,wordfreq,66,1.0
会令,3.43,zh,wordfreq,33,1.0
会以,5.04,zh,wordfreq,42,1.0
会儿,3.62,zh,wordfreq,48,1.0
会到,5.18,zh,wordfreq,75,1.0
会变,3.42,zh,wordfreq,40,1.0
会合,3.83,zh,wordfreq,51,1.0
会同,3.96,zh,wordfreq,40,1.0
会后,5.1,zh,wordfreq,62,1.0
会员,4.81,zh,wordfreq,47,1.0
会员国,3.33,zh,wordfreq,1,1.9
会场,4.01,zh,wordfreq,76,1.0
会展,3.52,zh,wordfreq,36,1.0
会想,3.61,zh,wordfreq,46,1.0
会战,3.68,zh,wordfreq,62,1.0
会晤,4.13,zh,wordfreq,23,1.0
会见,4.51,zh,wordfreq,52,1.0
会计,4.34,zh,wordfreq,37,1.0
会计师,3.93,zh,wordfreq,1,1.9
会议,5.56,zh,wordfreq,38,1.0
会议室,3.76,zh,wordfreq,0,1.95
会试,3.58,zh,wordfreq,33,1.0
会谈,4.37,zh,wordfreq,32,1.0
会长,4.38,zh,wordfreq,92,1.0
会面,4.11,zh,wordfreq,79,1.0
会馆,3.66,zh,wordfreq,31,1.0
伟业,3.37,zh,wordfreq,37,1.0
伟人,3.57,zh,wordfreq,143,1.0
伟哥,3.58,zh,wordfreq,11,1.45
伟大,5.03,zh,wordfreq,59,1.0
传世,3.58,zh,wordfreq,56,1.0
传人,3.55,zh,wordfreq,171,1.0
传入,3.76,zh,wordfreq,92,1.0
传出,4.15,zh,wordfreq,109,1.0
传到,4.06,zh,wordfreq,83,1.0
传动,3.69,zh,wordfreq,90,1.0
传单,3.73,zh,wordfreq,45,1.0
传唤,3.61,zh,wordfreq,33,1.0
传奇,4.46,zh,wordfreq,41,1.0
传媒,4.46,zh,wordfreq,32,1.0
传导,3.63,zh,wordfreq,49,1.0
传感器,3.91,zh,wordfreq,0,2.0
传承,4.14,zh,wordfreq,33,1.0
传授,3.94,zh,wordfreq,33,1.0
传播,4.99,zh,wordfreq,43,1.0
传教,3.98,zh,wordfreq,49,1.0
传教士,3.84,zh,wordfreq,0,1.9
传来,4.2,zh,wordfreq,85,1.0
传染,4.09,zh,wordfreq,34,1.0
传染病,3.86,zh,wordfreq,0,1.9
传球,3.64,zh,wordfreq,54,1.0
传真,3.86,zh,wordfreq,39,1.0
传票,3.52,zh,wordfreq,49,1.0
传给,3.88,zh,wordfreq,57,1.0
传统,5.43,zh,wordfreq,38,1.0
传言,4.03,zh,wordfreq,58,1.0
传记,3.89,zh,wordfreq,44,1.0
传说,4.77,zh,wordfreq,61,1.0
传输,4.29,zh,wordfreq,34,1.0
传达,4.32,zh,wordfreq,45,1.0
传送,4.22,zh,wordfreq,42,1.0
传递,4.59,zh,wordfreq,33,1.0
传遍,3.41,zh,wordfreq,34,1.0
传销,3.75,zh,wordfreq,46,1.0
传闻,4.16,zh,wordfreq,36,1.0
伤亡,4.33,zh,wordfreq,20,1.0
伤人,3.82,zh,wordfreq,152,1.0
伤势,3.66,zh,wordfreq,34,1.0
伤口,4.3,zh,wordfreq,49,1.0
伤员,3.57,zh,wordfreq,36,1.0
伤害,4.97,zh,wordfreq,31,1.0
伤心,4.42,zh,wordfreq,65,1.0
伤感,3.8,zh,wordfreq,32,1.0
伤残,3.33,zh,wordfreq,14,1.3
伤疤,3.37,zh,wordfreq,12,1.4
伤痕,3.86,zh,wordfreq,14,1.3
伤痛,3.71,zh,wordfreq,18,1.1
伤者,3.76,zh,wordfreq,43,1.0
伦敦,4.78,zh,wordfreq,1,1.95
伦理,4.5,zh,wordfreq,42,1.0
伦理学,3.36,zh,wordfreq,4,1.7
伪装,4.03,zh,wordfreq,23,1.0
伪装成,3.35,zh,wordfreq,0,1.95
伪造,4.11,zh,wordfreq,17,1.15
伯伯,3.5,zh,wordfreq,6,1.7
伯恩,3.43,zh,wordfreq,10,1.5
伯格,3.83,zh,wordfreq,22,1.0
伯爵,4.07,zh,wordfreq,8,1.6
伯父,3.44,zh,wordfreq,15,1.25
伯特,3.42,zh,wordfreq,32,1.0
估价,3.63,zh,wordfreq,34,1.0
估值,3.49,zh,wordfreq,18,1.1
估算,3.88,zh,wordfreq,20,1.0
估计,4.95,zh,wordfreq,17,1.15
伴侣,4.13,zh,wordfreq,6,1.7
伴奏,3.61,zh,wordfreq,7,1.65
伴娘,3.33,zh,wordfreq,8,1.6
伴有,3.47,zh,wordfreq,73,1.0
伴随,4.33,zh,wordfreq,7,1.65
伸出,4.25,zh,wordfreq,82,1.0
伸展,3.53,zh,wordfreq,17,1.15
伸张,3.35,zh,wordfreq,20,1.0
伸手,3.8,zh,wordfreq,62,1.0
伸缩,3.39,zh,wordfreq,10,1.5
伺候,3.62,zh,wordfreq,4,1.8
伺服器,3.61,zh,wordfreq,0,2.0
似乎,5.07,zh,wordfreq,9,1.55
似的,4.59,zh,wordfreq,8,1.6
伽利略,3.34,zh,wordfreq,0,2.0
但愿,3.96,zh,wordfreq,13,1.35
但是,5.85,zh,wordfreq,38,1.0
位于,5.24,zh,wordfreq,57,1.0
位列,3.47,zh,wordfreq,19,1.05
位子,3.7,zh,wordfreq,178,1.0
位居,4.04,zh,wordfreq,20,1.0
位数,3.39,zh,wordfreq,37,1.0
位移,3.49,zh,wordfreq,9,1.55
位置,5.04,zh,wordfreq,20,1.0
低下,4.06,zh,wordfreq,87,1.0
低于,4.43,zh,wordfreq,70,1.0
低价,3.9,zh,wordfreq,50,1.0
低估,3.97,zh,wordfreq,22,1.0
低俗,3.47,zh,wordfreq,26,1.0
低劣,3.46,zh,wordfreq,22,1.0
低压,3.61,zh,wordfreq,31,1.0
低声,3.38,zh,wordfreq,47,1.0
低头,4.02,zh,wordfreq,92,1.0
低廉,3.67,zh,wordfreq,21,1.0
低成本,3.5,zh,wordfreq,0,1.95
低收入,3.62,zh,wordfreq,1,1.9
低温,3.99,zh,wordfreq,26,1.0
低潮,3.48,zh,wordfreq,27,1.0
低点,3.37,zh,wordfreq,83,1.0
低级,3.96,zh,wordfreq,49,1.0
低落,3.59,zh,wordfreq,45,1.0
低调,3.93,zh,wordfreq,40,1.0
低谷,3.42,zh,wordfreq,24,1.0
低迷,3.73,zh,wordfreq,26,1.0
低速,3.38,zh,wordfreq,34,1.0
低频,3.41,zh,wordfreq,24,1.0
住址,3.46,zh,wordfreq,14,1.3
住处,3.91,zh,wordfreq,41,1.0
住宅,4.58,zh,wordfreq,11,1.4
住宅区,3.48,zh,wordfreq,0,1.95
住家,3.38,zh,wordfreq,78,1.0
住宿,3.95,zh,wordfreq,13,1.35
住户,3.82,zh,wordfreq,25,1.0
住房,4.48,zh,wordfreq,29,1.0
住所,3.95,zh,wordfreq,20,1.0
住民,3.35,zh,wordfreq,38,1.0
住院,4.05,zh,wordfreq,27,1.0
佐佐木,3.4,zh,wordfreq,0,2.45
佐藤,3.52,zh,wordfreq,2,1.9
佐证,3.54,zh,wordfreq,19,1.05
体会,4.38,zh,wordfreq,75,1.0
体内,4.42,zh,wordfreq,47,1.0
体制,4.99,zh,wordfreq,60,1.0
体力,4.08,zh,wordfreq,94,1.0
体型,3.78,zh,wordfreq,44,1.0
体外,3.48,zh,wordfreq,54,1.0
体操,3.92,zh,wordfreq,26,1.0
体格,3.43,zh,wordfreq,40,1.0
体检,3.91,zh,wordfreq,25,1.0
体温,3.62,zh,wordfreq,30,1.0
体现,5.0,zh,wordfreq,35,1.0
体积,4.03,zh,wordfreq,28,1.0
体系,5.1,zh,wordfreq,30,1.0
体罚,3.44,zh,wordfreq,28,1.0
体育,5.15,zh,wordfreq,31,1.0
体育场,4.06,zh,wordfreq,1,1.9
体育馆,3.95,zh,wordfreq,1,1.9
体能,3.6,zh,wordfreq,56,1.0
体裁,3.45,zh,wordfreq,27,1.0
体谅,3.6,zh,wordfreq,24,1.0
体质,4.05,zh,wordfreq,45,1.0
体贴,3.72,zh,wordfreq,26,1.0
体重,4.31,zh,wordfreq,54,1.0
体长,3.65,zh,wordfreq,92,1.0
体面,3.73,zh,wordfreq,79,1.0
体验,4.83,zh,wordfreq,31,1.0
何不,3.83,zh,wordfreq,23,1.0
何为,3.37,zh,wordfreq,58,1.0
何事,3.34,zh,wordfreq,71,1.0
何人,3.44,zh,wordfreq,155,1.0
何以,3.83,zh,wordfreq,34,1.0
何况,3.98,zh,wordfreq,24,1.0
何在,3.9,zh,wordfreq,36,1.0
何处,4.08,zh,wordfreq,47,1.0
何必,4.07,zh,wordfreq,20,1.0
何故,3.34,zh,wordfreq,20,1.0
何方,3.69,zh,wordfreq,55,1.0
何时,4.47,zh,wordfreq,56,1.0
何来,3.33,zh,wordfreq,69,1.0
何种,3.81,zh,wordfreq,44,1.0
何等,3.73,zh,wordfreq,25,1.0
何谓,3.51,zh,wordfreq,19,1.05
余下,3.66,zh,wordfreq,76,1.0
余人,3.72,zh,wordfreq,148,1.0
余名,3.42,zh,wordfreq,75,1.0
余地,3.89,zh,wordfreq,73,1.0
余家,3.34,zh,wordfreq,77,1.0
余年,3.68,zh,wordfreq,70,1.0
余生,3.32,zh,wordfreq,56,1.0
余震,3.34,zh,wordfreq,9,1.55
余额,4.24,zh,wordfreq,22,1.0
佛像,3.66,zh,wordfreq,25,1.0
佛学,3.39,zh,wordfreq,43,1.0
佛山,3.95,zh,wordfreq,42,1.0
佛教,4.5,zh,wordfreq,24,1.0
佛教徒,3.56,zh,wordfreq,1,1.85
佛法,3.64,zh,wordfreq,52,1.0
佛经,3.38,zh,wordfreq,22,1.0
佛陀,3.61,zh,wordfreq,6,1.7
作业,4.67,zh,wordfreq,56,1.0
作为,5.72,zh,wordfreq,65,1.0
作假,3.36,zh,wordfreq,33,1.0
作出,4.86,zh,wordfreq,100,1.0
作品,5.4,zh,wordfreq,49,1.0
作品集,3.44,zh,wordfreq,0,1.95
作坊,3.48,zh,wordfreq,25,1.0
作家,5.08,zh,wordfreq,91,1.0
作对,3.51,zh,wordfreq,34,1.0
作弊,3.93,zh,wordfreq,24,1.0
作恶,3.48,zh,wordfreq,30,1.0
作战,4.76,zh,wordfreq,61,1.0
作文,3.88,zh,wordfreq,66,1.0
作曲,3.73,zh,wordfreq,32,1.0
作曲家,3.77,zh,wordfreq,0,1.9
作案,3.53,zh,wordfreq,49,1.0
作法,4.04,zh,wordfreq,68,1.0
作物,4.26,zh,wordfreq,56,1.0
作用,5.23,zh,wordfreq,89,1.0
作画,3.58,zh,wordfreq,35,1.0
作罢,3.34,zh,wordfreq,23,1.0
作者,5.12,zh,wordfreq,53,1.0
作证,3.78,zh,wordfreq,40,1.0
作词,3.32,zh,wordfreq,33,1.0
作风,4.29,zh,wordfreq,43,1.0
你们,5.8,zh,wordfreq,12,1.35
你们好,3.46,zh,wordfreq,0,1.9
你别,3.55,zh,wordfreq,22,1.0
你好,4.69,zh,wordfreq,42,1.0
你家,4.13,zh,wordfreq,73,1.0
你老,3.45,zh,wordfreq,12,1.4
佣金,3.66,zh,wordfreq,18,1.1
佩戴,3.65,zh,wordfreq,3,1.85
佩服,3.93,zh,wordfreq,18,1.1
佳人,3.44,zh,wordfreq,143,1.0
佳作,3.32,zh,wordfreq,34,1.0
佳绩,3.34,zh,wordfreq,8,1.6
佳节,3.35,zh,wordfreq,19,1.05
使人,3.78,zh,wordfreq,148,1.0
使出,3.59,zh,wordfreq,86,1.0
使劲,3.78,zh,wordfreq,12,1.4
使命,4.38,zh,wordfreq,27,1.0
使得,4.91,zh,wordfreq,40,1.0
使用,5.87,zh,wordfreq,75,1.0
使用权,3.53,zh,wordfreq,1,1.9
使用者,4.26,zh,wordfreq,1,1.85
使者,3.91,zh,wordfreq,39,1.0
使节,3.39,zh,wordfreq,24,1.0
使馆,4.15,zh,wordfreq,16,1.15
侄女,3.53,zh,wordfreq,21,1.0
侄子,3.75,zh,wordfreq,173,1.0
例外,4.34,zh,wordfreq,35,1.0
例如,5.26,zh,wordfreq,15,1.25
例子,4.62,zh,wordfreq,176,1.0
例行,3.89,zh,wordfreq,68,1.0
例证,3.46,zh,wordfreq,22,1.0
侍卫,3.49,zh,wordfreq,12,1.4
侍者,3.35,zh,wordfreq,33,1.0
侍郎,3.68,zh,wordfreq,6,1.7
侏儒,3.36,zh,wordfreq,0,2.0
侏罗纪,3.38,zh,wordfreq,0,2.0
供养,3.76,zh,wordfreq,24,1.0
供奉,3.8,zh,wordfreq,10,1.5
供应,4.73,zh,wordfreq,23,1.0
供应商,4.01,zh,wordfreq,1,1.9
供应链,3.47,zh,wordfreq,1,1.9
供水,3.91,zh,wordfreq,55,1.0
供求,3.39,zh,wordfreq,27,1.0
供电,4.09,zh,wordfreq,28,1.0
供给,4.42,zh,wordfreq,35,1.0
供职,3.34,zh,wordfreq,28,1.0
供货,3.42,zh,wordfreq,25,1.0
供需,3.54,zh,wordfreq,14,1.3
依托,4.07,zh,wordfreq,17,1.15
依据,5.02,zh,wordfreq,17,1.15
依旧,4.52,zh,wordfreq,15,1.25
依次,4.01,zh,wordfreq,43,1.0
依法,4.63,zh,wordfreq,55,1.0
依然,4.89,zh,wordfreq,37,1.0
依照,4.54,zh,wordfreq,27,1.0
依赖,4.57,zh,wordfreq,13,1.35
依附,3.68,zh,wordfreq,10,1.5
依靠,4.55,zh,wordfreq,14,1.3
侥幸,3.34,zh,wordfreq,5,1.75
侦察,3.98,zh,wordfreq,12,1.35
侦察机,3.67,zh,wordfreq,0,1.95
侦探,4.24,zh,wordfreq,7,1.65
侦查,4.03,zh,wordfreq,20,1.0
侦测,3.7,zh,wordfreq,13,1.35
侦破,3.4,zh,wordfreq,11,1.45
侧重,3.58,zh,wordfreq,32,1.0
侧面,4.03,zh,wordfreq,57,1.0
侨民,3.61,zh,wordfreq,30,1.0
侨胞,3.4,zh,wordfreq,3,1.85
侮辱,4.26,zh,wordfreq,5,1.75
侯赛因,3.34,zh,wordfreq,0,2.0
侵入,4.07,zh,wordfreq,69,1.0
侵华,3.33,zh,wordfreq,27,1.0
侵占,3.95,zh,wordfreq,12,1.4
侵害,4.21,zh,wordfreq,27,1.0
侵权,4.02,zh,wordfreq,39,1.0
侵犯,4.55,zh,wordfreq,17,1.15
侵略,4.4,zh,wordfreq,17,1.1
侵略者,3.61,zh,wordfreq,0,1.95
侵蚀,3.97,zh,wordfreq,9,1.55
侵袭,3.73,zh,wordfreq,18,1.1
便于,4.17,zh,wordfreq,59,1.0
便会,3.76,zh,wordfreq,60,1.0
便利,4.28,zh,wordfreq,51,1.0
便利店,3.56,zh,wordfreq,0,1.95
便宜,4.57,zh,wordfreq,11,1.45
便当,3.58,zh,wordfreq,25,1.0
便捷,3.77,zh,wordfreq,10,1.5
便携式,3.35,zh,wordfreq,0,2.0
便是,4.53,zh,wordfreq,45,1.0
便秘,3.47,zh,wordfreq,12,1.4
便衣,3.51,zh,wordfreq,21,1.0
促使,4.37,zh,wordfreq,16,1.2
促成,4.1,zh,wordfreq,46,1.0
促进,5.06,zh,wordfreq,29,1.0
促进会,3.33,zh,wordfreq,0,1.95
促销,4.02,zh,wordfreq,18,1.1
俄军,3.46,zh,wordfreq,33,1.0
俄国,4.76,zh,wordfreq,58,1.0
俄国人,3.72,zh,wordfreq,5,1.65
俄文,3.33,zh,wordfreq,47,1.0
俄罗斯,5.29,zh,wordfreq,0,1.95
俄语,4.05,zh,wordfreq,32,1.0
俗称,4.09,zh,wordfreq,30,1.0
俗话说,3.54,zh,wordfreq,0,2.0
俘虏,4.01,zh,wordfreq,0,2.0
保住,4.02,zh,wordfreq,51,1.0
保佑,3.95,zh,wordfreq,30,1.0
保值,3.42,zh,wordfreq,44,1.0
保健,4.22,zh,wordfreq,31,1.0
保全,3.96,zh,wordfreq,36,1.0
保养,4.02,zh,wordfreq,44,1.0
保利,3.49,zh,wordfreq,72,1.0
保卫,4.38,zh,wordfreq,39,1.0
保卫战,3.41,zh,wordfreq,0,1.95
保姆,3.87,zh,wordfreq,35,1.0
保存,4.68,zh,wordfreq,45,1.0
保守,4.46,zh,wordfreq,40,1.0
保守党,3.58,zh,wordfreq,1,1.9
保守派,3.77,zh,wordfreq,1,1.9
保安,4.33,zh,wordfreq,45,1.0
保定,3.85,zh,wordfreq,81,1.0
保密,4.17,zh,wordfreq,43,1.0
保护,5.51,zh,wordfreq,43,1.0
保护区,3.98,zh,wordfreq,0,1.95
保持,5.17,zh,wordfreq,39,1.0
保时捷,3.43,zh,wordfreq,0,2.0
保暖,3.47,zh,wordfreq,31,1.0
保有,3.75,zh,wordfreq,98,1.0
保湿,3.38,zh,wordfreq,30,1.0
保留,4.71,zh,wordfreq,41,1.0
保管,3.94,zh,wordfreq,47,1.0
保罗,4.34,zh,wordfreq,35,1.0
保育,3.86,zh,wordfreq,37,1.0
保证,5.25,zh,wordfreq,47,1.0
保证金,3.67,zh,wordfreq,0,1.95
保费,3.46,zh,wordfreq,47,1.0
保释,3.7,zh,wordfreq,36,1.0
保重,3.6,zh,wordfreq,60,1.0
保镖,3.87,zh,wordfreq,29,1.0
保险,4.76,zh,wordfreq,35,1.0
保障,4.97,zh,wordfreq,33,1.0
信不信,3.51,zh,wordfreq,0,2.0
信中,3.59,zh,wordfreq,70,1.0
信仰,4.8,zh,wordfreq,23,1.0
信件,4.0,zh,wordfreq,49,1.0
信任,4.73,zh,wordfreq,52,1.0
信众,3.36,zh,wordfreq,33,1.0
信函,3.37,zh,wordfreq,23,1.0
信号,4.85,zh,wordfreq,52,1.0
信奉,4.01,zh,wordfreq,23,1.0
信封,3.86,zh,wordfreq,27,1.0
信徒,4.05,zh,wordfreq,31,1.0
信心,4.69,zh,wordfreq,75,1.0
信念,4.33,zh,wordfreq,33,1.0
信息,5.48,zh,wordfreq,34,1.0
信息化,3.82,zh,wordfreq,1,1.9
信息网,3.54,zh,wordfreq,1,1.9
信托,3.98,zh,wordfreq,30,1.0
信服,3.43,zh,wordfreq,39,1.0
信条,3.59,zh,wordfreq,39,1.0
信用,4.45,zh,wordfreq,89,1.0
信用卡,4.32,zh,wordfreq,0,1.95
信箱,3.77,zh,wordfreq,25,1.0
信誉,4.07,zh,wordfreq,27,1.0
信访,3.65,zh,wordfreq,34,1.0
信贷,4.24,zh,wordfreq,24,1.0
信赖,4.05,zh,wordfreq,26,1.0
信阳,3.41,zh,wordfreq,39,1.0
俨然,3.43,zh,wordfreq,28,1.0
修养,3.84,zh,wordfreq,34,1.0
修剪,3.36,zh,wordfreq,19,1.05
修复,4.4,zh,wordfreq,29,1.0
修女,3.82,zh,wordfreq,39,1.0
修好,3.47,zh,wordfreq,57,1.0
修宪,3.47,zh,wordfreq,22,1.0
修建,4.25,zh,wordfreq,37,1.0
修改,4.94,zh,wordfreq,24,1.0
修正,4.44,zh,wordfreq,34,1.0
修正案,3.94,zh,wordfreq,0,1.95
修炼,3.89,zh,wordfreq,22,1.0
修理,4.13,zh,wordfreq,60,1.0
修筑,3.72,zh,wordfreq,21,1.0
修缮,3.72,zh,wordfreq,19,1.05
修行,3.93,zh,wordfreq,83,1.0
修补,3.73,zh,wordfreq,25,1.0
修订,4.36,zh,wordfreq,23,1.0
修车,3.34,zh,wordfreq,67,1.0
修辞,3.4,zh,wordfreq,23,1.0
修道院,3.74,zh,wordfreq,0,2.0
修长,3.34,zh,wordfreq,88,1.0
修饰,3.65,zh,wordfreq,23,1.0
俯瞰,3.52,zh,wordfreq,0,2.0
俱乐部,4.81,zh,wordfreq,0,2.0
俺们,3.4,zh,wordfreq,8,1.6
倍增,3.36,zh,wordfreq,6,1.7
倍感,3.32,zh,wordfreq,22,1.0
倍数,3.37,zh,wordfreq,33,1.0
倒下,3.77,zh,wordfreq,75,1.0
倒地,3.66,zh,wordfreq,72,1.0
倒塌,3.94,zh,wordfreq,9,1.55
倒数,3.97,zh,wordfreq,38,1.0
倒计时,3.44,zh,wordfreq,0,1.95
倒车,3.36,zh,wordfreq,55,1.0
倒退,3.98,zh,wordfreq,13,1.35
倒闭,4.09,zh,wordfreq,10,1.5
倒霉,4.03,zh,wordfreq,7,1.65
倔强,3.41,zh,wordfreq,14,1.3
倘若,3.93,zh,wordfreq,1,1.95
候补,3.78,zh,wordfreq,8,1.6
候选,3.8,zh,wordfreq,25,1.0
候选人,4.69,zh,wordfreq,1,1.85
候鸟,3.4,zh,wordfreq,5,1.75
借以,3.32,zh,wordfreq,30,1.0
借助,4.08,zh,wordfreq,27,1.0
借口,4.25,zh,wordfreq,48,1.0
借机,3.36,zh,wordfreq,51,1.0
借款,4.1,zh,wordfreq,30,1.0
借此,3.5,zh,wordfreq,25,1.0
借用,3.98,zh,wordfreq,78,1.0
借着,3.57,zh,wordfreq,48,1.0
借给,3.6,zh,wordfreq,37,1.0
借贷,4.03,zh,wordfreq,13,1.35
借鉴,4.05,zh,wordfreq,13,1.35
借钱,3.85,zh,wordfreq,35,1.0
倡导,4.23,zh,wordfreq,19,1.0
倡导者,3.33,zh,wordfreq,1,1.9
倡议,4.17,zh,wordfreq,16,1.2
债券,4.21,zh,wordfreq,3,1.85
债务,4.45,zh,wordfreq,25,1.0
债务人,3.33,zh,wordfreq,1,1.9
债权,3.75,zh,wordfreq,33,1.0
债权人,4.01,zh,wordfreq,1,1.9
值得,5.04,zh,wordfreq,34,1.0
值班,3.76,zh,wordfreq,9,1.55
值钱,3.6,zh,wordfreq,26,1.0
倾倒,3.62,zh,wordfreq,15,1.25
倾向,4.72,zh,wordfreq,39,1.0
倾听,4.09,zh,wordfreq,16,1.2
倾城,3.33,zh,wordfreq,29,1.0
倾斜,4.19,zh,wordfreq,5,1.75
倾诉,3.63,zh,wordfreq,14,1.3
假使,3.57,zh,wordfreq,28,1.0
假冒,3.76,zh,wordfreq,16,1.2
假名,3.57,zh,wordfreq,82,1.0
假如,4.52,zh,wordfreq,26,1.0
假定,4.0,zh,wordfreq,67,1.0
假扮,3.41,zh,wordfreq,17,1.15
假日,3.94,zh,wordfreq,55,1.0
假期,4.35,zh,wordfreq,50,1.0
假若,3.5,zh,wordfreq,16,1.2
假装,4.38,zh,wordfreq,37,1.0
假设,4.54,zh,wordfreq,27,1.0
假话,3.36,zh,wordfreq,43,1.0
假说,3.56,zh,wordfreq,45,1.0
假象,3.61,zh,wordfreq,31,1.0
假货,3.34,zh,wordfreq,31,1.0
假释,3.43,zh,wordfreq,22,1.0
偏偏,3.91,zh,wordfreq,12,1.4
偏僻,3.51,zh,wordfreq,12,1.4
偏向,3.89,zh,wordfreq,46,1.0
偏好,3.88,zh,wordfreq,50,1.0
偏差,3.84,zh,wordfreq,22,1.0
偏执,3.5,zh,wordfreq,14,1.3
偏激,3.36,zh,wordfreq,14,1.3
偏爱,3.51,zh,wordfreq,33,1.0
偏离,3.89,zh,wordfreq,22,1.0
偏见,4.14,zh,wordfreq,41,1.0
偏远,3.66,zh,wordfreq,23,1.0
偏重,3.45,zh,wordfreq,43,1.0
偏颇,3.32,zh,wordfreq,12,1.4
做不了,3.55,zh,wordfreq,5,1.7
做个,4.0,zh,wordfreq,55,1.0
做主,3.47,zh,wordfreq,39,1.0
做事,4.2,zh,wordfreq,74,1.0
做些,4.09,zh,wordfreq,26,1.0
做人,3.93,zh,wordfreq,158,1.0
做出,4.86,zh,wordfreq,96,1.0
做到,4.83,zh,wordfreq,70,1.0
做好,4.69,zh,wordfreq,56,1.0
做客,3.42,zh,wordfreq,33,1.0
做工,3.51,zh,wordfreq,48,1.0
做得好,3.47,zh,wordfreq,1,1.9
做成,4.12,zh,wordfreq,61,1.0
做梦,4.14,zh,wordfreq,21,1.0
做法,4.64,zh,wordfreq,64,1.0
做点,3.61,zh,wordfreq,82,1.0
做爱,4.35,zh,wordfreq,39,1.0
做生意,3.94,zh,wordfreq,0,1.95
做起,3.69,zh,wordfreq,50,1.0
做过,3.94,zh,wordfreq,60,1.0
做错,3.44,zh,wordfreq,29,1.0
做饭,4.04,zh,wordfreq,24,1.0
停下,3.94,zh,wordfreq,89,1.0
停下来,3.6,zh,wordfreq,3,1.75
停业,3.64,zh,wordfreq,55,1.0
停产,3.71,zh,wordfreq,46,1.0
停刊,3.46,zh,wordfreq,28,1.0
停办,3.43,zh,wordfreq,36,1.0
停工,3.48,zh,wordfreq,51,1.0
停战,3.75,zh,wordfreq,60,1.0
停播,3.56,zh,wordfreq,33,1.0
停放,3.51,zh,wordfreq,34,1.0
停机,3.39,zh,wordfreq,61,1.0
停止,5.05,zh,wordfreq,33,1.0
停泊,3.35,zh,wordfreq,22,1.0
停滞,3.86,zh,wordfreq,21,1.0
停火,3.8,zh,wordfreq,43,1.0
停用,3.58,zh,wordfreq,88,1.0
停电,3.87,zh,wordfreq,40,1.0
停留,4.33,zh,wordfreq,33,1.0
停职,3.49,zh,wordfreq,40,1.0
停课,3.52,zh,wordfreq,29,1.0
停车,4.28,zh,wordfreq,69,1.0
停车场,4.18,zh,wordfreq,0,1.95
停靠,3.51,zh,wordfreq,26,1.0
停顿,3.76,zh,wordfreq,26,1.0
健全,4.26,zh,wordfreq,11,1.45
健壮,3.35,zh,wordfreq,5,1.75
健康,5.25,zh,wordfreq,6,1.7
健美,3.33,zh,wordfreq,25,1.0
健身,4.18,zh,wordfreq,42,1.0
健身房,3.66,zh,wordfreq,0,1.95
偶像,4.43,zh,wordfreq,21,1.0
偶尔,4.42,zh,wordfreq,46,1.0
偶然,4.22,zh,wordfreq,30,1.0
偷偷,4.31,zh,wordfreq,11,1.45
偷情,3.46,zh,wordfreq,54,1.0
偷懒,3.34,zh,wordfreq,10,1.5
偷拍,3.89,zh,wordfreq,14,1.3
偷渡,3.54,zh,wordfreq,12,1.4
偷盗,3.34,zh,wordfreq,14,1.3
偷看,3.78,zh,wordfreq,23,1.0
偷窃,3.74,zh,wordfreq,11,1.45
偷窥,3.41,zh,wordfreq,10,1.5
偷袭,3.64,zh,wordfreq,20,1.0
偷走,3.77,zh,wordfreq,26,1.0
偿还,4.02,zh,wordfreq,4,1.8
傀儡,3.85,zh,wordfreq,0,2.0
傍晚,3.96,zh,wordfreq,9,1.55
储备,4.27,zh,wordfreq,23,1.0
储存,4.32,zh,wordfreq,20,1.0
储蓄,3.86,zh,wordfreq,5,1.75
储藏,3.38,zh,wordfreq,16,1.2
储量,3.67,zh,wordfreq,45,1.0
催促,3.44,zh,wordfreq,6,1.7
催化,3.53,zh,wordfreq,43,1.0
催化剂,3.62,zh,wordfreq,0,1.95
催生,3.5,zh,wordfreq,51,1.0
催眠,3.78,zh,wordfreq,5,1.75
傲慢,3.86,zh,wordfreq,4,1.8
傻子,3.93,zh,wordfreq,173,1.0
傻瓜,3.81,zh,wordfreq,4,1.8
像是,4.85,zh,wordfreq,39,1.0
像样,3.52,zh,wordfreq,22,1.0
像素,3.72,zh,wordfreq,10,1.5
僧人,3.81,zh,wordfreq,141,1.0
僧侣,3.77,zh,wordfreq,3,1.85
僵化,3.36,zh,wordfreq,43,1.0
僵尸,4.11,zh,wordfreq,5,1.75
僵局,3.59,zh,wordfreq,21,1.0
僵硬,3.44,zh,wordfreq,6,1.7
儒学,3.63,zh,wordfreq,38,1.0
儒家,3.89,zh,wordfreq,70,1.0
儿女,3.93,zh,wordfreq,25,1.0
儿媳,3.49,zh,wordfreq,5,1.7
儿媳妇,3.44,zh,wordfreq,0,2.0
儿子,5.28,zh,wordfreq,177,1.0
儿时,3.65,zh,wordfreq,46,1.0
儿科,3.35,zh,wordfreq,19,1.05
儿童,5.11,zh,wordfreq,11,1.45
允许,5.11,zh,wordfreq,11,1.45
元代,3.51,zh,wordfreq,33,1.0
元件,3.78,zh,wordfreq,37,1.0
元凶,3.42,zh,wordfreq,11,1.45
元宵节,3.32,zh,wordfreq,0,2.0
元帅,3.87,zh,wordfreq,13,1.35
元年,4.21,zh,wordfreq,72,1.0
元旦,3.73,zh,wordfreq,14,1.3
元朝,3.69,zh,wordfreq,18,1.1
元气,3.6,zh,wordfreq,52,1.0
元素,4.49,zh,wordfreq,18,1.1
元老,3.54,zh,wordfreq,18,1.1
元首,4.13,zh,wordfreq,19,1.05
兄妹,3.82,zh,wordfreq,10,1.5
兄弟,5.07,zh,wordfreq,8,1.55
兄长,3.78,zh,wordfreq,71,1.0
充值,3.76,zh,wordfreq,25,1.0
充分,4.73,zh,wordfreq,44,1.0
充实,4.12,zh,wordfreq,35,1.0
充当,4.01,zh,wordfreq,27,1.0
充斥,3.79,zh,wordfreq,12,1.4
充气,3.45,zh,wordfreq,52,1.0
充沛,3.46,zh,wordfreq,10,1.5
充满,4.93,zh,wordfreq,25,1.0
充电,4.12,zh,wordfreq,29,1.0
充裕,3.37,zh,wordfreq,11,1.45
充足,4.16,zh,wordfreq,19,1.05
先例,3.72,zh,wordfreq,29,1.0
先到,3.5,zh,wordfreq,67,1.0
先前,4.26,zh,wordfreq,41,1.0
先后,4.8,zh,wordfreq,54,1.0
先天,3.76,zh,wordfreq,62,1.0
先天性,3.33,zh,wordfreq,0,1.9
先导,3.57,zh,wordfreq,33,1.0
先是,4.08,zh,wordfreq,52,1.0
先河,3.32,zh,wordfreq,28,1.0
先生,5.29,zh,wordfreq,63,1.0
先知,3.9,zh,wordfreq,35,1.0
先秦,3.48,zh,wordfreq,15,1.25
先行,4.11,zh,wordfreq,79,1.0
先辈,3.35,zh,wordfreq,18,1.1
先进,5.05,zh,wordfreq,41,1.0
先锋,4.35,zh,wordfreq,21,1.0
先驱,3.96,zh,wordfreq,15,1.25
光临,3.62,zh,wordfreq,37,1.0
光亮,3.63,zh,wordfreq,41,1.0
光华,3.47,zh,wordfreq,52,1.0
光复,3.43,zh,wordfreq,43,1.0
光大,3.45,zh,wordfreq,89,1.0
光头,3.63,zh,wordfreq,106,1.0
光子,3.46,zh,wordfreq,205,1.0
光学,4.04,zh,wordfreq,70,1.0
光年,3.57,zh,wordfreq,95,1.0
光彩,3.77,zh,wordfreq,39,1.0
光影,3.44,zh,wordfreq,45,1.0
光明,4.35,zh,wordfreq,64,1.0
光是,3.84,zh,wordfreq,70,1.0
光景,3.42,zh,wordfreq,45,1.0
光束,3.38,zh,wordfreq,37,1.0
光棍,3.47,zh,wordfreq,34,1.0
光泽,3.57,zh,wordfreq,35,1.0
光源,3.54,zh,wordfreq,47,1.0
光滑,3.69,zh,wordfreq,35,1.0
光照,3.49,zh,wordfreq,51,1.0
光环,3.6,zh,wordfreq,39,1.0
光电,3.72,zh,wordfreq,52,1.0
光盘,3.77,zh,wordfreq,48,1.0
光碟,3.41,zh,wordfreq,34,1.0
光纤,3.78,zh,wordfreq,34,1.0
光线,4.07,zh,wordfreq,73,1.0
光绪,4.26,zh,wordfreq,37,1.0
光芒,4.04,zh,wordfreq,33,1.0
光荣,4.25,zh,wordfreq,37,1.0
光谱,3.8,zh,wordfreq,35,1.0
光辉,4.13,zh,wordfreq,33,1.0
光速,3.63,zh,wordfreq,48,1.0
光阴,3.34,zh,wordfreq,34,1.0
光顾,3.53,zh,wordfreq,38,1.0
克利,3.51,zh,wordfreq,53,1.0
克制,3.83,zh,wordfreq,47,1.0
克劳德,3.38,zh,wordfreq,0,2.0
克拉,4.07,zh,wordfreq,42,1.0
克拉克,3.81,zh,wordfreq,1,1.85
克斯,4.08,zh,wordfreq,52,1.0
克星,3.46,zh,wordfreq,36,1.0
克服,4.37,zh,wordfreq,27,1.0
克林顿,3.96,zh,wordfreq,0,2.0
克罗,3.51,zh,wordfreq,16,1.2
克莱,3.5,zh,wordfreq,12,1.4
克西,3.36,zh,wordfreq,28,1.0
克里,3.95,zh,wordfreq,55,1.0
克里斯,4.01,zh,wordfreq,2,1.75
克隆,3.62,zh,wordfreq,14,1.3
免不了,3.35,zh,wordfreq,5,1.7
免于,3.88,zh,wordfreq,59,1.0
免去,3.38,zh,wordfreq,28,1.0
免受,3.52,zh,wordfreq,23,1.0
免得,3.85,zh,wordfreq,40,1.0
免疫,4.16,zh,wordfreq,11,1.4
免疫力,3.41,zh,wordfreq,0,1.95
免税,3.64,zh,wordfreq,17,1.15
免职,3.74,zh,wordfreq,27,1.0
免费,5.24,zh,wordfreq,26,1.0
免除,3.89,zh,wordfreq,25,1.0
兑换,4.2,zh,wordfreq,11,1.45
兑现,4.1,zh,wordfreq,13,1.35
兔子,4.05,zh,wordfreq,172,1.0
党中央,4.16,zh,wordfreq,0,1.95
党人,3.47,zh,wordfreq,155,1.0
党内,4.27,zh,wordfreq,39,1.0
党务,3.4,zh,wordfreq,38,1.0
党员,4.78,zh,wordfreq,39,1.0
党团,3.47,zh,wordfreq,28,1.0
党委,4.38,zh,wordfreq,29,1.0
党建,3.78,zh,wordfreq,33,1.0
党性,3.36,zh,wordfreq,60,1.0
党报,3.44,zh,wordfreq,47,1.0
党支部,3.74,zh,wordfreq,0,1.95
党政,3.69,zh,wordfreq,34,1.0
党政军,3.41,zh,wordfreq,0,1.95
党校,3.75,zh,wordfreq,30,1.0
党派,4.18,zh,wordfreq,31,1.0
党章,3.6,zh,wordfreq,29,1.0
党籍,3.79,zh,wordfreq,22,1.0
党组,4.1,zh,wordfreq,27,1.0
党组织,3.93,zh,wordfreq,0,1.9
党魁,3.39,zh,wordfreq,15,1.25
入世,3.4,zh,wordfreq,45,1.0
入主,3.45,zh,wordfreq,41,1.0
入伍,3.62,zh,wordfreq,23,1.0
入住,3.9,zh,wordfreq,42,1.0
入侵,4.58,zh,wordfreq,21,1.0
入侵者,3.39,zh,wordfreq,0,1.95
入党,3.81,zh,wordfreq,26,1.0
入关,3.54,zh,wordfreq,37,1.0
入口,4.51,zh,wordfreq,57,1.0
入口处,3.34,zh,wordfreq,0,1.95
入围,3.82,zh,wordfreq,28,1.0
入场,3.74,zh,wordfreq,73,1.0
入境,4.34,zh,wordfreq,38,1.0
入学,4.21,zh,wordfreq,57,1.0
入市,3.38,zh,wordfreq,37,1.0
入手,3.91,zh,wordfreq,78,1.0
入狱,4.07,zh,wordfreq,26,1.0
入睡,3.75,zh,wordfreq,22,1.0
入股,3.6,zh,wordfreq,29,1.0
入选,4.04,zh,wordfreq,43,1.0
入门,3.84,zh,wordfreq,65,1.0
入院,3.37,zh,wordfreq,38,1.0
入驻,3.32,zh,wordfreq,23,1.0
全世界,4.87,zh,wordfreq,1,1.9
全书,4.08,zh,wordfreq,77,1.0
全人类,3.53,zh,wordfreq,0,1.95
全会,4.0,zh,wordfreq,104,1.0
全体,4.77,zh,wordfreq,103,1.0
全党,3.38,zh,wordfreq,58,1.0
全军,3.46,zh,wordfreq,82,1.0
全力,4.32,zh,wordfreq,123,1.0
全区,3.76,zh,wordfreq,95,1.0
全县,3.89,zh,wordfreq,55,1.0
全名,3.67,zh,wordfreq,119,1.0
全员,3.68,zh,wordfreq,76,1.0
全国,5.76,zh,wordfreq,107,1.0
全国性,4.03,zh,wordfreq,1,1.9
全场,4.0,zh,wordfreq,105,1.0
全城,3.59,zh,wordfreq,76,1.0
全境,3.76,zh,wordfreq,70,1.0
全天,3.7,zh,wordfreq,99,1.0
全天候,3.51,zh,wordfreq,0,1.95
全套,3.73,zh,wordfreq,61,1.0
全家,4.15,zh,wordfreq,121,1.0
全家人,3.47,zh,wordfreq,1,1.85
全局,3.89,zh,wordfreq,70,1.0
全州,3.39,zh,wordfreq,85,1.0
全市,4.6,zh,wordfreq,69,1.0
全年,4.37,zh,wordfreq,114,1.0
全数,3.81,zh,wordfreq,83,1.0
全文,4.23,zh,wordfreq,96,1.0
全新,4.52,zh,wordfreq,65,1.0
全方位,3.93,zh,wordfreq,0,1.95
全明星,3.33,zh,wordfreq,0,1.95
全是,4.14,zh,wordfreq,89,1.0
全景,3.57,zh,wordfreq,64,1.0
全权,3.57,zh,wordfreq,83,1.0
全村,3.37,zh,wordfreq,56,1.0
全校,3.56,zh,wordfreq,67,1.0
全民,4.76,zh,wordfreq,81,1.0
全然,3.72,zh,wordfreq,80,1.0
全班,3.49,zh,wordfreq,59,1.0
全球,5.43,zh,wordfreq,75,1.0
全球化,4.1,zh,wordfreq,1,1.9
全球性,3.6,zh,wordfreq,2,1.85
全盘,3.63,zh,wordfreq,67,1.0
全省,4.37,zh,wordfreq,59,1.0
全称,3.63,zh,wordfreq,82,1.0
全程,4.2,zh,wordfreq,77,1.0
全线,3.71,zh,wordfreq,92,1.0
全网,3.49,zh,wordfreq,59,1.0
全美,3.97,zh,wordfreq,73,1.0
全职,3.72,zh,wordfreq,71,1.0
全能,3.96,zh,wordfreq,85,1.0
全自动,3.43,zh,wordfreq,0,1.95
全裸,3.45,zh,wordfreq,53,1.0
全资,3.41,zh,wordfreq,67,1.0
全身,4.47,zh,wordfreq,90,1.0
全过程,3.48,zh,wordfreq,0,1.9
全部,5.28,zh,wordfreq,98,1.0
全都,4.62,zh,wordfreq,56,1.0
全长,4.17,zh,wordfreq,121,1.0
全队,3.36,zh,wordfreq,80,1.0
全集,4.19,zh,wordfreq,74,1.0
全靠,3.39,zh,wordfreq,57,1.0
全面,5.1,zh,wordfreq,108,1.0
全额,3.49,zh,wordfreq,66,1.0
八一,3.61,zh,wordfreq,36,1.0
八个,4.21,zh,wordfreq,51,1.0
八十,3.72,zh,wordfreq,24,1.0
八千,3.57,zh,wordfreq,25,1.0
八卦,4.08,zh,wordfreq,14,1.3
八名,3.34,zh,wordfreq,81,1.0
八大,4.01,zh,wordfreq,70,1.0
八字,3.41,zh,wordfreq,27,1.0
八岁,3.49,zh,wordfreq,27,1.0
八年,4.33,zh,wordfreq,76,1.0
八成,3.77,zh,wordfreq,57,1.0
八月,4.33,zh,wordfreq,35,1.0
八点,3.85,zh,wordfreq,78,1.0
八百,3.52,zh,wordfreq,25,1.0
八路军,3.82,zh,wordfreq,0,2.0
八项,3.34,zh,wordfreq,34,1.0
公主,4.74,zh,wordfreq,83,1.0
公义,3.74,zh,wordfreq,80,1.0
公交,4.26,zh,wordfreq,78,1.0
公交车,4.12,zh,wordfreq,0,1.9
公仆,3.47,zh,wordfreq,63,1.0
公众,5.01,zh,wordfreq,73,1.0
公会,3.77,zh,wordfreq,114,1.0
公使,3.62,zh,wordfreq,75,1.0
公信力,3.73,zh,wordfreq,0,2.0
公债,3.41,zh,wordfreq,66,1.0
公元,4.34,zh,wordfreq,77,1.0
公元前,4.22,zh,wordfreq,0,1.95
公公,3.79,zh,wordfreq,69,1.0
公共,5.05,zh,wordfreq,68,1.0
公关,3.95,zh,wordfreq,79,1.0
公分,3.81,zh,wordfreq,96,1.0
公务,4.1,zh,wordfreq,85,1.0
公务员,4.53,zh,wordfreq,2,1.85
公厕,3.41,zh,wordfreq,62,1.0
公司,6.02,zh,wordfreq,67,1.0
公告,4.59,zh,wordfreq,76,1.0
公园,5.01,zh,wordfreq,72,1.0
公墓,3.51,zh,wordfreq,66,1.0
公子,4.04,zh,wordfreq,234,1.0
公安,4.46,zh,wordfreq,78,1.0
公安局,4.0,zh,wordfreq,1,1.9
公安部,3.83,zh,wordfreq,1,1.9
公室,3.75,zh,wordfreq,72,1.0
公家,3.48,zh,wordfreq,131,1.0
公寓,4.58,zh,wordfreq,62,1.0
公尺,4.21,zh,wordfreq,64,1.0
公布,5.14,zh,wordfreq,74,1.0
公平,4.89,zh,wordfreq,74,1.0
公开,5.28,zh,wordfreq,94,1.0
公开信,4.01,zh,wordfreq,1,1.9
公开赛,3.58,zh,wordfreq,1,1.85
公式,4.39,zh,wordfreq,82,1.0
公投,3.92,zh,wordfreq,62,1.0
公报,4.09,zh,wordfreq,94,1.0
公文,3.73,zh,wordfreq,106,1.0
公斤,4.52,zh,wordfreq,63,1.0
公有,3.88,zh,wordfreq,131,1.0
公有制,3.49,zh,wordfreq,2,1.85
公款,3.54,zh,wordfreq,81,1.0
公正,4.61,zh,wordfreq,77,1.0
公民,5.18,zh,wordfreq,91,1.0
公海,3.43,zh,wordfreq,87,1.0
公演,3.33,zh,wordfreq,74,1.0
公然,3.94,zh,wordfreq,90,1.0
公爵,3.87,zh,wordfreq,65,1.0
公牛,3.65,zh,wordfreq,71,1.0
公理,3.56,zh,wordfreq,103,1.0
公用,3.73,zh,wordfreq,129,1.0
公益,4.33,zh,wordfreq,72,1.0
公示,3.72,zh,wordfreq,81,1.0
公社,4.15,zh,wordfreq,65,1.0
公私,3.63,zh,wordfreq,66,1.0
公积金,3.87,zh,wordfreq,0,2.0
公立,3.96,zh,wordfreq,83,1.0
公约,4.38,zh,wordfreq,82,1.0
公职,3.96,zh,wordfreq,81,1.0
公营,3.53,zh,wordfreq,75,1.0
公认,4.13,zh,wordfreq,68,1.0
公证,3.56,zh,wordfreq,80,1.0
公诉,3.56,zh,wordfreq,71,1.0
公费,3.33,zh,wordfreq,80,1.0
公路,4.81,zh,wordfreq,97,1.0
公车,4.34,zh,wordfreq,110,1.0
公道,3.81,zh,wordfreq,102,1.0
公里,5.07,zh,wordfreq,107,1.0
公顷,4.22,zh,wordfreq,62,1.0
公馆,3.5,zh,wordfreq,70,1.0
公鸡,3.45,zh,wordfreq,68,1.0
六世,3.44,zh,wordfreq,45,1.0
六个,4.39,zh,wordfreq,57,1.0
六个月,3.85,zh,wordfreq,3,1.75
六位,3.44,zh,wordfreq,66,1.0
六十,3.85,zh,wordfreq,30,1.0
六十年,3.35,zh,wordfreq,6,1.55
六号,3.48,zh,wordfreq,50,1.0
六合,3.59,zh,wordfreq,48,1.0
六合彩,3.41,zh,wordfreq,0,1.95
六名,3.59,zh,wordfreq,87,1.0
六四,3.86,zh,wordfreq,25,1.0
六大,3.72,zh,wordfreq,76,1.0
六天,3.4,zh,wordfreq,67,1.0
六岁,3.53,zh,wordfreq,33,1.0
六年,4.35,zh,wordfreq,82,1.0
六成,3.53,zh,wordfreq,63,1.0
六日,3.48,zh,wordfreq,60,1.0
六月,4.42,zh,wordfreq,41,1.0
六次,3.32,zh,wordfreq,54,1.0
六点,3.83,zh,wordfreq,84,1.0
六百,3.37,zh,wordfreq,31,1.0
六种,3.32,zh,wordfreq,49,1.0
六部,3.58,zh,wordfreq,66,1.0
六项,3.34,zh,wordfreq,40,1.0
兰州,4.16,zh,wordfreq,36,1.0
兰德,3.43,zh,wordfreq,31,1.0
兰斯,3.41,zh,wordfreq,45,1.0
兰花,3.6,zh,wordfreq,24,1.0
共事,3.56,zh,wordfreq,74,1.0
共产,4.17,zh,wordfreq,43,1.0
共产党,5.05,zh,wordfreq,1,1.9
共享,4.55,zh,wordfreq,19,1.05
共同,5.26,zh,wordfreq,35,1.0
共同体,4.23,zh,wordfreq,1,1.9
共同点,3.51,zh,wordfreq,1,1.9
共和,4.27,zh,wordfreq,31,1.0
共和党,4.02,zh,wordfreq,2,1.85
共和国,4.7,zh,wordfreq,1,1.9
共处,3.6,zh,wordfreq,50,1.0
共存,3.75,zh,wordfreq,34,1.0
共度,3.38,zh,wordfreq,66,1.0
共建,3.54,zh,wordfreq,36,1.0
共性,3.35,zh,wordfreq,63,1.0
共振,3.39,zh,wordfreq,19,1.05
共有,4.87,zh,wordfreq,87,1.0
共生,3.65,zh,wordfreq,66,1.0
共用,3.78,zh,wordfreq,85,1.0
共计,4.09,zh,wordfreq,32,1.0
共识,4.46,zh,wordfreq,30,1.0
共谋,3.57,zh,wordfreq,25,1.0
共通,3.5,zh,wordfreq,42,1.0
共青团,3.77,zh,wordfreq,0,2.0
共鸣,3.81,zh,wordfreq,18,1.1
关上,3.85,zh,wordfreq,102,1.0
关东,3.56,zh,wordfreq,48,1.0
关中,3.35,zh,wordfreq,77,1.0
关乎,3.64,zh,wordfreq,37,1.0
关于,5.61,zh,wordfreq,80,1.0
关切,3.97,zh,wordfreq,39,1.0
关卡,3.56,zh,wordfreq,34,1.0
关口,3.58,zh,wordfreq,66,1.0
关头,3.68,zh,wordfreq,102,1.0
关岛,3.49,zh,wordfreq,40,1.0
关心,5.06,zh,wordfreq,82,1.0
关怀,4.22,zh,wordfreq,34,1.0
关押,3.91,zh,wordfreq,32,1.0
关掉,3.78,zh,wordfreq,47,1.0
关机,3.52,zh,wordfreq,69,1.0
关注,5.29,zh,wordfreq,35,1.0
关灯,3.35,zh,wordfreq,33,1.0
关照,3.62,zh,wordfreq,47,1.0
关爱,3.88,zh,wordfreq,50,1.0
关税,4.27,zh,wordfreq,38,1.0
关系,5.69,zh,wordfreq,36,1.0
关系人,4.65,zh,wordfreq,1,1.9
关羽,3.43,zh,wordfreq,30,1.0
关联,4.49,zh,wordfreq,38,1.0
关节,3.85,zh,wordfreq,45,1.0
关西,3.55,zh,wordfreq,47,1.0
关进,3.59,zh,wordfreq,55,1.0
关连,3.44,zh,wordfreq,35,1.0
关键,5.02,zh,wordfreq,31,1.0
关键字,3.63,zh,wordfreq,2,1.85
关键性,3.32,zh,wordfreq,2,1.85
关键词,3.97,zh,wordfreq,2,1.85
关门,4.08,zh,wordfreq,74,1.0
关闭,4.87,zh,wordfreq,32,1.0
兴业,3.33,zh,wordfreq,45,1.0
兴办,3.55,zh,wordfreq,26,1.0
兴国,3.61,zh,wordfreq,66,1.0
兴奋,4.7,zh,wordfreq,13,1.3
兴奋剂,3.43,zh,wordfreq,0,1.95
兴建,4.57,zh,wordfreq,29,1.0
兴旺,3.65,zh,wordfreq,12,1.4
兴盛,3.73,zh,wordfreq,16,1.2
兴致,3.51,zh,wordfreq,22,1.0
兴衰,3.49,zh,wordfreq,11,1.45
兴起,4.36,zh,wordfreq,43,1.0
兴趣,5.0,zh,wordfreq,16,1.15
兴隆,3.37,zh,wordfreq,15,1.25
兵力,4.08,zh,wordfreq,76,1.0
兵器,3.94,zh,wordfreq,16,1.2
兵团,4.13,zh,wordfreq,18,1.1
兵役,3.43,zh,wordfreq,10,1.5
兵营,3.35,zh,wordfreq,18,1.1
兵部,3.67,zh,wordfreq,51,1.0
其一,3.87,zh,wordfreq,35,1.0
其中,5.75,zh,wordfreq,61,1.0
其二,3.58,zh,wordfreq,21,1.0
其他,5.83,zh,wordfreq,14,1.25
其他人,4.71,zh,wordfreq,0,1.9
其余,4.57,zh,wordfreq,20,1.0
其后,3.95,zh,wordfreq,52,1.0
其子,3.33,zh,wordfreq,185,1.0
其它,5.06,zh,wordfreq,13,1.35
其实,5.43,zh,wordfreq,38,1.0
其所,3.32,zh,wordfreq,24,1.0
其时,3.42,zh,wordfreq,54,1.0
其次,4.48,zh,wordfreq,47,1.0
其父,3.37,zh,wordfreq,23,1.0
其间,4.07,zh,wordfreq,35,1.0
具体,5.07,zh,wordfreq,54,1.0
具名,3.33,zh,wordfreq,70,1.0
具备,4.78,zh,wordfreq,22,1.0
具有,5.39,zh,wordfreq,72,1.0
典型,4.66,zh,wordfreq,25,1.0
典故,3.38,zh,wordfreq,9,1.55
典礼,4.15,zh,wordfreq,12,1.4
典籍,3.4,zh,wordfreq,11,1.45
典范,4.09,zh,wordfreq,10,1.5
养分,3.39,zh,wordfreq,42,1.0
养子,3.36,zh,wordfreq,180,1.0
养成,4.08,zh,wordfreq,51,1.0
养护,3.53,zh,wordfreq,22,1.0
养殖,4.41,zh,wordfreq,11,1.45
养活,3.84,zh,wordfreq,19,1.05
养生,3.9,zh,wordfreq,56,1.0
养老,4.31,zh,wordfreq,16,1.1
养老金,3.64,zh,wordfreq,1,1.9
养老院,3.32,zh,wordfreq,1,1.9
养育,3.77,zh,wordfreq,16,1.2
兼任,3.96,zh,wordfreq,37,1.0
兼具,3.43,zh,wordfreq,24,1.0
兼备,3.37,zh,wordfreq,26,1.0
兼容,3.85,zh,wordfreq,23,1.0
兼并,3.9,zh,wordfreq,10,1.5
兼有,3.36,zh,wordfreq,76,1.0
兼职,4.32,zh,wordfreq,26,1.0
兼顾,3.9,zh,wordfreq,12,1.4
兽医,3.68,zh,wordfreq,6,1.7
内乱,3.59,zh,wordfreq,48,1.0
内侧,3.61,zh,wordfreq,41,1.0
内务,3.52,zh,wordfreq,55,1.0
内向,3.61,zh,wordfreq,66,1.0
内含,3.6,zh,wordfreq,36,1.0
内在,4.14,zh,wordfreq,53,1.0
内地,4.63,zh,wordfreq,97,1.0
内外,4.31,zh,wordfreq,63,1.0
内存,4.06,zh,wordfreq,48,1.0
内容,5.63,zh,wordfreq,48,1.0
内尔,3.45,zh,wordfreq,76,1.0
内幕,4.05,zh,wordfreq,44,1.0
内心,4.61,zh,wordfreq,85,1.0
内情,3.33,zh,wordfreq,76,1.0
内战,4.54,zh,wordfreq,71,1.0
内政,4.09,zh,wordfreq,51,1.0
内政部,3.85,zh,wordfreq,2,1.8
内有,3.82,zh,wordfreq,101,1.0
内核,3.71,zh,wordfreq,36,1.0
内河,3.41,zh,wordfreq,45,1.0
内涵,4.32,zh,wordfreq,32,1.0
内疚,3.47,zh,wordfreq,33,1.0
内科,3.49,zh,wordfreq,46,1.0
内线,3.53,zh,wordfreq,72,1.0
内置,3.7,zh,wordfreq,46,1.0
内脏,3.6,zh,wordfreq,36,1.0
内蒙,3.59,zh,wordfreq,34,1.0
内蒙古,4.41,zh,wordfreq,0,1.9
内衣,4.0,zh,wordfreq,45,1.0
内裤,4.2,zh,wordfreq,33,1.0
内设,3.47,zh,wordfreq,44,1.0
内部,5.17,zh,wordfreq,78,1.0
内阁,4.62,zh,wordfreq,32,1.0
内陆,3.99,zh,wordfreq,35,1.0
内需,3.4,zh,wordfreq,37,1.0
册封,3.33,zh,wordfreq,5,1.75
再三,3.56,zh,wordfreq,19,1.05
再也,4.67,zh,wordfreq,14,1.3
再婚,3.44,zh,wordfreq,23,1.0
再审,3.36,zh,wordfreq,20,1.0
再度,4.59,zh,wordfreq,62,1.0
再有,4.01,zh,wordfreq,83,1.0
再次,5.08,zh,wordfreq,48,1.0
再现,4.09,zh,wordfreq,26,1.0
再生,4.06,zh,wordfreq,62,1.0
再生产,3.58,zh,wordfreq,0,1.9
再用,3.69,zh,wordfreq,81,1.0
再者,3.53,zh,wordfreq,45,1.0
再见,4.47,zh,wordfreq,43,1.0
再说,4.59,zh,wordfreq,44,1.0
再起,3.47,zh,wordfreq,46,1.0
再造,3.53,zh,wordfreq,30,1.0
冒充,3.66,zh,wordfreq,6,1.7
冒烟,3.37,zh,wordfreq,10,1.5
冒犯,4.0,zh,wordfreq,12,1.4
冒险,4.6,zh,wordfreq,9,1.55
写下,4.12,zh,wordfreq,81,1.0
写作,4.64,zh,wordfreq,44,1.0
写信,3.93,zh,wordfreq,36,1.0
写信给,3.49,zh,wordfreq,0,1.9
写入,3.5,zh,wordfreq,74,1.0
写出,4.02,zh,wordfreq,91,1.0
写字,3.59,zh,wordfreq,26,1.0
写字楼,3.43,zh,wordfreq,0,1.95
写实,3.67,zh,wordfreq,38,1.0
写成,4.12,zh,wordfreq,56,1.0
写法,3.46,zh,wordfreq,59,1.0
写真,3.71,zh,wordfreq,21,1.0
写给,3.95,zh,wordfreq,39,1.0
写诗,3.46,zh,wordfreq,17,1.15
写过,3.36,zh,wordfreq,55,1.0
写道,4.15,zh,wordfreq,53,1.0
军中,3.84,zh,wordfreq,79,1.0
军事,5.19,zh,wordfreq,87,1.0
军人,4.62,zh,wordfreq,171,1.0
军力,3.66,zh,wordfreq,102,1.0
军区,4.22,zh,wordfreq,74,1.0
军医,3.38,zh,wordfreq,37,1.0
军团,4.03,zh,wordfreq,44,1.0
军士,3.47,zh,wordfreq,59,1.0
军备,3.68,zh,wordfreq,50,1.0
军委,3.78,zh,wordfreq,45,1.0
军官,4.38,zh,wordfreq,45,1.0
军工,3.63,zh,wordfreq,61,1.0
军师,3.38,zh,wordfreq,50,1.0
军情,3.41,zh,wordfreq,75,1.0
军政,3.74,zh,wordfreq,50,1.0
军政府,3.85,zh,wordfreq,7,1.55
军方,4.39,zh,wordfreq,71,1.0
军服,3.37,zh,wordfreq,48,1.0
军机,3.5,zh,wordfreq,71,1.0
军校,3.71,zh,wordfreq,46,1.0
军民,3.94,zh,wordfreq,60,1.0
军火,3.87,zh,wordfreq,53,1.0
军用,3.94,zh,wordfreq,98,1.0
军舰,4.02,zh,wordfreq,33,1.0
军营,3.86,zh,wordfreq,44,1.0
军衔,3.7,zh,wordfreq,33,1.0
军装,3.59,zh,wordfreq,53,1.0
军警,4.03,zh,wordfreq,40,1.0
军训,3.58,zh,wordfreq,35,1.0
军费,3.7,zh,wordfreq,49,1.0
军长,3.78,zh,wordfreq,100,1.0
军阀,4.09,zh,wordfreq,32,1.0
军队,5.21,zh,wordfreq,59,1.0
农业,5.26,zh,wordfreq,51,1.0
农业部,3.84,zh,wordfreq,0,1.95
农产品,4.39,zh,wordfreq,0,1.95
农作物,3.94,zh,wordfreq,0,1.95
农具,3.35,zh,wordfreq,34,1.0
农历,3.93,zh,wordfreq,28,1.0
农场,4.56,zh,wordfreq,70,1.0
农场主,3.37,zh,wordfreq,0,1.95
农夫,4.03,zh,wordfreq,34,1.0
农奴,3.58,zh,wordfreq,18,1.1
农家,3.53,zh,wordfreq,86,1.0
农庄,3.52,zh,wordfreq,20,1.0
农户,3.82,zh,wordfreq,33,1.0
农机,3.51,zh,wordfreq,57,1.0
农村,5.15,zh,wordfreq,21,1.0
农林,3.51,zh,wordfreq,36,1.0
农民,5.17,zh,wordfreq,46,1.0
农民工,3.72,zh,wordfreq,0,1.9
农用,3.57,zh,wordfreq,84,1.0
农田,4.04,zh,wordfreq,28,1.0
农耕,3.49,zh,wordfreq,17,1.15
农药,4.12,zh,wordfreq,32,1.0
农行,3.33,zh,wordfreq,81,1.0
冠以,3.43,zh,wordfreq,20,1.0
冠军,4.87,zh,wordfreq,31,1.0
冠军赛,3.34,zh,wordfreq,0,1.95
冤枉,3.53,zh,wordfreq,0,2.0
冬天,4.31,zh,wordfreq,48,1.0
冬奥会,3.4,zh,wordfreq,0,2.0
冬季,4.3,zh,wordfreq,9,1.55
冯玉祥,3.42,zh,wordfreq,0,2.7
冰冷,3.72,zh,wordfreq,9,1.55
冰冻,3.45,zh,wordfreq,11,1.45
冰块,3.51,zh,wordfreq,20,1.0
冰山,3.43,zh,wordfreq,44,1.0
冰岛,3.93,zh,wordfreq,19,1.05
冰川,3.86,zh,wordfreq,17,1.15
冰淇淋,3.95,zh,wordfreq,0,2.5
冰球,3.4,zh,wordfreq,31,1.0
冰箱,4.14,zh,wordfreq,11,1.45
冰雪,3.76,zh,wordfreq,13,1.35
冲入,3.56,zh,wordfreq,75,1.0
冲出,3.64,zh,wordfreq,92,1.0
冲击,4.68,zh,wordfreq,40,1.0
冲刺,3.56,zh,wordfreq,17,1.15
冲动,4.28,zh,wordfreq,73,1.0
冲向,3.44,zh,wordfreq,48,1.0
冲撞,3.45,zh,wordfreq,16,1.2
冲洗,3.5,zh,wordfreq,15,1.25
冲浪,3.47,zh,wordfreq,20,1.0
冲着,3.65,zh,wordfreq,51,1.0
冲破,3.73,zh,wordfreq,21,1.0
冲突,4.95,zh,wordfreq,14,1.3
冲绳,3.49,zh,wordfreq,14,1.3
冲走,3.39,zh,wordfreq,30,1.0
冲锋,3.6,zh,wordfreq,20,1.0
冲锋枪,3.32,zh,wordfreq,0,1.95
决不,3.89,zh,wordfreq,19,1.0
决不会,3.41,zh,wordfreq,1,1.85
决定,5.76,zh,wordfreq,63,1.0
决定性,3.94,zh,wordfreq,1,1.85
决心,4.52,zh,wordfreq,64,1.0
决意,3.37,zh,wordfreq,60,1.0
决战,3.95,zh,wordfreq,50,1.0
决斗,3.6,zh,wordfreq,18,1.1
决断,3.35,zh,wordfreq,28,1.0
决策,4.69,zh,wordfreq,14,1.25
决策者,3.44,zh,wordfreq,0,1.95
决胜,3.51,zh,wordfreq,21,1.0
决裂,3.42,zh,wordfreq,16,1.2
决议,4.8,zh,wordfreq,26,1.0
决议案,3.5,zh,wordfreq,0,1.9
决赛,4.52,zh,wordfreq,21,1.0
况且,4.05,zh,wordfreq,4,1.8
冶炼,3.51,zh,wordfreq,4,1.8
冶金,3.93,zh,wordfreq,19,1.05
冷冻,3.71,zh,wordfreq,15,1.25
冷却,3.9,zh,wordfreq,13,1.35
冷战,4.16,zh,wordfreq,51,1.0
冷气,3.67,zh,wordfreq,54,1.0
冷水,3.58,zh,wordfreq,58,1.0
冷淡,3.71,zh,wordfreq,14,1.3
冷漠,3.99,zh,wordfreq,14,1.3
冷笑,3.5,zh,wordfreq,24,1.0
冷落,3.42,zh,wordfreq,38,1.0
冷藏,3.36,zh,wordfreq,24,1.0
冷血,3.5,zh,wordfreq,21,1.0
冷酷,3.8,zh,wordfreq,16,1.2
冷静,4.36,zh,wordfreq,19,1.05
冻死,3.41,zh,wordfreq,26,1.0
冻结,4.18,zh,wordfreq,16,1.2
净值,3.49,zh,wordfreq,17,1.15
净利润,3.7,zh,wordfreq,0,1.95
净化,4.02,zh,wordfreq,42,1.0
净土,3.72,zh,wordfreq,13,1.35
凄凉,3.32,zh,wordfreq,3,1.85
凄惨,3.37,zh,wordfreq,3,1.85
准则,4.2,zh,wordfreq,13,1.35
准备,5.49,zh,wordfreq,23,1.0
准时,3.94,zh,wordfreq,45,1.0
准确,4.67,zh,wordfreq,8,1.55
准确性,3.38,zh,wordfreq,0,1.95
准许,3.91,zh,wordfreq,15,1.25
凉爽,3.66,zh,wordfreq,4,1.8
凌晨,4.47,zh,wordfreq,4,1.8
凌辱,3.67,zh,wordfreq,7,1.65
凌驾,3.5,zh,wordfreq,2,1.9
减产,3.58,zh,wordfreq,39,1.0
减低,3.54,zh,wordfreq,21,1.0
减免,3.7,zh,wordfreq,24,1.0
减刑,3.37,zh,wordfreq,21,1.0
减压,3.39,zh,wordfreq,26,1.0
减去,3.35,zh,wordfreq,34,1.0
减小,3.48,zh,wordfreq,32,1.0
减少,5.17,zh,wordfreq,23,1.0
减弱,4.04,zh,wordfreq,23,1.0
减灾,3.32,zh,wordfreq,22,1.0
减税,3.45,zh,wordfreq,23,1.0
减缓,3.74,zh,wordfreq,20,1.0
减肥,4.09,zh,wordfreq,16,1.2
减轻,4.35,zh,wordfreq,16,1.2
减速,3.65,zh,wordfreq,29,1.0
凑合,3.41,zh,wordfreq,28,1.0
凝固,3.48,zh,wordfreq,9,1.55
凝结,3.58,zh,wordfreq,18,1.1
凝聚,4.06,zh,wordfreq,9,1.5
凝聚力,3.54,zh,wordfreq,0,1.95
凝视,3.43,zh,wordfreq,31,1.0
几万,3.76,zh,wordfreq,47,1.0
几下,3.53,zh,wordfreq,100,1.0
几个,5.36,zh,wordfreq,69,1.0
几乎,5.23,zh,wordfreq,40,1.0
几件,3.48,zh,wordfreq,59,1.0
几位,4.26,zh,wordfreq,78,1.0
几何,4.08,zh,wordfreq,37,1.0
几内亚,3.85,zh,wordfreq,0,2.0
几分,3.71,zh,wordfreq,66,1.0
几分钟,4.22,zh,wordfreq,7,1.55
几十,3.4,zh,wordfreq,42,1.0
几十万,3.66,zh,wordfreq,6,1.55
几十个,3.56,zh,wordfreq,2,1.75
几十年,4.2,zh,wordfreq,10,1.35
几千,3.55,zh,wordfreq,43,1.0
几千万,3.53,zh,wordfreq,4,1.65
几千年,3.65,zh,wordfreq,4,1.65
几口,3.33,zh,wordfreq,69,1.0
几句,4.01,zh,wordfreq,38,1.0
几句话,3.47,zh,wordfreq,0,1.95
几只,3.53,zh,wordfreq,36,1.0
几名,3.69,zh,wordfreq,99,1.0
几周,3.7,zh,wordfreq,41,1.0
几天,5.0,zh,wordfreq,79,1.0
几家,3.81,zh,wordfreq,101,1.0
几小时,3.62,zh,wordfreq,1,1.85
几岁,3.83,zh,wordfreq,45,1.0
几年,4.88,zh,wordfreq,94,1.0
几张,3.87,zh,wordfreq,48,1.0
几时,3.87,zh,wordfreq,73,1.0
几条,3.61,zh,wordfreq,49,1.0
几次,4.49,zh,wordfreq,66,1.0
几点,4.16,zh,wordfreq,96,1.0
几率,3.71,zh,wordfreq,48,1.0
几百,3.77,zh,wordfreq,43,1.0
几百万,3.76,zh,wordfreq,7,1.5
几百年,3.48,zh,wordfreq,5,1.6
几种,4.06,zh,wordfreq,61,1.0
几秒,3.36,zh,wordfreq,34,1.0
几秒钟,3.32,zh,wordfreq,1,1.85
几篇,3.32,zh,wordfreq,38,1.0
几经,3.43,zh,wordfreq,48,1.0
几近,3.46,zh,wordfreq,47,1.0
几部,3.45,zh,wordfreq,78,1.0
几项,3.52,zh,wordfreq,52,1.0
凡事,3.6,zh,wordfreq,58,1.0
凡人,3.53,zh,wordfreq,142,1.0
凡是,4.23,zh,wordfreq,39,1.0
凤凰,4.33,zh,wordfreq,1,1.9
凤凰网,3.36,zh,wordfreq,0,1.95
凤山,3.35,zh,wordfreq,37,1.0
凭借,4.23,zh,wordfreq,4,1.8
凭着,3.55,zh,wordfreq,40,1.0
凭空,3.42,zh,wordfreq,22,1.0
凭证,3.8,zh,wordfreq,21,1.0
凯利,3.48,zh,wordfreq,50,1.0
凯尔,3.61,zh,wordfreq,51,1.0
凯撒,3.7,zh,wordfreq,8,1.6
凯文,3.72,zh,wordfreq,51,1.0
凯斯,3.35,zh,wordfreq,49,1.0
凯旋,3.54,zh,wordfreq,10,1.5
凯特,3.79,zh,wordfreq,34,1.0
凯瑟琳,3.51,zh,wordfreq,0,2.45
凯莉,3.55,zh,wordfreq,11,1.45
凶手,4.37,zh,wordfreq,62,1.0
凶杀,3.36,zh,wordfreq,17,1.15
凶残,3.36,zh,wordfreq,6,1.7
凶狠,3.53,zh,wordfreq,5,1.75
凶猛,3.46,zh,wordfreq,6,1.7
凸显,3.88,zh,wordfreq,3,1.85
出世,3.54,zh,wordfreq,102,1.0
出个,3.53,zh,wordfreq,114,1.0
出乎,3.34,zh,wordfreq,85,1.0
出事,4.06,zh,wordfreq,133,1.0
出于,4.48,zh,wordfreq,128,1.0
出产,3.75,zh,wordfreq,102,1.0
出价,3.46,zh,wordfreq,108,1.0
出任,4.14,zh,wordfreq,107,1.0
出众,3.57,zh,wordfreq,88,1.0
出入,4.12,zh,wordfreq,138,1.0
出入口,3.33,zh,wordfreq,1,1.8
出入境,3.58,zh,wordfreq,1,1.8
出兵,3.85,zh,wordfreq,95,1.0
出具,3.65,zh,wordfreq,94,1.0
出击,3.84,zh,wordfreq,103,1.0
出力,3.56,zh,wordfreq,148,1.0
出动,4.13,zh,wordfreq,136,1.0
出卖,4.29,zh,wordfreq,84,1.0
出厂,3.62,zh,wordfreq,80,1.0
出去,4.93,zh,wordfreq,97,1.0
出去玩,3.4,zh,wordfreq,0,1.95
出发,4.91,zh,wordfreq,125,1.0
出发点,3.65,zh,wordfreq,0,1.95
出口,4.97,zh,wordfreq,114,1.0
出口额,3.34,zh,wordfreq,0,1.95
出台,4.41,zh,wordfreq,104,1.0
出名,4.23,zh,wordfreq,144,1.0
出品,3.84,zh,wordfreq,104,1.0
出售,4.63,zh,wordfreq,83,1.0
出国,4.31,zh,wordfreq,132,1.0
出土,3.92,zh,wordfreq,88,1.0
出场,4.16,zh,wordfreq,130,1.0
出境,4.13,zh,wordfreq,95,1.0
出处,3.77,zh,wordfreq,109,1.0
出外,3.41,zh,wordfreq,108,1.0
出头,3.72,zh,wordfreq,150,1.0
出奇,3.41,zh,wordfreq,87,1.0
出嫁,3.41,zh,wordfreq,77,1.0
出家,3.6,zh,wordfreq,146,1.0
出局,3.92,zh,wordfreq,95,1.0
出差,3.89,zh,wordfreq,87,1.0
出师,3.32,zh,wordfreq,96,1.0
出席,4.87,zh,wordfreq,82,1.0
出庭,3.74,zh,wordfreq,80,1.0
出征,3.64,zh,wordfreq,84,1.0
出战,3.71,zh,wordfreq,116,1.0
出手,4.16,zh,wordfreq,135,1.0
出新,3.69,zh,wordfreq,90,1.0
出来,5.68,zh,wordfreq,131,1.0
出汗,3.34,zh,wordfreq,78,1.0
出没,3.57,zh,wordfreq,80,1.0
出海,3.78,zh,wordfreq,102,1.0
出游,3.58,zh,wordfreq,89,1.0
出演,3.81,zh,wordfreq,89,1.0
出炉,4.02,zh,wordfreq,78,1.0
出版,5.11,zh,wordfreq,84,1.0
出版商,3.45,zh,wordfreq,2,1.85
出版物,3.62,zh,wordfreq,2,1.85
出版社,4.31,zh,wordfreq,2,1.85
出狱,3.98,zh,wordfreq,83,1.0
出现,5.76,zh,wordfreq,89,1.0
出生,4.81,zh,wordfreq,125,1.0
出生地,3.46,zh,wordfreq,1,1.9
出生率,3.44,zh,wordfreq,1,1.9
出示,3.77,zh,wordfreq,96,1.0
出租,4.22,zh,wordfreq,79,1.0
出租车,4.27,zh,wordfreq,0,1.9
出线,3.48,zh,wordfreq,117,1.0
出自,4.27,zh,wordfreq,88,1.0
出色,4.34,zh,wordfreq,114,1.0
出血,3.88,zh,wordfreq,86,1.0
出行,3.87,zh,wordfreq,141,1.0
出让,3.49,zh,wordfreq,81,1.0
出访,3.92,zh,wordfreq,89,1.0
出货,3.32,zh,wordfreq,93,1.0
出资,4.1,zh,wordfreq,92,1.0
出赛,3.35,zh,wordfreq,87,1.0
出走,3.63,zh,wordfreq,93,1.0
出路,4.09,zh,wordfreq,112,1.0
出身,4.45,zh,wordfreq,115,1.0
出轨,3.87,zh,wordfreq,80,1.0
出过,3.68,zh,wordfreq,119,1.0
出逃,3.34,zh,wordfreq,79,1.0
出钱,3.66,zh,wordfreq,101,1.0
出错,3.82,zh,wordfreq,88,1.0
出门,4.49,zh,wordfreq,122,1.0
出院,3.78,zh,wordfreq,95,1.0
出面,4.13,zh,wordfreq,133,1.0
出马,3.33,zh,wordfreq,101,1.0
击中,4.1,zh,wordfreq,56,1.0
击倒,3.32,zh,wordfreq,18,1.1
击毙,3.79,zh,wordfreq,9,1.55
击沉,3.32,zh,wordfreq,10,1.5
击溃,3.66,zh,wordfreq,9,1.55
击球,3.34,zh,wordfreq,31,1.0
击落,3.91,zh,wordfreq,34,1.0
击败,4.41,zh,wordfreq,19,1.05
击退,3.62,zh,wordfreq,14,1.3
函数,4.47,zh,wordfreq,31,1.0
刀剑,3.55,zh,wordfreq,3,1.85
刀子,3.7,zh,wordfreq,174,1.0
刀锋,3.32,zh,wordfreq,8,1.6
分为,4.75,zh,wordfreq,99,1.0
分享,5.15,zh,wordfreq,57,1.0
分会,4.04,zh,wordfreq,108,1.0
分公司,4.01,zh,wordfreq,3,1.8
分出,3.36,zh,wordfreq,134,1.0
分别,5.29,zh,wordfreq,74,1.0
分割,4.17,zh,wordfreq,58,1.0
分化,4.15,zh,wordfreq,96,1.0
分区,3.95,zh,wordfreq,99,1.0
分发,3.75,zh,wordfreq,104,1.0
分头,3.33,zh,wordfreq,129,1.0
分娩,3.72,zh,wordfreq,56,1.0
分子,4.79,zh,wordfreq,228,1.0
分局,3.95,zh,wordfreq,74,1.0
分层,3.34,zh,wordfreq,77,1.0
分居,3.4,zh,wordfreq,70,1.0
分属,3.36,zh,wordfreq,71,1.0
分工,3.95,zh,wordfreq,86,1.0
分布,5.01,zh,wordfreq,68,1.0
分店,3.63,zh,wordfreq,66,1.0
分开,4.56,zh,wordfreq,88,1.0
分心,3.4,zh,wordfreq,109,1.0
分成,4.31,zh,wordfreq,99,1.0
分手,4.36,zh,wordfreq,114,1.0
分担,3.68,zh,wordfreq,59,1.0
分支,4.25,zh,wordfreq,63,1.0
分散,4.26,zh,wordfreq,64,1.0
分数,4.12,zh,wordfreq,87,1.0
分明,3.84,zh,wordfreq,87,1.0
分期,3.72,zh,wordfreq,91,1.0
分析,5.42,zh,wordfreq,58,1.0
分析师,3.99,zh,wordfreq,0,1.95
分校,3.78,zh,wordfreq,71,1.0
分歧,4.28,zh,wordfreq,56,1.0
分泌,3.86,zh,wordfreq,56,1.0
分派,3.4,zh,wordfreq,72,1.0
分流,3.82,zh,wordfreq,81,1.0
分离,4.63,zh,wordfreq,66,1.0
分立,3.32,zh,wordfreq,77,1.0
分管,3.55,zh,wordfreq,74,1.0
分类,4.86,zh,wordfreq,75,1.0
分红,3.7,zh,wordfreq,64,1.0
分级,3.9,zh,wordfreq,86,1.0
分组,3.88,zh,wordfreq,68,1.0
分给,3.61,zh,wordfreq,82,1.0
分行,3.96,zh,wordfreq,120,1.0
分裂,4.58,zh,wordfreq,61,1.0
分解,4.25,zh,wordfreq,78,1.0
分设,3.35,zh,wordfreq,68,1.0
分身,3.56,zh,wordfreq,94,1.0
分辨,4.03,zh,wordfreq,56,1.0
分辨率,3.67,zh,wordfreq,0,1.95
分部,3.66,zh,wordfreq,102,1.0
分配,4.72,zh,wordfreq,63,1.0
分量,3.73,zh,wordfreq,97,1.0
分钟,5.23,zh,wordfreq,61,1.0
分销,3.35,zh,wordfreq,71,1.0
分队,3.73,zh,wordfreq,84,1.0
分院,3.57,zh,wordfreq,74,1.0
分隔,3.6,zh,wordfreq,60,1.0
切入,3.52,zh,wordfreq,69,1.0
切割,3.94,zh,wordfreq,10,1.5
切勿,3.34,zh,wordfreq,9,1.55
切实,4.26,zh,wordfreq,33,1.0
切尔西,3.55,zh,wordfreq,0,2.0
切开,3.34,zh,wordfreq,40,1.0
切换,3.85,zh,wordfreq,18,1.1
切断,4.14,zh,wordfreq,25,1.0
切片,3.36,zh,wordfreq,33,1.0
切除,3.73,zh,wordfreq,25,1.0
刊物,4.19,zh,wordfreq,36,1.0
刊登,4.23,zh,wordfreq,6,1.7
刊载,3.69,zh,wordfreq,17,1.15
刑事,4.46,zh,wordfreq,61,1.0
刑期,3.55,zh,wordfreq,40,1.0
刑法,4.2,zh,wordfreq,51,1.0
刑罚,4.22,zh,wordfreq,10,1.5
刑警,3.48,zh,wordfreq,14,1.3
刑部,3.76,zh,wordfreq,51,1.0
划入,3.44,zh,wordfreq,66,1.0
划出,3.4,zh,wordfreq,83,1.0
划分,4.64,zh,wordfreq,39,1.0
划定,3.78,zh,wordfreq,57,1.0
划归,3.41,zh,wordfreq,6,1.7
划算,3.58,zh,wordfreq,22,1.0
列为,4.56,zh,wordfreq,52,1.0
列举,4.06,zh,wordfreq,18,1.1
列入,4.37,zh,wordfreq,70,1.0
列出,4.22,zh,wordfreq,87,1.0
列宁,4.25,zh,wordfreq,17,1.15
列席,3.51,zh,wordfreq,14,1.3
列强,3.8,zh,wordfreq,23,1.0
列斯,3.66,zh,wordfreq,51,1.0
列表,4.24,zh,wordfreq,19,1.05
列车,4.47,zh,wordfreq,57,1.0
刘亦菲,3.56,zh,wordfreq,0,2.4
刘备,3.81,zh,wordfreq,22,1.0
刘家,3.34,zh,wordfreq,72,1.0
刘少奇,3.97,zh,wordfreq,0,2.0
刘德华,3.53,zh,wordfreq,1,1.95
刘易斯,3.47,zh,wordfreq,1,1.95
刘晓波,3.47,zh,wordfreq,0,2.0
刘翔,3.53,zh,wordfreq,4,1.8
刘邦,3.52,zh,wordfreq,5,1.75
刚刚,4.98,zh,wordfreq,7,1.65
刚好,4.31,zh,wordfreq,42,1.0
刚性,3.57,zh,wordfreq,49,1.0
刚才,4.85,zh,wordfreq,12,1.4
刚果,3.89,zh,wordfreq,20,1.0
创下,3.95,zh,wordfreq,81,1.0
创业,4.63,zh,wordfreq,47,1.0
创业板,3.41,zh,wordfreq,1,1.9
创业者,3.45,zh,wordfreq,3,1.75
创伤,3.98,zh,wordfreq,27,1.0
创作,5.08,zh,wordfreq,44,1.0
创刊,3.86,zh,wordfreq,20,1.0
创办,4.51,zh,wordfreq,28,1.0
创办人,3.56,zh,wordfreq,1,1.9
创始,3.94,zh,wordfreq,18,1.05
创始人,4.3,zh,wordfreq,1,1.9
创建,4.69,zh,wordfreq,31,1.0
创意,4.48,zh,wordfreq,62,1.0
创新,5.14,zh,wordfreq,26,1.0
创汇,3.42,zh,wordfreq,16,1.2
创立,4.56,zh,wordfreq,34,1.0
创设,3.69,zh,wordfreq,25,1.0
创造,5.14,zh,wordfreq,29,1.0
创造力,3.76,zh,wordfreq,2,1.85
创造性,3.93,zh,wordfreq,2,1.85
创造者,3.4,zh,wordfreq,4,1.75
初一,3.56,zh,wordfreq,37,1.0
初三,3.45,zh,wordfreq,20,1.0
初中,4.46,zh,wordfreq,63,1.0
初中生,3.56,zh,wordfreq,1,1.9
初二,3.34,zh,wordfreq,23,1.0
初创,3.41,zh,wordfreq,21,1.0
初始,3.77,zh,wordfreq,20,1.0
初年,3.35,zh,wordfreq,77,1.0
初恋,3.75,zh,wordfreq,20,1.0
初时,3.35,zh,wordfreq,56,1.0
初期,4.63,zh,wordfreq,50,1.0
初次,4.13,zh,wordfreq,49,1.0
初步,4.48,zh,wordfreq,32,1.0
初等,3.39,zh,wordfreq,25,1.0
初级,4.26,zh,wordfreq,45,1.0
初衷,3.72,zh,wordfreq,17,1.15
初选,3.36,zh,wordfreq,38,1.0
删减,3.8,zh,wordfreq,8,1.6
删除,4.59,zh,wordfreq,18,1.1
判例,3.42,zh,wordfreq,20,1.0
判决,4.62,zh,wordfreq,15,1.2
判决书,3.45,zh,wordfreq,0,1.95
判刑,4.11,zh,wordfreq,13,1.35
判处,4.3,zh,wordfreq,38,1.0
判定,4.11,zh,wordfreq,58,1.0
判断,4.87,zh,wordfreq,23,1.0
判断力,3.42,zh,wordfreq,0,1.95
判罚,3.33,zh,wordfreq,11,1.45
利于,3.78,zh,wordfreq,64,1.0
利亚,4.01,zh,wordfreq,25,1.0
利兹,3.43,zh,wordfreq,13,1.35
利器,3.5,zh,wordfreq,24,1.0
利好,3.48,zh,wordfreq,51,1.0
利害,3.9,zh,wordfreq,32,1.0
利弊,3.32,zh,wordfreq,15,1.25
利息,4.16,zh,wordfreq,25,1.0
利比亚,3.96,zh,wordfreq,1,1.85
利润,4.72,zh,wordfreq,15,1.2
利物浦,3.92,zh,wordfreq,0,2.0
利率,4.32,zh,wordfreq,29,1.0
利用,5.37,zh,wordfreq,80,1.0
利益,5.13,zh,wordfreq,23,1.0
利税,3.66,zh,wordfreq,22,1.0
利马,3.41,zh,wordfreq,37,1.0
别人,5.3,zh,wordfreq,151,1.0
别以为,3.33,zh,wordfreq,1,1.9
别名,3.76,zh,wordfreq,78,1.0
别国,3.38,zh,wordfreq,66,1.0
别墅,4.19,zh,wordfreq,11,1.45
别处,3.78,zh,wordfreq,43,1.0
别太,3.39,zh,wordfreq,18,1.1
别忘了,4.09,zh,wordfreq,0,2.0
别扭,3.4,zh,wordfreq,11,1.45
别提,3.67,zh,wordfreq,15,1.25
别的,4.83,zh,wordfreq,18,1.1
别管,3.43,zh,wordfreq,29,1.0
别说,4.4,zh,wordfreq,41,1.0
别问,3.37,zh,wordfreq,29,1.0
到位,4.16,zh,wordfreq,56,1.0
到哪去,3.38,zh,wordfreq,0,2.0
到场,3.91,zh,wordfreq,63,1.0
到处,4.76,zh,wordfreq,42,1.0
到头,3.41,zh,wordfreq,83,1.0
到头来,3.79,zh,wordfreq,0,1.9
到家,3.49,zh,wordfreq,79,1.0
到底,5.15,zh,wordfreq,21,1.0
到手,3.66,zh,wordfreq,68,1.0
到时候,4.08,zh,wordfreq,3,1.8
到期,3.85,zh,wordfreq,45,1.0
到来,4.65,zh,wordfreq,64,1.0
到访,3.66,zh,wordfreq,22,1.0
到达,4.7,zh,wordfreq,24,1.0
制作,5.13,zh,wordfreq,49,1.0
制剂,3.45,zh,wordfreq,22,1.0
制动,3.39,zh,wordfreq,77,1.0
制品,4.21,zh,wordfreq,45,1.0
制备,3.62,zh,wordfreq,37,1.0
制定,4.98,zh,wordfreq,70,1.0
制宪,3.37,zh,wordfreq,21,1.0
制度,5.37,zh,wordfreq,66,1.0
制度化,3.41,zh,wordfreq,0,1.95
制式,3.42,zh,wordfreq,38,1.0
制成,4.03,zh,wordfreq,61,1.0
制服,4.41,zh,wordfreq,35,1.0
制止,4.15,zh,wordfreq,30,1.0
制片,3.75,zh,wordfreq,43,1.0
制片人,3.67,zh,wordfreq,0,1.95
制约,4.22,zh,wordfreq,38,1.0
制药,3.84,zh,wordfreq,33,1.0
制衡,3.62,zh,wordfreq,23,1.0
制裁,4.49,zh,wordfreq,22,1.0
制订,4.21,zh,wordfreq,22,1.0
制造,5.12,zh,wordfreq,34,1.0
制造业,4.28,zh,wordfreq,3,1.8
制造厂,3.54,zh,wordfreq,3,1.8
制造商,4.03,zh,wordfreq,3,1.8
制造者,3.34,zh,wordfreq,4,1.75
制高点,3.33,zh,wordfreq,1,1.9
刷卡,3.38,zh,wordfreq,7,1.65
刷新,3.99,zh,wordfreq,15,1.25
刷牙,3.33,zh,wordfreq,5,1.75
券商,3.53,zh,wordfreq,13,1.35
刹车,3.71,zh,wordfreq,48,1.0
刺伤,3.57,zh,wordfreq,21,1.0
刺刀,3.48,zh,wordfreq,14,1.3
刺史,3.58,zh,wordfreq,13,1.35
刺客,3.7,zh,wordfreq,22,1.0
刺杀,3.94,zh,wordfreq,20,1.0
刺激,4.77,zh,wordfreq,9,1.5
刺激性,3.32,zh,wordfreq,0,1.95
刺绣,3.4,zh,wordfreq,7,1.65
刺青,3.32,zh,wordfreq,12,1.4
刻意,4.05,zh,wordfreq,53,1.0
刻有,3.36,zh,wordfreq,73,1.0
刻板,3.42,zh,wordfreq,19,1.05
刻画,3.71,zh,wordfreq,17,1.15
刻苦,3.47,zh,wordfreq,12,1.4
剂量,3.8,zh,wordfreq,41,1.0
削减,4.08,zh,wordfreq,8,1.6
削弱,4.17,zh,wordfreq,10,1.5
前一天,3.83,zh,wordfreq,3,1.75
前不久,3.71,zh,wordfreq,0,1.95
前世,3.49,zh,wordfreq,61,1.0
前两天,3.38,zh,wordfreq,1,1.85
前人,4.87,zh,wordfreq,176,1.0
前任,4.14,zh,wordfreq,66,1.0
前列,3.89,zh,wordfreq,49,1.0
前卫,3.49,zh,wordfreq,46,1.0
前去,4.02,zh,wordfreq,56,1.0
前台,3.75,zh,wordfreq,63,1.0
前后,4.53,zh,wordfreq,75,1.0
前夕,4.2,zh,wordfreq,38,1.0
前天,3.53,zh,wordfreq,83,1.0
前夫,3.64,zh,wordfreq,53,1.0
前头,3.36,zh,wordfreq,109,1.0
前女友,3.48,zh,wordfreq,1,1.9
前妻,3.64,zh,wordfreq,40,1.0
前导,3.46,zh,wordfreq,54,1.0
前年,4.85,zh,wordfreq,98,1.0
前往,5.06,zh,wordfreq,49,1.0
前提,4.52,zh,wordfreq,40,1.0
前方,4.03,zh,wordfreq,76,1.0
前景,4.27,zh,wordfreq,48,1.0
前期,4.26,zh,wordfreq,71,1.0
前来,4.55,zh,wordfreq,90,1.0
前沿,3.81,zh,wordfreq,36,1.0
前男友,3.5,zh,wordfreq,1,1.9
前瞻,3.52,zh,wordfreq,36,1.0
前程,3.44,zh,wordfreq,61,1.0
前端,3.76,zh,wordfreq,52,1.0
前线,4.36,zh,wordfreq,76,1.0
前置,3.4,zh,wordfreq,50,1.0
前者,4.38,zh,wordfreq,67,1.0
前行,3.89,zh,wordfreq,100,1.0
前身,3.88,zh,wordfreq,74,1.0
前辈,4.12,zh,wordfreq,39,1.0
前进,4.76,zh,wordfreq,62,1.0
前述,3.74,zh,wordfreq,55,1.0
前途,4.25,zh,wordfreq,43,1.0
前锋,4.02,zh,wordfreq,42,1.0
前门,3.54,zh,wordfreq,81,1.0
前面,4.72,zh,wordfreq,92,1.0
剑术,3.32,zh,wordfreq,12,1.4
剑桥,3.67,zh,wordfreq,6,1.7
剔除,3.55,zh,wordfreq,17,1.15
剖析,3.74,zh,wordfreq,2,1.9
剥削,4.37,zh,wordfreq,2,1.9
剥夺,4.48,zh,wordfreq,5,1.75
剥离,3.44,zh,wordfreq,12,1.4
剧中,3.89,zh,wordfreq,60,1.0
剧作家,3.6,zh,wordfreq,0,1.95
剧变,3.34,zh,wordfreq,29,1.0
剧团,3.94,zh,wordfreq,25,1.0
剧场,4.21,zh,wordfreq,65,1.0
剧情,4.42,zh,wordfreq,56,1.0
剧本,4.39,zh,wordfreq,33,1.0
剧毒,3.37,zh,wordfreq,24,1.0
剧烈,4.07,zh,wordfreq,17,1.15
剧照,3.56,zh,wordfreq,30,1.0
剧目,3.7,zh,wordfreq,30,1.0
剧组,3.64,zh,wordfreq,24,1.0
剧院,4.21,zh,wordfreq,30,1.0
剧集,3.52,zh,wordfreq,34,1.0
剩下,4.73,zh,wordfreq,69,1.0
剩余,4.18,zh,wordfreq,8,1.6
剪刀,3.68,zh,wordfreq,8,1.6
剪辑,3.89,zh,wordfreq,5,1.75
副会长,3.51,zh,wordfreq,3,1.8
副作用,3.91,zh,wordfreq,0,1.95
副刊,3.4,zh,wordfreq,10,1.5
副局长,3.82,zh,wordfreq,4,1.75
副总,3.71,zh,wordfreq,5,1.7
副总裁,3.74,zh,wordfreq,0,1.9
副手,3.54,zh,wordfreq,61,1.0
副教授,3.8,zh,wordfreq,0,1.95
副本,3.78,zh,wordfreq,24,1.0
副校长,3.63,zh,wordfreq,3,1.8
副省长,3.5,zh,wordfreq,3,1.8
割据,3.45,zh,wordfreq,9,1.55
割断,3.44,zh,wordfreq,18,1.1
力争,3.92,zh,wordfreq,15,1.25
力克,3.57,zh,wordfreq,41,1.0
力图,3.83,zh,wordfreq,25,1.0
力学,4.02,zh,wordfreq,45,1.0
力度,4.4,zh,wordfreq,56,1.0
力气,4.13,zh,wordfreq,50,1.0
力求,3.89,zh,wordfreq,26,1.0
力道,3.4,zh,wordfreq,48,1.0
力量,5.26,zh,wordfreq,49,1.0
劝告,3.58,zh,wordfreq,16,1.2
劝说,3.79,zh,wordfreq,32,1.0
劝阻,3.43,zh,wordfreq,4,1.8
办不到,3.38,zh,wordfreq,4,1.7
办事,4.47,zh,wordfreq,63,1.0
办事处,4.14,zh,wordfreq,0,1.95
办公,4.35,zh,wordfreq,14,1.1
办公厅,3.76,zh,wordfreq,3,1.8
办公室,5.07,zh,wordfreq,3,1.75
办公桌,3.42,zh,wordfreq,3,1.8
办公楼,3.66,zh,wordfreq,3,1.8
办到,3.44,zh,wordfreq,59,1.0
办好,3.65,zh,wordfreq,45,1.0
办学,4.27,zh,wordfreq,44,1.0
办案,3.94,zh,wordfreq,34,1.0
办法,5.36,zh,wordfreq,53,1.0
办理,4.79,zh,wordfreq,48,1.0
功力,3.54,zh,wordfreq,82,1.0
功劳,3.82,zh,wordfreq,16,1.2
功勋,3.55,zh,wordfreq,11,1.45
功夫,4.39,zh,wordfreq,28,1.0
功德,3.42,zh,wordfreq,39,1.0
功效,3.95,zh,wordfreq,25,1.0
功率,4.07,zh,wordfreq,27,1.0
功用,3.56,zh,wordfreq,78,1.0
功绩,3.83,zh,wordfreq,16,1.2
功能,5.27,zh,wordfreq,44,1.0
功臣,3.71,zh,wordfreq,13,1.35
功课,3.92,zh,wordfreq,19,1.05
加上,4.97,zh,wordfreq,107,1.0
加之,3.83,zh,wordfreq,37,1.0
加以,4.62,zh,wordfreq,53,1.0
加价,3.48,zh,wordfreq,65,1.0
加倍,3.7,zh,wordfreq,41,1.0
加入,5.34,zh,wordfreq,95,1.0
加冕,3.46,zh,wordfreq,35,1.0
加剧,4.25,zh,wordfreq,48,1.0
加勒比,3.92,zh,wordfreq,0,2.0
加固,3.55,zh,wordfreq,40,1.0
加大,4.29,zh,wordfreq,90,1.0
加害,3.33,zh,wordfreq,53,1.0
加密,4.09,zh,wordfreq,48,1.0
加州,4.49,zh,wordfreq,67,1.0
加工,4.64,zh,wordfreq,64,1.0
加工厂,3.4,zh,wordfreq,0,1.9
加强,5.2,zh,wordfreq,48,1.0
加快,4.6,zh,wordfreq,46,1.0
加息,3.5,zh,wordfreq,46,1.0
加拉,3.32,zh,wordfreq,66,1.0
加拿大,5.13,zh,wordfreq,0,1.95
加斯,3.4,zh,wordfreq,76,1.0
加沙,3.53,zh,wordfreq,39,1.0
加油,4.66,zh,wordfreq,45,1.0
加油站,3.92,zh,wordfreq,0,1.95
加深,3.93,zh,wordfreq,40,1.0
加点,3.55,zh,wordfreq,98,1.0
加热,4.04,zh,wordfreq,42,1.0
加班,3.88,zh,wordfreq,41,1.0
加盟,4.34,zh,wordfreq,40,1.0
加紧,3.84,zh,wordfreq,39,1.0
加纳,3.73,zh,wordfreq,44,1.0
加薪,3.69,zh,wordfreq,37,1.0
加藤,3.68,zh,wordfreq,35,1.0
加装,3.55,zh,wordfreq,56,1.0
加载,3.56,zh,wordfreq,49,1.0
加速,4.71,zh,wordfreq,49,1.0
加速器,3.63,zh,wordfreq,1,1.9
加速度,3.32,zh,wordfreq,1,1.85
加里,3.6,zh,wordfreq,79,1.0
加重,3.98,zh,wordfreq,65,1.0
务农,3.37,zh,wordfreq,6,1.7
务实,4.03,zh,wordfreq,28,1.0
务工,3.39,zh,wordfreq,33,1.0
务必,3.91,zh,wordfreq,8,1.6
劣势,3.78,zh,wordfreq,23,1.0
劣质,3.46,zh,wordfreq,23,1.0
动不动,3.54,zh,wordfreq,0,2.0
动乱,4.07,zh,wordfreq,42,1.0
动人,3.98,zh,wordfreq,166,1.0
动作,4.86,zh,wordfreq,57,1.0
动作片,3.56,zh,wordfreq,1,1.9
动力,4.82,zh,wordfreq,97,1.0
动力学,3.59,zh,wordfreq,1,1.85
动向,3.84,zh,wordfreq,60,1.0
动听,3.46,zh,wordfreq,37,1.0
动员,4.54,zh,wordfreq,50,1.0
动工,3.81,zh,wordfreq,56,1.0
动态,4.79,zh,wordfreq,40,1.0
动感,3.4,zh,wordfreq,46,1.0
动手,4.46,zh,wordfreq,84,1.0
动摇,4.1,zh,wordfreq,26,1.0
动机,4.46,zh,wordfreq,66,1.0
动植物,3.73,zh,wordfreq,0,1.9
动武,3.4,zh,wordfreq,32,1.0
动漫,4.23,zh,wordfreq,29,1.0
动物,5.16,zh,wordfreq,60,1.0
动物园,4.17,zh,wordfreq,1,1.9
动用,4.07,zh,wordfreq,93,1.0
动画,4.64,zh,wordfreq,39,1.0
动画片,3.8,zh,wordfreq,1,1.9
动能,3.71,zh,wordfreq,59,1.0
动脉,3.63,zh,wordfreq,30,1.0
动荡,4.19,zh,wordfreq,32,1.0
动议,3.54,zh,wordfreq,41,1.0
动词,3.75,zh,wordfreq,37,1.0
动身,3.49,zh,wordfreq,64,1.0
动车,3.48,zh,wordfreq,74,1.0
动辄,3.43,zh,wordfreq,26,1.0
动静,3.79,zh,wordfreq,33,1.0
助力,3.72,zh,wordfreq,76,1.0
助手,4.27,zh,wordfreq,63,1.0
助攻,3.66,zh,wordfreq,9,1.55
助教,3.41,zh,wordfreq,23,1.0
助理,4.46,zh,wordfreq,46,1.0
助长,3.84,zh,wordfreq,74,1.0
努力,5.38,zh,wordfreq,71,1.0
劫匪,3.39,zh,wordfreq,2,1.9
劫持,3.7,zh,wordfreq,11,1.45
励志,3.38,zh,wordfreq,9,1.55
劲儿,3.36,zh,wordfreq,25,1.0
劳伦斯,3.59,zh,wordfreq,0,2.0
劳作,3.35,zh,wordfreq,38,1.0
劳力,3.75,zh,wordfreq,78,1.0
劳务,3.9,zh,wordfreq,30,1.0
劳动,5.02,zh,wordfreq,66,1.0
劳动力,4.49,zh,wordfreq,1,1.8
劳动者,3.95,zh,wordfreq,1,1.9
劳工,4.29,zh,wordfreq,37,1.0
劳改,3.39,zh,wordfreq,12,1.4
劳教,3.41,zh,wordfreq,25,1.0
劳资,3.65,zh,wordfreq,22,1.0
势力,4.87,zh,wordfreq,73,1.0
势头,3.99,zh,wordfreq,75,1.0
势必,4.03,zh,wordfreq,7,1.65
勃起,3.71,zh,wordfreq,32,1.0
勇于,3.97,zh,wordfreq,56,1.0
勇士,4.2,zh,wordfreq,33,1.0
勇敢,4.54,zh,wordfreq,9,1.55
勇气,4.57,zh,wordfreq,47,1.0
勇猛,3.42,zh,wordfreq,7,1.65
勇者,3.32,zh,wordfreq,36,1.0
勉强,4.2,zh,wordfreq,14,1.3
勋爵,3.45,zh,wordfreq,4,1.8
勋章,4.1,zh,wordfreq,15,1.25
勒斯,3.82,zh,wordfreq,43,1.0
勒索,3.7,zh,wordfreq,9,1.55
勘察,3.46,zh,wordfreq,11,1.45
勘探,3.54,zh,wordfreq,6,1.7
勘查,3.42,zh,wordfreq,19,1.05
勘测,3.43,zh,wordfreq,12,1.4
募捐,3.56,zh,wordfreq,2,1.9
募款,3.51,zh,wordfreq,21,1.0
募集,3.99,zh,wordfreq,24,1.0
勤务,3.43,zh,wordfreq,25,1.0
勤劳,3.88,zh,wordfreq,7,1.65
勤奋,3.82,zh,wordfreq,4,1.8
勾勒,3.41,zh,wordfreq,6,1.7
勾引,3.87,zh,wordfreq,8,1.6
勾当,3.55,zh,wordfreq,20,1.0
勾结,3.99,zh,wordfreq,18,1.1
包办,3.38,zh,wordfreq,29,1.0
包包,3.62,zh,wordfreq,22,1.0
包厢,3.37,zh,wordfreq,15,1.25
包含,4.89,zh,wordfreq,18,1.1
包围,4.46,zh,wordfreq,22,1.0
包头,3.59,zh,wordfreq,87,1.0
包子,3.5,zh,wordfreq,186,1.0
包容,4.09,zh,wordfreq,30,1.0
包庇,3.32,zh,wordfreq,14,1.3
包括,5.77,zh,wordfreq,16,1.2
包机,3.45,zh,wordfreq,54,1.0
包皮,3.38,zh,wordfreq,21,1.0
包袱,3.74,zh,wordfreq,14,1.3
包装,4.47,zh,wordfreq,36,1.0
包裹,4.19,zh,wordfreq,14,1.3
匆匆,3.78,zh,wordfreq,1,1.95
匆忙,3.6,zh,wordfreq,5,1.75
匈奴,3.82,zh,wordfreq,1,1.95
匈牙利,4.44,zh,wordfreq,0,2.0
匕首,3.61,zh,wordfreq,9,1.55
化为,3.78,zh,wordfreq,56,1.0
化作,3.32,zh,wordfreq,44,1.0
化合物,3.94,zh,wordfreq,2,1.9
化名,3.7,zh,wordfreq,80,1.0
化妆,4.01,zh,wordfreq,14,1.25
化妆品,4.03,zh,wordfreq,1,1.9
化学,4.76,zh,wordfreq,50,1.0
化学品,3.6,zh,wordfreq,2,1.85
化学家,3.51,zh,wordfreq,6,1.6
化工,4.42,zh,wordfreq,43,1.0
化成,3.36,zh,wordfreq,56,1.0
化疗,3.76,zh,wordfreq,16,1.2
化石,4.0,zh,wordfreq,24,1.0
化纤,3.6,zh,wordfreq,14,1.3
化肥,3.74,zh,wordfreq,15,1.25
化解,4.12,zh,wordfreq,35,1.0
化身,3.83,zh,wordfreq,51,1.0
化验,3.51,zh,wordfreq,21,1.0
北上,3.91,zh,wordfreq,101,1.0
北京,5.75,zh,wordfreq,32,1.0
北京市,4.54,zh,wordfreq,1,1.9
北伐,3.6,zh,wordfreq,31,1.0
北侧,3.82,zh,wordfreq,37,1.0
北大,4.24,zh,wordfreq,84,1.0
北宋,3.79,zh,wordfreq,29,1.0
北岸,3.51,zh,wordfreq,40,1.0
北川,3.32,zh,wordfreq,37,1.0
北平,4.1,zh,wordfreq,40,1.0
北戴河,3.33,zh,wordfreq,0,2.0
北斗,3.47,zh,wordfreq,35,1.0
北方,4.55,zh,wordfreq,68,1.0
北极,3.78,zh,wordfreq,36,1.0
北欧,3.87,zh,wordfreq,31,1.0
北洋,3.72,zh,wordfreq,34,1.0
北海,3.66,zh,wordfreq,53,1.0
北海道,3.61,zh,wordfreq,0,1.95
北端,3.38,zh,wordfreq,44,1.0
北约,4.22,zh,wordfreq,48,1.0
北纬,3.69,zh,wordfreq,28,1.0
北美,4.27,zh,wordfreq,49,1.0
北美洲,3.46,zh,wordfreq,2,1.8
北路,3.4,zh,wordfreq,63,1.0
北边,3.87,zh,wordfreq,56,1.0
北部,4.66,zh,wordfreq,74,1.0
北门,3.48,zh,wordfreq,73,1.0
北非,3.79,zh,wordfreq,40,1.0
北面,3.64,zh,wordfreq,84,1.0
北韩,4.04,zh,wordfreq,29,1.0
北风,3.53,zh,wordfreq,49,1.0
北魏,3.36,zh,wordfreq,28,1.0
北齐,3.38,zh,wordfreq,31,1.0
匪徒,3.46,zh,wordfreq,9,1.55
匮乏,3.72,zh,wordfreq,3,1.85
匹兹堡,3.5,zh,wordfreq,0,2.7
匹配,4.0,zh,wordfreq,7,1.65
区内,3.92,zh,wordfreq,33,1.0
区分,4.36,zh,wordfreq,43,1.0
区划,4.02,zh,wordfreq,15,1.25
区别,4.93,zh,wordfreq,27,1.0
区区,3.67,zh,wordfreq,52,1.0
区块,3.9,zh,wordfreq,21,1.0
区域,5.29,zh,wordfreq,17,1.1
区域性,3.52,zh,wordfreq,0,1.95
区委,3.6,zh,wordfreq,23,1.0
区长,3.58,zh,wordfreq,78,1.0
区间,3.82,zh,wordfreq,31,1.0
医保,3.72,zh,wordfreq,16,1.2
医务,3.56,zh,wordfreq,32,1.0
医学,4.69,zh,wordfreq,46,1.0
医学院,3.96,zh,wordfreq,4,1.65
医师,4.37,zh,wordfreq,28,1.0
医护,3.61,zh,wordfreq,23,1.0
医治,3.74,zh,wordfreq,23,1.0
医生,5.06,zh,wordfreq,57,1.0
医疗,5.12,zh,wordfreq,12,1.4
医药,4.47,zh,wordfreq,24,1.0
医院,5.32,zh,wordfreq,27,1.0
匿名,4.46,zh,wordfreq,67,1.0
十一,4.2,zh,wordfreq,49,1.0
十一届,3.43,zh,wordfreq,4,1.7
十一年,3.48,zh,wordfreq,15,1.1
十一月,4.07,zh,wordfreq,4,1.65
十一点,3.35,zh,wordfreq,6,1.55
十七,3.83,zh,wordfreq,28,1.0
十七岁,3.44,zh,wordfreq,4,1.65
十七年,3.64,zh,wordfreq,12,1.25
十万,3.88,zh,wordfreq,42,1.0
十三,4.24,zh,wordfreq,32,1.0
十三年,3.52,zh,wordfreq,12,1.25
十个,4.16,zh,wordfreq,64,1.0
十九,4.3,zh,wordfreq,28,1.0
十九年,3.41,zh,wordfreq,11,1.3
十二,4.26,zh,wordfreq,35,1.0
十二个,3.41,zh,wordfreq,6,1.55
十二五,3.32,zh,wordfreq,4,1.7
十二年,3.63,zh,wordfreq,16,1.05
十二月,4.11,zh,wordfreq,5,1.6
十二点,3.45,zh,wordfreq,5,1.65
十五,4.34,zh,wordfreq,30,1.0
十五岁,3.45,zh,wordfreq,5,1.6
十五年,3.98,zh,wordfreq,13,1.2
十五日,3.42,zh,wordfreq,2,1.75
十亿,3.49,zh,wordfreq,31,1.0
十位,3.41,zh,wordfreq,73,1.0
十倍,3.62,zh,wordfreq,34,1.0
十八,4.34,zh,wordfreq,31,1.0
十八岁,3.64,zh,wordfreq,4,1.65
十八年,3.83,zh,wordfreq,12,1.25
十六,4.06,zh,wordfreq,29,1.0
十六岁,3.41,zh,wordfreq,4,1.65
十六年,3.46,zh,wordfreq,12,1.25
十几个,3.68,zh,wordfreq,3,1.75
十几年,3.79,zh,wordfreq,14,1.2
十分,5.23,zh,wordfreq,61,1.0
十分钟,3.83,zh,wordfreq,6,1.6
十名,3.47,zh,wordfreq,94,1.0
十周年,3.37,zh,wordfreq,12,1.3
十四,4.14,zh,wordfreq,32,1.0
十四年,3.46,zh,wordfreq,11,1.3
十多年,3.68,zh,wordfreq,13,1.25
十大,4.55,zh,wordfreq,83,1.0
十天,3.83,zh,wordfreq,74,1.0
十字,3.81,zh,wordfreq,40,1.0
十字军,3.58,zh,wordfreq,1,1.9
十字架,3.92,zh,wordfreq,1,1.9
十岁,3.65,zh,wordfreq,40,1.0
十年,4.81,zh,wordfreq,89,1.0
十日,3.6,zh,wordfreq,67,1.0
十月,4.27,zh,wordfreq,48,1.0
十条,3.32,zh,wordfreq,44,1.0
十次,3.61,zh,wordfreq,61,1.0
十点,3.73,zh,wordfreq,91,1.0
十足,4.02,zh,wordfreq,36,1.0
十里,3.57,zh,wordfreq,72,1.0
千万,4.61,zh,wordfreq,28,1.0
千万别,3.83,zh,wordfreq,0,1.95
千人,3.79,zh,wordfreq,153,1.0
千亿,3.35,zh,wordfreq,17,1.15
千元,3.67,zh,wordfreq,28,1.0
千克,3.54,zh,wordfreq,46,1.0
千古,3.53,zh,wordfreq,19,1.05
千叶,3.41,zh,wordfreq,17,1.15
千名,3.73,zh,wordfreq,80,1.0
千年,4.26,zh,wordfreq,75,1.0
千瓦,3.63,zh,wordfreq,14,1.25
千秋,3.4,zh,wordfreq,15,1.25
千米,4.1,zh,wordfreq,27,1.0
千里,3.98,zh,wordfreq,58,1.0
千金,3.56,zh,wordfreq,31,1.0
升任,3.34,zh,wordfreq,43,1.0
升值,3.65,zh,wordfreq,28,1.0
升华,3.69,zh,wordfreq,32,1.0
升天,3.34,zh,wordfreq,60,1.0
升学,3.55,zh,wordfreq,50,1.0
升温,3.74,zh,wordfreq,20,1.0
升空,3.64,zh,wordfreq,32,1.0
升级,4.9,zh,wordfreq,43,1.0
升级版,3.34,zh,wordfreq,0,1.95
升职,3.4,zh,wordfreq,32,1.0
升至,3.62,zh,wordfreq,25,1.0
升起,3.91,zh,wordfreq,45,1.0
升迁,3.41,zh,wordfreq,16,1.2
升降,3.69,zh,wordfreq,18,1.1
升高,4.01,zh,wordfreq,28,1.0
午后,3.68,zh,wordfreq,42,1.0
午夜,4.18,zh,wordfreq,16,1.2
午餐,4.22,zh,wordfreq,12,1.4
午饭,3.85,zh,wordfreq,9,1.55
半个,4.32,zh,wordfreq,48,1.0
半价,3.32,zh,wordfreq,42,1.0
半决赛,3.8,zh,wordfreq,1,1.9
半场,3.34,zh,wordfreq,64,1.0
半夜,4.09,zh,wordfreq,24,1.0
半天,4.11,zh,wordfreq,58,1.0
半导体,4.01,zh,wordfreq,0,2.0
半小时,3.95,zh,wordfreq,1,1.9
半岛,4.52,zh,wordfreq,22,1.0
半年,4.44,zh,wordfreq,73,1.0
半径,3.84,zh,wordfreq,18,1.1
半数,4.16,zh,wordfreq,42,1.0
半月,3.6,zh,wordfreq,32,1.0
半点,3.58,zh,wordfreq,75,1.0
半路,3.35,zh,wordfreq,46,1.0
半辈子,3.34,zh,wordfreq,2,1.85
华东,3.97,zh,wordfreq,37,1.0
华中,3.8,zh,wordfreq,66,1.0
华为,4.15,zh,wordfreq,61,1.0
华丽,4.05,zh,wordfreq,23,1.0
华人,4.64,zh,wordfreq,158,1.0
华侨,4.18,zh,wordfreq,18,1.1
华北,4.18,zh,wordfreq,29,1.0
华南,3.89,zh,wordfreq,37,1.0
华商,3.41,zh,wordfreq,31,1.0
华夏,4.07,zh,wordfreq,20,1.0
华尔街,3.97,zh,wordfreq,0,2.0
华山,3.6,zh,wordfreq,54,1.0
华府,3.6,zh,wordfreq,28,1.0
华文,3.95,zh,wordfreq,62,1.0
华沙,3.73,zh,wordfreq,23,1.0
华生,3.41,zh,wordfreq,66,1.0
华盛顿,4.57,zh,wordfreq,0,2.0
华纳,3.58,zh,wordfreq,28,1.0
华美,3.35,zh,wordfreq,39,1.0
华莱士,3.4,zh,wordfreq,0,2.0
华裔,4.01,zh,wordfreq,22,1.0
华语,4.01,zh,wordfreq,47,1.0
协会,5.1,zh,wordfreq,62,1.0
协作,4.18,zh,wordfreq,41,1.0
协力,3.66,zh,wordfreq,81,1.0
协办,3.45,zh,wordfreq,25,1.0
协助,4.86,zh,wordfreq,26,1.0
协同,4.31,zh,wordfreq,27,1.0
协和,3.59,zh,wordfreq,23,1.0
协商,4.5,zh,wordfreq,23,1.0
协定,4.56,zh,wordfreq,62,1.0
协议,5.14,zh,wordfreq,25,1.0
协调,4.77,zh,wordfreq,31,1.0
卑劣,3.45,zh,wordfreq,5,1.75
卑微,3.34,zh,wordfreq,7,1.65
卑鄙,3.83,zh,wordfreq,2,1.9
卓越,4.14,zh,wordfreq,6,1.7
单一,4.47,zh,wordfreq,44,1.0
单个,3.94,zh,wordfreq,59,1.0
单亲,3.35,zh,wordfreq,30,1.0
单人,3.85,zh,wordfreq,162,1.0
单价,3.43,zh,wordfreq,53,1.0
单位,5.56,zh,wordfreq,68,1.0
单体,3.43,zh,wordfreq,73,1.0
单元,4.29,zh,wordfreq,37,1.0
单单,3.8,zh,wordfreq,36,1.0
单向,3.62,zh,wordfreq,56,1.0
单打,3.59,zh,wordfreq,34,1.0
单挑,3.33,zh,wordfreq,22,1.0
单方面,3.5,zh,wordfreq,3,1.8
单日,3.37,zh,wordfreq,62,1.0
单曲,3.88,zh,wordfreq,32,1.0
单机,3.47,zh,wordfreq,62,1.0
单独,4.68,zh,wordfreq,25,1.0
单纯,4.54,zh,wordfreq,23,1.0
单行,3.49,zh,wordfreq,86,1.0
单词,4.04,zh,wordfreq,33,1.0
单调,3.64,zh,wordfreq,43,1.0
单身,4.31,zh,wordfreq,60,1.0
单车,4.13,zh,wordfreq,70,1.0
单项,3.51,zh,wordfreq,42,1.0
卖出,3.83,zh,wordfreq,87,1.0
卖力,3.5,zh,wordfreq,80,1.0
卖命,3.35,zh,wordfreq,28,1.0
卖国,3.68,zh,wordfreq,64,1.0
卖国贼,3.57,zh,wordfreq,0,1.95
卖场,3.36,zh,wordfreq,62,1.0
卖家,3.63,zh,wordfreq,78,1.0
卖掉,3.95,zh,wordfreq,27,1.0
卖方,3.32,zh,wordfreq,49,1.0
卖淫,3.89,zh,wordfreq,11,1.45
卖点,3.48,zh,wordfreq,73,1.0
南下,3.68,zh,wordfreq,104,1.0
南亚,4.06,zh,wordfreq,48,1.0
南京,4.99,zh,wordfreq,40,1.0
南京市,3.86,zh,wordfreq,1,1.9
南侧,3.72,zh,wordfreq,45,1.0
南北,4.43,zh,wordfreq,47,1.0
南北朝,3.61,zh,wordfreq,0,1.9
南区,3.41,zh,wordfreq,79,1.0
南县,3.4,zh,wordfreq,39,1.0
南口,3.4,zh,wordfreq,73,1.0
南向,3.38,zh,wordfreq,70,1.0
南宁,4.1,zh,wordfreq,44,1.0
南宋,3.76,zh,wordfreq,37,1.0
南山,3.52,zh,wordfreq,72,1.0
南岳,3.56,zh,wordfreq,36,1.0
南岸,3.65,zh,wordfreq,48,1.0
南开,3.43,zh,wordfreq,68,1.0
南方,4.63,zh,wordfreq,76,1.0
南昌,4.15,zh,wordfreq,40,1.0
南朝,3.54,zh,wordfreq,44,1.0
南极,4.02,zh,wordfreq,44,1.0
南沙,3.47,zh,wordfreq,41,1.0
南洋,3.72,zh,wordfreq,42,1.0
南海,4.37,zh,wordfreq,61,1.0
南澳,3.32,zh,wordfreq,37,1.0
南瓜,3.69,zh,wordfreq,39,1.0
南站,3.39,zh,wordfreq,44,1.0
南端,3.56,zh,wordfreq,52,1.0
南美,3.94,zh,wordfreq,57,1.0
南美洲,3.9,zh,wordfreq,2,1.8
南航,3.41,zh,wordfreq,44,1.0
南路,3.92,zh,wordfreq,71,1.0
南边,3.73,zh,wordfreq,64,1.0
南通,3.79,zh,wordfreq,60,1.0
南部,4.82,zh,wordfreq,82,1.0
南门,3.42,zh,wordfreq,81,1.0
南阳,3.75,zh,wordfreq,53,1.0
南非,4.51,zh,wordfreq,48,1.0
南面,3.58,zh,wordfreq,92,1.0
南韩,3.77,zh,wordfreq,37,1.0
博士,4.97,zh,wordfreq,39,1.0
博士后,3.51,zh,wordfreq,1,1.9
博士生,3.63,zh,wordfreq,1,1.9
博学,3.39,zh,wordfreq,48,1.0
博客,4.63,zh,wordfreq,26,1.0
博弈,3.73,zh,wordfreq,11,1.45
博彩,3.85,zh,wordfreq,17,1.15
博得,3.42,zh,wordfreq,43,1.0
博拉,3.44,zh,wordfreq,43,1.0
博文,3.55,zh,wordfreq,55,1.0
博格,3.43,zh,wordfreq,28,1.0
博爱,3.62,zh,wordfreq,32,1.0
博物,3.39,zh,wordfreq,45,1.0
博物馆,4.76,zh,wordfreq,0,1.95
博览会,4.14,zh,wordfreq,1,1.95
博鳌,3.33,zh,wordfreq,11,1.45
占地,3.93,zh,wordfreq,69,1.0
占据,4.4,zh,wordfreq,12,1.4
占有,4.39,zh,wordfreq,73,1.0
占用,3.98,zh,wordfreq,71,1.0
占领,4.76,zh,wordfreq,14,1.3
卡利,3.52,zh,wordfreq,56,1.0
卡卡,3.68,zh,wordfreq,18,1.1
卡塔,3.65,zh,wordfreq,18,1.05
卡塔尔,3.75,zh,wordfreq,0,1.85
卡尔,4.3,zh,wordfreq,57,1.0
卡扎菲,3.34,zh,wordfreq,0,2.0
卡拉,4.25,zh,wordfreq,45,1.0
卡斯,4.02,zh,wordfreq,55,1.0
卡斯特,3.43,zh,wordfreq,0,1.85
卡洛斯,3.86,zh,wordfreq,0,1.9
卡片,4.07,zh,wordfreq,38,1.0
卡特,4.14,zh,wordfreq,40,1.0
卡罗,3.36,zh,wordfreq,19,1.05
卡西,3.42,zh,wordfreq,31,1.0
卡车,4.24,zh,wordfreq,61,1.0
卡通,4.14,zh,wordfreq,37,1.0
卡里,3.45,zh,wordfreq,58,1.0
卡门,3.33,zh,wordfreq,58,1.0
卢布,3.83,zh,wordfreq,14,1.3
卢旺达,3.54,zh,wordfreq,0,2.0
卢梭,3.41,zh,wordfreq,3,1.85
卢森堡,3.67,zh,wordfreq,0,2.4
卢比,3.85,zh,wordfreq,20,1.0
卧室,4.03,zh,wordfreq,11,1.45
卧底,3.73,zh,wordfreq,12,1.4
卫兵,3.59,zh,wordfreq,25,1.0
卫冕,3.59,zh,wordfreq,8,1.6
卫士,3.6,zh,wordfreq,35,1.0
卫报,3.51,zh,wordfreq,39,1.0
卫星,4.74,zh,wordfreq,33,1.0
卫生,4.89,zh,wordfreq,55,1.0
卫生局,3.49,zh,wordfreq,2,1.85
卫生部,4.0,zh,wordfreq,2,1.85
卫生间,3.83,zh,wordfreq,2,1.85
卫视,4.14,zh,wordfreq,35,1.0
卫队,3.93,zh,wordfreq,35,1.0
印制,3.41,zh,wordfreq,47,1.0
印刷,4.4,zh,wordfreq,10,1.5
印发,3.9,zh,wordfreq,58,1.0
印尼,4.56,zh,wordfreq,17,1.15
印度,5.24,zh,wordfreq,58,1.0
印度人,3.89,zh,wordfreq,2,1.85
印度教,3.66,zh,wordfreq,2,1.85
印度洋,3.86,zh,wordfreq,2,1.85
印有,3.5,zh,wordfreq,79,1.0
印章,3.55,zh,wordfreq,24,1.0
印第安,3.74,zh,wordfreq,0,2.0
印花,3.38,zh,wordfreq,31,1.0
印记,3.66,zh,wordfreq,23,1.0
印证,3.59,zh,wordfreq,28,1.0
印象,4.71,zh,wordfreq,26,1.0
危及,3.82,zh,wordfreq,17,1.15
危害,4.51,zh,wordfreq,23,1.0
危急,3.82,zh,wordfreq,8,1.6
危机,5.05,zh,wordfreq,44,1.0
危险,5.09,zh,wordfreq,10,1.45
危险性,3.63,zh,wordfreq,0,1.95
即位,3.64,zh,wordfreq,53,1.0
即使,5.14,zh,wordfreq,20,1.0
即便,4.44,zh,wordfreq,17,1.15
即兴,3.68,zh,wordfreq,16,1.2
即刻,3.76,zh,wordfreq,15,1.25
即可,4.52,zh,wordfreq,15,1.25
即将,4.82,zh,wordfreq,20,1.0
即日起,3.42,zh,wordfreq,0,1.95
即时,4.2,zh,wordfreq,48,1.0
却是,4.61,zh,wordfreq,38,1.0
却说,3.76,zh,wordfreq,31,1.0
卵巢,3.36,zh,wordfreq,0,2.0
卷入,3.98,zh,wordfreq,63,1.0
卷烟,3.4,zh,wordfreq,9,1.55
卷轴,3.34,zh,wordfreq,3,1.85
卸下,3.43,zh,wordfreq,70,1.0
卸任,3.8,zh,wordfreq,32,1.0
卸载,3.58,zh,wordfreq,17,1.15
厂商,4.36,zh,wordfreq,16,1.2
厂家,4.0,zh,wordfreq,72,1.0
厂房,3.89,zh,wordfreq,23,1.0
厂长,3.65,zh,wordfreq,72,1.0
厄尔,3.61,zh,wordfreq,45,1.0
厄运,3.45,zh,wordfreq,20,1.0
厅长,3.66,zh,wordfreq,69,1.0
历代,4.03,zh,wordfreq,33,1.0
历任,4.18,zh,wordfreq,40,1.0
历史,5.85,zh,wordfreq,16,1.1
历史性,4.03,zh,wordfreq,1,1.9
历史系,3.33,zh,wordfreq,1,1.9
历届,3.83,zh,wordfreq,17,1.15
历年,3.92,zh,wordfreq,72,1.0
历时,3.96,zh,wordfreq,51,1.0
历来,3.99,zh,wordfreq,64,1.0
历次,3.69,zh,wordfreq,44,1.0
历法,3.35,zh,wordfreq,56,1.0
历程,4.21,zh,wordfreq,35,1.0
历经,4.16,zh,wordfreq,26,1.0
厉害,4.78,zh,wordfreq,19,1.05
压低,3.71,zh,wordfreq,15,1.25
压倒,3.59,zh,wordfreq,18,1.05
压倒性,3.47,zh,wordfreq,0,1.95
压制,4.19,zh,wordfreq,45,1.0
压力,5.13,zh,wordfreq,79,1.0
压抑,4.13,zh,wordfreq,8,1.6
压根,3.46,zh,wordfreq,16,1.2
压榨,3.4,zh,wordfreq,8,1.6
压缩,4.22,zh,wordfreq,14,1.3
压迫,4.45,zh,wordfreq,13,1.35
厌倦,3.92,zh,wordfreq,3,1.85
厌恶,4.12,zh,wordfreq,10,1.5
厌烦,3.76,zh,wordfreq,5,1.75
厕所,4.7,zh,wordfreq,11,1.45
厘米,4.32,zh,wordfreq,14,1.3
厚度,3.84,zh,wordfreq,49,1.0
厚重,3.55,zh,wordfreq,32,1.0
原产,3.48,zh,wordfreq,56,1.0
原件,3.42,zh,wordfreq,58,1.0
原住,3.4,zh,wordfreq,53,1.0
原住民,4.21,zh,wordfreq,0,1.9
原作,3.57,zh,wordfreq,62,1.0
原作者,3.47,zh,wordfreq,1,1.85
原先,4.23,zh,wordfreq,43,1.0
原则,5.12,zh,wordfreq,40,1.0
原则上,3.51,zh,wordfreq,0,1.95
原创,4.38,zh,wordfreq,37,1.0
原名,3.82,zh,wordfreq,98,1.0
原告,3.9,zh,wordfreq,45,1.0
原味,3.49,zh,wordfreq,46,1.0
原因,5.45,zh,wordfreq,38,1.0
原地,3.88,zh,wordfreq,96,1.0
原型,3.96,zh,wordfreq,52,1.0
原始,4.68,zh,wordfreq,36,1.0
原子,4.14,zh,wordfreq,203,1.0
原子弹,3.84,zh,wordfreq,2,1.8
原子核,3.35,zh,wordfreq,2,1.85
原子能,3.71,zh,wordfreq,2,1.85
原定,3.59,zh,wordfreq,83,1.0
原意,3.71,zh,wordfreq,80,1.0
原文,4.17,zh,wordfreq,75,1.0
原料,4.45,zh,wordfreq,54,1.0
原有,4.3,zh,wordfreq,100,1.0
原本,4.8,zh,wordfreq,52,1.0
原材料,3.82,zh,wordfreq,0,1.9
原来,5.22,zh,wordfreq,85,1.0
原油,4.13,zh,wordfreq,42,1.0
原点,3.44,zh,wordfreq,95,1.0
原版,3.81,zh,wordfreq,38,1.0
原理,4.53,zh,wordfreq,72,1.0
原生,3.86,zh,wordfreq,79,1.0
原田,3.32,zh,wordfreq,42,1.0
原罪,3.32,zh,wordfreq,41,1.0
原著,3.63,zh,wordfreq,42,1.0
原装,3.33,zh,wordfreq,53,1.0
原谅,4.28,zh,wordfreq,32,1.0
厦门,4.42,zh,wordfreq,45,1.0
厦门市,3.41,zh,wordfreq,0,1.95
厨子,3.34,zh,wordfreq,175,1.0
厨师,4.04,zh,wordfreq,22,1.0
厨房,4.44,zh,wordfreq,23,1.0
厨艺,3.36,zh,wordfreq,12,1.4
去世,4.51,zh,wordfreq,31,1.0
去向,3.66,zh,wordfreq,40,1.0
去处,3.41,zh,wordfreq,38,1.0
去年,5.05,zh,wordfreq,68,1.0
去年底,3.32,zh,wordfreq,0,1.9
去掉,3.81,zh,wordfreq,24,1.0
去过,4.15,zh,wordfreq,48,1.0
去除,3.85,zh,wordfreq,23,1.0
县城,4.14,zh,wordfreq,30,1.0
县域,3.52,zh,wordfreq,14,1.3
县委,4.18,zh,wordfreq,20,1.0
县市,3.86,zh,wordfreq,23,1.0
县志,3.35,zh,wordfreq,15,1.25
县政府,3.69,zh,wordfreq,7,1.6
县级,3.98,zh,wordfreq,36,1.0
县级市,3.36,zh,wordfreq,1,1.85
县长,4.01,zh,wordfreq,75,1.0
参与,5.45,zh,wordfreq,18,1.05
参与者,3.97,zh,wordfreq,2,1.85
参军,3.72,zh,wordfreq,48,1.0
参加,5.57,zh,wordfreq,32,1.0
参加者,3.46,zh,wordfreq,2,1.85
参展,3.74,zh,wordfreq,31,1.0
参战,3.91,zh,wordfreq,57,1.0
参拜,3.33,zh,wordfreq,22,1.0
参政,3.67,zh,wordfreq,37,1.0
参数,4.47,zh,wordfreq,49,1.0
参演,3.46,zh,wordfreq,30,1.0
参照,4.06,zh,wordfreq,36,1.0
参考,4.83,zh,wordfreq,23,1.0
参见,4.19,zh,wordfreq,47,1.0
参观,4.5,zh,wordfreq,39,1.0
参议,3.38,zh,wordfreq,33,1.0
参议员,4.3,zh,wordfreq,2,1.8
参议院,4.25,zh,wordfreq,3,1.75
参访,3.32,zh,wordfreq,30,1.0
参谋,4.12,zh,wordfreq,25,1.0
参谋长,3.84,zh,wordfreq,0,1.95
参赛,4.31,zh,wordfreq,28,1.0
参赛者,3.83,zh,wordfreq,2,1.85
参选,4.2,zh,wordfreq,41,1.0
参选人,3.67,zh,wordfreq,1,1.85
参阅,3.52,zh,wordfreq,22,1.0
又名,4.2,zh,wordfreq,68,1.0
又称,4.23,zh,wordfreq,31,1.0
及其,5.08,zh,wordfreq,7,1.65
及早,3.53,zh,wordfreq,12,1.4
及时,4.8,zh,wordfreq,44,1.0
及格,3.48,zh,wordfreq,20,1.0
友人,4.04,zh,wordfreq,144,1.0
友善,3.95,zh,wordfreq,10,1.5
友好,4.48,zh,wordfreq,42,1.0
友情,3.85,zh,wordfreq,48,1.0
友谊,4.47,zh,wordfreq,6,1.65
友谊赛,3.44,zh,wordfreq,0,1.95
双亲,3.72,zh,wordfreq,27,1.0
双人,3.79,zh,wordfreq,159,1.0
双倍,3.56,zh,wordfreq,26,1.0
双双,3.72,zh,wordfreq,21,1.0
双向,3.98,zh,wordfreq,53,1.0
双子,3.49,zh,wordfreq,191,1.0
双层,3.55,zh,wordfreq,40,1.0
双手,4.37,zh,wordfreq,77,1.0
双打,3.51,zh,wordfreq,31,1.0
双方,5.1,zh,wordfreq,59,1.0
双星,3.38,zh,wordfreq,45,1.0
双眼,4.15,zh,wordfreq,30,1.0
双胞胎,3.83,zh,wordfreq,0,2.0
双脚,3.61,zh,wordfreq,23,1.0
双腿,3.83,zh,wordfreq,23,1.0
双臂,3.49,zh,wordfreq,20,1.0
双语,3.82,zh,wordfreq,48,1.0
双赢,3.58,zh,wordfreq,21,1.0
双边,3.94,zh,wordfreq,47,1.0
双重,4.25,zh,wordfreq,50,1.0
双面,3.77,zh,wordfreq,75,1.0
反之,3.98,zh,wordfreq,38,1.0
反倒,3.92,zh,wordfreq,45,1.0
反共,3.97,zh,wordfreq,41,1.0
反击,4.39,zh,wordfreq,61,1.0
反制,3.39,zh,wordfreq,72,1.0
反动,4.29,zh,wordfreq,94,1.0
反动派,3.74,zh,wordfreq,1,1.85
反华,3.36,zh,wordfreq,54,1.0
反叛,3.69,zh,wordfreq,36,1.0
反向,3.46,zh,wordfreq,69,1.0
反响,3.95,zh,wordfreq,41,1.0
反复,4.35,zh,wordfreq,45,1.0
反对,5.34,zh,wordfreq,47,1.0
反对党,3.72,zh,wordfreq,2,1.85
反对派,4.08,zh,wordfreq,3,1.75
反对者,3.55,zh,wordfreq,2,1.85
反射,3.95,zh,wordfreq,47,1.0
反差,3.54,zh,wordfreq,45,1.0
反常,3.56,zh,wordfreq,48,1.0
反应,5.16,zh,wordfreq,49,1.0
反应堆,3.54,zh,wordfreq,0,1.95
反弹,4.15,zh,wordfreq,45,1.0
反思,4.3,zh,wordfreq,42,1.0
反恐,4.08,zh,wordfreq,36,1.0
反感,3.98,zh,wordfreq,55,1.0
反抗,4.61,zh,wordfreq,38,1.0
反攻,3.66,zh,wordfreq,39,1.0
反日,3.55,zh,wordfreq,75,1.0
反映,4.93,zh,wordfreq,39,1.0
反正,4.6,zh,wordfreq,50,1.0
反派,3.35,zh,wordfreq,51,1.0
反省,4.01,zh,wordfreq,42,1.0
反而,4.75,zh,wordfreq,43,1.0
反腐,3.44,zh,wordfreq,37,1.0
反覆,3.77,zh,wordfreq,37,1.0
反观,3.44,zh,wordfreq,56,1.0
反转,3.53,zh,wordfreq,48,1.0
反过来,3.77,zh,wordfreq,0,1.95
反问,3.47,zh,wordfreq,53,1.0
反面,3.62,zh,wordfreq,91,1.0
反革命,4.01,zh,wordfreq,1,1.9
反馈,4.18,zh,wordfreq,36,1.0
反驳,4.15,zh,wordfreq,35,1.0
发了,4.51,zh,wordfreq,61,1.0
发作,4.16,zh,wordfreq,85,1.0
发光,4.09,zh,wordfreq,79,1.0
发出,5.02,zh,wordfreq,132,1.0
发到,3.5,zh,wordfreq,106,1.0
发动,4.92,zh,wordfreq,113,1.0
发动机,4.52,zh,wordfreq,2,1.8
发售,4.05,zh,wordfreq,60,1.0
发型,3.96,zh,wordfreq,75,1.0
发声,4.33,zh,wordfreq,82,1.0
发射,4.79,zh,wordfreq,66,1.0
发射器,3.41,zh,wordfreq,0,1.95
发展,6.03,zh,wordfreq,67,1.0
发展史,3.4,zh,wordfreq,1,1.9
发展局,3.42,zh,wordfreq,1,1.9
发布,5.34,zh,wordfreq,66,1.0
发布会,4.45,zh,wordfreq,0,1.95
发帖,3.47,zh,wordfreq,54,1.0
发怒,3.51,zh,wordfreq,57,1.0
发情,3.37,zh,wordfreq,98,1.0
发愁,3.37,zh,wordfreq,55,1.0
发扬,3.96,zh,wordfreq,61,1.0
发抖,3.81,zh,wordfreq,55,1.0
发挥,4.95,zh,wordfreq,55,1.0
发掘,4.27,zh,wordfreq,55,1.0
发改委,3.73,zh,wordfreq,0,2.0
发放,4.46,zh,wordfreq,67,1.0
发文,4.09,zh,wordfreq,98,1.0
发明,4.73,zh,wordfreq,85,1.0
发明家,3.39,zh,wordfreq,0,1.95
发来,3.51,zh,wordfreq,108,1.0
发泄,3.91,zh,wordfreq,56,1.0
发源,3.63,zh,wordfreq,68,1.0
发源地,3.49,zh,wordfreq,0,1.95
发炎,3.47,zh,wordfreq,56,1.0
发烧,3.9,zh,wordfreq,58,1.0
发热,3.73,zh,wordfreq,62,1.0
发牢骚,3.34,zh,wordfreq,0,2.0
发现,5.77,zh,wordfreq,66,1.0
发球,3.42,zh,wordfreq,77,1.0
发生,5.83,zh,wordfreq,102,1.0
发电,4.42,zh,wordfreq,73,1.0
发电厂,4.08,zh,wordfreq,1,1.85
发电机,4.1,zh,wordfreq,2,1.8
发疯,3.59,zh,wordfreq,54,1.0
发病,3.89,zh,wordfreq,66,1.0
发病率,3.34,zh,wordfreq,0,1.95
发短信,3.56,zh,wordfreq,0,1.95
发票,3.83,zh,wordfreq,72,1.0
发给,4.01,zh,wordfreq,80,1.0
发育,4.39,zh,wordfreq,62,1.0
发脾气,3.67,zh,wordfreq,0,1.95
发自,3.47,zh,wordfreq,65,1.0
发芽,3.46,zh,wordfreq,55,1.0
发行,5.08,zh,wordfreq,118,1.0
发行人,3.5,zh,wordfreq,3,1.75
发行量,3.52,zh,wordfreq,1,1.9
发表,5.28,zh,wordfreq,64,1.0
发觉,4.13,zh,wordfreq,69,1.0
发言,4.62,zh,wordfreq,81,1.0
发言人,4.48,zh,wordfreq,4,1.75
发言权,3.41,zh,wordfreq,1,1.9
发誓,3.93,zh,wordfreq,55,1.0
发财,4.02,zh,wordfreq,56,1.0
发货,3.37,zh,wordfreq,70,1.0
发起,4.76,zh,wordfreq,86,1.0
发起人,3.76,zh,wordfreq,2,1.85
发车,3.34,zh,wordfreq,102,1.0
发达,4.7,zh,wordfreq,68,1.0
发迹,3.37,zh,wordfreq,64,1.0
发送,4.38,zh,wordfreq,65,1.0
发酵,3.97,zh,wordfreq,54,1.0
发问,3.48,zh,wordfreq,72,1.0
发音,4.08,zh,wordfreq,72,1.0
叔叔,4.25,zh,wordfreq,1,1.95
取代,4.62,zh,wordfreq,39,1.0
取决,3.96,zh,wordfreq,25,1.0
取决于,4.1,zh,wordfreq,0,1.95
取出,4.03,zh,wordfreq,94,1.0
取名,3.72,zh,wordfreq,83,1.0
取向,3.79,zh,wordfreq,50,1.0
取回,3.58,zh,wordfreq,37,1.0
取得,5.26,zh,wordfreq,48,1.0
取悦,3.62,zh,wordfreq,19,1.05
取暖,3.56,zh,wordfreq,18,1.1
取材,3.42,zh,wordfreq,28,1.0
取消,5.05,zh,wordfreq,18,1.1
取笑,3.63,zh,wordfreq,28,1.0
取缔,3.93,zh,wordfreq,16,1.2
取胜,3.79,zh,wordfreq,26,1.0
取自,3.96,zh,wordfreq,27,1.0
取舍,3.39,zh,wordfreq,19,1.05
取证,3.43,zh,wordfreq,34,1.0
受不了,4.25,zh,wordfreq,6,1.65
受人,3.35,zh,wordfreq,166,1.0
受众,3.71,zh,wordfreq,37,1.0
受伤,4.95,zh,wordfreq,40,1.0
受体,3.48,zh,wordfreq,77,1.0
受到,5.4,zh,wordfreq,78,1.0
受命,3.57,zh,wordfreq,45,1.0
受够了,3.8,zh,wordfreq,1,1.95
受审,3.75,zh,wordfreq,32,1.0
受害,4.16,zh,wordfreq,45,1.0
受害人,4.02,zh,wordfreq,2,1.75
受害者,4.69,zh,wordfreq,3,1.8
受惠,3.33,zh,wordfreq,30,1.0
受托,3.46,zh,wordfreq,34,1.0
受挫,3.44,zh,wordfreq,26,1.0
受损,4.11,zh,wordfreq,30,1.0
受欢迎,4.26,zh,wordfreq,0,1.95
受灾,3.74,zh,wordfreq,34,1.0
受理,4.12,zh,wordfreq,67,1.0
受益,4.05,zh,wordfreq,36,1.0
受罚,3.39,zh,wordfreq,31,1.0
受苦,3.73,zh,wordfreq,34,1.0
受训,3.52,zh,wordfreq,30,1.0
受访,3.57,zh,wordfreq,38,1.0
受访者,3.67,zh,wordfreq,1,1.9
受贿,3.84,zh,wordfreq,27,1.0
受辱,3.38,zh,wordfreq,31,1.0
受过,4.19,zh,wordfreq,68,1.0
受邀,3.78,zh,wordfreq,27,1.0
受阻,3.71,zh,wordfreq,28,1.0
受限,3.44,zh,wordfreq,38,1.0
受难,3.44,zh,wordfreq,43,1.0
受骗,3.52,zh,wordfreq,28,1.0
变为,4.13,zh,wordfreq,64,1.0
变动,4.36,zh,wordfreq,80,1.0
变化,5.33,zh,wordfreq,61,1.0
变卖,3.42,zh,wordfreq,28,1.0
变压器,3.63,zh,wordfreq,0,2.0
变小,3.36,zh,wordfreq,39,1.0
变异,3.94,zh,wordfreq,32,1.0
变形,4.18,zh,wordfreq,40,1.0
变得,5.04,zh,wordfreq,53,1.0
变态,4.53,zh,wordfreq,35,1.0
变性,3.68,zh,wordfreq,66,1.0
变成,5.24,zh,wordfreq,64,1.0
变换,4.11,zh,wordfreq,31,1.0
变数,3.55,zh,wordfreq,52,1.0
变更,4.32,zh,wordfreq,21,1.0
变法,3.55,zh,wordfreq,67,1.0
变相,3.69,zh,wordfreq,32,1.0
变种,3.63,zh,wordfreq,50,1.0
变色,3.55,zh,wordfreq,58,1.0
变质,3.64,zh,wordfreq,43,1.0
变迁,4.27,zh,wordfreq,24,1.0
变速箱,3.37,zh,wordfreq,0,2.0
变量,4.16,zh,wordfreq,62,1.0
变革,4.53,zh,wordfreq,25,1.0
叙事,3.89,zh,wordfreq,57,1.0
叙利亚,4.63,zh,wordfreq,1,1.9
叙述,4.47,zh,wordfreq,20,1.0
叛乱,4.12,zh,wordfreq,22,1.0
叛军,3.74,zh,wordfreq,36,1.0
叛变,3.77,zh,wordfreq,23,1.0
叛国,3.59,zh,wordfreq,61,1.0
叛徒,3.88,zh,wordfreq,15,1.25
叛逃,3.33,zh,wordfreq,8,1.6
叛逆,3.66,zh,wordfreq,7,1.65
叠加,3.61,zh,wordfreq,14,1.3
口中,4.17,zh,wordfreq,69,1.0
口交,3.78,zh,wordfreq,37,1.0
口令,3.38,zh,wordfreq,31,1.0
口号,4.55,zh,wordfreq,51,1.0
口吻,3.4,zh,wordfreq,23,1.0
口味,4.37,zh,wordfreq,36,1.0
口头,3.96,zh,wordfreq,94,1.0
口岸,3.92,zh,wordfreq,33,1.0
口径,4.17,zh,wordfreq,28,1.0
口感,3.49,zh,wordfreq,41,1.0
口服,3.59,zh,wordfreq,38,1.0
口气,3.97,zh,wordfreq,63,1.0
口水,3.5,zh,wordfreq,67,1.0
口碑,3.49,zh,wordfreq,23,1.0
口粮,3.32,zh,wordfreq,21,1.0
口红,3.61,zh,wordfreq,29,1.0
口罩,3.99,zh,wordfreq,24,1.0
口腔,3.7,zh,wordfreq,21,1.0
口袋,4.18,zh,wordfreq,23,1.0
口语,3.85,zh,wordfreq,50,1.0
口述,3.57,zh,wordfreq,40,1.0
口音,3.93,zh,wordfreq,39,1.0
古人,3.88,zh,wordfreq,158,1.0
古今,3.73,zh,wordfreq,25,1.0
古代,4.84,zh,wordfreq,41,1.0
古兰经,3.54,zh,wordfreq,0,2.0
古典,4.4,zh,wordfreq,29,1.0
古城,4.05,zh,wordfreq,42,1.0
古墓,3.68,zh,wordfreq,22,1.0
古巴,4.37,zh,wordfreq,28,1.0
古希腊,3.83,zh,wordfreq,0,1.95
古建筑,3.52,zh,wordfreq,0,1.95
古怪,3.94,zh,wordfreq,22,1.0
古文,3.39,zh,wordfreq,62,1.0
古物,3.34,zh,wordfreq,52,1.0
古田,3.38,zh,wordfreq,29,1.0
古称,3.34,zh,wordfreq,48,1.0
古籍,3.62,zh,wordfreq,25,1.0
古罗马,3.63,zh,wordfreq,0,1.95
古老,4.45,zh,wordfreq,26,1.0
古董,3.58,zh,wordfreq,18,1.1
古装,3.37,zh,wordfreq,40,1.0
古诗,3.32,zh,wordfreq,22,1.0
古迹,3.92,zh,wordfreq,28,1.0
古镇,3.39,zh,wordfreq,26,1.0
句号,3.32,zh,wordfreq,31,1.0
句子,4.05,zh,wordfreq,173,1.0
另一半,3.73,zh,wordfreq,4,1.75
另一名,3.55,zh,wordfreq,5,1.7
另一方,3.57,zh,wordfreq,4,1.75
另一边,3.65,zh,wordfreq,4,1.75
另一面,3.53,zh,wordfreq,4,1.75
另外,5.24,zh,wordfreq,34,1.0
另有,4.11,zh,wordfreq,72,1.0
另类,4.15,zh,wordfreq,22,1.0
另行,3.53,zh,wordfreq,67,1.0
只不过,4.61,zh,wordfreq,0,1.95
只会,4.68,zh,wordfreq,65,1.0
只好,4.46,zh,wordfreq,51,1.0
只得,3.84,zh,wordfreq,45,1.0
只怕,3.62,zh,wordfreq,21,1.0
只想,4.06,zh,wordfreq,36,1.0
只是,5.69,zh,wordfreq,50,1.0
只有,5.67,zh,wordfreq,82,1.0
只求,3.39,zh,wordfreq,31,1.0
只用,3.86,zh,wordfreq,80,1.0
只管,3.66,zh,wordfreq,31,1.0
只能,5.16,zh,wordfreq,46,1.0
只要,5.38,zh,wordfreq,40,1.0
只见,3.8,zh,wordfreq,42,1.0
只顾,3.8,zh,wordfreq,18,1.1
叫作,3.66,zh,wordfreq,37,1.0
叫做,4.67,zh,wordfreq,8,1.6
叫喊,3.42,zh,wordfreq,10,1.5
叫嚣,3.41,zh,wordfreq,7,1.65
叫声,3.84,zh,wordfreq,34,1.0
叫好,3.4,zh,wordfreq,44,1.0
叫醒,3.43,zh,wordfreq,14,1.3
召唤,4.08,zh,wordfreq,6,1.7
召回,3.88,zh,wordfreq,25,1.0
召开,5.08,zh,wordfreq,36,1.0
召见,3.42,zh,wordfreq,33,1.0
召集,4.23,zh,wordfreq,26,1.0
叮当,3.44,zh,wordfreq,17,1.15
可不,4.11,zh,wordfreq,42,1.0
可不是,4.13,zh,wordfreq,3,1.7
可乐,3.97,zh,wordfreq,48,1.0
可以,6.34,zh,wordfreq,53,1.0
可信,3.88,zh,wordfreq,57,1.0
可信度,3.62,zh,wordfreq,0,1.95
可取,3.49,zh,wordfreq,60,1.0
可变,3.35,zh,wordfreq,51,1.0
可口,3.61,zh,wordfreq,71,1.0
可可,3.83,zh,wordfreq,42,1.0
可否,3.83,zh,wordfreq,37,1.0
可喜,3.39,zh,wordfreq,39,1.0
可好,3.32,zh,wordfreq,72,1.0
可怕,4.8,zh,wordfreq,42,1.0
可怜,4.67,zh,wordfreq,34,1.0
可恶,3.98,zh,wordfreq,42,1.0
可悲,4.06,zh,wordfreq,35,1.0
可惜,4.71,zh,wordfreq,37,1.0
可控,3.33,zh,wordfreq,44,1.0
可是,5.31,zh,wordfreq,71,1.0
可望,3.56,zh,wordfreq,55,1.0
可比,3.81,zh,wordfreq,52,1.0
可爱,4.79,zh,wordfreq,55,1.0
可用,4.49,zh,wordfreq,101,1.0
可疑,3.98,zh,wordfreq,39,1.0
可知,3.86,zh,wordfreq,54,1.0
可笑,4.25,zh,wordfreq,46,1.0
可耻,3.9,zh,wordfreq,36,1.0
可能,6.01,zh,wordfreq,67,1.0
可能性,4.51,zh,wordfreq,2,1.85
可行,4.15,zh,wordfreq,98,1.0
可行性,3.74,zh,wordfreq,2,1.85
可见,4.72,zh,wordfreq,63,1.0
可观,3.88,zh,wordfreq,55,1.0
可言,3.78,zh,wordfreq,61,1.0
可说是,3.75,zh,wordfreq,1,1.9
可谓,4.12,zh,wordfreq,38,1.0
可贵,3.66,zh,wordfreq,42,1.0
可逆,3.35,zh,wordfreq,35,1.0
可靠,4.55,zh,wordfreq,39,1.0
可靠性,3.7,zh,wordfreq,2,1.85
台上,4.16,zh,wordfreq,90,1.0
台下,3.53,zh,wordfreq,85,1.0
台东,3.36,zh,wordfreq,36,1.0
台中市,3.34,zh,wordfreq,1,1.95
台前,3.45,zh,wordfreq,43,1.0
台北,4.49,zh,wordfreq,28,1.0
台北市,3.77,zh,wordfreq,2,1.85
台南,3.72,zh,wordfreq,36,1.0
台商,3.57,zh,wordfreq,30,1.0
台大,3.63,zh,wordfreq,73,1.0
台州,3.86,zh,wordfreq,50,1.0
台币,3.66,zh,wordfreq,25,1.0
台海,3.59,zh,wordfreq,42,1.0
台湾,5.58,zh,wordfreq,20,1.0
台湾人,3.67,zh,wordfreq,1,1.9
台湾省,3.8,zh,wordfreq,1,1.9
台独,3.78,zh,wordfreq,20,1.0
台词,3.96,zh,wordfreq,28,1.0
台长,3.38,zh,wordfreq,86,1.0
台阶,3.91,zh,wordfreq,18,1.1
台面,3.35,zh,wordfreq,73,1.0
台风,4.33,zh,wordfreq,38,1.0
史上,4.43,zh,wordfreq,80,1.0
史书,3.56,zh,wordfreq,32,1.0
史前,3.55,zh,wordfreq,33,1.0
史学,3.87,zh,wordfreq,44,1.0
史学家,3.53,zh,wordfreq,5,1.65
史实,3.69,zh,wordfreq,32,1.0
史密斯,4.02,zh,wordfreq,0,2.0
史料,4.04,zh,wordfreq,30,1.0
史蒂夫,3.57,zh,wordfreq,1,1.95
史蒂芬,3.61,zh,wordfreq,2,2.15
史记,3.72,zh,wordfreq,20,1.0
史诗,3.89,zh,wordfreq,11,1.45
右侧,3.93,zh,wordfreq,14,1.3
右倾,3.67,zh,wordfreq,6,1.7
右手,4.09,zh,wordfreq,63,1.0
右派,4.16,zh,wordfreq,21,1.0
右翼,3.98,zh,wordfreq,7,1.65
右边,4.08,zh,wordfreq,33,1.0
叶剑英,3.4,zh,wordfreq,0,2.45
叶子,3.84,zh,wordfreq,173,1.0
叶片,3.68,zh,wordfreq,26,1.0
号令,3.33,zh,wordfreq,15,1.25
号召,4.47,zh,wordfreq,6,1.7
号码,4.64,zh,wordfreq,14,1.3
号称,4.08,zh,wordfreq,35,1.0
号线,4.04,zh,wordfreq,45,1.0
号角,3.5,zh,wordfreq,13,1.35
司令,4.34,zh,wordfreq,14,1.1
司令员,3.85,zh,wordfreq,2,1.85
司令官,3.4,zh,wordfreq,2,1.85
司令部,3.98,zh,wordfreq,3,1.8
司机,4.78,zh,wordfreq,44,1.0
司法,4.81,zh,wordfreq,50,1.0
司法部,3.9,zh,wordfreq,1,1.9
司长,3.8,zh,wordfreq,73,1.0
司马,3.75,zh,wordfreq,28,1.0
叹息,3.75,zh,wordfreq,13,1.35
叹气,3.54,zh,wordfreq,43,1.0
吃亏,3.48,zh,wordfreq,11,1.45
吃喝,3.36,zh,wordfreq,10,1.5
吃惊,4.02,zh,wordfreq,10,1.5
吃掉,3.84,zh,wordfreq,27,1.0
吃点,3.35,zh,wordfreq,73,1.0
吃苦,3.36,zh,wordfreq,17,1.15
吃药,3.71,zh,wordfreq,24,1.0
吃醋,3.47,zh,wordfreq,9,1.55
吃饭,4.72,zh,wordfreq,15,1.25
吃饱,3.39,zh,wordfreq,10,1.5
各个,4.91,zh,wordfreq,63,1.0
各人,3.6,zh,wordfreq,166,1.0
各位,4.91,zh,wordfreq,72,1.0
各区,3.6,zh,wordfreq,69,1.0
各县,3.47,zh,wordfreq,29,1.0
各国,5.06,zh,wordfreq,81,1.0
各地,5.06,zh,wordfreq,91,1.0
各处,3.91,zh,wordfreq,58,1.0
各大,4.04,zh,wordfreq,82,1.0
各家,3.69,zh,wordfreq,95,1.0
各州,3.83,zh,wordfreq,59,1.0
各市,3.52,zh,wordfreq,43,1.0
各异,3.68,zh,wordfreq,37,1.0
各式,3.85,zh,wordfreq,46,1.0
各方,4.21,zh,wordfreq,66,1.0
各族,3.59,zh,wordfreq,44,1.0
各有,3.81,zh,wordfreq,95,1.0
各样,3.34,zh,wordfreq,46,1.0
各界,4.46,zh,wordfreq,40,1.0
各省,4.18,zh,wordfreq,33,1.0
各种,5.42,zh,wordfreq,55,1.0
各类,4.55,zh,wordfreq,45,1.0
各级,4.42,zh,wordfreq,56,1.0
各自,4.72,zh,wordfreq,37,1.0
各路,3.65,zh,wordfreq,61,1.0
各部,3.85,zh,wordfreq,72,1.0
各项,4.68,zh,wordfreq,46,1.0
合一,3.67,zh,wordfreq,45,1.0
合乎,3.81,zh,wordfreq,31,1.0
合众国,3.45,zh,wordfreq,0,2.0
合伙,3.82,zh,wordfreq,29,1.0
合伙人,3.8,zh,wordfreq,0,1.95
合体,3.55,zh,wordfreq,74,1.0
合作,5.46,zh,wordfreq,54,1.0
合作社,4.0,zh,wordfreq,0,1.95
合力,3.96,zh,wordfreq,94,1.0
合同,4.64,zh,wordfreq,40,1.0
合唱,3.77,zh,wordfreq,28,1.0
合唱团,3.73,zh,wordfreq,0,1.95
合并,4.62,zh,wordfreq,26,1.0
合影,3.68,zh,wordfreq,35,1.0
合成,4.43,zh,wordfreq,66,1.0
合格,4.4,zh,wordfreq,40,1.0
合法,5.02,zh,wordfreq,69,1.0
合法化,3.53,zh,wordfreq,2,1.85
合法性,4.03,zh,wordfreq,1,1.9
合照,3.49,zh,wordfreq,41,1.0
合理,4.8,zh,wordfreq,64,1.0
合理化,3.49,zh,wordfreq,1,1.9
合称,3.42,zh,wordfreq,53,1.0
合约,4.39,zh,wordfreq,43,1.0
合肥,4.04,zh,wordfreq,25,1.0
合营,3.54,zh,wordfreq,36,1.0
合计,4.01,zh,wordfreq,37,1.0
合资,4.1,zh,wordfreq,38,1.0
合适,4.66,zh,wordfreq,26,1.0
合金,3.94,zh,wordfreq,41,1.0
合集,3.81,zh,wordfreq,45,1.0
吉他,4.03,zh,wordfreq,11,1.45
吉利,3.89,zh,wordfreq,53,1.0
吉姆,3.55,zh,wordfreq,16,1.2
吉安,3.41,zh,wordfreq,26,1.0
吉尔,3.57,zh,wordfreq,54,1.0
吉拉,3.42,zh,wordfreq,42,1.0
吉斯,3.41,zh,wordfreq,52,1.0
吉普,3.39,zh,wordfreq,13,1.3
吉普车,3.32,zh,wordfreq,0,1.95
吉林,4.27,zh,wordfreq,29,1.0
吉林省,3.76,zh,wordfreq,0,1.95
吉祥,3.86,zh,wordfreq,11,1.4
吉祥物,3.54,zh,wordfreq,0,1.95
吉米,3.71,zh,wordfreq,24,1.0
吉隆坡,3.95,zh,wordfreq,0,2.0
吊死,3.37,zh,wordfreq,26,1.0
吊销,3.49,zh,wordfreq,16,1.2
同一,4.76,zh,wordfreq,58,1.0
同一个,4.38,zh,wordfreq,2,1.8
同一天,3.67,zh,wordfreq,3,1.75
同业,3.51,zh,wordfreq,70,1.0
同乡,3.45,zh,wordfreq,43,1.0
同事,4.7,zh,wordfreq,92,1.0
同仁,3.61,zh,wordfreq,38,1.0
同伙,3.5,zh,wordfreq,42,1.0
同伴,4.09,zh,wordfreq,39,1.0
同位素,3.4,zh,wordfreq,0,2.0
同僚,3.53,zh,wordfreq,38,1.0
同化,3.74,zh,wordfreq,76,1.0
同台,3.45,zh,wordfreq,63,1.0
同名,3.92,zh,wordfreq,103,1.0
同声,3.41,zh,wordfreq,64,1.0
同学,4.92,zh,wordfreq,73,1.0
同居,3.84,zh,wordfreq,50,1.0
同属,3.68,zh,wordfreq,51,1.0
同年,4.44,zh,wordfreq,98,1.0
同心,3.64,zh,wordfreq,89,1.0
同志,5.12,zh,wordfreq,45,1.0
同性,4.32,zh,wordfreq,81,1.0
同性恋,4.53,zh,wordfreq,0,1.95
同情,4.41,zh,wordfreq,80,1.0
同情心,3.53,zh,wordfreq,0,1.9
同意,5.15,zh,wordfreq,85,1.0
同感,3.38,zh,wordfreq,56,1.0
同日,3.56,zh,wordfreq,76,1.0
同时,5.79,zh,wordfreq,77,1.0
同期,4.23,zh,wordfreq,71,1.0
同样,5.26,zh,wordfreq,56,1.0
同桌,3.49,zh,wordfreq,38,1.0
同步,4.5,zh,wordfreq,53,1.0
同比,4.22,zh,wordfreq,54,1.0
同治,3.34,zh,wordfreq,50,1.0
同理,3.63,zh,wordfreq,77,1.0
同盟,4.23,zh,wordfreq,42,1.0
同盟会,3.4,zh,wordfreq,0,1.95
同等,4.01,zh,wordfreq,46,1.0
同类,4.08,zh,wordfreq,55,1.0
同级,3.55,zh,wordfreq,66,1.0
同胞,4.38,zh,wordfreq,38,1.0
同行,4.25,zh,wordfreq,100,1.0
名下,3.53,zh,wordfreq,102,1.0
名为,4.64,zh,wordfreq,77,1.0
名义,4.62,zh,wordfreq,52,1.0
名人,4.38,zh,wordfreq,174,1.0
名作,3.4,zh,wordfreq,65,1.0
名册,3.39,zh,wordfreq,37,1.0
名列,3.84,zh,wordfreq,47,1.0
名利,3.32,zh,wordfreq,77,1.0
名单,4.85,zh,wordfreq,48,1.0
名古屋,3.49,zh,wordfreq,0,2.0
名叫,4.41,zh,wordfreq,38,1.0
名号,3.59,zh,wordfreq,64,1.0
名城,3.4,zh,wordfreq,58,1.0
名堂,3.32,zh,wordfreq,46,1.0
名声,4.08,zh,wordfreq,62,1.0
名字,5.22,zh,wordfreq,47,1.0
名家,3.59,zh,wordfreq,103,1.0
名将,3.78,zh,wordfreq,47,1.0
名师,3.43,zh,wordfreq,53,1.0
名录,3.72,zh,wordfreq,44,1.0
名望,3.34,zh,wordfreq,55,1.0
名校,3.62,zh,wordfreq,49,1.0
名次,3.72,zh,wordfreq,68,1.0
名气,3.66,zh,wordfreq,76,1.0
名流,3.59,zh,wordfreq,59,1.0
名片,3.88,zh,wordfreq,59,1.0
名牌,4.03,zh,wordfreq,49,1.0
名目,3.36,zh,wordfreq,52,1.0
名称,4.93,zh,wordfreq,64,1.0
名胜,3.6,zh,wordfreq,44,1.0
名胜区,3.35,zh,wordfreq,0,1.95
名著,3.45,zh,wordfreq,45,1.0
名言,3.67,zh,wordfreq,61,1.0
名誉,4.27,zh,wordfreq,39,1.0
名词,4.2,zh,wordfreq,45,1.0
名门,3.39,zh,wordfreq,79,1.0
名额,4.09,zh,wordfreq,48,1.0
后世,3.65,zh,wordfreq,53,1.0
后人,5.19,zh,wordfreq,168,1.0
后代,4.21,zh,wordfreq,51,1.0
后任,3.58,zh,wordfreq,58,1.0
后入,3.74,zh,wordfreq,89,1.0
后劲,3.49,zh,wordfreq,32,1.0
后勤,4.04,zh,wordfreq,31,1.0
后卫,3.78,zh,wordfreq,38,1.0
后台,4.09,zh,wordfreq,55,1.0
后备,3.85,zh,wordfreq,47,1.0
后天,3.78,zh,wordfreq,75,1.0
后头,3.54,zh,wordfreq,101,1.0
后宫,3.89,zh,wordfreq,36,1.0
后座,3.4,zh,wordfreq,42,1.0
后悔,4.37,zh,wordfreq,30,1.0
后方,3.98,zh,wordfreq,68,1.0
后期,4.47,zh,wordfreq,63,1.0
后来,5.3,zh,wordfreq,82,1.0
后果,4.66,zh,wordfreq,44,1.0
后盾,3.53,zh,wordfreq,29,1.0
后续,4.31,zh,wordfreq,36,1.0
后者,4.46,zh,wordfreq,59,1.0
后背,3.46,zh,wordfreq,29,1.0
后裔,3.98,zh,wordfreq,32,1.0
后边,3.59,zh,wordfreq,56,1.0
后退,3.91,zh,wordfreq,34,1.0
后遗症,3.61,zh,wordfreq,0,2.0
后门,3.75,zh,wordfreq,73,1.0
后院,3.73,zh,wordfreq,46,1.0
后面,4.87,zh,wordfreq,84,1.0
吏部,3.6,zh,wordfreq,46,1.0
吐蕃,3.42,zh,wordfreq,1,1.95
吐露,3.39,zh,wordfreq,10,1.5
向上,4.15,zh,wordfreq,82,1.0
向下,3.8,zh,wordfreq,77,1.0
向东,3.71,zh,wordfreq,28,1.0
向前,4.41,zh,wordfreq,35,1.0
向前走,3.35,zh,wordfreq,0,1.95
向外,3.42,zh,wordfreq,40,1.0
向导,3.64,zh,wordfreq,27,1.0
向往,4.03,zh,wordfreq,22,1.0
向日葵,3.36,zh,wordfreq,0,2.0
向来,4.08,zh,wordfreq,63,1.0
向着,3.87,zh,wordfreq,46,1.0
向阳,3.45,zh,wordfreq,26,1.0
吓人,3.82,zh,wordfreq,143,1.0
吓唬,3.66,zh,wordfreq,3,1.85
吓坏,3.83,zh,wordfreq,10,1.5
吓死,3.55,zh,wordfreq,28,1.0
吕布,3.7,zh,wordfreq,12,1.4
君主,4.22,zh,wordfreq,23,1.0
君主制,3.48,zh,wordfreq,0,1.95
君子,3.97,zh,wordfreq,174,1.0
君王,3.62,zh,wordfreq,14,1.3
吝啬,3.37,zh,wordfreq,0,2.0
吞吐量,3.38,zh,wordfreq,0,2.0
吞噬,3.84,zh,wordfreq,1,1.95
吞并,3.51,zh,wordfreq,4,1.8
否决,4.04,zh,wordfreq,12,1.4
否则,4.99,zh,wordfreq,12,1.4
否定,4.35,zh,wordfreq,55,1.0
否认,4.6,zh,wordfreq,9,1.55
吩咐,3.79,zh,wordfreq,0,2.0
含义,4.31,zh,wordfreq,22,1.0
含意,3.39,zh,wordfreq,53,1.0
含有,4.48,zh,wordfreq,73,1.0
含糊,3.47,zh,wordfreq,6,1.7
含量,4.29,zh,wordfreq,45,1.0
听不懂,3.73,zh,wordfreq,2,1.85
听从,3.93,zh,wordfreq,22,1.0
听众,4.1,zh,wordfreq,24,1.0
听到,5.02,zh,wordfreq,65,1.0
听力,3.65,zh,wordfreq,84,1.0
听取,4.3,zh,wordfreq,39,1.0
听听,4.17,zh,wordfreq,24,1.0
听懂,3.65,zh,wordfreq,14,1.25
听见,4.66,zh,wordfreq,42,1.0
听觉,3.59,zh,wordfreq,28,1.0
听证,3.52,zh,wordfreq,31,1.0
听证会,3.86,zh,wordfreq,0,1.95
听话,3.92,zh,wordfreq,41,1.0
听说,4.91,zh,wordfreq,43,1.0
听过,3.83,zh,wordfreq,55,1.0
听闻,3.56,zh,wordfreq,18,1.1
启动,4.79,zh,wordfreq,65,1.0
启发,4.27,zh,wordfreq,54,1.0
启用,4.27,zh,wordfreq,73,1.0
启示,3.94,zh,wordfreq,25,1.0
启示录,3.35,zh,wordfreq,0,1.95
启程,3.7,zh,wordfreq,31,1.0
启蒙,4.01,zh,wordfreq,8,1.6
启迪,3.47,zh,wordfreq,9,1.55
吵架,4.03,zh,wordfreq,13,1.35
吵醒,3.4,zh,wordfreq,10,1.5
吵闹,3.43,zh,wordfreq,5,1.75
吸入,3.53,zh,wordfreq,72,1.0
吸取,3.8,zh,wordfreq,37,1.0
吸尘器,3.37,zh,wordfreq,0,2.0
吸引,4.93,zh,wordfreq,16,1.15
吸引力,4.11,zh,wordfreq,0,1.9
吸收,4.57,zh,wordfreq,21,1.0
吸毒,3.93,zh,wordfreq,23,1.0
吸气,3.38,zh,wordfreq,53,1.0
吸烟,4.02,zh,wordfreq,18,1.1
吸管,3.32,zh,wordfreq,29,1.0
吸纳,3.6,zh,wordfreq,21,1.0
吸血,3.49,zh,wordfreq,20,1.0
吸血鬼,4.0,zh,wordfreq,0,1.95
吸附,3.4,zh,wordfreq,12,1.4
吸食,3.32,zh,wordfreq,27,1.0
吹嘘,3.56,zh,wordfreq,1,1.95
吹牛,3.55,zh,wordfreq,10,1.5
吻合,3.71,zh,wordfreq,28,1.0
呆子,3.33,zh,wordfreq,172,1.0
呈现,4.72,zh,wordfreq,12,1.35
呈现出,3.64,zh,wordfreq,1,1.85
告别,4.24,zh,wordfreq,26,1.0
告发,3.6,zh,wordfreq,56,1.0
告密,3.37,zh,wordfreq,22,1.0
告白,3.75,zh,wordfreq,24,1.0
告知,4.41,zh,wordfreq,28,1.0
告示,3.45,zh,wordfreq,27,1.0
告终,3.78,zh,wordfreq,12,1.4
告诉,5.42,zh,wordfreq,17,1.15
告诫,3.78,zh,wordfreq,8,1.6
呐喊,3.88,zh,wordfreq,4,1.8
呕吐,3.81,zh,wordfreq,0,2.0
员工,4.98,zh,wordfreq,30,1.0
周一,4.16,zh,wordfreq,41,1.0
周三,3.97,zh,wordfreq,24,1.0
周二,4.06,zh,wordfreq,27,1.0
周五,4.2,zh,wordfreq,22,1.0
周六,4.18,zh,wordfreq,21,1.0
周刊,4.32,zh,wordfreq,26,1.0
周到,3.6,zh,wordfreq,71,1.0
周四,3.95,zh,wordfreq,24,1.0
周围,4.78,zh,wordfreq,27,1.0
周密,3.44,zh,wordfreq,33,1.0
周岁,3.79,zh,wordfreq,32,1.0
周年,4.82,zh,wordfreq,81,1.0
周恩来,4.43,zh,wordfreq,0,2.0
周报,3.68,zh,wordfreq,51,1.0
周日,4.23,zh,wordfreq,59,1.0
周期,4.54,zh,wordfreq,54,1.0
周期性,3.41,zh,wordfreq,0,1.95
周末,4.65,zh,wordfreq,25,1.0
周杰伦,3.52,zh,wordfreq,0,2.0
周瑜,3.42,zh,wordfreq,19,1.05
周转,3.87,zh,wordfreq,32,1.0
周边,4.53,zh,wordfreq,47,1.0
周遭,3.71,zh,wordfreq,20,1.0
味儿,3.49,zh,wordfreq,27,1.0
味觉,3.35,zh,wordfreq,17,1.15
味道,4.62,zh,wordfreq,42,1.0
呵呵,4.01,zh,wordfreq,1,1.95
呵护,3.57,zh,wordfreq,15,1.25
呻吟,3.75,zh,wordfreq,0,2.0
呼叫,3.84,zh,wordfreq,11,1.45
呼吁,4.73,zh,wordfreq,7,1.65
呼吸,4.45,zh,wordfreq,7,1.6
呼吸道,3.53,zh,wordfreq,0,1.95
呼呼,3.41,zh,wordfreq,11,1.45
呼唤,4.0,zh,wordfreq,9,1.55
呼喊,3.72,zh,wordfreq,11,1.45
呼声,3.93,zh,wordfreq,35,1.0
呼应,3.77,zh,wordfreq,21,1.0
命中,3.81,zh,wordfreq,54,1.0
命令,4.95,zh,wordfreq,16,1.2
命名,4.46,zh,wordfreq,73,1.0
命案,3.71,zh,wordfreq,33,1.0
命脉,3.34,zh,wordfreq,10,1.5
命运,4.84,zh,wordfreq,25,1.0
命题,4.16,zh,wordfreq,17,1.15
咆哮,3.52,zh,wordfreq,0,2.0
咋样,3.43,zh,wordfreq,20,1.0
和善,3.36,zh,wordfreq,16,1.2
和尚,4.31,zh,wordfreq,14,1.3
和平,5.15,zh,wordfreq,22,1.0
和文,3.33,zh,wordfreq,54,1.0
和服,3.55,zh,wordfreq,27,1.0
和田,3.4,zh,wordfreq,21,1.0
和睦,3.51,zh,wordfreq,10,1.5
和约,3.76,zh,wordfreq,30,1.0
和解,4.14,zh,wordfreq,32,1.0
和谈,3.6,zh,wordfreq,19,1.05
和谐,4.63,zh,wordfreq,10,1.5
咒语,3.5,zh,wordfreq,30,1.0
咒骂,3.45,zh,wordfreq,2,1.9
咖啡,4.66,zh,wordfreq,0,1.75
咖啡厅,3.37,zh,wordfreq,3,2.1
咖啡因,3.34,zh,wordfreq,3,2.05
咖啡店,3.67,zh,wordfreq,3,1.8
咖啡馆,3.81,zh,wordfreq,3,1.8
咨询,4.78,zh,wordfreq,3,1.85
咪咪,3.74,zh,wordfreq,2,1.9
咱们,4.82,zh,wordfreq,9,1.55
咱俩,3.71,zh,wordfreq,4,1.8
咳嗽,3.92,zh,wordfreq,0,2.0
咸丰,3.65,zh,wordfreq,2,1.9
咸阳,3.42,zh,wordfreq,18,1.1
哀伤,3.54,zh,wordfreq,16,1.2
哀悼,3.71,zh,wordfreq,2,1.9
哀求,3.4,zh,wordfreq,20,1.0
品位,3.56,zh,wordfreq,54,1.0
品味,3.92,zh,wordfreq,23,1.0
品尝,3.85,zh,wordfreq,9,1.55
品德,3.76,zh,wordfreq,36,1.0
品格,3.64,zh,wordfreq,25,1.0
品牌,4.87,zh,wordfreq,23,1.0
品种,4.59,zh,wordfreq,37,1.0
品类,3.35,zh,wordfreq,27,1.0
品质,4.67,zh,wordfreq,30,1.0
哈佛,3.96,zh,wordfreq,15,1.25
哈克,3.41,zh,wordfreq,43,1.0
哈利,4.17,zh,wordfreq,53,1.0
哈利波,3.52,zh,wordfreq,0,1.95
哈哈,4.32,zh,wordfreq,11,1.4
哈哈哈,3.76,zh,wordfreq,0,1.95
哈密,3.34,zh,wordfreq,24,1.0
哈尔,3.82,zh,wordfreq,54,1.0
哈尔滨,4.41,zh,wordfreq,0,1.95
哈尼,3.43,zh,wordfreq,17,1.15
哈德,3.34,zh,wordfreq,38,1.0
哈拉,3.52,zh,wordfreq,42,1.0
哈特,3.48,zh,wordfreq,37,1.0
哈瓦那,3.38,zh,wordfreq,0,2.0
哈萨克,3.89,zh,wordfreq,0,1.9
哈里,3.8,zh,wordfreq,55,1.0
哈里斯,3.52,zh,wordfreq,2,1.8
响亮,3.46,zh,wordfreq,10,1.5
响应,4.37,zh,wordfreq,16,1.2
响起,3.9,zh,wordfreq,34,1.0
哎呀,3.76,zh,wordfreq,1,1.95
哎哟,3.67,zh,wordfreq,1,1.95
哑巴,3.35,zh,wordfreq,10,1.5
哥们,4.04,zh,wordfreq,9,1.5
哥们儿,3.33,zh,wordfreq,0,1.95
哥伦布,3.68,zh,wordfreq,0,2.0
哥哥,4.93,zh,wordfreq,9,1.55
哪个,4.95,zh,wordfreq,45,1.0
哪些,4.77,zh,wordfreq,16,1.2
哪位,3.81,zh,wordfreq,54,1.0
哪儿,4.56,zh,wordfreq,33,1.0
哪家,3.77,zh,wordfreq,77,1.0
哪怕,4.12,zh,wordfreq,16,1.2
哪有,3.9,zh,wordfreq,77,1.0
哪来,3.88,zh,wordfreq,62,1.0
哪里,5.48,zh,wordfreq,53,1.0
哭泣,4.11,zh,wordfreq,0,2.0
哮喘,3.46,zh,wordfreq,0,2.0
哲学,4.77,zh,wordfreq,37,1.0
哲学家,4.0,zh,wordfreq,5,1.65
哺乳,3.55,zh,wordfreq,2,1.9
唐人,3.74,zh,wordfreq,144,1.0
唐人街,3.61,zh,wordfreq,0,1.95
唐代,3.91,zh,wordfreq,27,1.0
唐太宗,3.38,zh,wordfreq,0,2.0
唐山,3.68,zh,wordfreq,40,1.0
唐朝,3.73,zh,wordfreq,12,1.4
唐纳德,3.41,zh,wordfreq,0,2.0
唐诗,3.32,zh,wordfreq,8,1.6
唠叨,3.39,zh,wordfreq,0,2.0
唤起,3.77,zh,wordfreq,33,1.0
唤醒,3.99,zh,wordfreq,9,1.55
售价,4.08,zh,wordfreq,35,1.0
售出,3.54,zh,wordfreq,82,1.0
售卖,3.36,zh,wordfreq,11,1.45
售后,3.4,zh,wordfreq,43,1.0
售票,3.41,zh,wordfreq,22,1.0
唯一,5.22,zh,wordfreq,25,1.0
唯有,4.12,zh,wordfreq,72,1.0
唯独,3.66,zh,wordfreq,6,1.7
唯美,3.36,zh,wordfreq,24,1.0
唱歌,4.32,zh,wordfreq,8,1.6
唱片,4.2,zh,wordfreq,26,1.0
唾液,3.35,zh,wordfreq,4,1.8
商业,5.09,zh,wordfreq,56,1.0
商业化,3.49,zh,wordfreq,4,1.75
商业区,3.5,zh,wordfreq,2,1.85
商人,4.59,zh,wordfreq,162,1.0
商会,3.89,zh,wordfreq,74,1.0
商务,4.44,zh,wordfreq,45,1.0
商务部,3.7,zh,wordfreq,1,1.9
商品,4.95,zh,wordfreq,49,1.0
商品房,3.46,zh,wordfreq,0,1.95
商场,4.3,zh,wordfreq,75,1.0
商城,3.89,zh,wordfreq,46,1.0
商学院,3.7,zh,wordfreq,4,1.75
商定,3.35,zh,wordfreq,74,1.0
商家,4.18,zh,wordfreq,91,1.0
商店,4.6,zh,wordfreq,32,1.0
商户,3.52,zh,wordfreq,38,1.0
商报,3.48,zh,wordfreq,54,1.0
商机,3.82,zh,wordfreq,62,1.0
商标,4.18,zh,wordfreq,35,1.0
商用,3.8,zh,wordfreq,89,1.0
商界,3.65,zh,wordfreq,36,1.0
商船,3.35,zh,wordfreq,33,1.0
商讨,3.67,zh,wordfreq,26,1.0
商议,3.63,zh,wordfreq,37,1.0
商谈,3.42,zh,wordfreq,31,1.0
商贸,3.91,zh,wordfreq,25,1.0
商量,4.12,zh,wordfreq,63,1.0
商铺,3.5,zh,wordfreq,23,1.0
啊哈,3.36,zh,wordfreq,1,1.95
啊啊啊,3.49,zh,wordfreq,0,2.95
啤酒,4.25,zh,wordfreq,8,1.6
啪啪,4.08,zh,wordfreq,0,2.0
喀什,3.47,zh,wordfreq,2,1.9
喀布尔,3.38,zh,wordfreq,0,1.95
喀麦隆,3.59,zh,wordfreq,0,2.3
喂养,3.48,zh,wordfreq,17,1.15
喂奶,3.32,zh,wordfreq,6,1.7
喂食,3.35,zh,wordfreq,18,1.1
善于,4.27,zh,wordfreq,57,1.0
善后,3.48,zh,wordfreq,45,1.0
善待,3.39,zh,wordfreq,17,1.15
善恶,3.53,zh,wordfreq,14,1.3
善意,3.85,zh,wordfreq,55,1.0
善用,3.45,zh,wordfreq,73,1.0
善良,4.23,zh,wordfreq,9,1.55
喇叭,3.87,zh,wordfreq,1,1.95
喇嘛,3.8,zh,wordfreq,2,1.9
喉咙,3.98,zh,wordfreq,1,1.95
喉舌,3.32,zh,wordfreq,2,1.9
喊话,3.49,zh,wordfreq,28,1.0
喘息,3.44,zh,wordfreq,13,1.35
喘气,3.36,zh,wordfreq,43,1.0
喜剧,4.22,zh,wordfreq,19,1.05
喜好,3.9,zh,wordfreq,43,1.0
喜庆,3.38,zh,wordfreq,12,1.4
喜悦,4.07,zh,wordfreq,8,1.6
喜欢,5.73,zh,wordfreq,6,1.7
喜爱,4.54,zh,wordfreq,26,1.0
喝咖啡,3.35,zh,wordfreq,0,2.45
喝彩,3.36,zh,wordfreq,10,1.5
喝水,3.65,zh,wordfreq,50,1.0
喝茶,3.96,zh,wordfreq,7,1.65
喝酒,4.36,zh,wordfreq,12,1.4
喝醉,3.75,zh,wordfreq,6,1.7
喧嚣,3.54,zh,wordfreq,2,1.9
喧闹,3.4,zh,wordfreq,4,1.8
喷出,3.4,zh,wordfreq,84,1.0
喷发,3.7,zh,wordfreq,54,1.0
喷射,3.75,zh,wordfreq,18,1.1
喷气,3.34,zh,wordfreq,48,1.0
喷水,3.41,zh,wordfreq,52,1.0
喷泉,3.63,zh,wordfreq,9,1.55
喷雾,3.41,zh,wordfreq,8,1.6
嗅觉,3.48,zh,wordfreq,15,1.25
嗓子,3.53,zh,wordfreq,173,1.0
嗓音,3.47,zh,wordfreq,19,1.05
嗜好,3.54,zh,wordfreq,38,1.0
嘈杂,3.42,zh,wordfreq,3,1.85
嘉义,3.36,zh,wordfreq,21,1.0
嘉兴,3.7,zh,wordfreq,12,1.4
嘉宾,4.17,zh,wordfreq,7,1.65
嘉年华,3.7,zh,wordfreq,0,1.95
嘉靖,3.87,zh,wordfreq,4,1.8
嘟嘟,3.47,zh,wordfreq,0,2.0
嘲弄,3.39,zh,wordfreq,5,1.75
嘲笑,4.2,zh,wordfreq,14,1.3
嘲讽,3.89,zh,wordfreq,3,1.85
嘴唇,3.97,zh,wordfreq,4,1.8
嘴巴,4.11,zh,wordfreq,14,1.3
嘴角,3.48,zh,wordfreq,12,1.4
嘴边,3.6,zh,wordfreq,32,1.0
嘴里,4.23,zh,wordfreq,49,1.0
嘿嘿,3.83,zh,wordfreq,0,2.0
器件,3.64,zh,wordfreq,32,1.0
器具,3.73,zh,wordfreq,22,1.0
器官,4.31,zh,wordfreq,19,1.05
器材,4.08,zh,wordfreq,17,1.15
器械,3.74,zh,wordfreq,7,1.65
器物,3.38,zh,wordfreq,39,1.0
噩梦,3.85,zh,wordfreq,3,1.85
噪声,3.73,zh,wordfreq,29,1.0
噪音,4.04,zh,wordfreq,19,1.05
嚣张,3.54,zh,wordfreq,16,1.2
囊括,3.54,zh,wordfreq,2,1.9
囚犯,4.19,zh,wordfreq,10,1.5
囚禁,3.96,zh,wordfreq,7,1.65
四万,3.4,zh,wordfreq,47,1.0
四个,4.86,zh,wordfreq,69,1.0
四中,3.33,zh,wordfreq,80,1.0
四人,3.85,zh,wordfreq,172,1.0
四人帮,3.8,zh,wordfreq,0,1.95
四位,3.94,zh,wordfreq,78,1.0
四分,3.57,zh,wordfreq,66,1.0
四十,3.9,zh,wordfreq,42,1.0
四十岁,3.41,zh,wordfreq,3,1.7
四十年,3.73,zh,wordfreq,7,1.5
四千,3.46,zh,wordfreq,43,1.0
四号,3.44,zh,wordfreq,62,1.0
四名,3.9,zh,wordfreq,99,1.0
四周,4.22,zh,wordfreq,41,1.0
四国,3.43,zh,wordfreq,87,1.0
四处,4.27,zh,wordfreq,64,1.0
四大,4.41,zh,wordfreq,88,1.0
四天,3.78,zh,wordfreq,79,1.0
四季,3.89,zh,wordfreq,40,1.0
四岁,3.6,zh,wordfreq,45,1.0
四川,4.77,zh,wordfreq,41,1.0
四川省,4.04,zh,wordfreq,0,1.95
四年,4.59,zh,wordfreq,94,1.0
四成,3.49,zh,wordfreq,75,1.0
四方,3.85,zh,wordfreq,72,1.0
四日,3.45,zh,wordfreq,72,1.0
四月,4.37,zh,wordfreq,53,1.0
四条,3.65,zh,wordfreq,49,1.0
四次,3.73,zh,wordfreq,66,1.0
四海,3.63,zh,wordfreq,57,1.0
四点,3.87,zh,wordfreq,96,1.0
四百,3.63,zh,wordfreq,43,1.0
四种,3.81,zh,wordfreq,61,1.0
四级,3.83,zh,wordfreq,62,1.0
四肢,3.7,zh,wordfreq,33,1.0
四面,3.61,zh,wordfreq,88,1.0
四项,3.7,zh,wordfreq,52,1.0
回乡,3.63,zh,wordfreq,42,1.0
回事,4.2,zh,wordfreq,91,1.0
回信,3.52,zh,wordfreq,58,1.0
回击,3.51,zh,wordfreq,61,1.0
回到,5.11,zh,wordfreq,87,1.0
回升,3.81,zh,wordfreq,41,1.0
回去,4.72,zh,wordfreq,55,1.0
回合,4.03,zh,wordfreq,63,1.0
回味,3.34,zh,wordfreq,50,1.0
回响,3.33,zh,wordfreq,41,1.0
回国,4.55,zh,wordfreq,90,1.0
回声,3.52,zh,wordfreq,63,1.0
回复,4.23,zh,wordfreq,45,1.0
回头,4.43,zh,wordfreq,108,1.0
回家,5.06,zh,wordfreq,104,1.0
回应,4.73,zh,wordfreq,49,1.0
回归,4.62,zh,wordfreq,36,1.0
回忆,4.67,zh,wordfreq,37,1.0
回忆录,3.81,zh,wordfreq,0,1.95
回想,3.91,zh,wordfreq,58,1.0
回扣,3.51,zh,wordfreq,36,1.0
回报,4.48,zh,wordfreq,67,1.0
回收,4.37,zh,wordfreq,45,1.0
回族,3.99,zh,wordfreq,53,1.0
回来,5.23,zh,wordfreq,89,1.0
回流,3.56,zh,wordfreq,60,1.0
回答,5.04,zh,wordfreq,38,1.0
回老家,3.35,zh,wordfreq,0,1.9
回落,3.74,zh,wordfreq,61,1.0
回覆,3.61,zh,wordfreq,37,1.0
回购,3.42,zh,wordfreq,45,1.0
回路,3.5,zh,wordfreq,70,1.0
回转,3.46,zh,wordfreq,48,1.0
回避,4.13,zh,wordfreq,38,1.0
回音,3.46,zh,wordfreq,53,1.0
回顾,4.49,zh,wordfreq,40,1.0
回馈,3.74,zh,wordfreq,36,1.0
回首,3.39,zh,wordfreq,44,1.0
因为,6.11,zh,wordfreq,50,1.0
因在,4.6,zh,wordfreq,28,1.0
因子,3.79,zh,wordfreq,179,1.0
因应,4.03,zh,wordfreq,21,1.0
因果,3.72,zh,wordfreq,23,1.0
因此,5.66,zh,wordfreq,21,1.0
因涉嫌,3.48,zh,wordfreq,0,2.15
因特网,3.62,zh,wordfreq,0,2.0
因素,4.98,zh,wordfreq,15,1.25
因而,4.84,zh,wordfreq,15,1.25
团伙,3.76,zh,wordfreq,14,1.3
团体,5.12,zh,wordfreq,59,1.0
团员,3.85,zh,wordfreq,32,1.0
团圆,3.57,zh,wordfreq,12,1.4
团结,4.92,zh,wordfreq,23,1.0
团聚,3.79,zh,wordfreq,14,1.3
团购,3.46,zh,wordfreq,18,1.1
团长,4.07,zh,wordfreq,77,1.0
团队,5.03,zh,wordfreq,36,1.0
园内,3.44,zh,wordfreq,28,1.0
园区,4.21,zh,wordfreq,47,1.0
园地,3.33,zh,wordfreq,69,1.0
园林,3.9,zh,wordfreq,23,1.0
园艺,3.55,zh,wordfreq,13,1.35
困境,4.32,zh,wordfreq,22,1.0
困惑,4.08,zh,wordfreq,7,1.65
困扰,4.3,zh,wordfreq,7,1.65
困苦,3.37,zh,wordfreq,12,1.4
困难,5.1,zh,wordfreq,21,1.0
围住,3.33,zh,wordfreq,34,1.0
围剿,3.78,zh,wordfreq,12,1.4
围困,3.47,zh,wordfreq,14,1.3
围城,3.63,zh,wordfreq,36,1.0
围堵,3.32,zh,wordfreq,12,1.4
围墙,3.97,zh,wordfreq,16,1.2
围巾,3.46,zh,wordfreq,15,1.25
围攻,3.97,zh,wordfreq,16,1.2
围栏,3.52,zh,wordfreq,14,1.3
围棋,3.71,zh,wordfreq,13,1.35
围着,3.67,zh,wordfreq,49,1.0
围绕,4.65,zh,wordfreq,14,1.3
围观,3.61,zh,wordfreq,33,1.0
固体,3.9,zh,wordfreq,58,1.0
固化,3.32,zh,wordfreq,47,1.0
固守,3.44,zh,wordfreq,18,1.1
固定,4.74,zh,wordfreq,59,1.0
固态,3.57,zh,wordfreq,21,1.0
固执,3.86,zh,wordfreq,9,1.55
固有,3.85,zh,wordfreq,76,1.0
固然,4.09,zh,wordfreq,35,1.0
国事,3.46,zh,wordfreq,97,1.0
国产,4.35,zh,wordfreq,66,1.0
国人,4.18,zh,wordfreq,181,1.0
国企,3.89,zh,wordfreq,42,1.0
国会,4.77,zh,wordfreq,93,1.0
国债,3.83,zh,wordfreq,45,1.0
国共,4.04,zh,wordfreq,47,1.0
国内,5.55,zh,wordfreq,65,1.0
国内外,4.42,zh,wordfreq,1,1.8
国军,3.97,zh,wordfreq,71,1.0
国力,3.68,zh,wordfreq,112,1.0
国务,3.77,zh,wordfreq,64,1.0
国务卿,4.14,zh,wordfreq,1,1.9
国务院,5.11,zh,wordfreq,1,1.9
国史,3.34,zh,wordfreq,47,1.0
国名,3.46,zh,wordfreq,108,1.0
国土,4.33,zh,wordfreq,52,1.0
国境,3.63,zh,wordfreq,59,1.0
国外,5.08,zh,wordfreq,72,1.0
国学,3.45,zh,wordfreq,78,1.0
国安,3.95,zh,wordfreq,57,1.0
国宝,3.66,zh,wordfreq,48,1.0
国家,6.25,zh,wordfreq,110,1.0
国家级,4.18,zh,wordfreq,1,1.9
国家队,4.14,zh,wordfreq,1,1.9
国庆,3.83,zh,wordfreq,48,1.0
国庆日,3.45,zh,wordfreq,0,1.95
国库,3.75,zh,wordfreq,50,1.0
国度,4.06,zh,wordfreq,89,1.0
国徽,3.43,zh,wordfreq,42,1.0
国情,4.05,zh,wordfreq,85,1.0
国旗,4.32,zh,wordfreq,43,1.0
国有,4.55,zh,wordfreq,110,1.0
国有化,3.4,zh,wordfreq,2,1.85
国歌,3.81,zh,wordfreq,48,1.0
国民,4.95,zh,wordfreq,70,1.0
国民党,4.95,zh,wordfreq,2,1.85
国父,3.46,zh,wordfreq,51,1.0
国王,4.89,zh,wordfreq,53,1.0
国画,3.33,zh,wordfreq,54,1.0
国界,3.68,zh,wordfreq,55,1.0
国立,3.98,zh,wordfreq,62,1.0
国策,3.4,zh,wordfreq,44,1.0
国籍,4.32,zh,wordfreq,48,1.0
国营,4.31,zh,wordfreq,54,1.0
国语,4.3,zh,wordfreq,70,1.0
国资委,3.47,zh,wordfreq,0,2.0
国道,3.78,zh,wordfreq,81,1.0
国门,3.56,zh,wordfreq,86,1.0
国防,4.59,zh,wordfreq,47,1.0
国防部,4.12,zh,wordfreq,0,1.95
国际,5.89,zh,wordfreq,49,1.0
国际化,3.96,zh,wordfreq,3,1.8
国际性,3.56,zh,wordfreq,2,1.85
国际法,4.01,zh,wordfreq,2,1.85
图中,3.44,zh,wordfreq,66,1.0
图为,3.45,zh,wordfreq,61,1.0
图书,4.34,zh,wordfreq,43,1.0
图书馆,4.66,zh,wordfreq,0,1.95
图像,4.44,zh,wordfreq,37,1.0
图库,4.0,zh,wordfreq,27,1.0
图形,4.04,zh,wordfreq,37,1.0
图文,3.88,zh,wordfreq,62,1.0
图标,3.59,zh,wordfreq,31,1.0
图样,3.5,zh,wordfreq,38,1.0
图案,4.32,zh,wordfreq,45,1.0
图片,5.36,zh,wordfreq,43,1.0
图画,3.77,zh,wordfreq,31,1.0
图纸,3.73,zh,wordfreq,23,1.0
图腾,3.53,zh,wordfreq,20,1.0
图表,4.03,zh,wordfreq,28,1.0
图解,3.43,zh,wordfreq,40,1.0
图说,3.5,zh,wordfreq,48,1.0
图谋,3.54,zh,wordfreq,25,1.0
图集,3.69,zh,wordfreq,40,1.0
圆圆,3.6,zh,wordfreq,8,1.6
圆圈,3.57,zh,wordfreq,5,1.75
圆形,3.96,zh,wordfreq,23,1.0
圆满,4.03,zh,wordfreq,19,1.05
圆环,3.49,zh,wordfreq,10,1.5
圈套,3.49,zh,wordfreq,11,1.45
圈子,3.9,zh,wordfreq,174,1.0
圈里,3.56,zh,wordfreq,47,1.0
土匪,3.72,zh,wordfreq,8,1.6
土司,3.62,zh,wordfreq,12,1.4
土地,5.26,zh,wordfreq,72,1.0
土壤,4.38,zh,wordfreq,9,1.55
土改,3.5,zh,wordfreq,12,1.4
土耳其,4.62,zh,wordfreq,0,2.05
土著,3.65,zh,wordfreq,18,1.1
土豆,4.08,zh,wordfreq,12,1.4
土豪,3.48,zh,wordfreq,9,1.55
圣人,4.06,zh,wordfreq,151,1.0
圣保罗,3.65,zh,wordfreq,0,1.95
圣地,4.0,zh,wordfreq,76,1.0
圣徒,3.39,zh,wordfreq,20,1.0
圣战,3.59,zh,wordfreq,50,1.0
圣殿,3.71,zh,wordfreq,13,1.35
圣母,4.03,zh,wordfreq,22,1.0
圣水,3.37,zh,wordfreq,57,1.0
圣洁,3.4,zh,wordfreq,16,1.2
圣火,3.48,zh,wordfreq,33,1.0
圣灵,3.61,zh,wordfreq,18,1.1
圣经,4.4,zh,wordfreq,27,1.0
圣诞,4.03,zh,wordfreq,12,1.3
圣诞树,3.35,zh,wordfreq,1,1.9
圣诞节,4.16,zh,wordfreq,1,1.9
在世,3.79,zh,wordfreq,41,1.0
在乎,4.35,zh,wordfreq,24,1.0
在于,5.14,zh,wordfreq,67,1.0
在位,3.73,zh,wordfreq,62,1.0
在内,4.57,zh,wordfreq,40,1.0
在场,4.32,zh,wordfreq,69,1.0
在外,4.19,zh,wordfreq,47,1.0
在家,4.64,zh,wordfreq,85,1.0
在座,3.52,zh,wordfreq,30,1.0
在建,3.56,zh,wordfreq,34,1.0
在意,4.34,zh,wordfreq,65,1.0
在手,3.64,zh,wordfreq,74,1.0
在校,3.83,zh,wordfreq,31,1.0
在线,4.79,zh,wordfreq,56,1.0
在职,3.96,zh,wordfreq,35,1.0
在读,3.59,zh,wordfreq,24,1.0
在野,3.5,zh,wordfreq,23,1.0
圭亚那,3.32,zh,wordfreq,0,2.0
地上,4.63,zh,wordfreq,121,1.0
地下,4.65,zh,wordfreq,116,1.0
地下室,3.75,zh,wordfreq,1,1.9
地下水,3.89,zh,wordfreq,1,1.85
地中海,4.03,zh,wordfreq,0,2.0
地为,4.98,zh,wordfreq,91,1.0
地主,4.21,zh,wordfreq,69,1.0
地产,4.48,zh,wordfreq,73,1.0
地价,3.35,zh,wordfreq,79,1.0
地位,5.05,zh,wordfreq,94,1.0
地势,3.74,zh,wordfreq,70,1.0
地区,5.89,zh,wordfreq,91,1.0
地去,3.51,zh,wordfreq,68,1.0
地名,3.77,zh,wordfreq,115,1.0
地向,3.56,zh,wordfreq,82,1.0
地图,4.84,zh,wordfreq,65,1.0
地址,4.8,zh,wordfreq,53,1.0
地块,3.33,zh,wordfreq,60,1.0
地域,4.32,zh,wordfreq,56,1.0
地基,3.47,zh,wordfreq,53,1.0
地壳,3.45,zh,wordfreq,50,1.0
地处,3.96,zh,wordfreq,80,1.0
地层,3.73,zh,wordfreq,69,1.0
地带,4.36,zh,wordfreq,69,1.0
地平线,3.58,zh,wordfreq,0,2.0
地底,3.36,zh,wordfreq,59,1.0
地形,4.05,zh,wordfreq,67,1.0
地想,3.32,zh,wordfreq,71,1.0
地方,5.82,zh,wordfreq,88,1.0
地方性,3.4,zh,wordfreq,0,1.95
地板,4.14,zh,wordfreq,63,1.0
地标,3.56,zh,wordfreq,61,1.0
地步,4.13,zh,wordfreq,65,1.0
地段,3.64,zh,wordfreq,59,1.0
地毯,3.84,zh,wordfreq,48,1.0
地点,4.84,zh,wordfreq,112,1.0
地狱,4.52,zh,wordfreq,54,1.0
地球,5.01,zh,wordfreq,71,1.0
地理,4.79,zh,wordfreq,89,1.0
地理学,3.47,zh,wordfreq,4,1.7
地皮,3.35,zh,wordfreq,55,1.0
地盘,3.96,zh,wordfreq,63,1.0
地租,3.68,zh,wordfreq,50,1.0
地级市,3.34,zh,wordfreq,1,1.95
地缘,3.59,zh,wordfreq,53,1.0
地表,3.9,zh,wordfreq,58,1.0
地被,3.81,zh,wordfreq,49,1.0
地说,4.16,zh,wordfreq,78,1.0
地貌,3.72,zh,wordfreq,56,1.0
地质,4.46,zh,wordfreq,70,1.0
地道,3.78,zh,wordfreq,88,1.0
地里,3.34,zh,wordfreq,93,1.0
地铁,4.72,zh,wordfreq,51,1.0
地铁站,3.96,zh,wordfreq,0,1.95
地雷,3.81,zh,wordfreq,53,1.0
地震,4.85,zh,wordfreq,49,1.0
地面,4.62,zh,wordfreq,104,1.0
场上,3.87,zh,wordfreq,82,1.0
场内,3.45,zh,wordfreq,33,1.0
场合,4.41,zh,wordfreq,37,1.0
场地,4.23,zh,wordfreq,74,1.0
场外,3.43,zh,wordfreq,40,1.0
场所,4.61,zh,wordfreq,20,1.0
场景,4.56,zh,wordfreq,21,1.0
场次,3.57,zh,wordfreq,43,1.0
场面,4.23,zh,wordfreq,65,1.0
场馆,3.82,zh,wordfreq,17,1.15
均匀,3.87,zh,wordfreq,1,1.95
均衡,4.04,zh,wordfreq,6,1.7
坍塌,3.51,zh,wordfreq,2,1.9
坏事,4.18,zh,wordfreq,61,1.0
坏人,4.24,zh,wordfreq,145,1.0
坏处,3.54,zh,wordfreq,37,1.0
坏掉,3.32,zh,wordfreq,23,1.0
坏消息,3.77,zh,wordfreq,1,1.9
坏蛋,3.7,zh,wordfreq,12,1.4
坏话,3.55,zh,wordfreq,33,1.0
坐下,4.17,zh,wordfreq,73,1.0
坐在,4.75,zh,wordfreq,26,1.0
坐标,4.06,zh,wordfreq,18,1.1
坐牢,4.02,zh,wordfreq,6,1.7
坐落,3.63,zh,wordfreq,31,1.0
坐车,3.44,zh,wordfreq,53,1.0
块钱,3.79,zh,wordfreq,24,1.0
坚信,4.02,zh,wordfreq,35,1.0
坚决,4.71,zh,wordfreq,21,1.0
坚固,3.87,zh,wordfreq,18,1.1
坚守,4.04,zh,wordfreq,23,1.0
坚定,4.43,zh,wordfreq,64,1.0
坚实,3.89,zh,wordfreq,37,1.0
坚强,4.44,zh,wordfreq,26,1.0
坚持,5.27,zh,wordfreq,22,1.0
坚果,3.55,zh,wordfreq,28,1.0
坚毅,3.36,zh,wordfreq,13,1.35
坚硬,3.62,zh,wordfreq,15,1.25
坚称,3.38,zh,wordfreq,42,1.0
坚韧,3.45,zh,wordfreq,12,1.4
坟墓,3.9,zh,wordfreq,4,1.8
坠入,3.65,zh,wordfreq,64,1.0
坠机,3.63,zh,wordfreq,43,1.0
坠毁,3.96,zh,wordfreq,13,1.35
坠落,3.84,zh,wordfreq,29,1.0
坦克,4.55,zh,wordfreq,38,1.0
坦然,3.4,zh,wordfreq,33,1.0
坦率,3.53,zh,wordfreq,21,1.0
坦白,3.76,zh,wordfreq,21,1.0
坦言,3.56,zh,wordfreq,32,1.0
坦诚,3.79,zh,wordfreq,8,1.6
垂死,3.32,zh,wordfreq,26,1.0
垂直,4.13,zh,wordfreq,4,1.8
垃圾,4.74,zh,wordfreq,0,1.9
垃圾堆,3.36,zh,wordfreq,1,2.65
垃圾桶,3.66,zh,wordfreq,1,2.75
垄断,4.48,zh,wordfreq,17,1.15
型号,4.27,zh,wordfreq,32,1.0
型式,3.52,zh,wordfreq,22,1.0
型态,3.76,zh,wordfreq,16,1.2
垫底,3.33,zh,wordfreq,11,1.45
垮台,3.75,zh,wordfreq,27,1.0
埃及,4.61,zh,wordfreq,13,1.35
埃里克,3.42,zh,wordfreq,0,1.95
埋伏,3.63,zh,wordfreq,5,1.75
埋怨,3.68,zh,wordfreq,5,1.75
埋葬,3.89,zh,wordfreq,8,1.6
埋藏,3.44,zh,wordfreq,15,1.25
城中,3.65,zh,wordfreq,64,1.0
城乡,4.38,zh,wordfreq,23,1.0
城内,3.8,zh,wordfreq,40,1.0
城北,3.42,zh,wordfreq,27,1.0
城区,4.29,zh,wordfreq,59,1.0
城南,3.45,zh,wordfreq,35,1.0
城堡,4.3,zh,wordfreq,18,1.1
城墙,4.05,zh,wordfreq,20,1.0
城外,3.64,zh,wordfreq,47,1.0
城市,5.64,zh,wordfreq,33,1.0
城市化,3.46,zh,wordfreq,0,1.95
城池,3.43,zh,wordfreq,20,1.0
城管,3.71,zh,wordfreq,34,1.0
城邦,3.63,zh,wordfreq,18,1.1
城郊,3.39,zh,wordfreq,18,1.1
城里,4.13,zh,wordfreq,61,1.0
城镇,4.86,zh,wordfreq,24,1.0
城门,3.77,zh,wordfreq,61,1.0
域名,4.28,zh,wordfreq,67,1.0
培养,4.91,zh,wordfreq,18,1.1
培根,3.46,zh,wordfreq,11,1.45
培育,4.32,zh,wordfreq,11,1.45
培训,4.94,zh,wordfreq,7,1.6
培训班,3.77,zh,wordfreq,0,2.0
基于,4.83,zh,wordfreq,69,1.0
基准,3.85,zh,wordfreq,30,1.0
基因,4.48,zh,wordfreq,25,1.0
基地,5.05,zh,wordfreq,83,1.0
基尔,3.48,zh,wordfreq,62,1.0
基层,4.55,zh,wordfreq,39,1.0
基座,3.45,zh,wordfreq,32,1.0
基建,3.65,zh,wordfreq,36,1.0
基德,3.43,zh,wordfreq,46,1.0
基数,3.74,zh,wordfreq,49,1.0
基本,5.35,zh,wordfreq,39,1.0
基本上,4.55,zh,wordfreq,1,1.9
基本法,3.85,zh,wordfreq,1,1.9
基点,3.39,zh,wordfreq,82,1.0
基督,4.22,zh,wordfreq,22,1.0
基督徒,4.29,zh,wordfreq,1,1.9
基督教,4.63,zh,wordfreq,1,1.9
基石,3.63,zh,wordfreq,29,1.0
基础,5.4,zh,wordfreq,18,1.1
基调,3.54,zh,wordfreq,39,1.0
基辅,3.79,zh,wordfreq,18,1.1
基金,4.99,zh,wordfreq,36,1.0
基金会,4.29,zh,wordfreq,0,1.95
基隆,3.5,zh,wordfreq,22,1.0
堂堂,3.32,zh,wordfreq,12,1.4
堆积,3.76,zh,wordfreq,5,1.75
堕入,3.35,zh,wordfreq,63,1.0
堕胎,3.84,zh,wordfreq,5,1.75
堕落,4.11,zh,wordfreq,28,1.0
堡垒,3.87,zh,wordfreq,1,1.95
堪称,3.81,zh,wordfreq,30,1.0
堵住,3.49,zh,wordfreq,23,1.0
堵塞,3.77,zh,wordfreq,5,1.75
塑像,3.7,zh,wordfreq,22,1.0
塑料,4.16,zh,wordfreq,26,1.0
塑料袋,3.49,zh,wordfreq,0,1.95
塑胶,3.72,zh,wordfreq,4,1.8
塑造,4.13,zh,wordfreq,19,1.05
塔克,3.87,zh,wordfreq,36,1.0
塔利班,3.63,zh,wordfreq,0,2.0
塔尔,3.41,zh,wordfreq,47,1.0
塔拉,3.43,zh,wordfreq,35,1.0
塔楼,3.32,zh,wordfreq,14,1.3
塞尔,3.54,zh,wordfreq,49,1.0
塞拉,3.49,zh,wordfreq,37,1.0
塞斯,3.35,zh,wordfreq,47,1.0
塞满,3.44,zh,wordfreq,20,1.0
塞车,3.66,zh,wordfreq,53,1.0
塞进,3.36,zh,wordfreq,31,1.0
填充,3.53,zh,wordfreq,7,1.65
填写,4.01,zh,wordfreq,16,1.2
填报,3.57,zh,wordfreq,36,1.0
填满,3.56,zh,wordfreq,19,1.05
填补,4.06,zh,wordfreq,10,1.5
境内,4.95,zh,wordfreq,29,1.0
境况,3.45,zh,wordfreq,14,1.3
境地,3.77,zh,wordfreq,70,1.0
境外,4.37,zh,wordfreq,36,1.0
境界,4.26,zh,wordfreq,19,1.05
境遇,3.44,zh,wordfreq,10,1.5
墓园,3.63,zh,wordfreq,13,1.35
墓地,4.1,zh,wordfreq,68,1.0
墓碑,3.65,zh,wordfreq,5,1.75
墓葬,3.51,zh,wordfreq,8,1.6
墙上,4.2,zh,wordfreq,75,1.0
墙壁,4.02,zh,wordfreq,5,1.75
墙面,3.52,zh,wordfreq,58,1.0
增产,3.85,zh,wordfreq,47,1.0
增值,3.88,zh,wordfreq,37,1.0
增值税,3.59,zh,wordfreq,0,1.95
增加,5.41,zh,wordfreq,36,1.0
增加值,3.49,zh,wordfreq,0,1.9
增压,3.35,zh,wordfreq,34,1.0
增发,3.36,zh,wordfreq,70,1.0
增多,4.18,zh,wordfreq,38,1.0
增大,3.95,zh,wordfreq,78,1.0
增幅,3.79,zh,wordfreq,29,1.0
增强,4.8,zh,wordfreq,36,1.0
增援,3.54,zh,wordfreq,27,1.0
增收,3.63,zh,wordfreq,32,1.0
增殖,3.55,zh,wordfreq,25,1.0
增添,4.02,zh,wordfreq,22,1.0
增生,3.47,zh,wordfreq,70,1.0
增至,4.09,zh,wordfreq,34,1.0
增补,3.51,zh,wordfreq,28,1.0
增设,4.17,zh,wordfreq,34,1.0
增资,3.5,zh,wordfreq,37,1.0
增进,4.17,zh,wordfreq,48,1.0
增速,3.66,zh,wordfreq,37,1.0
增量,3.42,zh,wordfreq,63,1.0
增长,5.33,zh,wordfreq,91,1.0
增长率,3.84,zh,wordfreq,0,1.95
增高,3.45,zh,wordfreq,37,1.0
墨尔本,3.89,zh,wordfreq,0,2.0
墨水,3.56,zh,wordfreq,47,1.0
墨西哥,4.68,zh,wordfreq,0,2.0
墨镜,3.48,zh,wordfreq,4,1.8
壁垒,3.62,zh,wordfreq,3,1.85
壁画,3.98,zh,wordfreq,15,1.25
壁纸,3.57,zh,wordfreq,7,1.65
士兵,4.77,zh,wordfreq,20,1.0
士大夫,3.4,zh,wordfreq,0,1.95
士官,3.54,zh,wordfreq,16,1.2
士气,3.7,zh,wordfreq,44,1.0
壮丽,3.48,zh,wordfreq,9,1.55
壮士,3.34,zh,wordfreq,32,1.0
壮大,4.06,zh,wordfreq,60,1.0
壮族,3.64,zh,wordfreq,22,1.0
壮观,3.84,zh,wordfreq,25,1.0
声乐,3.55,zh,wordfreq,24,1.0
声优,3.38,zh,wordfreq,13,1.35
声势,3.69,zh,wordfreq,32,1.0
声响,3.72,zh,wordfreq,16,1.2
声援,4.34,zh,wordfreq,15,1.25
声明,4.84,zh,wordfreq,41,1.0
声望,3.83,zh,wordfreq,31,1.0
声称,4.49,zh,wordfreq,40,1.0
声誉,4.03,zh,wordfreq,15,1.25
声调,3.56,zh,wordfreq,31,1.0
声音,5.24,zh,wordfreq,28,1.0
处事,3.33,zh,wordfreq,71,1.0
处于,4.93,zh,wordfreq,66,1.0
处以,3.92,zh,wordfreq,34,1.0
处决,4.1,zh,wordfreq,24,1.0
处分,4.21,zh,wordfreq,49,1.0
处在,4.1,zh,wordfreq,36,1.0
处境,4.25,zh,wordfreq,33,1.0
处处,4.15,zh,wordfreq,47,1.0
处女,4.12,zh,wordfreq,35,1.0
处所,3.32,zh,wordfreq,26,1.0
处方,3.66,zh,wordfreq,55,1.0
处死,3.94,zh,wordfreq,40,1.0
处理,5.44,zh,wordfreq,56,1.0
处理厂,3.4,zh,wordfreq,1,1.9
处理器,4.06,zh,wordfreq,1,1.9
处罚,4.43,zh,wordfreq,20,1.0
处置,4.34,zh,wordfreq,29,1.0
处长,4.03,zh,wordfreq,84,1.0
备份,3.77,zh,wordfreq,18,1.1
备受,4.02,zh,wordfreq,22,1.0
备忘录,3.94,zh,wordfreq,0,2.0
备战,3.61,zh,wordfreq,46,1.0
备有,3.43,zh,wordfreq,76,1.0
备案,4.15,zh,wordfreq,34,1.0
备注,3.57,zh,wordfreq,13,1.35
备用,3.87,zh,wordfreq,74,1.0
备考,3.44,zh,wordfreq,12,1.4
复习,4.01,zh,wordfreq,24,1.0
复仇,3.93,zh,wordfreq,17,1.15
复兴,4.29,zh,wordfreq,25,1.0
复出,3.61,zh,wordfreq,94,1.0
复制,4.32,zh,wordfreq,53,1.0
复印,3.42,zh,wordfreq,21,1.0
复印件,3.42,zh,wordfreq,0,1.95
复原,3.75,zh,wordfreq,24,1.0
复发,3.58,zh,wordfreq,64,1.0
复古,3.56,zh,wordfreq,22,1.0
复合,4.05,zh,wordfreq,44,1.0
复旦,3.44,zh,wordfreq,20,1.0
复杂,5.0,zh,wordfreq,19,1.0
复杂性,3.48,zh,wordfreq,0,1.95
复查,3.55,zh,wordfreq,32,1.0
复核,3.32,zh,wordfreq,20,1.0
复活,4.02,zh,wordfreq,27,1.0
复活节,3.68,zh,wordfreq,0,1.95
复苏,4.07,zh,wordfreq,17,1.15
复辟,3.65,zh,wordfreq,18,1.1
夏令营,3.5,zh,wordfreq,0,2.0
夏天,4.63,zh,wordfreq,50,1.0
夏威夷,3.95,zh,wordfreq,0,2.0
夏娃,3.39,zh,wordfreq,4,1.8
夏季,4.29,zh,wordfreq,11,1.45
夏日,3.91,zh,wordfreq,43,1.0
夏洛特,3.5,zh,wordfreq,0,1.95
夕阳,3.67,zh,wordfreq,17,1.15
外事,3.59,zh,wordfreq,108,1.0
外交,4.79,zh,wordfreq,68,1.0
外交官,4.01,zh,wordfreq,1,1.9
外交部,4.61,zh,wordfreq,1,1.85
外人,3.92,zh,wordfreq,192,1.0
外企,3.38,zh,wordfreq,53,1.0
外传,3.63,zh,wordfreq,61,1.0
外伤,3.36,zh,wordfreq,66,1.0
外侧,3.54,zh,wordfreq,61,1.0
外债,3.58,zh,wordfreq,56,1.0
外公,3.58,zh,wordfreq,59,1.0
外出,4.14,zh,wordfreq,130,1.0
外力,3.49,zh,wordfreq,123,1.0
外加,3.75,zh,wordfreq,66,1.0
外卖,3.66,zh,wordfreq,59,1.0
外号,3.7,zh,wordfreq,82,1.0
外商,3.71,zh,wordfreq,65,1.0
外围,4.37,zh,wordfreq,60,1.0
外国,5.14,zh,wordfreq,107,1.0
外国人,4.49,zh,wordfreq,7,1.5
外国语,3.56,zh,wordfreq,1,1.8
外地,4.07,zh,wordfreq,117,1.0
外墙,3.54,zh,wordfreq,56,1.0
外壳,3.75,zh,wordfreq,54,1.0
外头,3.76,zh,wordfreq,125,1.0
外套,3.89,zh,wordfreq,61,1.0
外婆,3.73,zh,wordfreq,54,1.0
外媒,3.33,zh,wordfreq,53,1.0
外币,3.43,zh,wordfreq,60,1.0
外形,3.93,zh,wordfreq,71,1.0
外挂,3.53,zh,wordfreq,54,1.0
外援,3.93,zh,wordfreq,57,1.0
外文,3.53,zh,wordfreq,96,1.0
外星,3.67,zh,wordfreq,78,1.0
外星人,4.13,zh,wordfreq,1,1.85
外来,4.3,zh,wordfreq,106,1.0
外汇,4.57,zh,wordfreq,55,1.0
外泄,3.55,zh,wordfreq,54,1.0
外流,3.65,zh,wordfreq,77,1.0
外海,3.49,zh,wordfreq,77,1.0
外滩,3.41,zh,wordfreq,54,1.0
外甥,3.4,zh,wordfreq,52,1.0
外界,4.47,zh,wordfreq,66,1.0
外科,3.88,zh,wordfreq,66,1.0
外籍,4.2,zh,wordfreq,59,1.0
外衣,3.66,zh,wordfreq,65,1.0
外表,4.17,zh,wordfreq,62,1.0
外观,4.23,zh,wordfreq,73,1.0
外语,4.07,zh,wordfreq,81,1.0
外貌,3.82,zh,wordfreq,60,1.0
外贸,4.27,zh,wordfreq,55,1.0
外资,4.38,zh,wordfreq,67,1.0
外边,3.45,zh,wordfreq,80,1.0
外遇,3.59,zh,wordfreq,57,1.0
外部,4.66,zh,wordfreq,98,1.0
外销,3.6,zh,wordfreq,67,1.0
外长,4.07,zh,wordfreq,121,1.0
外面,4.6,zh,wordfreq,108,1.0
多一些,3.42,zh,wordfreq,1,1.9
多一点,3.7,zh,wordfreq,3,1.75
多万,4.04,zh,wordfreq,72,1.0
多个,4.86,zh,wordfreq,94,1.0
多为,5.09,zh,wordfreq,100,1.0
多久,4.78,zh,wordfreq,66,1.0
多么,4.89,zh,wordfreq,63,1.0
多于,3.75,zh,wordfreq,108,1.0
多亏,3.64,zh,wordfreq,59,1.0
多人,4.4,zh,wordfreq,197,1.0
多伦多,4.08,zh,wordfreq,0,1.95
多位,4.01,zh,wordfreq,103,1.0
多余,4.09,zh,wordfreq,64,1.0
多元,4.54,zh,wordfreq,72,1.0
多元化,3.8,zh,wordfreq,1,1.9
多出,3.63,zh,wordfreq,135,1.0
多功能,3.71,zh,wordfreq,0,1.95
多加,3.37,zh,wordfreq,71,1.0
多半,4.09,zh,wordfreq,62,1.0
多变,3.56,zh,wordfreq,74,1.0
多名,4.28,zh,wordfreq,124,1.0
多地,3.32,zh,wordfreq,122,1.0
多处,3.88,zh,wordfreq,89,1.0
多多,4.0,zh,wordfreq,73,1.0
多大,4.14,zh,wordfreq,113,1.0
多天,3.41,zh,wordfreq,104,1.0
多夫,3.33,zh,wordfreq,74,1.0
多头,3.44,zh,wordfreq,130,1.0
多好,3.48,zh,wordfreq,95,1.0
多姆,3.44,zh,wordfreq,63,1.0
多媒体,4.03,zh,wordfreq,0,1.95
多家,4.24,zh,wordfreq,126,1.0
多寡,3.39,zh,wordfreq,57,1.0
多少,5.44,zh,wordfreq,66,1.0
多尔,3.66,zh,wordfreq,101,1.0
多层,3.42,zh,wordfreq,78,1.0
多岁,3.85,zh,wordfreq,70,1.0
多年,5.08,zh,wordfreq,119,1.0
多座,3.35,zh,wordfreq,71,1.0
多彩,3.61,zh,wordfreq,63,1.0
多情,3.39,zh,wordfreq,101,1.0
多所,3.61,zh,wordfreq,68,1.0
多数,5.05,zh,wordfreq,88,1.0
多斯,3.54,zh,wordfreq,99,1.0
多方,3.91,zh,wordfreq,97,1.0
多方面,3.73,zh,wordfreq,3,1.75
多日,4.95,zh,wordfreq,97,1.0
多月,3.72,zh,wordfreq,78,1.0
多有,5.12,zh,wordfreq,126,1.0
多条,3.73,zh,wordfreq,74,1.0
多样,4.19,zh,wordfreq,77,1.0
多样化,3.82,zh,wordfreq,2,1.85
多样性,3.84,zh,wordfreq,1,1.9
多次,4.84,zh,wordfreq,91,1.0
多点,3.65,zh,wordfreq,121,1.0
多用,3.62,zh,wordfreq,124,1.0
多种,4.64,zh,wordfreq,86,1.0
多米,3.45,zh,wordfreq,71,1.0
多维,3.34,zh,wordfreq,62,1.0
多谢,3.94,zh,wordfreq,60,1.0
多边,3.66,zh,wordfreq,85,1.0
多达,3.89,zh,wordfreq,71,1.0
多部,3.32,zh,wordfreq,103,1.0
多重,3.96,zh,wordfreq,88,1.0
多钱,3.58,zh,wordfreq,81,1.0
多长,3.67,zh,wordfreq,126,1.0
多项,4.19,zh,wordfreq,77,1.0
夜夜,3.93,zh,wordfreq,21,1.0
夜市,3.33,zh,wordfreq,25,1.0
夜店,3.63,zh,wordfreq,18,1.1
夜总会,3.47,zh,wordfreq,0,1.95
夜晚,4.27,zh,wordfreq,17,1.15
夜景,3.48,zh,wordfreq,20,1.0
夜生活,3.44,zh,wordfreq,2,1.85
夜空,3.55,zh,wordfreq,27,1.0
夜色,3.43,zh,wordfreq,45,1.0
夜里,3.96,zh,wordfreq,53,1.0
夜间,4.22,zh,wordfreq,30,1.0
大丈夫,3.32,zh,wordfreq,0,1.9
大不了,3.72,zh,wordfreq,5,1.7
大专,3.89,zh,wordfreq,178,1.0
大业,3.78,zh,wordfreq,211,1.0
大中型,3.42,zh,wordfreq,0,1.9
大为,5.1,zh,wordfreq,220,1.0
大主教,3.5,zh,wordfreq,1,1.9
大举,3.6,zh,wordfreq,186,1.0
大乱,3.56,zh,wordfreq,193,1.0
大事,4.51,zh,wordfreq,233,1.0
大事记,3.62,zh,wordfreq,0,1.95
大于,4.24,zh,wordfreq,228,1.0
大亨,3.63,zh,wordfreq,177,1.0
大人,4.56,zh,wordfreq,317,1.0
大人物,3.53,zh,wordfreq,1,1.85
大众,4.78,zh,wordfreq,188,1.0
大伙,3.74,zh,wordfreq,183,1.0
大伙儿,3.51,zh,wordfreq,0,1.95
大会,5.09,zh,wordfreq,229,1.0
大体,4.13,zh,wordfreq,228,1.0
大作,3.7,zh,wordfreq,208,1.0
大佬,3.53,zh,wordfreq,177,1.0
大使,4.64,zh,wordfreq,190,1.0
大使馆,4.27,zh,wordfreq,0,1.9
大侠,3.33,zh,wordfreq,178,1.0
大便,3.77,zh,wordfreq,187,1.0
大修,3.4,zh,wordfreq,186,1.0
大儿子,3.36,zh,wordfreq,0,1.95
大全,3.68,zh,wordfreq,184,1.0
大公,3.49,zh,wordfreq,184,1.0
大关,3.46,zh,wordfreq,194,1.0
大兴,3.51,zh,wordfreq,186,1.0
大兵,3.55,zh,wordfreq,195,1.0
大典,3.56,zh,wordfreq,188,1.0
大写,3.32,zh,wordfreq,189,1.0
大军,3.93,zh,wordfreq,207,1.0
大刀,3.37,zh,wordfreq,184,1.0
大利,3.53,zh,wordfreq,220,1.0
大力,4.45,zh,wordfreq,248,1.0
大势,3.44,zh,wordfreq,199,1.0
大区,3.45,zh,wordfreq,220,1.0
大半,3.51,zh,wordfreq,182,1.0
大卫,4.23,zh,wordfreq,187,1.0
大厅,4.46,zh,wordfreq,181,1.0
大厦,4.38,zh,wordfreq,177,1.0
大发,3.64,zh,wordfreq,225,1.0
大叔,4.1,zh,wordfreq,178,1.0
大叫,3.9,zh,wordfreq,181,1.0
大同,3.82,zh,wordfreq,194,1.0
大名,3.75,zh,wordfreq,244,1.0
大哥,4.42,zh,wordfreq,185,1.0
大哭,3.65,zh,wordfreq,178,1.0
大唐,3.73,zh,wordfreq,179,1.0
大喊,3.76,zh,wordfreq,181,1.0
大喜,3.37,zh,wordfreq,182,1.0
大国,4.26,zh,wordfreq,232,1.0
大圣,3.42,zh,wordfreq,179,1.0
大地,4.33,zh,wordfreq,242,1.0
大块,3.65,zh,wordfreq,189,1.0
大坝,3.66,zh,wordfreq,178,1.0
大型,5.01,zh,wordfreq,198,1.0
大城,3.68,zh,wordfreq,201,1.0
大城市,4.11,zh,wordfreq,2,1.8
大堂,3.44,zh,wordfreq,189,1.0
大增,3.69,zh,wordfreq,181,1.0
大声,4.47,zh,wordfreq,205,1.0
大多,4.77,zh,wordfreq,193,1.0
大多数,4.83,zh,wordfreq,0,1.9
大大,4.68,zh,wordfreq,233,1.0
大大的,3.74,zh,wordfreq,0,1.95
大夫,4.18,zh,wordfreq,194,1.0
大头,3.73,zh,wordfreq,250,1.0
大奖,4.46,zh,wordfreq,185,1.0
大奖赛,3.55,zh,wordfreq,0,1.9
大奶,3.42,zh,wordfreq,181,1.0
大好,3.72,zh,wordfreq,215,1.0
大妈,4.07,zh,wordfreq,185,1.0
大姐,3.95,zh,wordfreq,182,1.0
大婶,3.41,zh,wordfreq,178,1.0
大嫂,3.52,zh,wordfreq,177,1.0
大字,3.69,zh,wordfreq,190,1.0
大学,5.62,zh,wordfreq,214,1.0
大学士,3.55,zh,wordfreq,1,1.85
大学生,4.8,zh,wordfreq,4,1.7
大宗,3.84,zh,wordfreq,181,1.0
大家,5.6,zh,wordfreq,246,1.0
大家庭,3.58,zh,wordfreq,0,1.9
大将,3.89,zh,wordfreq,190,1.0
大将军,3.66,zh,wordfreq,0,1.85
大小,4.79,zh,wordfreq,195,1.0
大局,3.96,zh,wordfreq,195,1.0
大展,3.32,zh,wordfreq,190,1.0
大屠杀,3.95,zh,wordfreq,0,1.95
大山,3.52,zh,wordfreq,213,1.0
大岛,3.39,zh,wordfreq,188,1.0
大峡谷,3.4,zh,wordfreq,0,1.95
大巴,3.53,zh,wordfreq,187,1.0
大师,4.73,zh,wordfreq,196,1.0
大帝,3.81,zh,wordfreq,180,1.0
大幅,4.56,zh,wordfreq,184,1.0
大幅度,3.91,zh,wordfreq,0,1.9
大庆,3.69,zh,wordfreq,184,1.0
大意,3.55,zh,wordfreq,226,1.0
大戏,3.36,zh,wordfreq,183,1.0
大成,3.59,zh,wordfreq,220,1.0
大战,4.62,zh,wordfreq,216,1.0
大户,3.75,zh,wordfreq,193,1.0
大批,4.62,zh,wordfreq,182,1.0
大抵,3.48,zh,wordfreq,177,1.0
大拇指,3.4,zh,wordfreq,0,1.95
大方,3.81,zh,wordfreq,217,1.0
大旗,3.43,zh,wordfreq,179,1.0
大明,3.62,zh,wordfreq,208,1.0
大有,5.13,zh,wordfreq,246,1.0
大本营,3.78,zh,wordfreq,0,2.0
大权,3.56,zh,wordfreq,208,1.0
大树,3.65,zh,wordfreq,179,1.0
大桥,4.49,zh,wordfreq,182,1.0
大楼,4.64,zh,wordfreq,188,1.0
大概,4.88,zh,wordfreq,179,1.0
大殿,3.59,zh,wordfreq,179,1.0
大气,4.33,zh,wordfreq,219,1.0
大气层,3.57,zh,wordfreq,0,1.95
大水,3.37,zh,wordfreq,223,1.0
大汉,3.66,zh,wordfreq,182,1.0
大江,3.57,zh,wordfreq,187,1.0
大河,3.59,zh,wordfreq,190,1.0
大法,3.6,zh,wordfreq,223,1.0
大洋,3.76,zh,wordfreq,183,1.0
大洋洲,3.43,zh,wordfreq,0,1.9
大洲,3.41,zh,wordfreq,185,1.0
大浪,3.32,zh,wordfreq,183,1.0
大海,4.14,zh,wordfreq,202,1.0
大涨,3.45,zh,wordfreq,180,1.0
大清,3.84,zh,wordfreq,187,1.0
大湖,3.38,zh,wordfreq,182,1.0
大潮,3.42,zh,wordfreq,185,1.0
大火,4.2,zh,wordfreq,199,1.0
大炮,3.9,zh,wordfreq,183,1.0
大熊猫,3.55,zh,wordfreq,0,1.95
大爷,4.12,zh,wordfreq,181,1.0
大片,4.21,zh,wordfreq,202,1.0
大牌,3.51,zh,wordfreq,192,1.0
大猩猩,3.43,zh,wordfreq,0,1.95
大王,4.01,zh,wordfreq,189,1.0
大理,3.93,zh,wordfreq,218,1.0
大理寺,3.36,zh,wordfreq,1,1.9
大理石,3.62,zh,wordfreq,1,1.85
大病,3.41,zh,wordfreq,189,1.0
大白,3.56,zh,wordfreq,193,1.0
大盗,3.34,zh,wordfreq,181,1.0
大盘,3.59,zh,wordfreq,192,1.0
大石,3.5,zh,wordfreq,188,1.0
大礼,3.32,zh,wordfreq,185,1.0
大神,3.96,zh,wordfreq,188,1.0
大笑,3.79,zh,wordfreq,189,1.0
大笔,3.56,zh,wordfreq,182,1.0
大米,3.98,zh,wordfreq,191,1.0
大红,3.34,zh,wordfreq,185,1.0
大约,4.9,zh,wordfreq,197,1.0
大纲,4.01,zh,wordfreq,177,1.0
大维,3.36,zh,wordfreq,182,1.0
大肆,3.88,zh,wordfreq,178,1.0
大胆,4.49,zh,wordfreq,177,1.0
大胜,3.81,zh,wordfreq,187,1.0
大脑,4.4,zh,wordfreq,181,1.0
大腿,3.97,zh,wordfreq,181,1.0
大臣,4.51,zh,wordfreq,179,1.0
大自然,4.05,zh,wordfreq,1,1.9
大致,4.36,zh,wordfreq,188,1.0
大船,3.45,zh,wordfreq,188,1.0
大蒜,3.35,zh,wordfreq,177,1.0
大街,4.43,zh,wordfreq,179,1.0
大衣,3.57,zh,wordfreq,190,1.0
大西洋,4.12,zh,wordfreq,0,1.9
大观,3.38,zh,wordfreq,198,1.0
大规模,4.75,zh,wordfreq,1,1.9
大话,3.32,zh,wordfreq,205,1.0
大豆,3.84,zh,wordfreq,182,1.0
大象,4.02,zh,wordfreq,193,1.0
大败,3.57,zh,wordfreq,188,1.0
大赛,4.5,zh,wordfreq,187,1.0
大赦,3.36,zh,wordfreq,178,1.0
大跃进,3.4,zh,wordfreq,0,2.0
大跌,3.43,zh,wordfreq,179,1.0
大路,3.47,zh,wordfreq,212,1.0
大连,4.5,zh,wordfreq,183,1.0
大连市,3.87,zh,wordfreq,2,1.85
大选,4.54,zh,wordfreq,200,1.0
大通,3.57,zh,wordfreq,201,1.0
大道,4.65,zh,wordfreq,217,1.0
大部,3.56,zh,wordfreq,223,1.0
大部份,3.98,zh,wordfreq,1,1.85
大部分,4.95,zh,wordfreq,3,1.75
大都,4.28,zh,wordfreq,181,1.0
大都会,3.6,zh,wordfreq,1,1.85
大都市,3.57,zh,wordfreq,4,1.7
大酒店,3.63,zh,wordfreq,0,1.95
大量,5.25,zh,wordfreq,218,1.0
大钱,3.34,zh,wordfreq,201,1.0
大门,4.44,zh,wordfreq,222,1.0
大队,4.31,zh,wordfreq,205,1.0
大队长,3.33,zh,wordfreq,0,1.9
大阪,3.82,zh,wordfreq,177,1.0
大陆,5.21,zh,wordfreq,180,1.0
大院,3.5,zh,wordfreq,195,1.0
大雨,4.07,zh,wordfreq,183,1.0
大雪,3.39,zh,wordfreq,182,1.0
大面积,3.67,zh,wordfreq,1,1.9
大革命,3.76,zh,wordfreq,1,1.9
大风,3.7,zh,wordfreq,198,1.0
大餐,3.5,zh,wordfreq,186,1.0
大马,3.54,zh,wordfreq,201,1.0
大鱼,3.39,zh,wordfreq,188,1.0
大鸡,3.42,zh,wordfreq,183,1.0
大麦,3.41,zh,wordfreq,179,1.0
大麻,4.13,zh,wordfreq,178,1.0
大黄,3.35,zh,wordfreq,178,1.0
大黑,3.34,zh,wordfreq,181,1.0
天一,3.36,zh,wordfreq,78,1.0
天上,4.15,zh,wordfreq,129,1.0
天下,4.91,zh,wordfreq,124,1.0
天主,3.52,zh,wordfreq,77,1.0
天主教,4.35,zh,wordfreq,1,1.85
天亮,3.86,zh,wordfreq,64,1.0
天价,3.39,zh,wordfreq,87,1.0
天佑,3.33,zh,wordfreq,57,1.0
天体,4.06,zh,wordfreq,107,1.0
天使,4.61,zh,wordfreq,69,1.0
天台,3.38,zh,wordfreq,83,1.0
天后,3.86,zh,wordfreq,95,1.0
天呐,3.44,zh,wordfreq,56,1.0
天命,3.44,zh,wordfreq,75,1.0
天国,3.76,zh,wordfreq,111,1.0
天地,4.36,zh,wordfreq,121,1.0
天堂,4.63,zh,wordfreq,68,1.0
天大,3.71,zh,wordfreq,112,1.0
天天,4.83,zh,wordfreq,103,1.0
天子,3.66,zh,wordfreq,228,1.0
天安,3.36,zh,wordfreq,72,1.0
天安门,4.65,zh,wordfreq,0,1.9
天宝,3.46,zh,wordfreq,63,1.0
天宫,3.58,zh,wordfreq,64,1.0
天山,3.56,zh,wordfreq,92,1.0
天府,3.63,zh,wordfreq,66,1.0
天性,3.73,zh,wordfreq,101,1.0
天意,3.33,zh,wordfreq,105,1.0
天才,4.31,zh,wordfreq,64,1.0
天文,3.92,zh,wordfreq,100,1.0
天文台,3.61,zh,wordfreq,1,1.85
天文学,3.69,zh,wordfreq,1,1.85
天桥,3.72,zh,wordfreq,61,1.0
天气,4.81,zh,wordfreq,98,1.0
天水,3.35,zh,wordfreq,102,1.0
天河,3.56,zh,wordfreq,69,1.0
天津,4.92,zh,wordfreq,57,1.0
天津市,4.0,zh,wordfreq,0,1.95
天涯,3.88,zh,wordfreq,57,1.0
天灾,3.5,zh,wordfreq,64,1.0
天然,4.58,zh,wordfreq,84,1.0
天然气,4.3,zh,wordfreq,0,1.9
天猫,3.52,zh,wordfreq,59,1.0
天王,3.72,zh,wordfreq,68,1.0
天生,4.14,zh,wordfreq,104,1.0
天皇,3.96,zh,wordfreq,60,1.0
天真,3.99,zh,wordfreq,64,1.0
天神,3.57,zh,wordfreq,67,1.0
天空,4.61,zh,wordfreq,75,1.0
天竺,3.35,zh,wordfreq,56,1.0
天线,3.89,zh,wordfreq,96,1.0
天网,3.35,zh,wordfreq,63,1.0
天色,3.65,zh,wordfreq,93,1.0
天花,3.55,zh,wordfreq,77,1.0
天花板,3.64,zh,wordfreq,0,1.95
天赋,4.24,zh,wordfreq,56,1.0
天道,3.39,zh,wordfreq,96,1.0
天门,3.37,zh,wordfreq,101,1.0
天际,3.53,zh,wordfreq,64,1.0
天顺,3.33,zh,wordfreq,59,1.0
天马,3.61,zh,wordfreq,80,1.0
天鹅,3.59,zh,wordfreq,57,1.0
天黑,3.56,zh,wordfreq,60,1.0
天龙,3.52,zh,wordfreq,67,1.0
太久,3.87,zh,wordfreq,35,1.0
太低,3.33,zh,wordfreq,33,1.0
太原,4.16,zh,wordfreq,34,1.0
太后,3.78,zh,wordfreq,65,1.0
太和,4.61,zh,wordfreq,39,1.0
太太,4.45,zh,wordfreq,33,1.0
太好了,4.02,zh,wordfreq,1,1.95
太子,4.25,zh,wordfreq,198,1.0
太守,3.37,zh,wordfreq,37,1.0
太小,3.83,zh,wordfreq,44,1.0
太平,3.97,zh,wordfreq,38,1.0
太平洋,4.55,zh,wordfreq,0,1.95
太快,3.71,zh,wordfreq,38,1.0
太慢,3.59,zh,wordfreq,30,1.0
太晚,3.5,zh,wordfreq,35,1.0
太极,3.69,zh,wordfreq,34,1.0
太极拳,3.36,zh,wordfreq,0,1.95
太棒了,4.0,zh,wordfreq,1,1.95
太湖,3.57,zh,wordfreq,31,1.0
太监,3.89,zh,wordfreq,27,1.0
太祖,3.39,zh,wordfreq,28,1.0
太空,4.5,zh,wordfreq,45,1.0
太空船,3.56,zh,wordfreq,0,1.95
太贵,3.34,zh,wordfreq,34,1.0
太过,4.05,zh,wordfreq,68,1.0
太过分,3.61,zh,wordfreq,0,1.9
太远,3.52,zh,wordfreq,37,1.0
太迟,3.56,zh,wordfreq,29,1.0
太郎,3.69,zh,wordfreq,30,1.0
太重,3.57,zh,wordfreq,57,1.0
太阳,4.89,zh,wordfreq,43,1.0
太阳系,3.79,zh,wordfreq,1,1.9
太阳能,4.13,zh,wordfreq,1,1.9
太难,3.32,zh,wordfreq,43,1.0
太高,3.85,zh,wordfreq,41,1.0
夫人,4.73,zh,wordfreq,142,1.0
夫妇,4.51,zh,wordfreq,12,1.4
夫妻,4.51,zh,wordfreq,6,1.7
夫斯基,3.41,zh,wordfreq,0,2.0
夭折,3.43,zh,wordfreq,5,1.75
央行,4.02,zh,wordfreq,65,1.0
央视,4.45,zh,wordfreq,29,1.0
失业,4.63,zh,wordfreq,59,1.0
失业率,4.0,zh,wordfreq,0,1.95
失事,3.72,zh,wordfreq,81,1.0
失传,3.33,zh,wordfreq,34,1.0
失信,3.34,zh,wordfreq,48,1.0
失利,3.64,zh,wordfreq,68,1.0
失去,5.17,zh,wordfreq,45,1.0
失地,3.35,zh,wordfreq,90,1.0
失声,3.36,zh,wordfreq,53,1.0
失当,3.44,zh,wordfreq,42,1.0
失忆,3.41,zh,wordfreq,27,1.0
失恋,3.46,zh,wordfreq,30,1.0
失控,4.22,zh,wordfreq,35,1.0
失效,4.02,zh,wordfreq,39,1.0
失明,3.62,zh,wordfreq,56,1.0
失望,4.69,zh,wordfreq,46,1.0
失火,3.47,zh,wordfreq,47,1.0
失灵,3.59,zh,wordfreq,32,1.0
失眠,3.76,zh,wordfreq,27,1.0
失礼,3.39,zh,wordfreq,33,1.0
失职,3.6,zh,wordfreq,44,1.0
失落,3.97,zh,wordfreq,51,1.0
失衡,3.75,zh,wordfreq,30,1.0
失误,4.33,zh,wordfreq,31,1.0
失调,3.83,zh,wordfreq,46,1.0
失败,5.11,zh,wordfreq,36,1.0
失败者,3.49,zh,wordfreq,0,1.95
失踪,4.6,zh,wordfreq,28,1.0
头上,4.33,zh,wordfreq,96,1.0
头像,3.89,zh,wordfreq,42,1.0
头儿,3.74,zh,wordfreq,48,1.0
头发,4.67,zh,wordfreq,71,1.0
头号,3.85,zh,wordfreq,53,1.0
头头,3.4,zh,wordfreq,96,1.0
头子,3.44,zh,wordfreq,195,1.0
头巾,3.74,zh,wordfreq,26,1.0
头晕,3.64,zh,wordfreq,23,1.0
头条,4.01,zh,wordfreq,40,1.0
头版,3.45,zh,wordfreq,30,1.0
头疼,3.8,zh,wordfreq,24,1.0
头痛,3.96,zh,wordfreq,29,1.0
头皮,3.33,zh,wordfreq,30,1.0
头盔,3.83,zh,wordfreq,23,1.0
头目,3.81,zh,wordfreq,41,1.0
头等,3.55,zh,wordfreq,33,1.0
头绪,3.48,zh,wordfreq,27,1.0
头脑,4.38,zh,wordfreq,27,1.0
头衔,3.97,zh,wordfreq,25,1.0
头部,4.27,zh,wordfreq,69,1.0
头顶,3.83,zh,wordfreq,29,1.0
头颅,3.63,zh,wordfreq,23,1.0
头骨,3.71,zh,wordfreq,24,1.0
夸大,3.91,zh,wordfreq,58,1.0
夸奖,3.49,zh,wordfreq,10,1.5
夸张,4.27,zh,wordfreq,18,1.1
夹击,3.45,zh,wordfreq,26,1.0
夺下,3.4,zh,wordfreq,75,1.0
夺冠,4.06,zh,wordfreq,11,1.45
夺去,3.33,zh,wordfreq,27,1.0
夺取,4.23,zh,wordfreq,33,1.0
夺回,3.75,zh,wordfreq,28,1.0
夺得,4.1,zh,wordfreq,39,1.0
夺权,3.61,zh,wordfreq,38,1.0
夺走,3.85,zh,wordfreq,23,1.0
奇人,3.45,zh,wordfreq,148,1.0
奇妙,4.11,zh,wordfreq,13,1.35
奇幻,3.66,zh,wordfreq,12,1.4
奇异,3.85,zh,wordfreq,19,1.05
奇怪,4.77,zh,wordfreq,12,1.4
奇才,3.34,zh,wordfreq,16,1.2
奇特,3.94,zh,wordfreq,35,1.0
奇观,3.54,zh,wordfreq,29,1.0
奇迹,4.45,zh,wordfreq,18,1.1
奈何,3.44,zh,wordfreq,7,1.65
奈子,3.32,zh,wordfreq,174,1.0
奈特,3.45,zh,wordfreq,29,1.0
奉命,3.71,zh,wordfreq,22,1.0
奉天,3.54,zh,wordfreq,50,1.0
奉献,4.2,zh,wordfreq,6,1.7
奉行,3.83,zh,wordfreq,67,1.0
奋力,3.74,zh,wordfreq,74,1.0
奋战,3.68,zh,wordfreq,42,1.0
奋斗,4.62,zh,wordfreq,10,1.5
奋起,3.33,zh,wordfreq,35,1.0
奏效,3.49,zh,wordfreq,14,1.3
契丹,3.63,zh,wordfreq,7,1.65
契合,3.36,zh,wordfreq,31,1.0
契机,3.97,zh,wordfreq,43,1.0
契约,4.25,zh,wordfreq,23,1.0
奔波,3.53,zh,wordfreq,9,1.55
奔走,3.46,zh,wordfreq,19,1.05
奔跑,3.92,zh,wordfreq,5,1.75
奔驰,4.0,zh,wordfreq,3,1.85
奖励,4.59,zh,wordfreq,10,1.5
奖品,3.63,zh,wordfreq,35,1.0
奖学金,4.1,zh,wordfreq,0,1.95
奖得主,3.64,zh,wordfreq,0,1.95
奖惩,3.53,zh,wordfreq,9,1.55
奖杯,3.49,zh,wordfreq,9,1.55
奖牌,3.74,zh,wordfreq,23,1.0
奖章,3.79,zh,wordfreq,22,1.0
奖赏,3.6,zh,wordfreq,13,1.35
奖金,4.49,zh,wordfreq,26,1.0
奖项,4.18,zh,wordfreq,28,1.0
套件,3.36,zh,wordfreq,32,1.0
套房,3.79,zh,wordfreq,25,1.0
套用,3.49,zh,wordfreq,72,1.0
套装,3.8,zh,wordfreq,27,1.0
套路,4.0,zh,wordfreq,40,1.0
套餐,4.04,zh,wordfreq,14,1.3
奠基,3.46,zh,wordfreq,6,1.7
奠定,4.14,zh,wordfreq,53,1.0
奢侈,3.81,zh,wordfreq,2,1.85
奢侈品,3.69,zh,wordfreq,0,1.95
奢华,3.79,zh,wordfreq,21,1.0
奢望,3.32,zh,wordfreq,23,1.0
奥克兰,3.6,zh,wordfreq,1,1.95
奥兰多,3.49,zh,wordfreq,0,2.0
奥利,3.54,zh,wordfreq,47,1.0
奥地利,4.32,zh,wordfreq,0,1.95
奥尼尔,3.33,zh,wordfreq,1,1.9
奥巴马,4.11,zh,wordfreq,0,1.95
奥托,3.33,zh,wordfreq,12,1.4
奥斯卡,4.28,zh,wordfreq,2,1.9
奥斯曼,3.4,zh,wordfreq,2,1.9
奥斯陆,3.35,zh,wordfreq,2,1.9
奥秘,3.69,zh,wordfreq,8,1.6
奥运,4.63,zh,wordfreq,23,1.0
奥运会,4.47,zh,wordfreq,1,1.9
奥迪,3.55,zh,wordfreq,7,1.65
女主,3.47,zh,wordfreq,49,1.0
女主人,3.34,zh,wordfreq,2,1.75
女主播,3.67,zh,wordfreq,2,1.8
女主角,4.04,zh,wordfreq,3,1.75
女人,5.45,zh,wordfreq,168,1.0
女仆,3.83,zh,wordfreq,29,1.0
女优,3.77,zh,wordfreq,31,1.0
女佣,3.77,zh,wordfreq,29,1.0
女儿,5.24,zh,wordfreq,53,1.0
女兵,3.34,zh,wordfreq,46,1.0
女友,4.54,zh,wordfreq,42,1.0
女团,3.41,zh,wordfreq,41,1.0
女士,4.69,zh,wordfreq,56,1.0
女婴,3.32,zh,wordfreq,28,1.0
女婿,4.01,zh,wordfreq,28,1.0
女子,5.0,zh,wordfreq,200,1.0
女孩,5.17,zh,wordfreq,30,1.0
女孩儿,3.59,zh,wordfreq,1,1.8
女孩子,4.29,zh,wordfreq,4,1.65
女工,3.66,zh,wordfreq,58,1.0
女巫,3.66,zh,wordfreq,28,1.0
女性,5.3,zh,wordfreq,73,1.0
女排,3.46,zh,wordfreq,32,1.0
女方,3.61,zh,wordfreq,68,1.0
女星,3.71,zh,wordfreq,54,1.0
女朋友,4.49,zh,wordfreq,4,1.7
女权,4.11,zh,wordfreq,59,1.0
女歌手,3.37,zh,wordfreq,0,1.95
女演员,3.85,zh,wordfreq,0,1.95
女王,4.52,zh,wordfreq,40,1.0
女生,4.8,zh,wordfreq,76,1.0
女皇,3.62,zh,wordfreq,32,1.0
女神,4.53,zh,wordfreq,39,1.0
女童,4.03,zh,wordfreq,34,1.0
女装,3.78,zh,wordfreq,50,1.0
女警,3.37,zh,wordfreq,37,1.0
女郎,4.07,zh,wordfreq,32,1.0
奴役,4.05,zh,wordfreq,7,1.65
奴才,3.82,zh,wordfreq,10,1.5
奴隶,4.73,zh,wordfreq,3,1.75
奴隶主,3.49,zh,wordfreq,1,1.9
奴隶制,3.91,zh,wordfreq,1,1.9
奶奶,4.45,zh,wordfreq,11,1.4
奶妈,3.39,zh,wordfreq,15,1.25
奶子,4.04,zh,wordfreq,179,1.0
奶油,3.79,zh,wordfreq,18,1.1
奶牛,3.44,zh,wordfreq,16,1.2
奶粉,4.07,zh,wordfreq,11,1.45
奶茶,3.49,zh,wordfreq,10,1.5
奶酪,3.46,zh,wordfreq,7,1.65
奸淫,3.35,zh,wordfreq,2,1.9
她们,5.14,zh,wordfreq,9,1.55
她家,3.64,zh,wordfreq,70,1.0
好不好,4.27,zh,wordfreq,1,1.85
好久,4.05,zh,wordfreq,48,1.0
好久没,3.37,zh,wordfreq,1,1.9
好了吗,3.53,zh,wordfreq,0,2.0
好事,4.54,zh,wordfreq,95,1.0
好些,3.72,zh,wordfreq,47,1.0
好人,4.35,zh,wordfreq,179,1.0
好似,3.58,zh,wordfreq,46,1.0
好像,5.15,zh,wordfreq,58,1.0
好几,3.87,zh,wordfreq,39,1.0
好几个,4.12,zh,wordfreq,2,1.8
好几年,3.74,zh,wordfreq,3,1.75
好友,4.51,zh,wordfreq,53,1.0
好吃,4.49,zh,wordfreq,41,1.0
好听,3.92,zh,wordfreq,50,1.0
好喝,3.59,zh,wordfreq,40,1.0
好坏,3.86,zh,wordfreq,46,1.0
好处,4.72,zh,wordfreq,71,1.0
好多,4.57,zh,wordfreq,55,1.0
好大,4.93,zh,wordfreq,95,1.0
好奇,4.45,zh,wordfreq,49,1.0
好奇心,3.73,zh,wordfreq,0,1.9
好好,4.92,zh,wordfreq,77,1.0
好孩子,3.51,zh,wordfreq,4,1.75
好家伙,3.32,zh,wordfreq,2,1.85
好心,3.7,zh,wordfreq,92,1.0
好意,3.59,zh,wordfreq,88,1.0
好感,3.88,zh,wordfreq,59,1.0
好戏,3.48,zh,wordfreq,45,1.0
好战,3.38,zh,wordfreq,78,1.0
好手,3.56,zh,wordfreq,97,1.0
好日子,3.77,zh,wordfreq,2,1.85
好样,3.68,zh,wordfreq,59,1.0
好歹,3.54,zh,wordfreq,39,1.0
好比,3.82,zh,wordfreq,57,1.0
好消息,4.23,zh,wordfreq,1,1.9
好点,3.69,zh,wordfreq,103,1.0
好烦,3.4,zh,wordfreq,42,1.0
好爽,3.4,zh,wordfreq,43,1.0
好玩,4.36,zh,wordfreq,44,1.0
好用,3.74,zh,wordfreq,106,1.0
好看,4.74,zh,wordfreq,52,1.0
好笑,4.0,zh,wordfreq,51,1.0
好色,3.35,zh,wordfreq,76,1.0
好莱坞,4.26,zh,wordfreq,0,2.0
好评,4.3,zh,wordfreq,45,1.0
好话,3.42,zh,wordfreq,67,1.0
好象,3.8,zh,wordfreq,55,1.0
好转,4.12,zh,wordfreq,52,1.0
好过,3.51,zh,wordfreq,81,1.0
好运,4.21,zh,wordfreq,58,1.0
如下,4.8,zh,wordfreq,81,1.0
如今,4.94,zh,wordfreq,20,1.0
如何,5.76,zh,wordfreq,18,1.1
如其,3.41,zh,wordfreq,17,1.15
如同,4.51,zh,wordfreq,30,1.0
如图,3.52,zh,wordfreq,30,1.0
如实,3.73,zh,wordfreq,38,1.0
如意,3.54,zh,wordfreq,62,1.0
如愿,3.5,zh,wordfreq,25,1.0
如是,4.65,zh,wordfreq,50,1.0
如期,3.67,zh,wordfreq,48,1.0
如来,3.49,zh,wordfreq,67,1.0
如果,5.97,zh,wordfreq,29,1.0
如果说,3.98,zh,wordfreq,0,1.95
如此,5.38,zh,wordfreq,27,1.0
妄图,3.66,zh,wordfreq,18,1.1
妄想,3.86,zh,wordfreq,24,1.0
妇产科,3.46,zh,wordfreq,0,1.95
妇人,3.75,zh,wordfreq,144,1.0
妇女,5.09,zh,wordfreq,24,1.0
妇孺,3.41,zh,wordfreq,4,1.8
妇科,3.54,zh,wordfreq,18,1.05
妇联,3.6,zh,wordfreq,13,1.35
妈咪,3.83,zh,wordfreq,4,1.8
妈妈,5.24,zh,wordfreq,10,1.5
妈祖,3.45,zh,wordfreq,4,1.8
妊娠,3.63,zh,wordfreq,0,2.0
妒忌,3.42,zh,wordfreq,1,1.95
妓女,4.26,zh,wordfreq,21,1.0
妓院,3.68,zh,wordfreq,19,1.05
妖怪,3.78,zh,wordfreq,5,1.75
妖精,3.98,zh,wordfreq,3,1.85
妥协,4.28,zh,wordfreq,4,1.8
妥善,3.95,zh,wordfreq,8,1.6
妥当,3.74,zh,wordfreq,19,1.05
妨碍,4.21,zh,wordfreq,2,1.9
妹妹,4.8,zh,wordfreq,9,1.5
妹子,4.2,zh,wordfreq,173,1.0
妻儿,3.5,zh,wordfreq,26,1.0
妻子,5.07,zh,wordfreq,173,1.0
姊妹,4.13,zh,wordfreq,9,1.55
姊姊,3.55,zh,wordfreq,1,1.95
始于,4.12,zh,wordfreq,54,1.0
始建,3.97,zh,wordfreq,21,1.0
始末,3.37,zh,wordfreq,9,1.55
始终,4.84,zh,wordfreq,7,1.65
姐夫,3.62,zh,wordfreq,19,1.05
姐妹,4.42,zh,wordfreq,10,1.5
姐姐,4.86,zh,wordfreq,7,1.65
姑且,3.42,zh,wordfreq,7,1.65
姑妈,3.58,zh,wordfreq,11,1.45
姑姑,3.95,zh,wordfreq,4,1.8
姑娘,4.72,zh,wordfreq,7,1.55
姓名,4.46,zh,wordfreq,68,1.0
姓氏,3.78,zh,wordfreq,2,1.9
委任,3.61,zh,wordfreq,35,1.0
委员,5.12,zh,wordfreq,29,1.0
委员会,5.55,zh,wordfreq,1,1.9
委员长,3.86,zh,wordfreq,1,1.9
委婉,3.32,zh,wordfreq,5,1.75
委屈,3.73,zh,wordfreq,6,1.7
委托,4.44,zh,wordfreq,13,1.3
委托人,3.5,zh,wordfreq,0,1.95
委派,3.58,zh,wordfreq,21,1.0
姥姥,3.48,zh,wordfreq,0,2.0
姨妈,3.75,zh,wordfreq,8,1.6
姿势,4.39,zh,wordfreq,23,1.0
姿态,4.22,zh,wordfreq,15,1.25
威严,3.39,zh,wordfreq,15,1.25
威信,3.62,zh,wordfreq,34,1.0
威利,3.34,zh,wordfreq,54,1.0
威力,4.17,zh,wordfreq,82,1.0
威士忌,3.36,zh,wordfreq,0,2.0
威尔,4.02,zh,wordfreq,55,1.0
威尔士,3.44,zh,wordfreq,2,1.85
威尔斯,3.76,zh,wordfreq,4,1.7
威尔逊,3.62,zh,wordfreq,3,1.8
威尼斯,4.09,zh,wordfreq,3,1.8
威廉,4.19,zh,wordfreq,13,1.35
威慑,3.33,zh,wordfreq,12,1.4
威望,3.64,zh,wordfreq,32,1.0
威权,3.43,zh,wordfreq,42,1.0
威武,3.35,zh,wordfreq,17,1.15
威海,3.55,zh,wordfreq,36,1.0
威胁,5.04,zh,wordfreq,11,1.45
娃娃,4.27,zh,wordfreq,1,1.95
娘娘,3.64,zh,wordfreq,5,1.75
娘家,3.35,zh,wordfreq,70,1.0
娜娜,3.72,zh,wordfreq,5,1.75
娱乐,4.93,zh,wordfreq,14,1.2
娱乐圈,3.66,zh,wordfreq,1,1.9
娱乐场,4.08,zh,wordfreq,2,1.85
婆婆,4.04,zh,wordfreq,2,1.9
婊子,4.05,zh,wordfreq,172,1.0
婚前,3.64,zh,wordfreq,31,1.0
婚后,3.73,zh,wordfreq,44,1.0
婚姻,4.79,zh,wordfreq,6,1.7
婚礼,4.48,zh,wordfreq,13,1.35
婚约,3.39,zh,wordfreq,25,1.0
婚纱,3.78,zh,wordfreq,6,1.7
婴儿,4.59,zh,wordfreq,25,1.0
婴幼儿,3.42,zh,wordfreq,0,1.9
婶婶,3.47,zh,wordfreq,1,1.95
媒介,4.22,zh,wordfreq,4,1.8
媒体,5.38,zh,wordfreq,52,1.0
媲美,3.43,zh,wordfreq,21,1.0
媳妇,4.31,zh,wordfreq,10,1.45
嫁人,3.34,zh,wordfreq,142,1.0
嫁妆,3.36,zh,wordfreq,3,1.85
嫁给,4.22,zh,wordfreq,28,1.0
嫂子,3.86,zh,wordfreq,172,1.0
嫉妒,4.03,zh,wordfreq,0,2.0
嫌弃,3.34,zh,wordfreq,10,1.5
嫌犯,4.18,zh,wordfreq,11,1.45
嫌疑,3.88,zh,wordfreq,7,1.6
嫌疑人,4.03,zh,wordfreq,0,1.95
子公司,3.97,zh,wordfreq,3,1.8
子女,4.66,zh,wordfreq,25,1.0
子孙,3.95,zh,wordfreq,5,1.75
子宫,4.06,zh,wordfreq,13,1.35
子弟,3.73,zh,wordfreq,11,1.45
子弹,4.4,zh,wordfreq,15,1.2
子民,3.53,zh,wordfreq,34,1.0
孔子,4.22,zh,wordfreq,173,1.0
孔雀,3.47,zh,wordfreq,2,1.9
孕妇,4.21,zh,wordfreq,11,1.45
孕育,3.67,zh,wordfreq,9,1.55
字体,4.08,zh,wordfreq,63,1.0
字典,3.77,zh,wordfreq,23,1.0
字号,3.38,zh,wordfreq,42,1.0
字型,3.36,zh,wordfreq,33,1.0
字幕,4.29,zh,wordfreq,24,1.0
字幕组,3.62,zh,wordfreq,0,1.95
字形,3.66,zh,wordfreq,31,1.0
字数,3.53,zh,wordfreq,43,1.0
字样,4.01,zh,wordfreq,32,1.0
字母,4.33,zh,wordfreq,23,1.0
字眼,3.77,zh,wordfreq,23,1.0
字符,3.76,zh,wordfreq,15,1.25
字节,3.53,zh,wordfreq,28,1.0
字面,3.55,zh,wordfreq,68,1.0
存亡,3.32,zh,wordfreq,19,1.05
存储,4.28,zh,wordfreq,13,1.3
存储器,3.32,zh,wordfreq,0,1.95
存入,3.32,zh,wordfreq,72,1.0
存取,3.34,zh,wordfreq,37,1.0
存在,5.48,zh,wordfreq,32,1.0
存放,3.97,zh,wordfreq,24,1.0
存有,3.72,zh,wordfreq,80,1.0
存档,3.67,zh,wordfreq,15,1.25
存款,4.3,zh,wordfreq,30,1.0
存活,3.94,zh,wordfreq,22,1.0
存货,3.52,zh,wordfreq,27,1.0
存量,3.57,zh,wordfreq,52,1.0
孙中山,4.2,zh,wordfreq,0,1.95
孙女,3.8,zh,wordfreq,22,1.0
孙子,4.29,zh,wordfreq,174,1.0
孙悟空,3.37,zh,wordfreq,0,1.95
孙权,3.59,zh,wordfreq,33,1.0
孝顺,3.42,zh,wordfreq,3,1.85
孟买,3.65,zh,wordfreq,3,1.85
孟加拉,3.87,zh,wordfreq,0,1.95
孟子,3.46,zh,wordfreq,173,1.0
季后赛,3.84,zh,wordfreq,0,2.0
季度,4.19,zh,wordfreq,50,1.0
季节,4.37,zh,wordfreq,18,1.05
季节性,3.44,zh,wordfreq,0,1.95
季风,3.38,zh,wordfreq,23,1.0
孤儿,4.01,zh,wordfreq,29,1.0
孤儿院,3.67,zh,wordfreq,0,1.95
孤单,4.01,zh,wordfreq,18,1.1
孤岛,3.53,zh,wordfreq,15,1.25
孤独,4.37,zh,wordfreq,7,1.65
孤立,4.22,zh,wordfreq,25,1.0
学业,3.94,zh,wordfreq,75,1.0
学习,5.48,zh,wordfreq,49,1.0
学会,4.95,zh,wordfreq,93,1.0
学位,4.52,zh,wordfreq,87,1.0
学分,3.48,zh,wordfreq,75,1.0
学到,4.24,zh,wordfreq,93,1.0
学制,3.61,zh,wordfreq,78,1.0
学区,3.5,zh,wordfreq,84,1.0
学历,4.39,zh,wordfreq,52,1.0
学员,4.48,zh,wordfreq,65,1.0
学园,3.63,zh,wordfreq,51,1.0
学堂,3.83,zh,wordfreq,53,1.0
学士,3.99,zh,wordfreq,69,1.0
学好,3.43,zh,wordfreq,79,1.0
学妹,3.62,zh,wordfreq,49,1.0
学姐,3.56,zh,wordfreq,46,1.0
学子,3.65,zh,wordfreq,213,1.0
学学,3.43,zh,wordfreq,78,1.0
学家,3.8,zh,wordfreq,110,1.0
学年,3.67,zh,wordfreq,103,1.0
学府,3.6,zh,wordfreq,51,1.0
学徒,3.59,zh,wordfreq,50,1.0
学报,3.44,zh,wordfreq,73,1.0
学期,3.99,zh,wordfreq,76,1.0
学术,4.74,zh,wordfreq,52,1.0
学术界,3.71,zh,wordfreq,0,1.9
学校,5.62,zh,wordfreq,56,1.0
学派,4.15,zh,wordfreq,57,1.0
学生,5.72,zh,wordfreq,89,1.0
学生会,3.81,zh,wordfreq,1,1.85
学生妹,3.45,zh,wordfreq,1,1.85
学界,3.93,zh,wordfreq,55,1.0
学着,3.48,zh,wordfreq,78,1.0
学科,4.69,zh,wordfreq,55,1.0
学童,3.44,zh,wordfreq,47,1.0
学者,4.99,zh,wordfreq,72,1.0
学联,3.38,zh,wordfreq,50,1.0
学识,3.54,zh,wordfreq,53,1.0
学说,4.22,zh,wordfreq,71,1.0
学费,4.22,zh,wordfreq,59,1.0
学运,3.53,zh,wordfreq,60,1.0
学部,3.34,zh,wordfreq,87,1.0
学长,3.55,zh,wordfreq,110,1.0
学问,4.0,zh,wordfreq,59,1.0
学院,5.27,zh,wordfreq,59,1.0
孩儿,3.41,zh,wordfreq,27,1.0
孩子,5.61,zh,wordfreq,174,1.0
孩童,3.8,zh,wordfreq,8,1.6
孵化,3.73,zh,wordfreq,40,1.0
宁可,4.06,zh,wordfreq,12,1.4
宁夏,4.13,zh,wordfreq,6,1.7
宁愿,4.29,zh,wordfreq,16,1.2
宁波,4.26,zh,wordfreq,10,1.5
宁静,4.01,zh,wordfreq,11,1.45
它们,5.42,zh,wordfreq,9,1.55
它会,3.75,zh,wordfreq,53,1.0
宇宙,4.67,zh,wordfreq,1,1.95
宇航,3.38,zh,wordfreq,9,1.5
宇航员,3.71,zh,wordfreq,0,1.95
守住,3.54,zh,wordfreq,27,1.0
守则,3.59,zh,wordfreq,14,1.3
守卫,3.95,zh,wordfreq,15,1.25
守护,4.24,zh,wordfreq,19,1.0
守护神,3.44,zh,wordfreq,1,1.9
守护者,3.46,zh,wordfreq,1,1.9
守望,3.52,zh,wordfreq,26,1.0
守法,3.64,zh,wordfreq,51,1.0
守门员,3.37,zh,wordfreq,0,2.0
安东,3.46,zh,wordfreq,53,1.0
安东尼,3.87,zh,wordfreq,0,1.9
安保,3.61,zh,wordfreq,41,1.0
安倍,3.66,zh,wordfreq,41,1.0
安全,5.61,zh,wordfreq,41,1.0
安全局,3.73,zh,wordfreq,4,1.7
安全带,3.46,zh,wordfreq,4,1.75
安全性,4.07,zh,wordfreq,4,1.75
安全感,3.76,zh,wordfreq,4,1.75
安全部,3.5,zh,wordfreq,4,1.7
安卓,3.98,zh,wordfreq,34,1.0
安南,3.6,zh,wordfreq,53,1.0
安危,3.63,zh,wordfreq,35,1.0
安吉,3.55,zh,wordfreq,36,1.0
安哥拉,3.72,zh,wordfreq,0,1.95
安好,3.33,zh,wordfreq,72,1.0
安妮,4.0,zh,wordfreq,35,1.0
安娜,4.29,zh,wordfreq,39,1.0
安宁,3.93,zh,wordfreq,42,1.0
安定,4.18,zh,wordfreq,86,1.0
安庆,3.64,zh,wordfreq,41,1.0
安康,3.51,zh,wordfreq,36,1.0
安德森,3.55,zh,wordfreq,2,1.9
安德烈,3.62,zh,wordfreq,2,1.9
安德鲁,3.72,zh,wordfreq,2,1.9
安徽,4.49,zh,wordfreq,35,1.0
安徽省,3.93,zh,wordfreq,0,1.95
安心,4.08,zh,wordfreq,87,1.0
安息,3.83,zh,wordfreq,46,1.0
安慰,4.22,zh,wordfreq,36,1.0
安抚,4.0,zh,wordfreq,35,1.0
安拉,3.39,zh,wordfreq,66,1.0
安排,5.03,zh,wordfreq,38,1.0
安放,3.58,zh,wordfreq,47,1.0
安检,3.5,zh,wordfreq,36,1.0
安然,3.5,zh,wordfreq,62,1.0
安理会,3.89,zh,wordfreq,0,1.95
安稳,3.67,zh,wordfreq,36,1.0
安置,4.3,zh,wordfreq,48,1.0
安葬,3.51,zh,wordfreq,39,1.0
安装,4.75,zh,wordfreq,56,1.0
安详,3.44,zh,wordfreq,35,1.0
安达,3.49,zh,wordfreq,48,1.0
安迪,3.38,zh,wordfreq,37,1.0
安阳,3.48,zh,wordfreq,51,1.0
安静,4.4,zh,wordfreq,41,1.0
安顿,3.43,zh,wordfreq,39,1.0
宋代,3.81,zh,wordfreq,24,1.0
宋庆龄,3.4,zh,wordfreq,0,2.05
宋朝,3.47,zh,wordfreq,9,1.55
完事,3.32,zh,wordfreq,68,1.0
完全,5.56,zh,wordfreq,19,1.05
完后,3.33,zh,wordfreq,51,1.0
完善,4.81,zh,wordfreq,18,1.1
完备,4.0,zh,wordfreq,31,1.0
完好,3.74,zh,wordfreq,50,1.0
完工,4.0,zh,wordfreq,42,1.0
完成,5.52,zh,wordfreq,55,1.0
完整,4.9,zh,wordfreq,16,1.1
完整性,3.38,zh,wordfreq,1,1.9
完整版,4.28,zh,wordfreq,1,1.9
完毕,4.32,zh,wordfreq,12,1.4
完结,3.98,zh,wordfreq,27,1.0
完美,4.91,zh,wordfreq,33,1.0
完蛋,3.8,zh,wordfreq,19,1.05
宏伟,3.82,zh,wordfreq,2,1.9
宏大,3.65,zh,wordfreq,58,1.0
宏观,4.21,zh,wordfreq,23,1.0
宗室,3.48,zh,wordfreq,14,1.3
宗教,5.12,zh,wordfreq,22,1.0
宗族,3.46,zh,wordfreq,22,1.0
宗旨,4.34,zh,wordfreq,5,1.75
宗派,3.67,zh,wordfreq,20,1.0
官僚,4.19,zh,wordfreq,13,1.35
官兵,4.08,zh,wordfreq,29,1.0
官司,3.91,zh,wordfreq,16,1.15
官吏,3.65,zh,wordfreq,11,1.45
官员,5.21,zh,wordfreq,35,1.0
官场,3.93,zh,wordfreq,64,1.0
官府,3.54,zh,wordfreq,21,1.0
官方,5.33,zh,wordfreq,51,1.0
官方版,3.43,zh,wordfreq,0,1.95
官网,4.39,zh,wordfreq,18,1.1
官职,3.69,zh,wordfreq,30,1.0
官话,3.54,zh,wordfreq,39,1.0
官邸,3.46,zh,wordfreq,11,1.45
宙斯,3.39,zh,wordfreq,42,1.0
定下,3.57,zh,wordfreq,87,1.0
定为,3.89,zh,wordfreq,62,1.0
定义,4.81,zh,wordfreq,37,1.0
定于,3.47,zh,wordfreq,70,1.0
定价,4.0,zh,wordfreq,50,1.0
定位,4.51,zh,wordfreq,65,1.0
定制,4.05,zh,wordfreq,56,1.0
定向,3.95,zh,wordfreq,53,1.0
定型,3.63,zh,wordfreq,40,1.0
定居,4.05,zh,wordfreq,33,1.0
定律,4.01,zh,wordfreq,26,1.0
定性,4.05,zh,wordfreq,64,1.0
定时,3.74,zh,wordfreq,60,1.0
定期,4.5,zh,wordfreq,54,1.0
定点,3.71,zh,wordfreq,83,1.0
定理,3.6,zh,wordfreq,60,1.0
定罪,3.95,zh,wordfreq,29,1.0
定论,3.68,zh,wordfreq,38,1.0
定量,3.65,zh,wordfreq,60,1.0
定额,3.66,zh,wordfreq,33,1.0
宛如,3.69,zh,wordfreq,11,1.45
宜兰,3.49,zh,wordfreq,13,1.35
宜兴,3.35,zh,wordfreq,13,1.35
宜宾,3.43,zh,wordfreq,8,1.6
宜居,3.37,zh,wordfreq,18,1.1
宜昌,3.64,zh,wordfreq,8,1.6
宝剑,3.68,zh,wordfreq,13,1.35
宝可梦,3.44,zh,wordfreq,0,2.0
宝塔,3.4,zh,wordfreq,17,1.15
宝宝,4.59,zh,wordfreq,19,1.05
宝库,3.42,zh,wordfreq,21,1.0
宝座,3.69,zh,wordfreq,26,1.0
宝物,3.61,zh,wordfreq,46,1.0
宝玉,3.33,zh,wordfreq,12,1.4
宝石,4.02,zh,wordfreq,23,1.0
宝藏,3.89,zh,wordfreq,24,1.0
宝贝,4.56,zh,wordfreq,13,1.35
宝贵,4.25,zh,wordfreq,20,1.0
宝马,3.89,zh,wordfreq,36,1.0
宝鸡,3.46,zh,wordfreq,18,1.1
实业,4.09,zh,wordfreq,66,1.0
实为,3.81,zh,wordfreq,75,1.0
实习,4.31,zh,wordfreq,40,1.0
实习生,3.8,zh,wordfreq,0,1.95
实事,3.76,zh,wordfreq,88,1.0
实体,4.56,zh,wordfreq,83,1.0
实例,3.93,zh,wordfreq,46,1.0
实况,3.73,zh,wordfreq,41,1.0
实则,3.7,zh,wordfreq,41,1.0
实力,4.84,zh,wordfreq,103,1.0
实务,3.68,zh,wordfreq,55,1.0
实名,3.96,zh,wordfreq,99,1.0
实名制,3.96,zh,wordfreq,0,1.95
实在,5.07,zh,wordfreq,53,1.0
实地,3.93,zh,wordfreq,97,1.0
实属,3.38,zh,wordfreq,47,1.0
实录,3.96,zh,wordfreq,42,1.0
实情,3.83,zh,wordfreq,76,1.0
实惠,3.69,zh,wordfreq,36,1.0
实战,3.94,zh,wordfreq,71,1.0
实拍,3.32,zh,wordfreq,36,1.0
实效,3.51,zh,wordfreq,46,1.0
实施,5.26,zh,wordfreq,34,1.0
实时,4.28,zh,wordfreq,73,1.0
实权,3.46,zh,wordfreq,63,1.0
实物,3.94,zh,wordfreq,66,1.0
实现,5.39,zh,wordfreq,44,1.0
实用,4.36,zh,wordfreq,99,1.0
实用性,3.32,zh,wordfreq,1,1.9
实行,5.18,zh,wordfreq,96,1.0
实证,3.47,zh,wordfreq,50,1.0
实话,3.93,zh,wordfreq,60,1.0
实质,4.45,zh,wordfreq,54,1.0
实质性,3.58,zh,wordfreq,1,1.9
实践,4.89,zh,wordfreq,32,1.0
实际,5.25,zh,wordfreq,40,1.0
实际上,4.92,zh,wordfreq,0,1.95
实验,4.93,zh,wordfreq,40,1.0
实验室,4.67,zh,wordfreq,0,1.95
宠爱,3.63,zh,wordfreq,22,1.0
宠物,4.29,zh,wordfreq,35,1.0
审判,4.88,zh,wordfreq,19,1.05
审定,3.77,zh,wordfreq,64,1.0
审慎,3.61,zh,wordfreq,14,1.3
审批,4.28,zh,wordfreq,17,1.15
审查,4.9,zh,wordfreq,28,1.0
审核,4.38,zh,wordfreq,16,1.2
审理,4.28,zh,wordfreq,53,1.0
审美,4.11,zh,wordfreq,33,1.0
审视,3.91,zh,wordfreq,40,1.0
审计,4.2,zh,wordfreq,26,1.0
审议,4.5,zh,wordfreq,27,1.0
审讯,4.12,zh,wordfreq,20,1.0
审问,3.62,zh,wordfreq,30,1.0
客人,4.47,zh,wordfreq,155,1.0
客体,3.37,zh,wordfreq,66,1.0
客厅,4.05,zh,wordfreq,19,1.05
客场,3.87,zh,wordfreq,68,1.0
客家,3.35,zh,wordfreq,84,1.0
客座,3.33,zh,wordfreq,29,1.0
客户,4.92,zh,wordfreq,31,1.0
客户端,4.08,zh,wordfreq,0,1.95
客房,3.77,zh,wordfreq,35,1.0
客服,4.0,zh,wordfreq,32,1.0
客机,4.11,zh,wordfreq,55,1.0
客栈,3.51,zh,wordfreq,15,1.25
客气,4.32,zh,wordfreq,57,1.0
客流,3.39,zh,wordfreq,40,1.0
客观,4.6,zh,wordfreq,36,1.0
客车,3.92,zh,wordfreq,63,1.0
客运,4.21,zh,wordfreq,34,1.0
宣传,5.19,zh,wordfreq,22,1.0
宣传片,3.41,zh,wordfreq,1,1.9
宣传部,3.88,zh,wordfreq,1,1.9
宣判,3.91,zh,wordfreq,20,1.0
宣告,4.35,zh,wordfreq,27,1.0
宣布,5.28,zh,wordfreq,25,1.0
宣战,3.91,zh,wordfreq,52,1.0
宣扬,4.1,zh,wordfreq,20,1.0
宣泄,3.5,zh,wordfreq,15,1.25
宣示,3.42,zh,wordfreq,32,1.0
宣称,4.34,zh,wordfreq,43,1.0
宣统,3.32,zh,wordfreq,20,1.0
宣言,4.59,zh,wordfreq,40,1.0
宣誓,3.94,zh,wordfreq,14,1.3
宣讲,3.39,zh,wordfreq,17,1.15
宣读,3.76,zh,wordfreq,21,1.0
室内,4.26,zh,wordfreq,26,1.0
室友,3.88,zh,wordfreq,16,1.2
室外,3.68,zh,wordfreq,33,1.0
宦官,3.42,zh,wordfreq,14,1.3
宪兵,3.69,zh,wordfreq,21,1.0
宪政,4.05,zh,wordfreq,22,1.0
宪法,5.13,zh,wordfreq,49,1.0
宪章,4.17,zh,wordfreq,17,1.15
宫中,3.53,zh,wordfreq,52,1.0
宫内,3.32,zh,wordfreq,28,1.0
宫城,3.34,zh,wordfreq,28,1.0
宫廷,3.92,zh,wordfreq,7,1.65
宫殿,4.02,zh,wordfreq,6,1.7
宰相,3.65,zh,wordfreq,11,1.45
害人,3.68,zh,wordfreq,144,1.0
害怕,4.97,zh,wordfreq,12,1.4
害死,4.14,zh,wordfreq,29,1.0
害羞,3.95,zh,wordfreq,4,1.8
害虫,3.37,zh,wordfreq,6,1.7
宴会,3.93,zh,wordfreq,53,1.0
宴请,3.41,zh,wordfreq,6,1.7
家中,4.52,zh,wordfreq,74,1.0
家乡,4.4,zh,wordfreq,33,1.0
家事,3.63,zh,wordfreq,82,1.0
家产,3.38,zh,wordfreq,51,1.0
家人,4.93,zh,wordfreq,166,1.0
家伙,4.39,zh,wordfreq,32,1.0
家住,3.41,zh,wordfreq,48,1.0
家具,4.09,zh,wordfreq,43,1.0
家务,3.88,zh,wordfreq,49,1.0
家园,4.2,zh,wordfreq,36,1.0
家境,3.5,zh,wordfreq,44,1.0
家家,3.46,zh,wordfreq,95,1.0
家居,3.58,zh,wordfreq,40,1.0
家属,4.5,zh,wordfreq,41,1.0
家庭,5.4,zh,wordfreq,29,1.0
家当,3.38,zh,wordfreq,43,1.0
家政,3.48,zh,wordfreq,45,1.0
家教,3.49,zh,wordfreq,44,1.0
家族,4.86,zh,wordfreq,44,1.0
家暴,3.45,zh,wordfreq,31,1.0
家用,3.87,zh,wordfreq,93,1.0
家电,3.88,zh,wordfreq,45,1.0
家畜,3.57,zh,wordfreq,27,1.0
家禽,3.55,zh,wordfreq,26,1.0
家里,4.98,zh,wordfreq,71,1.0
家里人,3.45,zh,wordfreq,0,1.9
家长,4.81,zh,wordfreq,95,1.0
家门,3.74,zh,wordfreq,71,1.0
家门口,3.69,zh,wordfreq,0,1.9
容器,3.9,zh,wordfreq,19,1.05
容忍,4.06,zh,wordfreq,10,1.5
容易,5.25,zh,wordfreq,15,1.25
容积,3.39,zh,wordfreq,13,1.35
容纳,4.05,zh,wordfreq,18,1.1
容许,3.96,zh,wordfreq,19,1.05
容貌,3.59,zh,wordfreq,16,1.2
容量,4.22,zh,wordfreq,49,1.0
容颜,3.37,zh,wordfreq,8,1.6
宽大,3.4,zh,wordfreq,65,1.0
宽容,4.06,zh,wordfreq,25,1.0
宽带,3.77,zh,wordfreq,30,1.0
宽广,3.63,zh,wordfreq,11,1.45
宽度,3.9,zh,wordfreq,57,1.0
宽恕,3.8,zh,wordfreq,9,1.55
宽敞,3.36,zh,wordfreq,9,1.55
宽松,3.95,zh,wordfreq,11,1.45
宽阔,3.7,zh,wordfreq,12,1.4
宽频,3.41,zh,wordfreq,14,1.3
宾客,3.65,zh,wordfreq,17,1.15
宾州,3.42,zh,wordfreq,35,1.0
宾馆,4.19,zh,wordfreq,10,1.5
宿命,3.45,zh,wordfreq,20,1.0
宿舍,4.31,zh,wordfreq,4,1.8
寂寞,4.35,zh,wordfreq,1,1.95
寂静,3.6,zh,wordfreq,8,1.6
寄出,3.39,zh,wordfreq,82,1.0
寄宿,3.67,zh,wordfreq,8,1.6
寄托,3.76,zh,wordfreq,12,1.4
寄生,3.59,zh,wordfreq,52,1.0
寄生虫,3.55,zh,wordfreq,0,1.95
寄给,3.69,zh,wordfreq,30,1.0
密切,4.5,zh,wordfreq,17,1.15
密室,3.49,zh,wordfreq,17,1.15
密封,3.71,zh,wordfreq,12,1.4
密度,4.26,zh,wordfreq,55,1.0
密码,4.65,zh,wordfreq,16,1.2
密谋,3.63,zh,wordfreq,14,1.3
密钥,3.36,zh,wordfreq,7,1.65
密集,4.18,zh,wordfreq,29,1.0
富人,3.92,zh,wordfreq,151,1.0
富含,3.65,zh,wordfreq,15,1.25
富商,3.46,zh,wordfreq,24,1.0
富国,3.44,zh,wordfreq,66,1.0
富士,3.48,zh,wordfreq,39,1.0
富士山,3.34,zh,wordfreq,1,1.9
富士康,3.47,zh,wordfreq,1,1.9
富强,3.57,zh,wordfreq,25,1.0
富有,4.47,zh,wordfreq,80,1.0
富民,3.32,zh,wordfreq,40,1.0
富翁,3.59,zh,wordfreq,11,1.45
富裕,4.23,zh,wordfreq,12,1.4
富豪,3.96,zh,wordfreq,13,1.35
富贵,3.74,zh,wordfreq,19,1.05
寒冬,3.45,zh,wordfreq,2,1.9
寒冷,4.01,zh,wordfreq,2,1.9
寓意,3.58,zh,wordfreq,51,1.0
寓所,3.41,zh,wordfreq,13,1.35
寓言,3.47,zh,wordfreq,29,1.0
寝室,3.57,zh,wordfreq,10,1.5
察哈尔,3.42,zh,wordfreq,0,1.95
察看,3.38,zh,wordfreq,14,1.3
察觉,3.95,zh,wordfreq,16,1.2
寡头,3.59,zh,wordfreq,74,1.0
寡妇,3.92,zh,wordfreq,11,1.45
对不起,4.66,zh,wordfreq,5,1.7
对于,5.63,zh,wordfreq,82,1.0
对付,4.65,zh,wordfreq,37,1.0
对内,4.81,zh,wordfreq,55,1.0
对冲,3.43,zh,wordfreq,33,1.0
对决,3.92,zh,wordfreq,40,1.0
对准,3.79,zh,wordfreq,43,1.0
对华,3.71,zh,wordfreq,50,1.0
对口,3.61,zh,wordfreq,68,1.0
对外,4.74,zh,wordfreq,62,1.0
对头,3.39,zh,wordfreq,104,1.0
对岸,3.73,zh,wordfreq,43,1.0
对峙,3.81,zh,wordfreq,31,1.0
对应,4.44,zh,wordfreq,45,1.0
对待,4.82,zh,wordfreq,42,1.0
对得起,3.38,zh,wordfreq,1,1.95
对战,3.84,zh,wordfreq,70,1.0
对手,4.66,zh,wordfreq,89,1.0
对抗,4.65,zh,wordfreq,34,1.0
对接,3.76,zh,wordfreq,43,1.0
对方,5.0,zh,wordfreq,71,1.0
对此,4.65,zh,wordfreq,45,1.0
对比,4.6,zh,wordfreq,49,1.0
对流,3.41,zh,wordfreq,56,1.0
对照,4.08,zh,wordfreq,49,1.0
对白,3.73,zh,wordfreq,47,1.0
对称,4.1,zh,wordfreq,61,1.0
对立,4.47,zh,wordfreq,52,1.0
对立面,3.42,zh,wordfreq,0,1.9
对策,4.14,zh,wordfreq,34,1.0
对联,3.5,zh,wordfreq,40,1.0
对话,4.73,zh,wordfreq,59,1.0
对象,4.97,zh,wordfreq,47,1.0
对阵,3.87,zh,wordfreq,35,1.0
对面,4.33,zh,wordfreq,87,1.0
寺庙,4.03,zh,wordfreq,2,1.9
寺院,3.72,zh,wordfreq,19,1.05
寻常,4.21,zh,wordfreq,16,1.2
寻找,5.05,zh,wordfreq,5,1.75
寻求,4.68,zh,wordfreq,21,1.0
寻觅,3.52,zh,wordfreq,3,1.85
导入,3.75,zh,wordfreq,69,1.0
导出,3.53,zh,wordfreq,86,1.0
导向,4.24,zh,wordfreq,42,1.0
导师,4.4,zh,wordfreq,27,1.0
导弹,4.61,zh,wordfreq,18,1.1
导游,3.88,zh,wordfreq,20,1.0
导演,4.87,zh,wordfreq,20,1.0
导致,5.35,zh,wordfreq,19,1.05
导航,4.11,zh,wordfreq,16,1.2
寿司,3.48,zh,wordfreq,6,1.7
寿命,4.18,zh,wordfreq,20,1.0
封信,3.81,zh,wordfreq,33,1.0
封印,3.39,zh,wordfreq,15,1.25
封号,3.83,zh,wordfreq,40,1.0
封存,3.41,zh,wordfreq,26,1.0
封建,4.41,zh,wordfreq,28,1.0
封杀,3.63,zh,wordfreq,23,1.0
封装,3.41,zh,wordfreq,32,1.0
封锁,4.58,zh,wordfreq,13,1.35
封闭,4.43,zh,wordfreq,13,1.35
封面,4.34,zh,wordfreq,66,1.0
封顶,3.38,zh,wordfreq,16,1.2
射中,3.41,zh,wordfreq,57,1.0
射入,3.38,zh,wordfreq,70,1.0
射击,4.44,zh,wordfreq,35,1.0
射手,3.72,zh,wordfreq,67,1.0
射杀,3.84,zh,wordfreq,22,1.0
射程,3.76,zh,wordfreq,34,1.0
射箭,3.51,zh,wordfreq,11,1.45
射精,3.76,zh,wordfreq,11,1.45
射线,3.88,zh,wordfreq,49,1.0
射门,3.53,zh,wordfreq,54,1.0
将会,4.75,zh,wordfreq,59,1.0
将军,4.79,zh,wordfreq,37,1.0
将士,3.51,zh,wordfreq,35,1.0
将成,3.38,zh,wordfreq,50,1.0
将来,4.71,zh,wordfreq,61,1.0
将要,4.13,zh,wordfreq,34,1.0
将近,4.17,zh,wordfreq,22,1.0
将领,4.3,zh,wordfreq,17,1.15
尊严,4.48,zh,wordfreq,9,1.55
尊崇,3.43,zh,wordfreq,6,1.7
尊敬,4.35,zh,wordfreq,7,1.65
尊称,3.33,zh,wordfreq,35,1.0
尊贵,3.67,zh,wordfreq,13,1.35
尊重,4.88,zh,wordfreq,36,1.0
小丑,3.91,zh,wordfreq,68,1.0
小事,4.14,zh,wordfreq,124,1.0
小于,3.95,zh,wordfreq,119,1.0
小人,4.05,zh,wordfreq,208,1.0
小人物,3.38,zh,wordfreq,1,1.85
小伙,3.66,zh,wordfreq,74,1.0
小伙伴,3.52,zh,wordfreq,1,1.85
小伙子,4.07,zh,wordfreq,4,1.7
小便,3.64,zh,wordfreq,78,1.0
小偷,4.03,zh,wordfreq,69,1.0
小儿,3.57,zh,wordfreq,93,1.0
小兄弟,3.34,zh,wordfreq,1,1.85
小册子,3.39,zh,wordfreq,3,1.8
小农,3.69,zh,wordfreq,71,1.0
小刀,3.33,zh,wordfreq,75,1.0
小分队,3.36,zh,wordfreq,0,1.9
小区,4.41,zh,wordfreq,111,1.0
小号,3.41,zh,wordfreq,98,1.0
小吃,3.87,zh,wordfreq,70,1.0
小品,3.68,zh,wordfreq,95,1.0
小国,3.73,zh,wordfreq,123,1.0
小型,4.54,zh,wordfreq,89,1.0
小城,3.69,zh,wordfreq,92,1.0
小声,3.6,zh,wordfreq,96,1.0
小女儿,3.38,zh,wordfreq,1,1.85
小女孩,4.36,zh,wordfreq,2,1.8
小妹,3.85,zh,wordfreq,76,1.0
小妹妹,3.49,zh,wordfreq,0,1.9
小姐,4.88,zh,wordfreq,73,1.0
小姑娘,3.93,zh,wordfreq,1,1.9
小子,4.28,zh,wordfreq,240,1.0
小学,4.92,zh,wordfreq,105,1.0
小学生,4.16,zh,wordfreq,3,1.75
小孩,4.84,zh,wordfreq,70,1.0
小孩子,4.24,zh,wordfreq,6,1.55
小家伙,3.43,zh,wordfreq,2,1.8
小将,3.53,zh,wordfreq,81,1.0
小小,4.15,zh,wordfreq,86,1.0
小小的,4.21,zh,wordfreq,0,1.95
小屋,4.04,zh,wordfreq,71,1.0
小岛,4.02,zh,wordfreq,79,1.0
小巷,3.51,zh,wordfreq,68,1.0
小幅,3.4,zh,wordfreq,75,1.0
小店,3.41,zh,wordfreq,78,1.0
小康,3.72,zh,wordfreq,70,1.0
小弟,3.82,zh,wordfreq,74,1.0
小弟弟,3.41,zh,wordfreq,1,1.85
小心,4.71,zh,wordfreq,121,1.0
小手,3.33,zh,wordfreq,126,1.0
小提琴,3.7,zh,wordfreq,0,2.0
小时,5.45,zh,wordfreq,109,1.0
小时候,4.35,zh,wordfreq,3,1.75
小明,3.37,zh,wordfreq,99,1.0
小朋友,4.11,zh,wordfreq,4,1.75
小林,3.58,zh,wordfreq,87,1.0
小河,3.39,zh,wordfreq,81,1.0
小泉,3.63,zh,wordfreq,71,1.0
小游戏,3.51,zh,wordfreq,1,1.9
小熊,3.64,zh,wordfreq,68,1.0
小牛,3.49,zh,wordfreq,77,1.0
小狗,3.89,zh,wordfreq,73,1.0
小猪,3.35,zh,wordfreq,71,1.0
小猫,3.7,zh,wordfreq,71,1.0
小王子,3.46,zh,wordfreq,3,1.75
小男孩,3.91,zh,wordfreq,1,1.85
小白,3.39,zh,wordfreq,84,1.0
小看,3.45,zh,wordfreq,81,1.0
小米,4.16,zh,wordfreq,82,1.0
小精灵,3.54,zh,wordfreq,0,1.95
小组,4.87,zh,wordfreq,80,1.0
小组赛,3.51,zh,wordfreq,0,1.95
小编,3.75,zh,wordfreq,74,1.0
小腿,3.39,zh,wordfreq,72,1.0
小船,3.62,zh,wordfreq,79,1.0
小花,3.54,zh,wordfreq,89,1.0
小行星,3.61,zh,wordfreq,0,1.95
小规模,3.59,zh,wordfreq,1,1.9
小视频,3.74,zh,wordfreq,0,1.95
小说,5.18,zh,wordfreq,98,1.0
小说家,3.71,zh,wordfreq,0,1.95
小调,3.41,zh,wordfreq,89,1.0
小贩,3.72,zh,wordfreq,69,1.0
小费,3.34,zh,wordfreq,86,1.0
小路,3.7,zh,wordfreq,103,1.0
小车,3.5,zh,wordfreq,116,1.0
小镇,4.43,zh,wordfreq,76,1.0
小队,3.9,zh,wordfreq,96,1.0
小雨,3.62,zh,wordfreq,74,1.0
小额,3.73,zh,wordfreq,82,1.0
小马,3.68,zh,wordfreq,92,1.0
小鬼,3.63,zh,wordfreq,71,1.0
小鱼,3.58,zh,wordfreq,79,1.0
小鸟,3.85,zh,wordfreq,71,1.0
小鸡,3.7,zh,wordfreq,74,1.0
小麦,4.15,zh,wordfreq,70,1.0
小龙,3.48,zh,wordfreq,79,1.0
少不了,3.44,zh,wordfreq,5,1.7
少于,3.6,zh,wordfreq,64,1.0
少儿,3.55,zh,wordfreq,38,1.0
少女,4.89,zh,wordfreq,33,1.0
少妇,3.98,zh,wordfreq,23,1.0
少将,4.09,zh,wordfreq,26,1.0
少年,4.88,zh,wordfreq,75,1.0
少数,5.0,zh,wordfreq,44,1.0
少有,3.69,zh,wordfreq,82,1.0
少林,3.57,zh,wordfreq,32,1.0
少林寺,3.32,zh,wordfreq,0,1.95
少校,3.59,zh,wordfreq,28,1.0
少爷,3.81,zh,wordfreq,17,1.15
少见,3.75,zh,wordfreq,42,1.0
少许,3.59,zh,wordfreq,24,1.0
少量,4.14,zh,wordfreq,54,1.0
尔后,3.42,zh,wordfreq,42,1.0
尔德,3.39,zh,wordfreq,31,1.0
尔斯,3.58,zh,wordfreq,45,1.0
尔特,3.63,zh,wordfreq,30,1.0
尖叫,3.93,zh,wordfreq,6,1.7
尖端,3.64,zh,wordfreq,18,1.1
尖锐,4.15,zh,wordfreq,4,1.8
尘土,3.55,zh,wordfreq,12,1.4
尘埃,3.59,zh,wordfreq,1,1.95
尚书,4.19,zh,wordfreq,29,1.0
尚存,3.39,zh,wordfreq,20,1.0
尚无,4.12,zh,wordfreq,8,1.6
尚有,3.9,zh,wordfreq,73,1.0
尚未,4.8,zh,wordfreq,7,1.65
尝到,3.37,zh,wordfreq,54,1.0
尝尝,3.72,zh,wordfreq,3,1.85
尝试,4.82,zh,wordfreq,12,1.4
尤为,3.91,zh,wordfreq,46,1.0
尤其,5.15,zh,wordfreq,7,1.65
尤物,3.37,zh,wordfreq,37,1.0
尤里,3.44,zh,wordfreq,48,1.0
就业,4.9,zh,wordfreq,51,1.0
就任,3.92,zh,wordfreq,47,1.0
就位,3.34,zh,wordfreq,63,1.0
就别,3.51,zh,wordfreq,35,1.0
就医,3.77,zh,wordfreq,23,1.0
就够,3.67,zh,wordfreq,22,1.0
就学,3.51,zh,wordfreq,54,1.0
就是,6.06,zh,wordfreq,54,1.0
就是说,4.02,zh,wordfreq,0,1.95
就此,4.21,zh,wordfreq,31,1.0
就算,4.86,zh,wordfreq,34,1.0
就绪,3.45,zh,wordfreq,21,1.0
就职,3.81,zh,wordfreq,36,1.0
就行,3.74,zh,wordfreq,81,1.0
就行了,3.95,zh,wordfreq,0,1.95
就要,4.87,zh,wordfreq,44,1.0
就让,4.41,zh,wordfreq,21,1.0
就诊,3.43,zh,wordfreq,20,1.0
就读,3.96,zh,wordfreq,25,1.0
就近,3.48,zh,wordfreq,32,1.0
尴尬,4.4,zh,wordfreq,0,2.0
尸体,4.58,zh,wordfreq,51,1.0
尺寸,4.33,zh,wordfreq,3,1.85
尺度,4.23,zh,wordfreq,49,1.0
尼亚,4.3,zh,wordfreq,18,1.05
尼克,4.07,zh,wordfreq,39,1.0
尼克松,3.63,zh,wordfreq,0,1.95
尼古拉,3.43,zh,wordfreq,0,2.0
尼奥,3.5,zh,wordfreq,9,1.55
尼姑,3.54,zh,wordfreq,7,1.65
尼尔,3.65,zh,wordfreq,50,1.0
尼尔森,3.5,zh,wordfreq,0,1.95
尼斯,3.94,zh,wordfreq,48,1.0
尼日尔,3.43,zh,wordfreq,1,1.9
尼泊尔,4.13,zh,wordfreq,1,1.9
尼玛,3.33,zh,wordfreq,7,1.65
尼罗河,3.52,zh,wordfreq,0,2.0
尽全力,3.45,zh,wordfreq,0,1.9
尽力,4.4,zh,wordfreq,77,1.0
尽可能,4.24,zh,wordfreq,0,1.95
尽头,4.11,zh,wordfreq,79,1.0
尽快,4.66,zh,wordfreq,18,1.1
尽情,3.96,zh,wordfreq,50,1.0
尽早,3.92,zh,wordfreq,15,1.25
尽管,5.15,zh,wordfreq,24,1.0
尽量,4.57,zh,wordfreq,47,1.0
尾声,3.63,zh,wordfreq,31,1.0
尾巴,4.03,zh,wordfreq,13,1.35
尾部,3.36,zh,wordfreq,49,1.0
尾随,3.37,zh,wordfreq,6,1.7
尿布,3.37,zh,wordfreq,13,1.35
尿液,3.44,zh,wordfreq,5,1.75
局势,4.52,zh,wordfreq,26,1.0
局域网,3.41,zh,wordfreq,0,2.0
局局长,3.4,zh,wordfreq,1,1.9
局部,4.29,zh,wordfreq,50,1.0
局长,4.63,zh,wordfreq,73,1.0
局限,4.06,zh,wordfreq,16,1.1
局限于,3.37,zh,wordfreq,1,1.85
局限性,3.36,zh,wordfreq,1,1.9
局面,4.51,zh,wordfreq,60,1.0
屁屁,3.42,zh,wordfreq,4,1.8
屁眼,3.74,zh,wordfreq,13,1.35
屁股,4.66,zh,wordfreq,11,1.45
层层,3.73,zh,wordfreq,24,1.0
层次,4.4,zh,wordfreq,37,1.0
层级,3.78,zh,wordfreq,33,1.0
层面,4.54,zh,wordfreq,59,1.0
居于,3.96,zh,wordfreq,59,1.0
居住,4.82,zh,wordfreq,30,1.0
居住地,3.39,zh,wordfreq,0,1.95
居士,3.4,zh,wordfreq,36,1.0
居多,3.8,zh,wordfreq,24,1.0
居委会,3.69,zh,wordfreq,5,1.75
居家,3.72,zh,wordfreq,77,1.0
居所,3.37,zh,wordfreq,19,1.05
居民,5.22,zh,wordfreq,37,1.0
居民区,3.32,zh,wordfreq,0,1.95
居然,4.64,zh,wordfreq,36,1.0
居留,3.71,zh,wordfreq,20,1.0
屈从,3.35,zh,wordfreq,12,1.4
屈原,3.38,zh,wordfreq,11,1.45
屈服,3.86,zh,wordfreq,20,1.0
屈辱,3.65,zh,wordfreq,8,1.6
届时,4.08,zh,wordfreq,42,1.0
届满,3.52,zh,wordfreq,16,1.2
屋内,3.53,zh,wordfreq,27,1.0
屋子,4.06,zh,wordfreq,175,1.0
屋子里,3.48,zh,wordfreq,2,1.8
屋里,4.06,zh,wordfreq,48,1.0
屋顶,4.37,zh,wordfreq,9,1.55
屏东,3.47,zh,wordfreq,22,1.0
屏幕,4.25,zh,wordfreq,15,1.25
屏蔽,3.94,zh,wordfreq,6,1.7
屏障,3.65,zh,wordfreq,7,1.65
展会,3.4,zh,wordfreq,61,1.0
展出,4.08,zh,wordfreq,87,1.0
展厅,3.34,zh,wordfreq,13,1.35
展品,3.44,zh,wordfreq,36,1.0
展开,4.93,zh,wordfreq,41,1.0
展望,3.83,zh,wordfreq,30,1.0
展演,3.34,zh,wordfreq,21,1.0
展现,4.5,zh,wordfreq,21,1.0
展现出,3.41,zh,wordfreq,1,1.8
展示,4.85,zh,wordfreq,28,1.0
展览,4.51,zh,wordfreq,15,1.2
展览会,3.62,zh,wordfreq,1,1.85
属下,3.68,zh,wordfreq,72,1.0
属于,5.34,zh,wordfreq,55,1.0
属地,3.52,zh,wordfreq,69,1.0
属实,3.82,zh,wordfreq,29,1.0
属性,4.37,zh,wordfreq,49,1.0
屠夫,3.51,zh,wordfreq,19,1.05
屠宰,3.39,zh,wordfreq,3,1.85
屠杀,4.57,zh,wordfreq,15,1.2
屡屡,3.77,zh,wordfreq,1,1.95
屡次,3.61,zh,wordfreq,35,1.0
履历,3.5,zh,wordfreq,12,1.4
履行,4.32,zh,wordfreq,65,1.0
山上,4.14,zh,wordfreq,103,1.0
山下,3.7,zh,wordfreq,98,1.0
山丘,3.56,zh,wordfreq,31,1.0
山东,4.94,zh,wordfreq,49,1.0
山东省,4.11,zh,wordfreq,2,1.85
山中,3.67,zh,wordfreq,78,1.0
山体,3.53,zh,wordfreq,81,1.0
山区,4.45,zh,wordfreq,73,1.0
山南,3.35,zh,wordfreq,49,1.0
山口,3.55,zh,wordfreq,67,1.0
山地,4.09,zh,wordfreq,95,1.0
山坡,3.79,zh,wordfreq,32,1.0
山头,3.34,zh,wordfreq,103,1.0
山姆,3.6,zh,wordfreq,36,1.0
山寨,3.95,zh,wordfreq,30,1.0
山峰,3.86,zh,wordfreq,33,1.0
山川,3.36,zh,wordfreq,39,1.0
山庄,3.71,zh,wordfreq,33,1.0
山村,3.73,zh,wordfreq,34,1.0
山林,3.75,zh,wordfreq,49,1.0
山水,3.86,zh,wordfreq,76,1.0
山河,3.59,zh,wordfreq,43,1.0
山洞,3.56,zh,wordfreq,33,1.0
山羊,3.71,zh,wordfreq,32,1.0
山脉,4.22,zh,wordfreq,34,1.0
山脚下,3.33,zh,wordfreq,0,1.9
山西,4.54,zh,wordfreq,48,1.0
山西省,3.76,zh,wordfreq,3,1.8
山谷,3.9,zh,wordfreq,35,1.0
山路,3.75,zh,wordfreq,65,1.0
山里,3.64,zh,wordfreq,75,1.0
山镇,3.67,zh,wordfreq,38,1.0
山顶,3.95,zh,wordfreq,36,1.0
山麓,3.33,zh,wordfreq,30,1.0
岁数,3.36,zh,wordfreq,32,1.0
岁月,4.18,zh,wordfreq,22,1.0
岗位,4.48,zh,wordfreq,46,1.0
岛上,4.53,zh,wordfreq,76,1.0
岛内,3.34,zh,wordfreq,27,1.0
岛国,4.02,zh,wordfreq,58,1.0
岛屿,4.59,zh,wordfreq,3,1.85
岩浆,3.48,zh,wordfreq,2,1.9
岩石,4.11,zh,wordfreq,12,1.4
岭南,3.51,zh,wordfreq,19,1.05
岳母,3.38,zh,wordfreq,12,1.4
岳父,3.72,zh,wordfreq,11,1.45
岸上,3.32,zh,wordfreq,74,1.0
岸边,3.68,zh,wordfreq,29,1.0
峡谷,3.89,zh,wordfreq,5,1.7
峰会,3.98,zh,wordfreq,53,1.0
峰值,3.44,zh,wordfreq,16,1.2
崇尚,3.66,zh,wordfreq,8,1.6
崇拜,4.32,zh,wordfreq,8,1.6
崇敬,3.42,zh,wordfreq,6,1.7
崇祯,3.78,zh,wordfreq,4,1.8
崇高,3.84,zh,wordfreq,19,1.05
崛起,4.31,zh,wordfreq,32,1.0
崩坏,3.32,zh,wordfreq,9,1.55
崩塌,3.5,zh,wordfreq,4,1.8
崩溃,4.44,zh,wordfreq,3,1.85
崭新,4.06,zh,wordfreq,13,1.35
嵌入,3.54,zh,wordfreq,61,1.0
巅峰,3.83,zh,wordfreq,3,1.85
川普,3.35,zh,wordfreq,3,1.85
州府,3.39,zh,wordfreq,12,1.35
州政府,3.82,zh,wordfreq,7,1.55
州立,3.44,zh,wordfreq,23,1.0
州长,4.36,zh,wordfreq,71,1.0
巡回,3.82,zh,wordfreq,30,1.0
巡抚,3.92,zh,wordfreq,10,1.5
巡查,3.32,zh,wordfreq,25,1.0
巡洋舰,3.58,zh,wordfreq,0,2.0
巡游,3.4,zh,wordfreq,21,1.0
巡演,3.81,zh,wordfreq,21,1.0
巡礼,3.34,zh,wordfreq,17,1.15
巡航,3.59,zh,wordfreq,17,1.15
巡视,3.89,zh,wordfreq,37,1.0
巡警,3.35,zh,wordfreq,18,1.1
巡逻,4.1,zh,wordfreq,9,1.55
巢穴,3.56,zh,wordfreq,1,1.95
工业,5.4,zh,wordfreq,55,1.0
工业化,4.14,zh,wordfreq,4,1.75
工业区,3.69,zh,wordfreq,2,1.85
工人,5.05,zh,wordfreq,161,1.0
工人党,3.47,zh,wordfreq,0,1.9
工会,4.64,zh,wordfreq,73,1.0
工作,5.99,zh,wordfreq,52,1.0
工作室,4.3,zh,wordfreq,5,1.7
工作日,3.71,zh,wordfreq,5,1.7
工作站,3.51,zh,wordfreq,5,1.7
工作组,3.53,zh,wordfreq,5,1.7
工作者,4.37,zh,wordfreq,6,1.6
工作量,3.42,zh,wordfreq,5,1.7
工党,3.87,zh,wordfreq,27,1.0
工具,5.14,zh,wordfreq,38,1.0
工农,3.81,zh,wordfreq,24,1.0
工匠,3.77,zh,wordfreq,23,1.0
工厂,4.89,zh,wordfreq,24,1.0
工商,4.24,zh,wordfreq,34,1.0
工商业,3.87,zh,wordfreq,1,1.8
工商局,3.33,zh,wordfreq,1,1.9
工地,3.95,zh,wordfreq,86,1.0
工场,3.78,zh,wordfreq,74,1.0
工夫,3.7,zh,wordfreq,38,1.0
工委,3.33,zh,wordfreq,35,1.0
工学院,3.57,zh,wordfreq,4,1.75
工序,3.73,zh,wordfreq,27,1.0
工时,3.57,zh,wordfreq,62,1.0
工期,3.36,zh,wordfreq,56,1.0
工科,3.36,zh,wordfreq,35,1.0
工程,5.29,zh,wordfreq,46,1.0
工程学,3.33,zh,wordfreq,1,1.9
工程师,4.61,zh,wordfreq,1,1.9
工艺,4.58,zh,wordfreq,30,1.0
工艺品,3.56,zh,wordfreq,0,1.95
工资,4.8,zh,wordfreq,36,1.0
工部,3.7,zh,wordfreq,67,1.0
左侧,3.88,zh,wordfreq,16,1.2
左倾,3.32,zh,wordfreq,8,1.6
左右,5.09,zh,wordfreq,7,1.65
左手,3.97,zh,wordfreq,65,1.0
左派,4.27,zh,wordfreq,23,1.0
左翼,4.14,zh,wordfreq,9,1.55
左脚,3.4,zh,wordfreq,11,1.45
左边,4.09,zh,wordfreq,35,1.0
巧克力,4.23,zh,wordfreq,0,2.0
巧合,3.95,zh,wordfreq,29,1.0
巧妙,3.92,zh,wordfreq,6,1.7
巨乳,3.71,zh,wordfreq,11,1.45
巨人,4.18,zh,wordfreq,149,1.0
巨变,3.44,zh,wordfreq,26,1.0
巨型,3.92,zh,wordfreq,30,1.0
巨大,5.01,zh,wordfreq,65,1.0
巨头,3.94,zh,wordfreq,82,1.0
巨星,3.9,zh,wordfreq,35,1.0
巨石,3.37,zh,wordfreq,20,1.0
巨额,4.08,zh,wordfreq,23,1.0
巨龙,3.36,zh,wordfreq,20,1.0
巩固,4.4,zh,wordfreq,6,1.7
巫师,3.71,zh,wordfreq,20,1.0
巫术,3.59,zh,wordfreq,12,1.4
差一点,3.45,zh,wordfreq,2,1.8
差不多,4.61,zh,wordfreq,1,1.95
差价,3.38,zh,wordfreq,38,1.0
差别,4.54,zh,wordfreq,25,1.0
差劲,3.72,zh,wordfreq,11,1.45
差异,4.77,zh,wordfreq,18,1.1
差点,4.29,zh,wordfreq,71,1.0
差距,4.46,zh,wordfreq,8,1.6
差错,3.62,zh,wordfreq,18,1.1
差额,3.58,zh,wordfreq,21,1.0
已婚,3.96,zh,wordfreq,18,1.1
已成,3.96,zh,wordfreq,52,1.0
已故,3.76,zh,wordfreq,14,1.3
已有,4.6,zh,wordfreq,78,1.0
已死,3.32,zh,wordfreq,34,1.0
已然,3.93,zh,wordfreq,37,1.0
已知,3.97,zh,wordfreq,29,1.0
已经,6.06,zh,wordfreq,25,1.0
已达,3.62,zh,wordfreq,23,1.0
已过,3.39,zh,wordfreq,51,1.0
巴东,3.34,zh,wordfreq,38,1.0
巴克,3.67,zh,wordfreq,52,1.0
巴哈马,3.4,zh,wordfreq,1,1.9
巴士,4.47,zh,wordfreq,47,1.0
巴士站,3.48,zh,wordfreq,0,1.95
巴尔,3.65,zh,wordfreq,63,1.0
巴尔干,3.53,zh,wordfreq,0,1.95
巴巴,3.57,zh,wordfreq,29,1.0
巴库,3.36,zh,wordfreq,28,1.0
巴德,3.77,zh,wordfreq,47,1.0
巴拉,3.61,zh,wordfreq,51,1.0
巴拉圭,3.61,zh,wordfreq,1,1.9
巴拿马,4.05,zh,wordfreq,1,1.9
巴掌,3.39,zh,wordfreq,22,1.0
巴斯,3.77,zh,wordfreq,61,1.0
巴林,3.68,zh,wordfreq,38,1.0
巴格达,3.7,zh,wordfreq,0,2.0
巴比,3.52,zh,wordfreq,37,1.0
巴比伦,3.68,zh,wordfreq,0,1.95
巴特,3.66,zh,wordfreq,46,1.0
巴萨,3.65,zh,wordfreq,23,1.0
巴西,4.83,zh,wordfreq,37,1.0
巴赫,3.48,zh,wordfreq,21,1.0
巴里,3.82,zh,wordfreq,64,1.0
巴顿,3.48,zh,wordfreq,24,1.0
巴马,3.43,zh,wordfreq,43,1.0
巴黎,4.88,zh,wordfreq,19,1.05
币值,3.37,zh,wordfreq,15,1.25
市中心,4.3,zh,wordfreq,0,1.95
市价,3.46,zh,wordfreq,47,1.0
市值,3.78,zh,wordfreq,31,1.0
市内,3.92,zh,wordfreq,40,1.0
市区,4.63,zh,wordfreq,59,1.0
市场,5.64,zh,wordfreq,69,1.0
市场化,3.51,zh,wordfreq,0,1.95
市委,4.33,zh,wordfreq,30,1.0
市容,3.33,zh,wordfreq,32,1.0
市府,3.72,zh,wordfreq,26,1.0
市政,4.05,zh,wordfreq,35,1.0
市政厅,3.53,zh,wordfreq,1,1.9
市政府,4.32,zh,wordfreq,8,1.45
市民,4.77,zh,wordfreq,45,1.0
市立,3.39,zh,wordfreq,37,1.0
市级,3.75,zh,wordfreq,46,1.0
市辖区,3.58,zh,wordfreq,0,1.9
市郊,3.55,zh,wordfreq,18,1.1
市里,3.48,zh,wordfreq,61,1.0
市镇,3.69,zh,wordfreq,24,1.0
市长,4.86,zh,wordfreq,85,1.0
市集,3.59,zh,wordfreq,38,1.0
市面上,3.58,zh,wordfreq,0,1.95
布丁,3.53,zh,wordfreq,17,1.15
布什,4.09,zh,wordfreq,15,1.25
布兰,3.63,zh,wordfreq,22,1.0
布告,3.37,zh,wordfreq,27,1.0
布尔,3.82,zh,wordfreq,57,1.0
布局,4.57,zh,wordfreq,31,1.0
布拉,3.73,zh,wordfreq,45,1.0
布拉格,3.7,zh,wordfreq,0,1.95
布政使,3.46,zh,wordfreq,0,2.0
布料,3.51,zh,wordfreq,36,1.0
布景,3.43,zh,wordfreq,25,1.0
布朗,4.14,zh,wordfreq,17,1.15
布满,3.62,zh,wordfreq,28,1.0
布置,4.21,zh,wordfreq,27,1.0
布莱克,3.46,zh,wordfreq,3,1.8
布莱尔,3.44,zh,wordfreq,2,1.85
布莱恩,3.52,zh,wordfreq,2,1.85
布里,3.65,zh,wordfreq,58,1.0
布雷,4.01,zh,wordfreq,18,1.1
布鲁克,3.47,zh,wordfreq,2,1.9
布鲁斯,3.7,zh,wordfreq,1,1.95
帅哥,4.23,zh,wordfreq,9,1.55
帅气,3.66,zh,wordfreq,43,1.0
帆船,3.5,zh,wordfreq,11,1.45
师傅,4.32,zh,wordfreq,9,1.55
师兄,3.75,zh,wordfreq,11,1.45
师团,3.6,zh,wordfreq,22,1.0
师大,3.34,zh,wordfreq,65,1.0
师妹,3.41,zh,wordfreq,17,1.15
师父,4.21,zh,wordfreq,19,1.05
师生,4.08,zh,wordfreq,57,1.0
师范,3.99,zh,wordfreq,15,1.25
师资,3.82,zh,wordfreq,24,1.0
师长,3.83,zh,wordfreq,78,1.0
希尔,3.82,zh,wordfreq,48,1.0
希尔顿,3.53,zh,wordfreq,0,1.95
希德,3.42,zh,wordfreq,32,1.0
希拉,3.61,zh,wordfreq,36,1.0
希拉里,3.66,zh,wordfreq,0,1.9
希望,5.72,zh,wordfreq,25,1.0
希特勒,4.34,zh,wordfreq,0,2.0
希腊,4.75,zh,wordfreq,4,1.65
希腊人,3.77,zh,wordfreq,1,1.9
希腊语,3.32,zh,wordfreq,1,1.9
帐号,4.3,zh,wordfreq,32,1.0
帐户,4.26,zh,wordfreq,18,1.1
帐篷,4.08,zh,wordfreq,3,1.85
帕克,3.37,zh,wordfreq,36,1.0
帕拉,3.57,zh,wordfreq,35,1.0
帕斯,3.38,zh,wordfreq,45,1.0
帕特,3.38,zh,wordfreq,30,1.0
帖子,3.85,zh,wordfreq,172,1.0
帝国,4.94,zh,wordfreq,56,1.0
帝王,3.92,zh,wordfreq,13,1.35
带上,4.08,zh,wordfreq,87,1.0
带入,3.71,zh,wordfreq,75,1.0
带到,4.25,zh,wordfreq,66,1.0
带动,4.46,zh,wordfreq,73,1.0
带回,4.09,zh,wordfreq,35,1.0
带回家,3.39,zh,wordfreq,0,1.9
带头,4.07,zh,wordfreq,87,1.0
带子,3.33,zh,wordfreq,186,1.0
带宽,3.62,zh,wordfreq,16,1.2
带我去,3.46,zh,wordfreq,0,2.0
带有,4.45,zh,wordfreq,83,1.0
带来,5.19,zh,wordfreq,68,1.0
带给,4.24,zh,wordfreq,40,1.0
带走,4.34,zh,wordfreq,30,1.0
带路,3.48,zh,wordfreq,49,1.0
带队,3.55,zh,wordfreq,42,1.0
带领,4.64,zh,wordfreq,24,1.0
席位,3.85,zh,wordfreq,48,1.0
席卷,3.76,zh,wordfreq,6,1.7
席次,3.41,zh,wordfreq,36,1.0
帮主,3.41,zh,wordfreq,27,1.0
帮会,3.4,zh,wordfreq,58,1.0
帮助,5.41,zh,wordfreq,22,1.0
帮帮,3.55,zh,wordfreq,9,1.55
帮忙,4.64,zh,wordfreq,10,1.5
帮手,3.62,zh,wordfreq,64,1.0
帮派,3.88,zh,wordfreq,22,1.0
帷幕,3.39,zh,wordfreq,12,1.4
常人,3.7,zh,wordfreq,162,1.0
常任,3.41,zh,wordfreq,52,1.0
常会,3.37,zh,wordfreq,74,1.0
常住,3.47,zh,wordfreq,44,1.0
常务,4.42,zh,wordfreq,45,1.0
常务副,3.43,zh,wordfreq,0,1.95
常委,4.4,zh,wordfreq,36,1.0
常委会,3.51,zh,wordfreq,5,1.65
常客,3.39,zh,wordfreq,37,1.0
常州,3.86,zh,wordfreq,55,1.0
常常,4.74,zh,wordfreq,35,1.0
常年,3.81,zh,wordfreq,84,1.0
常德,3.48,zh,wordfreq,50,1.0
常态,4.11,zh,wordfreq,36,1.0
常数,3.64,zh,wordfreq,53,1.0
常有,3.93,zh,wordfreq,91,1.0
常熟,3.32,zh,wordfreq,24,1.0
常理,3.4,zh,wordfreq,63,1.0
常用,4.37,zh,wordfreq,89,1.0
常见,4.68,zh,wordfreq,51,1.0
常见于,3.32,zh,wordfreq,0,1.9
常规,4.24,zh,wordfreq,26,1.0
常规赛,3.46,zh,wordfreq,0,1.95
常设,3.74,zh,wordfreq,34,1.0
常识,4.12,zh,wordfreq,34,1.0
常说,3.44,zh,wordfreq,52,1.0
常驻,3.69,zh,wordfreq,25,1.0
帽子,4.24,zh,wordfreq,172,1.0
幅度,4.07,zh,wordfreq,48,1.0
幌子,3.36,zh,wordfreq,172,1.0
幕僚,3.65,zh,wordfreq,3,1.85
幕后,4.3,zh,wordfreq,40,1.0
干事,3.87,zh,wordfreq,75,1.0
干什么,4.41,zh,wordfreq,2,1.85
干净,4.65,zh,wordfreq,22,1.0
干吗,3.85,zh,wordfreq,20,1.0
干嘛,4.58,zh,wordfreq,20,1.0
干坤,3.35,zh,wordfreq,19,1.05
干得,3.66,zh,wordfreq,51,1.0
干扰,4.45,zh,wordfreq,22,1.0
干掉,3.89,zh,wordfreq,37,1.0
干旱,3.97,zh,wordfreq,19,1.05
干活,3.95,zh,wordfreq,30,1.0
干涉,4.45,zh,wordfreq,21,1.0
干涸,3.41,zh,wordfreq,19,1.05
干燥,4.14,zh,wordfreq,20,1.0
干爹,3.37,zh,wordfreq,20,1.0
干线,4.04,zh,wordfreq,59,1.0
干细胞,3.53,zh,wordfreq,1,1.9
干脆,4.18,zh,wordfreq,19,1.05
干过,3.52,zh,wordfreq,61,1.0
干部,5.01,zh,wordfreq,65,1.0
干隆,3.98,zh,wordfreq,23,1.0
干预,4.41,zh,wordfreq,19,1.05
平价,3.75,zh,wordfreq,63,1.0
平凡,4.08,zh,wordfreq,36,1.0
平分,3.32,zh,wordfreq,66,1.0
平原,4.26,zh,wordfreq,40,1.0
平反,3.65,zh,wordfreq,35,1.0
平台,5.19,zh,wordfreq,59,1.0
平和,3.86,zh,wordfreq,45,1.0
平地,3.52,zh,wordfreq,97,1.0
平均,5.08,zh,wordfreq,36,1.0
平均值,3.48,zh,wordfreq,0,1.95
平坦,3.63,zh,wordfreq,33,1.0
平壤,3.81,zh,wordfreq,34,1.0
平安,4.42,zh,wordfreq,48,1.0
平定,3.53,zh,wordfreq,84,1.0
平常,4.31,zh,wordfreq,45,1.0
平平,3.45,zh,wordfreq,44,1.0
平庸,3.65,zh,wordfreq,33,1.0
平息,3.89,zh,wordfreq,44,1.0
平房,3.34,zh,wordfreq,52,1.0
平整,3.33,zh,wordfreq,36,1.0
平方,3.92,zh,wordfreq,72,1.0
平方米,4.21,zh,wordfreq,1,1.85
平日,4.09,zh,wordfreq,72,1.0
平时,4.57,zh,wordfreq,73,1.0
平权,3.46,zh,wordfreq,63,1.0
平板,3.84,zh,wordfreq,47,1.0
平民,4.58,zh,wordfreq,61,1.0
平淡,3.54,zh,wordfreq,34,1.0
平稳,4.11,zh,wordfreq,34,1.0
平等,4.88,zh,wordfreq,42,1.0
平米,3.7,zh,wordfreq,46,1.0
平行,4.01,zh,wordfreq,96,1.0
平衡,4.69,zh,wordfreq,37,1.0
平静,4.34,zh,wordfreq,39,1.0
平面,4.24,zh,wordfreq,88,1.0
年产,3.42,zh,wordfreq,54,1.0
年仅,3.63,zh,wordfreq,31,1.0
年代,5.36,zh,wordfreq,52,1.0
年份,4.04,zh,wordfreq,40,1.0
年会,5.25,zh,wordfreq,81,1.0
年内,4.14,zh,wordfreq,53,1.0
年初,4.49,zh,wordfreq,34,1.0
年前,4.66,zh,wordfreq,55,1.0
年华,3.42,zh,wordfreq,48,1.0
年均,3.84,zh,wordfreq,33,1.0
年头,3.71,zh,wordfreq,102,1.0
年少,3.5,zh,wordfreq,38,1.0
年幼,3.57,zh,wordfreq,30,1.0
年底,4.76,zh,wordfreq,40,1.0
年度,4.87,zh,wordfreq,77,1.0
年报,3.54,zh,wordfreq,61,1.0
年收入,3.33,zh,wordfreq,1,1.9
年末,4.04,zh,wordfreq,35,1.0
年级,4.2,zh,wordfreq,59,1.0
年纪,4.51,zh,wordfreq,32,1.0
年终,3.58,zh,wordfreq,33,1.0
年老,3.56,zh,wordfreq,37,1.0
年薪,3.64,zh,wordfreq,32,1.0
年轻,5.07,zh,wordfreq,31,1.0
年轻人,4.75,zh,wordfreq,1,1.85
年里,4.98,zh,wordfreq,74,1.0
年鉴,3.41,zh,wordfreq,31,1.0
年长,3.76,zh,wordfreq,98,1.0
年间,4.72,zh,wordfreq,51,1.0
年限,3.59,zh,wordfreq,41,1.0
年青,3.46,zh,wordfreq,34,1.0
年青人,3.4,zh,wordfreq,1,1.9
年龄,4.85,zh,wordfreq,31,1.0
年龄段,3.35,zh,wordfreq,0,1.95
并不多,3.33,zh,wordfreq,1,1.95
并且,5.41,zh,wordfreq,18,1.1
并举,3.52,zh,wordfreq,23,1.0
并入,3.83,zh,wordfreq,75,1.0
并列,3.88,zh,wordfreq,27,1.0
并发,3.49,zh,wordfreq,62,1.0
并发症,3.61,zh,wordfreq,0,1.95
并存,3.74,zh,wordfreq,30,1.0
并未,4.58,zh,wordfreq,17,1.15
并用,3.89,zh,wordfreq,81,1.0
并称,3.64,zh,wordfreq,44,1.0
并肩,3.44,zh,wordfreq,14,1.3
并行,3.75,zh,wordfreq,78,1.0
并购,3.99,zh,wordfreq,24,1.0
并进,3.44,zh,wordfreq,40,1.0
并重,3.41,zh,wordfreq,45,1.0
并非,4.91,zh,wordfreq,26,1.0
幸亏,3.66,zh,wordfreq,7,1.65
幸免,3.63,zh,wordfreq,15,1.25
幸好,4.09,zh,wordfreq,43,1.0
幸存,3.86,zh,wordfreq,21,1.0
幸存者,4.03,zh,wordfreq,0,1.95
幸福,4.84,zh,wordfreq,9,1.55
幸运,4.77,zh,wordfreq,24,1.0
幻影,3.53,zh,wordfreq,15,1.25
幻想,4.58,zh,wordfreq,26,1.0
幻觉,3.92,zh,wordfreq,18,1.1
幻象,3.34,zh,wordfreq,19,1.05
幼儿,4.06,zh,wordfreq,31,1.0
幼儿园,4.3,zh,wordfreq,0,1.95
幼女,3.97,zh,wordfreq,26,1.0
幼年,3.45,zh,wordfreq,68,1.0
幼时,3.37,zh,wordfreq,47,1.0
幼稚,4.1,zh,wordfreq,6,1.7
幼童,3.6,zh,wordfreq,12,1.4
幼虫,3.48,zh,wordfreq,8,1.6
幽灵,3.95,zh,wordfreq,8,1.6
幽默,4.23,zh,wordfreq,4,1.75
幽默感,3.6,zh,wordfreq,0,1.95
广东,5.05,zh,wordfreq,33,1.0
广东省,4.31,zh,wordfreq,2,1.85
广东话,3.34,zh,wordfreq,1,1.9
广为,3.62,zh,wordfreq,57,1.0
广义,4.01,zh,wordfreq,32,1.0
广受,3.38,zh,wordfreq,29,1.0
广告,5.1,zh,wordfreq,28,1.0
广告牌,3.5,zh,wordfreq,0,1.95
广场,5.09,zh,wordfreq,67,1.0
广大,4.84,zh,wordfreq,70,1.0
广岛,3.59,zh,wordfreq,25,1.0
广州,5.08,zh,wordfreq,47,1.0
广州市,3.95,zh,wordfreq,3,1.8
广度,3.51,zh,wordfreq,62,1.0
广播,4.87,zh,wordfreq,26,1.0
广泛,5.06,zh,wordfreq,14,1.3
广电,3.59,zh,wordfreq,33,1.0
广西,4.67,zh,wordfreq,32,1.0
广阔,4.23,zh,wordfreq,17,1.15
庄严,3.73,zh,wordfreq,7,1.65
庄园,3.99,zh,wordfreq,13,1.35
庄子,3.58,zh,wordfreq,175,1.0
庄家,3.66,zh,wordfreq,72,1.0
庆典,4.26,zh,wordfreq,14,1.3
庆幸,3.88,zh,wordfreq,8,1.6
庆祝,4.68,zh,wordfreq,3,1.85
庆贺,3.52,zh,wordfreq,4,1.8
庇护,4.25,zh,wordfreq,14,1.3
床上,4.6,zh,wordfreq,76,1.0
床位,3.46,zh,wordfreq,49,1.0
床单,3.77,zh,wordfreq,17,1.15
床垫,3.49,zh,wordfreq,3,1.85
序列,4.0,zh,wordfreq,15,1.25
序幕,3.63,zh,wordfreq,14,1.3
序言,3.34,zh,wordfreq,29,1.0
庐山,3.6,zh,wordfreq,36,1.0
库克,3.71,zh,wordfreq,37,1.0
库存,4.17,zh,wordfreq,20,1.0
库房,3.37,zh,wordfreq,24,1.0
库斯,3.54,zh,wordfreq,46,1.0
库里,3.5,zh,wordfreq,49,1.0
应为,3.79,zh,wordfreq,61,1.0
应从,3.38,zh,wordfreq,27,1.0
应付,4.45,zh,wordfreq,24,1.0
应力,3.57,zh,wordfreq,89,1.0
应变,3.88,zh,wordfreq,35,1.0
应对,4.45,zh,wordfreq,30,1.0
应届,3.51,zh,wordfreq,25,1.0
应当,4.85,zh,wordfreq,35,1.0
应征,3.39,zh,wordfreq,25,1.0
应得,3.75,zh,wordfreq,50,1.0
应急,4.22,zh,wordfreq,22,1.0
应战,3.42,zh,wordfreq,57,1.0
应是,4.53,zh,wordfreq,55,1.0
应有,4.24,zh,wordfreq,87,1.0
应用,5.24,zh,wordfreq,85,1.0
应聘,3.68,zh,wordfreq,19,1.05
应该,5.85,zh,wordfreq,23,1.0
应邀,3.6,zh,wordfreq,19,1.05
应酬,3.46,zh,wordfreq,20,1.0
底下,4.23,zh,wordfreq,73,1.0
底层,4.12,zh,wordfreq,26,1.0
底片,3.32,zh,wordfreq,30,1.0
底特律,3.59,zh,wordfreq,0,2.0
底盘,3.57,zh,wordfreq,20,1.0
底线,3.92,zh,wordfreq,45,1.0
底部,3.97,zh,wordfreq,51,1.0
店主,3.7,zh,wordfreq,27,1.0
店员,3.74,zh,wordfreq,30,1.0
店家,3.54,zh,wordfreq,75,1.0
店里,4.01,zh,wordfreq,51,1.0
店铺,3.97,zh,wordfreq,7,1.65
店长,3.34,zh,wordfreq,75,1.0
店面,3.39,zh,wordfreq,62,1.0
庙宇,3.6,zh,wordfreq,1,1.95
庞大,4.5,zh,wordfreq,56,1.0
废品,3.32,zh,wordfreq,36,1.0
废墟,3.92,zh,wordfreq,9,1.55
废弃,4.16,zh,wordfreq,17,1.1
废弃物,3.41,zh,wordfreq,0,1.9
废料,3.38,zh,wordfreq,32,1.0
废止,3.94,zh,wordfreq,21,1.0
废气,3.51,zh,wordfreq,51,1.0
废水,3.6,zh,wordfreq,55,1.0
废物,4.17,zh,wordfreq,43,1.0
废话,3.94,zh,wordfreq,37,1.0
废除,4.62,zh,wordfreq,26,1.0
度假,4.2,zh,wordfreq,13,1.3
度假村,3.54,zh,wordfreq,0,1.95
度过,4.46,zh,wordfreq,44,1.0
度量,3.37,zh,wordfreq,43,1.0
座位,4.26,zh,wordfreq,50,1.0
座标,3.35,zh,wordfreq,17,1.15
座椅,3.78,zh,wordfreq,5,1.75
座落,3.36,zh,wordfreq,30,1.0
座谈,3.81,zh,wordfreq,13,1.3
座谈会,4.0,zh,wordfreq,0,1.95
庭审,3.59,zh,wordfreq,7,1.65
庭院,3.62,zh,wordfreq,19,1.05
康复,4.11,zh,wordfreq,12,1.4
康德,3.51,zh,wordfreq,30,1.0
康熙,4.15,zh,wordfreq,2,1.9
庸俗,3.38,zh,wordfreq,7,1.65
廉价,4.14,zh,wordfreq,33,1.0
廉政,3.58,zh,wordfreq,21,1.0
廉洁,3.67,zh,wordfreq,7,1.65
延伸,4.49,zh,wordfreq,8,1.6
延安,4.1,zh,wordfreq,24,1.0
延期,4.03,zh,wordfreq,43,1.0
延续,4.49,zh,wordfreq,16,1.2
延缓,3.59,zh,wordfreq,14,1.3
延至,3.37,zh,wordfreq,20,1.0
延误,3.77,zh,wordfreq,14,1.3
延迟,4.11,zh,wordfreq,11,1.45
延长,4.54,zh,wordfreq,77,1.0
建于,3.94,zh,wordfreq,72,1.0
建交,3.87,zh,wordfreq,37,1.0
建党,3.4,zh,wordfreq,27,1.0
建军,3.36,zh,wordfreq,51,1.0
建制,4.07,zh,wordfreq,58,1.0
建华,3.59,zh,wordfreq,40,1.0
建国,4.6,zh,wordfreq,76,1.0
建安,3.41,zh,wordfreq,37,1.0
建平,3.36,zh,wordfreq,33,1.0
建成,4.7,zh,wordfreq,64,1.0
建有,3.86,zh,wordfreq,90,1.0
建材,4.03,zh,wordfreq,33,1.0
建构,4.05,zh,wordfreq,25,1.0
建树,3.36,zh,wordfreq,23,1.0
建模,3.38,zh,wordfreq,23,1.0
建立,5.56,zh,wordfreq,42,1.0
建筑,5.34,zh,wordfreq,23,1.0
建筑业,3.54,zh,wordfreq,3,1.8
建筑师,3.97,zh,wordfreq,3,1.8
建筑物,4.49,zh,wordfreq,3,1.8
建筑群,3.62,zh,wordfreq,3,1.8
建置,3.36,zh,wordfreq,35,1.0
建议,5.32,zh,wordfreq,36,1.0
建设,5.58,zh,wordfreq,33,1.0
建设性,3.48,zh,wordfreq,0,1.95
建起,3.43,zh,wordfreq,53,1.0
建造,4.81,zh,wordfreq,37,1.0
开业,4.07,zh,wordfreq,100,1.0
开个,3.69,zh,wordfreq,103,1.0
开价,3.34,zh,wordfreq,97,1.0
开会,4.38,zh,wordfreq,118,1.0
开元,3.54,zh,wordfreq,81,1.0
开关,4.03,zh,wordfreq,83,1.0
开出,4.03,zh,wordfreq,144,1.0
开凿,3.39,zh,wordfreq,66,1.0
开刀,3.51,zh,wordfreq,73,1.0
开创,4.25,zh,wordfreq,72,1.0
开办,4.21,zh,wordfreq,81,1.0
开动,3.38,zh,wordfreq,125,1.0
开化,3.33,zh,wordfreq,106,1.0
开发,5.36,zh,wordfreq,114,1.0
开发区,4.02,zh,wordfreq,2,1.85
开发商,4.05,zh,wordfreq,2,1.85
开发者,3.96,zh,wordfreq,3,1.8
开口,4.3,zh,wordfreq,103,1.0
开启,4.52,zh,wordfreq,67,1.0
开国,3.88,zh,wordfreq,121,1.0
开场,3.88,zh,wordfreq,119,1.0
开垦,3.73,zh,wordfreq,66,1.0
开头,4.28,zh,wordfreq,139,1.0
开始,6.03,zh,wordfreq,71,1.0
开学,3.84,zh,wordfreq,103,1.0
开封,3.72,zh,wordfreq,71,1.0
开局,3.65,zh,wordfreq,84,1.0
开展,5.07,zh,wordfreq,79,1.0
开工,4.27,zh,wordfreq,96,1.0
开幕,4.44,zh,wordfreq,78,1.0
开幕式,3.93,zh,wordfreq,1,1.9
开店,3.54,zh,wordfreq,76,1.0
开庭,3.9,zh,wordfreq,69,1.0
开张,3.75,zh,wordfreq,82,1.0
开往,3.55,zh,wordfreq,79,1.0
开心,4.96,zh,wordfreq,119,1.0
开战,4.01,zh,wordfreq,105,1.0
开户,3.69,zh,wordfreq,82,1.0
开房,3.58,zh,wordfreq,86,1.0
开打,3.52,zh,wordfreq,78,1.0
开拓,4.17,zh,wordfreq,66,1.0
开拓者,3.39,zh,wordfreq,1,1.9
开挖,3.37,zh,wordfreq,66,1.0
开播,3.61,zh,wordfreq,78,1.0
开支,4.16,zh,wordfreq,73,1.0
开放,5.25,zh,wordfreq,79,1.0
开放式,3.72,zh,wordfreq,2,1.85
开放性,3.32,zh,wordfreq,1,1.9
开明,3.77,zh,wordfreq,97,1.0
开朗,3.62,zh,wordfreq,70,1.0
开机,3.84,zh,wordfreq,106,1.0
开来,4.03,zh,wordfreq,120,1.0
开枪,4.39,zh,wordfreq,71,1.0
开水,3.44,zh,wordfreq,112,1.0
开源,3.79,zh,wordfreq,80,1.0
开火,3.9,zh,wordfreq,88,1.0
开炮,3.37,zh,wordfreq,72,1.0
开玩笑,4.39,zh,wordfreq,0,1.95
开盘,3.52,zh,wordfreq,81,1.0
开着,3.73,zh,wordfreq,103,1.0
开端,3.98,zh,wordfreq,82,1.0
开罗,3.86,zh,wordfreq,72,1.0
开花,3.93,zh,wordfreq,87,1.0
开设,4.45,zh,wordfreq,78,1.0
开赛,3.41,zh,wordfreq,76,1.0
开路,3.36,zh,wordfreq,101,1.0
开车,4.57,zh,wordfreq,114,1.0
开辟,4.34,zh,wordfreq,68,1.0
开进,3.47,zh,wordfreq,92,1.0
开通,4.42,zh,wordfreq,90,1.0
开采,4.25,zh,wordfreq,68,1.0
开销,3.68,zh,wordfreq,81,1.0
开门,4.27,zh,wordfreq,111,1.0
开阔,3.76,zh,wordfreq,69,1.0
开除,4.35,zh,wordfreq,83,1.0
异化,3.37,zh,wordfreq,50,1.0
异同,3.33,zh,wordfreq,27,1.0
异国,3.52,zh,wordfreq,65,1.0
异地,3.7,zh,wordfreq,75,1.0
异常,4.64,zh,wordfreq,23,1.0
异形,3.4,zh,wordfreq,29,1.0
异性,3.94,zh,wordfreq,55,1.0
异教徒,3.42,zh,wordfreq,1,1.9
异样,3.45,zh,wordfreq,30,1.0
异端,3.61,zh,wordfreq,26,1.0
异见,3.38,zh,wordfreq,39,1.0
异议,4.11,zh,wordfreq,25,1.0
弃权,3.59,zh,wordfreq,31,1.0
弄清,3.47,zh,wordfreq,10,1.5
弊病,3.51,zh,wordfreq,13,1.35
弊端,3.63,zh,wordfreq,17,1.15
式样,3.33,zh,wordfreq,20,1.0
弓箭,3.48,zh,wordfreq,2,1.9
引入,4.35,zh,wordfreq,76,1.0
引出,3.55,zh,wordfreq,93,1.0
引力,3.68,zh,wordfreq,86,1.0
引发,4.88,zh,wordfreq,63,1.0
引导,4.61,zh,wordfreq,33,1.0
引擎,4.4,zh,wordfreq,15,1.25
引来,3.97,zh,wordfreq,69,1.0
引渡,3.76,zh,wordfreq,17,1.15
引爆,4.08,zh,wordfreq,16,1.2
引用,4.61,zh,wordfreq,82,1.0
引致,3.33,zh,wordfreq,26,1.0
引诱,3.86,zh,wordfreq,15,1.25
引起,5.21,zh,wordfreq,47,1.0
引进,4.6,zh,wordfreq,41,1.0
引述,3.63,zh,wordfreq,34,1.0
引领,4.06,zh,wordfreq,25,1.0
弗兰克,3.6,zh,wordfreq,1,1.95
弗雷,3.5,zh,wordfreq,5,1.7
弗雷德,3.37,zh,wordfreq,0,1.9
弘扬,3.98,zh,wordfreq,7,1.65
弟兄,3.83,zh,wordfreq,4,1.8
弟子,4.32,zh,wordfreq,174,1.0
弟弟,4.7,zh,wordfreq,8,1.55
张力,3.5,zh,wordfreq,79,1.0
张口,3.35,zh,wordfreq,45,1.0
张嘴,3.61,zh,wordfreq,10,1.5
张国荣,3.44,zh,wordfreq,0,2.0
张大,3.48,zh,wordfreq,64,1.0
张学良,3.54,zh,wordfreq,0,2.0
张家,3.51,zh,wordfreq,77,1.0
张家口,3.63,zh,wordfreq,1,1.85
张家界,3.32,zh,wordfreq,1,1.9
张开,3.95,zh,wordfreq,40,1.0
张扬,3.48,zh,wordfreq,15,1.25
张贴,3.79,zh,wordfreq,11,1.45
张飞,3.32,zh,wordfreq,11,1.45
弥撒,3.52,zh,wordfreq,3,1.85
弥漫,3.59,zh,wordfreq,5,1.75
弥补,4.26,zh,wordfreq,8,1.6
弯曲,3.85,zh,wordfreq,12,1.4
弯腰,3.49,zh,wordfreq,3,1.85
弯道,3.32,zh,wordfreq,42,1.0
弱势,3.96,zh,wordfreq,27,1.0
弱化,3.56,zh,wordfreq,45,1.0
弱小,3.61,zh,wordfreq,23,1.0
弱智,3.4,zh,wordfreq,11,1.45
弱点,4.15,zh,wordfreq,69,1.0
弱者,3.64,zh,wordfreq,36,1.0
弹劾,3.9,zh,wordfreq,6,1.7
弹头,3.68,zh,wordfreq,79,1.0
弹奏,3.49,zh,wordfreq,9,1.55
弹性,4.28,zh,wordfreq,51,1.0
弹簧,3.6,zh,wordfreq,6,1.7
弹药,4.19,zh,wordfreq,21,1.0
弹道,3.58,zh,wordfreq,46,1.0
强健,3.36,zh,wordfreq,27,1.0
强制,4.66,zh,wordfreq,62,1.0
强制性,3.65,zh,wordfreq,0,1.95
强力,4.13,zh,wordfreq,96,1.0
强加,3.61,zh,wordfreq,39,1.0
强劲,3.99,zh,wordfreq,29,1.0
强势,4.18,zh,wordfreq,47,1.0
强化,4.68,zh,wordfreq,65,1.0
强国,4.1,zh,wordfreq,80,1.0
强壮,3.72,zh,wordfreq,26,1.0
强大,4.92,zh,wordfreq,81,1.0
强奸,4.45,zh,wordfreq,28,1.0
强奸犯,3.37,zh,wordfreq,0,1.95
强度,4.4,zh,wordfreq,73,1.0
强弱,3.32,zh,wordfreq,34,1.0
强悍,3.59,zh,wordfreq,25,1.0
强暴,4.08,zh,wordfreq,30,1.0
强有力,3.59,zh,wordfreq,0,1.9
强权,3.72,zh,wordfreq,56,1.0
强烈,4.98,zh,wordfreq,30,1.0
强盗,3.99,zh,wordfreq,29,1.0
强盛,3.46,zh,wordfreq,30,1.0
强硬,3.99,zh,wordfreq,28,1.0
强者,3.69,zh,wordfreq,56,1.0
强行,4.25,zh,wordfreq,89,1.0
强调,5.2,zh,wordfreq,46,1.0
强迫,4.57,zh,wordfreq,30,1.0
强项,3.38,zh,wordfreq,45,1.0
强风,3.47,zh,wordfreq,46,1.0
归于,3.8,zh,wordfreq,62,1.0
归入,3.35,zh,wordfreq,72,1.0
归咎,3.45,zh,wordfreq,11,1.45
归国,3.58,zh,wordfreq,66,1.0
归宿,3.58,zh,wordfreq,15,1.25
归属,4.08,zh,wordfreq,26,1.0
归来,4.07,zh,wordfreq,65,1.0
归档,3.37,zh,wordfreq,15,1.25
归类,3.71,zh,wordfreq,30,1.0
归纳,3.87,zh,wordfreq,21,1.0
归结,3.58,zh,wordfreq,26,1.0
归还,4.07,zh,wordfreq,15,1.25
当下,4.31,zh,wordfreq,98,1.0
当中,4.85,zh,wordfreq,78,1.0
当事人,4.41,zh,wordfreq,1,1.95
当今,4.53,zh,wordfreq,37,1.0
当代,4.55,zh,wordfreq,53,1.0
当众,3.67,zh,wordfreq,41,1.0
当作,4.55,zh,wordfreq,61,1.0
当做,4.19,zh,wordfreq,32,1.0
当兵,3.7,zh,wordfreq,48,1.0
当初,4.67,zh,wordfreq,35,1.0
当前,4.81,zh,wordfreq,56,1.0
当即,3.49,zh,wordfreq,34,1.0
当地,5.28,zh,wordfreq,95,1.0
当地人,3.88,zh,wordfreq,2,1.85
当场,4.13,zh,wordfreq,83,1.0
当天,4.67,zh,wordfreq,77,1.0
当官,3.4,zh,wordfreq,44,1.0
当家,3.79,zh,wordfreq,99,1.0
当局,4.88,zh,wordfreq,48,1.0
当年,4.95,zh,wordfreq,92,1.0
当心,3.7,zh,wordfreq,83,1.0
当成,4.44,zh,wordfreq,73,1.0
当日,4.35,zh,wordfreq,70,1.0
当时,5.57,zh,wordfreq,71,1.0
当晚,4.14,zh,wordfreq,39,1.0
当有,4.84,zh,wordfreq,99,1.0
当权,3.4,zh,wordfreq,61,1.0
当权者,3.46,zh,wordfreq,0,1.95
当然,5.5,zh,wordfreq,58,1.0
当真,3.82,zh,wordfreq,38,1.0
当着,3.79,zh,wordfreq,67,1.0
当红,3.54,zh,wordfreq,38,1.0
当选,4.76,zh,wordfreq,53,1.0
当面,3.76,zh,wordfreq,86,1.0
录像,4.35,zh,wordfreq,24,1.0
录像带,3.46,zh,wordfreq,2,1.85
录制,4.09,zh,wordfreq,42,1.0
录取,4.19,zh,wordfreq,31,1.0
录影,3.63,zh,wordfreq,17,1.1
录影带,3.49,zh,wordfreq,2,1.85
录用,3.75,zh,wordfreq,72,1.0
录音,4.36,zh,wordfreq,23,1.0
录音带,3.4,zh,wordfreq,3,1.8
录音机,3.38,zh,wordfreq,2,1.85
彗星,3.38,zh,wordfreq,26,1.0
彝族,3.59,zh,wordfreq,18,1.1
形似,3.34,zh,wordfreq,15,1.25
形体,3.5,zh,wordfreq,59,1.0
形势,4.7,zh,wordfreq,30,1.0
形容,4.47,zh,wordfreq,24,1.0
形容词,3.5,zh,wordfreq,0,1.95
形式,5.17,zh,wordfreq,28,1.0
形态,4.57,zh,wordfreq,22,1.0
形成,5.34,zh,wordfreq,51,1.0
形状,4.34,zh,wordfreq,10,1.5
形象,4.93,zh,wordfreq,24,1.0
彩排,3.42,zh,wordfreq,9,1.55
彩电,3.32,zh,wordfreq,24,1.0
彩票,3.87,zh,wordfreq,23,1.0
彩绘,3.66,zh,wordfreq,7,1.65
彩色,4.14,zh,wordfreq,42,1.0
彩虹,4.1,zh,wordfreq,5,1.75
彭德怀,3.5,zh,wordfreq,0,2.0
彰化,3.47,zh,wordfreq,41,1.0
彰显,3.89,zh,wordfreq,4,1.8
影业,3.56,zh,wordfreq,48,1.0
影像,4.42,zh,wordfreq,33,1.0
影响,5.74,zh,wordfreq,20,1.0
影响力,4.53,zh,wordfreq,0,1.95
影城,3.4,zh,wordfreq,38,1.0
影子,4.12,zh,wordfreq,186,1.0
影射,3.48,zh,wordfreq,26,1.0
影展,3.95,zh,wordfreq,27,1.0
影星,3.55,zh,wordfreq,40,1.0
影片,5.05,zh,wordfreq,39,1.0
影视,4.34,zh,wordfreq,42,1.0
影评,3.63,zh,wordfreq,20,1.0
影迷,3.52,zh,wordfreq,21,1.0
影院,3.96,zh,wordfreq,32,1.0
影集,3.57,zh,wordfreq,36,1.0
影音,4.31,zh,wordfreq,32,1.0
彷佛,3.99,zh,wordfreq,5,1.75
彻底,4.92,zh,wordfreq,11,1.45
彼岸,3.47,zh,wordfreq,15,1.25
彼得,4.29,zh,wordfreq,35,1.0
彼时,3.35,zh,wordfreq,44,1.0
彼此,4.7,zh,wordfreq,17,1.15
往事,3.91,zh,wordfreq,64,1.0
往前,3.84,zh,wordfreq,34,1.0
往后,3.85,zh,wordfreq,47,1.0
往常,3.73,zh,wordfreq,21,1.0
往年,3.66,zh,wordfreq,70,1.0
往往,4.86,zh,wordfreq,21,1.0
往日,3.5,zh,wordfreq,48,1.0
往来,4.43,zh,wordfreq,62,1.0
往返,3.86,zh,wordfreq,10,1.5
征兆,3.83,zh,wordfreq,12,1.4
征兵,3.52,zh,wordfreq,29,1.0
征召,3.43,zh,wordfreq,12,1.4
征地,3.57,zh,wordfreq,76,1.0
征战,3.69,zh,wordfreq,50,1.0
征收,4.26,zh,wordfreq,21,1.0
征服,4.35,zh,wordfreq,28,1.0
征求,4.08,zh,wordfreq,29,1.0
征用,3.46,zh,wordfreq,78,1.0
征税,3.65,zh,wordfreq,20,1.0
征询,3.47,zh,wordfreq,14,1.3
征集,3.91,zh,wordfreq,33,1.0
待命,3.35,zh,wordfreq,20,1.0
待遇,4.65,zh,wordfreq,6,1.7
很久没,3.61,zh,wordfreq,1,1.95
很会,5.06,zh,wordfreq,69,1.0
很多,5.59,zh,wordfreq,33,1.0
很多年,3.66,zh,wordfreq,2,1.8
很大,4.99,zh,wordfreq,73,1.0
很小,4.19,zh,wordfreq,35,1.0
很少,4.69,zh,wordfreq,26,1.0
很差,3.63,zh,wordfreq,27,1.0
很帅,3.4,zh,wordfreq,20,1.0
很强,3.83,zh,wordfreq,31,1.0
很快,4.99,zh,wordfreq,29,1.0
很想,3.61,zh,wordfreq,40,1.0
很早,3.51,zh,wordfreq,26,1.0
很棒,4.31,zh,wordfreq,21,1.0
很漂亮,3.82,zh,wordfreq,0,1.95
很爽,3.36,zh,wordfreq,21,1.0
很糟,3.63,zh,wordfreq,18,1.1
很累,3.45,zh,wordfreq,21,1.0
很酷,3.67,zh,wordfreq,21,1.0
很长,4.19,zh,wordfreq,86,1.0
很难,4.59,zh,wordfreq,34,1.0
很难说,3.58,zh,wordfreq,0,1.95
律师,5.07,zh,wordfreq,20,1.0
律法,3.5,zh,wordfreq,47,1.0
徐州,4.02,zh,wordfreq,33,1.0
徒刑,3.95,zh,wordfreq,11,1.45
徒劳,3.33,zh,wordfreq,9,1.55
徒弟,3.89,zh,wordfreq,10,1.5
徒手,3.34,zh,wordfreq,62,1.0
徒步,3.75,zh,wordfreq,21,1.0
得不到,3.98,zh,wordfreq,4,1.7
得主,4.09,zh,wordfreq,41,1.0
得以,4.69,zh,wordfreq,39,1.0
得体,3.46,zh,wordfreq,71,1.0
得出,4.19,zh,wordfreq,98,1.0
得分,4.11,zh,wordfreq,54,1.0
得利,3.55,zh,wordfreq,63,1.0
得到,5.56,zh,wordfreq,72,1.0
得力,3.43,zh,wordfreq,91,1.0
得名,4.0,zh,wordfreq,87,1.0
得失,3.59,zh,wordfreq,31,1.0
得奖,3.92,zh,wordfreq,28,1.0
得当,3.48,zh,wordfreq,37,1.0
得意,3.95,zh,wordfreq,69,1.0
得手,3.38,zh,wordfreq,78,1.0
得救,3.6,zh,wordfreq,33,1.0
得来,3.91,zh,wordfreq,74,1.0
得益于,3.4,zh,wordfreq,0,2.0
得知,4.57,zh,wordfreq,40,1.0
得票,3.63,zh,wordfreq,38,1.0
得票率,3.5,zh,wordfreq,1,1.9
得罪,3.94,zh,wordfreq,30,1.0
得胜,3.37,zh,wordfreq,30,1.0
得逞,3.53,zh,wordfreq,20,1.0
徘徊,3.81,zh,wordfreq,0,2.0
御史,3.37,zh,wordfreq,6,1.7
循环,4.66,zh,wordfreq,6,1.7
微信,4.85,zh,wordfreq,37,1.0
微博,4.55,zh,wordfreq,16,1.15
微博上,3.87,zh,wordfreq,0,1.95
微型,3.88,zh,wordfreq,35,1.0
微妙,3.81,zh,wordfreq,19,1.05
微小,3.85,zh,wordfreq,32,1.0
微弱,3.74,zh,wordfreq,23,1.0
微微,3.69,zh,wordfreq,19,1.05
微波,3.79,zh,wordfreq,20,1.0
微波炉,3.33,zh,wordfreq,0,1.95
微生物,3.92,zh,wordfreq,0,1.95
微笑,4.52,zh,wordfreq,26,1.0
微米,3.35,zh,wordfreq,28,1.0
微粒,3.34,zh,wordfreq,16,1.2
微薄,3.44,zh,wordfreq,15,1.25
微观,3.77,zh,wordfreq,35,1.0
微软,4.64,zh,wordfreq,16,1.2
微风,3.61,zh,wordfreq,35,1.0
德克,3.44,zh,wordfreq,47,1.0
德军,4.0,zh,wordfreq,44,1.0
德利,3.43,zh,wordfreq,57,1.0
德国,5.33,zh,wordfreq,69,1.0
德国人,4.12,zh,wordfreq,5,1.65
德尔,3.73,zh,wordfreq,58,1.0
德州,4.24,zh,wordfreq,47,1.0
德意志,3.89,zh,wordfreq,0,1.95
德拉,3.77,zh,wordfreq,46,1.0
德文,3.57,zh,wordfreq,58,1.0
德斯,3.65,zh,wordfreq,56,1.0
德比,3.35,zh,wordfreq,32,1.0
德罗,3.46,zh,wordfreq,20,1.0
德育,3.46,zh,wordfreq,22,1.0
德行,3.5,zh,wordfreq,78,1.0
德语,4.02,zh,wordfreq,43,1.0
德里,4.1,zh,wordfreq,59,1.0
德黑兰,3.53,zh,wordfreq,0,2.0
徽章,3.61,zh,wordfreq,14,1.3
心中,4.76,zh,wordfreq,81,1.0
心事,3.58,zh,wordfreq,89,1.0
心仪,3.34,zh,wordfreq,35,1.0
心力,3.34,zh,wordfreq,104,1.0
心动,3.77,zh,wordfreq,92,1.0
心地,3.32,zh,wordfreq,98,1.0
心境,3.6,zh,wordfreq,51,1.0
心声,3.88,zh,wordfreq,61,1.0
心头,3.72,zh,wordfreq,106,1.0
心存,3.41,zh,wordfreq,49,1.0
心底,3.86,zh,wordfreq,44,1.0
心得,3.76,zh,wordfreq,65,1.0
心怀,3.64,zh,wordfreq,38,1.0
心态,4.5,zh,wordfreq,47,1.0
心思,4.0,zh,wordfreq,40,1.0
心情,4.69,zh,wordfreq,77,1.0
心想,4.13,zh,wordfreq,56,1.0
心意,4.07,zh,wordfreq,82,1.0
心愿,3.88,zh,wordfreq,45,1.0
心智,3.74,zh,wordfreq,39,1.0
心灵,4.57,zh,wordfreq,40,1.0
心烦,3.47,zh,wordfreq,36,1.0
心爱,3.81,zh,wordfreq,54,1.0
心理,4.89,zh,wordfreq,74,1.0
心理学,4.08,zh,wordfreq,4,1.7
心疼,3.59,zh,wordfreq,34,1.0
心痛,3.78,zh,wordfreq,39,1.0
心目,4.02,zh,wordfreq,51,1.0
心碎,3.69,zh,wordfreq,35,1.0
心胸,3.32,zh,wordfreq,33,1.0
心脏,4.44,zh,wordfreq,37,1.0
心脏病,4.04,zh,wordfreq,0,1.95
心腹,3.45,zh,wordfreq,33,1.0
心血,3.67,zh,wordfreq,42,1.0
心血管,3.51,zh,wordfreq,0,1.9
心跳,3.94,zh,wordfreq,33,1.0
心里,4.91,zh,wordfreq,78,1.0
必备,3.9,zh,wordfreq,28,1.0
必定,4.15,zh,wordfreq,61,1.0
必将,4.02,zh,wordfreq,22,1.0
必有,3.41,zh,wordfreq,78,1.0
必然,4.72,zh,wordfreq,37,1.0
必胜,3.66,zh,wordfreq,19,1.05
必要,5.04,zh,wordfreq,36,1.0
必要性,3.6,zh,wordfreq,1,1.9
必读,3.36,zh,wordfreq,17,1.15
必需,4.1,zh,wordfreq,14,1.25
必需品,3.59,zh,wordfreq,0,1.95
必须,5.79,zh,wordfreq,11,1.45
忌讳,3.32,zh,wordfreq,0,2.0
忍不住,4.33,zh,wordfreq,0,1.95
忍受,4.19,zh,wordfreq,17,1.15
忍者,3.6,zh,wordfreq,33,1.0
忍耐,3.82,zh,wordfreq,3,1.85
忏悔,3.77,zh,wordfreq,2,1.9
志愿,4.33,zh,wordfreq,12,1.3
志愿军,3.66,zh,wordfreq,1,1.9
志愿者,4.24,zh,wordfreq,1,1.9
忘不了,3.45,zh,wordfreq,5,1.7
忘却,3.68,zh,wordfreq,3,1.85
忘掉,3.76,zh,wordfreq,20,1.0
忘记,4.89,zh,wordfreq,15,1.25
忙于,3.69,zh,wordfreq,52,1.0
忙碌,3.98,zh,wordfreq,1,1.95
忠于,3.85,zh,wordfreq,55,1.0
忠告,3.55,zh,wordfreq,18,1.1
忠实,4.06,zh,wordfreq,29,1.0
忠心,3.64,zh,wordfreq,57,1.0
忠诚,4.24,zh,wordfreq,7,1.65
忧伤,3.61,zh,wordfreq,18,1.1
忧心,3.41,zh,wordfreq,57,1.0
忧愁,3.38,zh,wordfreq,5,1.75
忧虑,4.0,zh,wordfreq,8,1.6
忧郁,3.95,zh,wordfreq,6,1.7
快乐,5.11,zh,wordfreq,30,1.0
快到,3.67,zh,wordfreq,68,1.0
快去,3.41,zh,wordfreq,36,1.0
快快,3.69,zh,wordfreq,28,1.0
快感,3.89,zh,wordfreq,36,1.0
快报,3.6,zh,wordfreq,48,1.0
快捷,3.74,zh,wordfreq,18,1.1
快播,3.4,zh,wordfreq,28,1.0
快活,3.5,zh,wordfreq,27,1.0
快点,4.31,zh,wordfreq,80,1.0
快照,3.33,zh,wordfreq,34,1.0
快艇,3.44,zh,wordfreq,20,1.0
快要,4.05,zh,wordfreq,43,1.0
快车,3.81,zh,wordfreq,64,1.0
快递,4.05,zh,wordfreq,18,1.1
快速,5.01,zh,wordfreq,31,1.0
快餐,3.51,zh,wordfreq,25,1.0
念书,3.72,zh,wordfreq,27,1.0
念佛,3.35,zh,wordfreq,7,1.65
念头,4.06,zh,wordfreq,75,1.0
忽悠,3.46,zh,wordfreq,4,1.8
忽然,4.22,zh,wordfreq,31,1.0
忽略,4.41,zh,wordfreq,12,1.4
忽视,4.59,zh,wordfreq,31,1.0
怀中,3.34,zh,wordfreq,57,1.0
怀孕,4.66,zh,wordfreq,11,1.45
怀念,4.18,zh,wordfreq,20,1.0
怀抱,3.94,zh,wordfreq,11,1.45
怀旧,3.7,zh,wordfreq,15,1.25
怀有,3.56,zh,wordfreq,78,1.0
怀特,3.59,zh,wordfreq,36,1.0
怀疑,4.91,zh,wordfreq,14,1.3
怀着,3.6,zh,wordfreq,46,1.0
怀里,3.72,zh,wordfreq,54,1.0
态势,4.08,zh,wordfreq,23,1.0
态度,5.1,zh,wordfreq,49,1.0
怎么,6.07,zh,wordfreq,8,1.35
怎么办,5.03,zh,wordfreq,3,1.8
怎么弄,3.34,zh,wordfreq,3,1.8
怎么样,5.32,zh,wordfreq,4,1.7
怎么着,3.35,zh,wordfreq,3,1.8
怎样,5.39,zh,wordfreq,22,1.0
怎能,3.89,zh,wordfreq,35,1.0
怒吼,3.53,zh,wordfreq,2,1.9
怒气,3.65,zh,wordfreq,44,1.0
怒火,3.76,zh,wordfreq,24,1.0
怜悯,3.72,zh,wordfreq,0,2.0
思念,3.88,zh,wordfreq,18,1.1
思想,5.16,zh,wordfreq,30,1.0
思想家,3.79,zh,wordfreq,0,1.95
思潮,3.83,zh,wordfreq,15,1.25
思索,3.93,zh,wordfreq,15,1.25
思绪,3.63,zh,wordfreq,11,1.45
思维,4.69,zh,wordfreq,12,1.4
思考,4.83,zh,wordfreq,12,1.4
思路,4.3,zh,wordfreq,42,1.0
急于,3.7,zh,wordfreq,60,1.0
急切,3.56,zh,wordfreq,19,1.05
急剧,4.01,zh,wordfreq,23,1.0
急忙,3.57,zh,wordfreq,13,1.35
急性,3.78,zh,wordfreq,54,1.0
急救,3.87,zh,wordfreq,22,1.0
急诊,3.4,zh,wordfreq,12,1.4
急躁,3.35,zh,wordfreq,11,1.45
急速,3.82,zh,wordfreq,24,1.0
急需,3.92,zh,wordfreq,14,1.3
性交,3.97,zh,wordfreq,27,1.0
性交易,3.35,zh,wordfreq,0,1.9
性侵,3.61,zh,wordfreq,12,1.4
性关系,3.64,zh,wordfreq,1,1.9
性别,4.59,zh,wordfreq,29,1.0
性命,4.3,zh,wordfreq,30,1.0
性情,3.76,zh,wordfreq,55,1.0
性感,4.55,zh,wordfreq,31,1.0
性格,4.63,zh,wordfreq,28,1.0
性欲,3.78,zh,wordfreq,15,1.25
性爱,4.22,zh,wordfreq,32,1.0
性生活,3.89,zh,wordfreq,2,1.85
性病,3.52,zh,wordfreq,23,1.0
性能,4.57,zh,wordfreq,44,1.0
性行为,3.89,zh,wordfreq,0,1.95
性质,4.91,zh,wordfreq,33,1.0
性骚扰,4.09,zh,wordfreq,0,1.95
怨恨,3.64,zh,wordfreq,3,1.85
怪不得,3.63,zh,wordfreq,2,1.85
怪人,3.66,zh,wordfreq,145,1.0
怪兽,3.88,zh,wordfreq,8,1.6
怪异,4.04,zh,wordfreq,16,1.2
怪怪的,3.48,zh,wordfreq,0,2.0
怪物,4.15,zh,wordfreq,39,1.0
怪罪,3.43,zh,wordfreq,15,1.25
怪胎,3.37,zh,wordfreq,8,1.6
总之,4.58,zh,wordfreq,35,1.0
总书记,4.39,zh,wordfreq,0,1.95
总产值,3.71,zh,wordfreq,0,1.9
总人口,4.39,zh,wordfreq,0,1.95
总会,4.57,zh,wordfreq,84,1.0
总体,4.56,zh,wordfreq,83,1.0
总值,3.94,zh,wordfreq,47,1.0
总公司,3.95,zh,wordfreq,3,1.8
总共,4.24,zh,wordfreq,38,1.0
总兵,3.52,zh,wordfreq,50,1.0
总冠军,3.33,zh,wordfreq,0,1.95
总决赛,3.7,zh,wordfreq,1,1.9
总分,3.57,zh,wordfreq,66,1.0
总动员,3.47,zh,wordfreq,1,1.9
总司令,3.68,zh,wordfreq,0,1.95
总和,3.94,zh,wordfreq,45,1.0
总在,4.54,zh,wordfreq,53,1.0
总局,4.21,zh,wordfreq,50,1.0
总工会,3.55,zh,wordfreq,0,1.9
总得,3.65,zh,wordfreq,64,1.0
总指挥,3.41,zh,wordfreq,0,1.95
总数,4.46,zh,wordfreq,63,1.0
总是,5.2,zh,wordfreq,69,1.0
总有,3.97,zh,wordfreq,101,1.0
总理,5.14,zh,wordfreq,73,1.0
总监,4.25,zh,wordfreq,33,1.0
总督,4.34,zh,wordfreq,36,1.0
总称,3.52,zh,wordfreq,62,1.0
总站,3.77,zh,wordfreq,40,1.0
总算,4.13,zh,wordfreq,49,1.0
总管,3.83,zh,wordfreq,50,1.0
总线,3.4,zh,wordfreq,72,1.0
总经理,4.36,zh,wordfreq,0,1.9
总结,4.79,zh,wordfreq,47,1.0
总统,5.48,zh,wordfreq,39,1.0
总统府,3.98,zh,wordfreq,0,1.95
总编辑,3.7,zh,wordfreq,0,1.95
总署,3.85,zh,wordfreq,37,1.0
总能,3.82,zh,wordfreq,65,1.0
总裁,4.57,zh,wordfreq,36,1.0
总计,3.93,zh,wordfreq,46,1.0
总部,4.75,zh,wordfreq,78,1.0
总量,4.17,zh,wordfreq,73,1.0
总长,4.15,zh,wordfreq,101,1.0
总队,3.84,zh,wordfreq,60,1.0
总面积,4.28,zh,wordfreq,1,1.9
总额,4.5,zh,wordfreq,46,1.0
恋人,3.98,zh,wordfreq,142,1.0
恋情,3.8,zh,wordfreq,46,1.0
恋爱,4.38,zh,wordfreq,23,1.0
恐吓,4.07,zh,wordfreq,6,1.7
恐怕,4.58,zh,wordfreq,13,1.35
恐怖,4.83,zh,wordfreq,5,1.7
恐怖片,3.49,zh,wordfreq,0,1.95
恐惧,4.65,zh,wordfreq,7,1.6
恐惧症,3.47,zh,wordfreq,0,2.05
恐慌,4.08,zh,wordfreq,6,1.7
恐龙,4.06,zh,wordfreq,16,1.2
恒大,3.44,zh,wordfreq,58,1.0
恒定,3.32,zh,wordfreq,54,1.0
恒星,4.04,zh,wordfreq,28,1.0
恢复,5.04,zh,wordfreq,10,1.5
恨不得,3.53,zh,wordfreq,2,1.85
恩人,3.34,zh,wordfreq,145,1.0
恩典,3.45,zh,wordfreq,16,1.2
恩怨,3.36,zh,wordfreq,7,1.65
恩惠,3.42,zh,wordfreq,9,1.55
恩格斯,3.43,zh,wordfreq,0,1.95
恩爱,3.35,zh,wordfreq,26,1.0
恩赐,3.45,zh,wordfreq,6,1.7
恪守,3.41,zh,wordfreq,11,1.45
恭喜,4.36,zh,wordfreq,5,1.75
恰好,4.03,zh,wordfreq,41,1.0
恰巧,3.33,zh,wordfreq,6,1.7
恰当,4.12,zh,wordfreq,20,1.0
恰恰,4.02,zh,wordfreq,3,1.85
恳求,3.85,zh,wordfreq,18,1.1
恶人,3.74,zh,wordfreq,154,1.0
恶作剧,3.82,zh,wordfreq,0,2.0
恶劣,4.33,zh,wordfreq,17,1.15
恶化,4.39,zh,wordfreq,54,1.0
恶名,3.39,zh,wordfreq,81,1.0
恶心,4.51,zh,wordfreq,67,1.0
恶性,3.89,zh,wordfreq,59,1.0
恶意,4.24,zh,wordfreq,63,1.0
恶搞,3.48,zh,wordfreq,14,1.3
恶果,3.41,zh,wordfreq,30,1.0
恶梦,3.8,zh,wordfreq,17,1.15
恶棍,3.46,zh,wordfreq,15,1.25
恶毒,3.77,zh,wordfreq,26,1.0
恶臭,3.46,zh,wordfreq,14,1.3
恶行,3.72,zh,wordfreq,78,1.0
恶魔,4.25,zh,wordfreq,14,1.3
恼怒,3.4,zh,wordfreq,4,1.8
恼火,3.34,zh,wordfreq,23,1.0
悄悄,3.95,zh,wordfreq,1,1.9
悄悄地,3.4,zh,wordfreq,0,1.95
悄然,3.48,zh,wordfreq,29,1.0
悉尼,3.91,zh,wordfreq,7,1.65
悖论,3.54,zh,wordfreq,19,1.05
悟空,3.43,zh,wordfreq,19,1.0
悠久,4.08,zh,wordfreq,11,1.45
悠悠,3.36,zh,wordfreq,3,1.85
悠闲,3.64,zh,wordfreq,4,1.8
患上,3.54,zh,wordfreq,76,1.0
患有,3.91,zh,wordfreq,72,1.0
患病,3.66,zh,wordfreq,15,1.25
患者,4.73,zh,wordfreq,34,1.0
您好,3.93,zh,wordfreq,38,1.0
悬崖,3.92,zh,wordfreq,5,1.75
悬念,3.46,zh,wordfreq,16,1.2
悬挂,4.01,zh,wordfreq,7,1.65
悬殊,3.66,zh,wordfreq,6,1.7
悬浮,3.49,zh,wordfreq,6,1.7
悬赏,3.53,zh,wordfreq,10,1.5
悲伤,4.34,zh,wordfreq,20,1.0
悲剧,4.54,zh,wordfreq,20,1.0
悲哀,4.05,zh,wordfreq,6,1.7
悲惨,4.12,zh,wordfreq,8,1.6
悲愤,3.32,zh,wordfreq,7,1.65
悲痛,3.76,zh,wordfreq,12,1.4
悲观,3.9,zh,wordfreq,27,1.0
悼念,3.8,zh,wordfreq,11,1.45
情书,3.66,zh,wordfreq,49,1.0
情事,3.49,zh,wordfreq,80,1.0
情人,4.33,zh,wordfreq,164,1.0
情人节,4.0,zh,wordfreq,0,1.9
情侣,4.26,zh,wordfreq,26,1.0
情况,5.84,zh,wordfreq,33,1.0
情势,3.91,zh,wordfreq,46,1.0
情境,3.77,zh,wordfreq,42,1.0
情妇,3.66,zh,wordfreq,34,1.0
情形,4.65,zh,wordfreq,43,1.0
情怀,3.81,zh,wordfreq,29,1.0
情感,4.56,zh,wordfreq,44,1.0
情愿,3.75,zh,wordfreq,36,1.0
情报,4.73,zh,wordfreq,56,1.0
情报局,3.68,zh,wordfreq,0,1.95
情操,3.46,zh,wordfreq,27,1.0
情景,4.16,zh,wordfreq,36,1.0
情欲,3.66,zh,wordfreq,28,1.0
情歌,3.58,zh,wordfreq,31,1.0
情爱,3.38,zh,wordfreq,45,1.0
情结,3.7,zh,wordfreq,39,1.0
情绪,4.9,zh,wordfreq,28,1.0
情绪化,3.36,zh,wordfreq,0,1.95
情色,3.65,zh,wordfreq,61,1.0
情节,4.48,zh,wordfreq,40,1.0
情调,3.46,zh,wordfreq,45,1.0
情谊,3.53,zh,wordfreq,26,1.0
情趣,3.72,zh,wordfreq,29,1.0
惊人,4.48,zh,wordfreq,153,1.0
惊动,3.37,zh,wordfreq,72,1.0
惊叹,3.51,zh,wordfreq,15,1.25
惊吓,3.75,zh,wordfreq,14,1.3
惊呆,3.32,zh,wordfreq,14,1.3
惊喜,4.42,zh,wordfreq,18,1.1
惊奇,3.99,zh,wordfreq,23,1.0
惊恐,3.74,zh,wordfreq,14,1.3
惊慌,3.68,zh,wordfreq,14,1.3
惊艳,3.67,zh,wordfreq,14,1.3
惊讶,4.44,zh,wordfreq,13,1.35
惊醒,3.49,zh,wordfreq,21,1.0
惊险,3.55,zh,wordfreq,19,1.05
惊魂,3.39,zh,wordfreq,16,1.2
惋惜,3.37,zh,wordfreq,3,1.85
惟一,3.68,zh,wordfreq,22,1.0
惠州,3.79,zh,wordfreq,34,1.0
惠普,3.52,zh,wordfreq,4,1.8
惧怕,3.76,zh,wordfreq,8,1.6
惨剧,3.53,zh,wordfreq,20,1.0
惨案,3.92,zh,wordfreq,33,1.0
惨烈,3.56,zh,wordfreq,11,1.45
惨痛,3.53,zh,wordfreq,12,1.4
惨败,3.65,zh,wordfreq,17,1.15
惨遭,3.82,zh,wordfreq,7,1.65
惨重,3.87,zh,wordfreq,37,1.0
惩处,3.74,zh,wordfreq,35,1.0
惩戒,3.57,zh,wordfreq,4,1.8
惩治,3.55,zh,wordfreq,17,1.15
惩罚,4.59,zh,wordfreq,8,1.6
惬意,3.42,zh,wordfreq,49,1.0
惭愧,3.73,zh,wordfreq,2,1.9
惯例,4.07,zh,wordfreq,16,1.2
惯性,3.71,zh,wordfreq,47,1.0
惯用,3.51,zh,wordfreq,69,1.0
想一想,3.54,zh,wordfreq,0,1.95
想不到,4.04,zh,wordfreq,5,1.65
想像,4.3,zh,wordfreq,31,1.0
想像力,3.37,zh,wordfreq,1,1.9
想到,4.92,zh,wordfreq,64,1.0
想得到,3.51,zh,wordfreq,1,1.85
想必,3.81,zh,wordfreq,17,1.15
想念,4.27,zh,wordfreq,23,1.0
想想,4.58,zh,wordfreq,35,1.0
想想看,3.52,zh,wordfreq,0,1.95
想来,3.9,zh,wordfreq,66,1.0
想法,4.91,zh,wordfreq,58,1.0
想着,4.6,zh,wordfreq,49,1.0
想要,5.24,zh,wordfreq,39,1.0
想见,3.86,zh,wordfreq,41,1.0
想象,4.72,zh,wordfreq,28,1.0
想象力,3.61,zh,wordfreq,1,1.9
想起,4.76,zh,wordfreq,44,1.0
想过,4.05,zh,wordfreq,54,1.0
愈加,3.5,zh,wordfreq,16,1.2
愈发,3.46,zh,wordfreq,50,1.0
愈合,3.48,zh,wordfreq,30,1.0
愈来愈,3.79,zh,wordfreq,0,2.0
愉快,4.47,zh,wordfreq,13,1.35
愉悦,3.87,zh,wordfreq,4,1.8
意义,5.23,zh,wordfreq,36,1.0
意即,3.37,zh,wordfreq,22,1.0
意向,3.9,zh,wordfreq,52,1.0
意味,4.17,zh,wordfreq,33,1.0
意味着,4.64,zh,wordfreq,1,1.9
意味著,3.55,zh,wordfreq,1,1.9
意图,4.34,zh,wordfreq,35,1.0
意在,3.64,zh,wordfreq,39,1.0
意境,3.62,zh,wordfreq,36,1.0
意外,4.81,zh,wordfreq,49,1.0
意大利,4.78,zh,wordfreq,0,1.95
意志,4.44,zh,wordfreq,27,1.0
意念,3.47,zh,wordfreq,29,1.0
意思,5.27,zh,wordfreq,25,1.0
意愿,4.32,zh,wordfreq,30,1.0
意指,3.59,zh,wordfreq,26,1.0
意料,3.53,zh,wordfreq,41,1.0
意欲,3.4,zh,wordfreq,22,1.0
意甲,3.51,zh,wordfreq,23,1.0
意见,5.3,zh,wordfreq,47,1.0
意识,5.12,zh,wordfreq,30,1.0
意象,3.48,zh,wordfreq,34,1.0
愚弄,3.53,zh,wordfreq,5,1.75
愚昧,3.54,zh,wordfreq,3,1.85
愚蠢,4.54,zh,wordfreq,2,1.9
感人,3.88,zh,wordfreq,161,1.0
感伤,3.35,zh,wordfreq,35,1.0
感兴趣,4.26,zh,wordfreq,0,1.95
感冒,4.06,zh,wordfreq,22,1.0
感到,5.18,zh,wordfreq,73,1.0
感动,4.48,zh,wordfreq,80,1.0
感受,4.97,zh,wordfreq,36,1.0
感叹,4.03,zh,wordfreq,23,1.0
感官,3.67,zh,wordfreq,35,1.0
感应,3.96,zh,wordfreq,35,1.0
感性,3.72,zh,wordfreq,66,1.0
感恩,3.91,zh,wordfreq,26,1.0
感悟,3.5,zh,wordfreq,24,1.0
感情,4.81,zh,wordfreq,65,1.0
感想,3.71,zh,wordfreq,44,1.0
感慨,3.76,zh,wordfreq,23,1.0
感染,4.66,zh,wordfreq,24,1.0
感染者,3.38,zh,wordfreq,0,1.95
感激,4.17,zh,wordfreq,23,1.0
感知,3.88,zh,wordfreq,41,1.0
感觉,5.44,zh,wordfreq,36,1.0
感触,3.58,zh,wordfreq,23,1.0
感言,3.34,zh,wordfreq,48,1.0
感谢,5.06,zh,wordfreq,24,1.0
感谢您,3.42,zh,wordfreq,1,1.9
愤怒,4.64,zh,wordfreq,4,1.8
愤慨,3.84,zh,wordfreq,3,1.85
愧疚,3.32,zh,wordfreq,1,1.95
愿意,5.18,zh,wordfreq,51,1.0
愿景,3.63,zh,wordfreq,14,1.3
愿望,4.52,zh,wordfreq,23,1.0
慈善,4.38,zh,wordfreq,8,1.6
慈悲,3.86,zh,wordfreq,3,1.85
慈禧,3.56,zh,wordfreq,2,1.9
慌乱,3.37,zh,wordfreq,16,1.2
慎重,3.75,zh,wordfreq,31,1.0
慕容,3.49,zh,wordfreq,16,1.2
慕尼黑,3.79,zh,wordfreq,0,2.0
慢性,3.87,zh,wordfreq,46,1.0
慢慢,4.71,zh,wordfreq,5,1.7
慢慢来,3.45,zh,wordfreq,0,1.95
慰安妇,3.57,zh,wordfreq,0,2.0
慰问,3.9,zh,wordfreq,18,1.1
慷慨,3.9,zh,wordfreq,2,1.9
憎恨,3.8,zh,wordfreq,4,1.8
憎恶,3.33,zh,wordfreq,9,1.55
憔悴,3.35,zh,wordfreq,0,2.0
憧憬,3.58,zh,wordfreq,0,2.0
懂事,3.45,zh,wordfreq,58,1.0
懂吗,3.49,zh,wordfreq,3,1.85
懂得,4.63,zh,wordfreq,34,1.0
懊悔,3.34,zh,wordfreq,2,1.9
懒人,3.34,zh,wordfreq,143,1.0
懒得,3.68,zh,wordfreq,35,1.0
懒惰,3.63,zh,wordfreq,3,1.85
懒散,3.4,zh,wordfreq,11,1.45
懦夫,3.53,zh,wordfreq,18,1.1
懦弱,3.67,zh,wordfreq,10,1.5
戈壁,3.42,zh,wordfreq,5,1.75
戈尔,3.36,zh,wordfreq,46,1.0
戈登,3.51,zh,wordfreq,6,1.7
戏剧,4.6,zh,wordfreq,18,1.05
戏剧性,3.72,zh,wordfreq,0,1.95
戏弄,3.34,zh,wordfreq,7,1.65
戏曲,4.13,zh,wordfreq,14,1.3
戏称,3.47,zh,wordfreq,34,1.0
戏院,3.77,zh,wordfreq,22,1.0
成为,5.93,zh,wordfreq,78,1.0
成书,3.43,zh,wordfreq,60,1.0
成交,4.23,zh,wordfreq,51,1.0
成人,4.6,zh,wordfreq,175,1.0
成份,3.82,zh,wordfreq,46,1.0
成像,3.62,zh,wordfreq,54,1.0
成全,3.35,zh,wordfreq,42,1.0
成分,4.51,zh,wordfreq,69,1.0
成功,5.48,zh,wordfreq,43,1.0
成功率,3.41,zh,wordfreq,0,1.9
成化,3.34,zh,wordfreq,75,1.0
成名,3.83,zh,wordfreq,102,1.0
成员,5.36,zh,wordfreq,59,1.0
成员国,4.17,zh,wordfreq,1,1.9
成品,3.85,zh,wordfreq,62,1.0
成因,3.74,zh,wordfreq,42,1.0
成型,3.72,zh,wordfreq,56,1.0
成天,3.59,zh,wordfreq,82,1.0
成婚,3.49,zh,wordfreq,44,1.0
成家,3.32,zh,wordfreq,104,1.0
成就,4.85,zh,wordfreq,38,1.0
成年,4.35,zh,wordfreq,97,1.0
成年人,4.12,zh,wordfreq,2,1.8
成形,3.62,zh,wordfreq,54,1.0
成效,4.22,zh,wordfreq,49,1.0
成本,4.91,zh,wordfreq,56,1.0
成果,4.8,zh,wordfreq,51,1.0
成熟,4.79,zh,wordfreq,37,1.0
成瘾,3.53,zh,wordfreq,37,1.0
成立,5.45,zh,wordfreq,56,1.0
成绩,5.05,zh,wordfreq,40,1.0
成群,3.42,zh,wordfreq,44,1.0
成行,3.34,zh,wordfreq,99,1.0
成见,3.33,zh,wordfreq,64,1.0
成语,3.66,zh,wordfreq,64,1.0
成败,3.71,zh,wordfreq,46,1.0
成都,4.71,zh,wordfreq,39,1.0
成都市,3.59,zh,wordfreq,1,1.85
成长,5.02,zh,wordfreq,104,1.0
成龙,3.54,zh,wordfreq,46,1.0
我以,5.16,zh,wordfreq,52,1.0
我们,6.53,zh,wordfreq,41,1.0
我会,4.99,zh,wordfreq,85,1.0
我俩,3.58,zh,wordfreq,36,1.0
我先,4.39,zh,wordfreq,45,1.0
我军,3.45,zh,wordfreq,63,1.0
我刚,4.24,zh,wordfreq,36,1.0
我哥,3.33,zh,wordfreq,41,1.0
我国,5.37,zh,wordfreq,88,1.0
我妈,4.05,zh,wordfreq,41,1.0
我家,4.5,zh,wordfreq,102,1.0
我市,4.46,zh,wordfreq,50,1.0
我心,3.76,zh,wordfreq,86,1.0
我怕,3.82,zh,wordfreq,41,1.0
我操,3.84,zh,wordfreq,36,1.0
我敢,3.35,zh,wordfreq,37,1.0
我方,3.55,zh,wordfreq,73,1.0
我来,5.33,zh,wordfreq,87,1.0
我校,3.59,zh,wordfreq,48,1.0
我爱你,4.5,zh,wordfreq,0,2.0
我爸,3.73,zh,wordfreq,35,1.0
我用,4.1,zh,wordfreq,100,1.0
我省,3.72,zh,wordfreq,40,1.0
我累,3.38,zh,wordfreq,37,1.0
我能,4.38,zh,wordfreq,66,1.0
我花,3.51,zh,wordfreq,54,1.0
我行,3.47,zh,wordfreq,97,1.0
我要,5.03,zh,wordfreq,60,1.0
我见,3.66,zh,wordfreq,62,1.0
我觉,3.43,zh,wordfreq,48,1.0
我试,3.71,zh,wordfreq,43,1.0
我该,4.92,zh,wordfreq,38,1.0
我读,3.53,zh,wordfreq,41,1.0
我选,3.33,zh,wordfreq,56,1.0
我错,3.66,zh,wordfreq,44,1.0
戒严,3.87,zh,wordfreq,9,1.55
戒备,3.64,zh,wordfreq,24,1.0
戒律,3.47,zh,wordfreq,12,1.4
戒指,3.92,zh,wordfreq,13,1.35
戒毒,3.37,zh,wordfreq,17,1.15
戒烟,3.65,zh,wordfreq,12,1.4
或是,4.89,zh,wordfreq,40,1.0
或称,3.66,zh,wordfreq,33,1.0
或者,5.48,zh,wordfreq,34,1.0
或者说,4.01,zh,wordfreq,0,1.95
或许,5.04,zh,wordfreq,14,1.3
战乱,3.8,zh,wordfreq,51,1.0
战争,5.48,zh,wordfreq,42,1.0
战事,3.98,zh,wordfreq,91,1.0
战俘,3.83,zh,wordfreq,36,1.0
战况,3.36,zh,wordfreq,44,1.0
战利品,3.47,zh,wordfreq,0,2.0
战前,3.45,zh,wordfreq,61,1.0
战力,3.34,zh,wordfreq,106,1.0
战功,3.35,zh,wordfreq,43,1.0
战区,4.08,zh,wordfreq,78,1.0
战友,4.05,zh,wordfreq,49,1.0
战后,4.1,zh,wordfreq,74,1.0
战国,4.09,zh,wordfreq,90,1.0
战地,3.54,zh,wordfreq,100,1.0
战场,4.5,zh,wordfreq,88,1.0
战士,4.68,zh,wordfreq,63,1.0
战备,3.37,zh,wordfreq,54,1.0
战局,3.43,zh,wordfreq,53,1.0
战役,4.59,zh,wordfreq,40,1.0
战斗,5.07,zh,wordfreq,42,1.0
战斗力,3.98,zh,wordfreq,1,1.85
战斗机,4.28,zh,wordfreq,1,1.85
战时,3.46,zh,wordfreq,76,1.0
战术,4.35,zh,wordfreq,46,1.0
战机,4.2,zh,wordfreq,75,1.0
战果,3.43,zh,wordfreq,51,1.0
战死,3.61,zh,wordfreq,60,1.0
战火,3.82,zh,wordfreq,57,1.0
战犯,3.69,zh,wordfreq,44,1.0
战略,5.11,zh,wordfreq,44,1.0
战略性,3.57,zh,wordfreq,0,1.95
战神,3.74,zh,wordfreq,46,1.0
战线,4.12,zh,wordfreq,75,1.0
战绩,3.76,zh,wordfreq,40,1.0
战胜,4.4,zh,wordfreq,45,1.0
战舰,3.89,zh,wordfreq,37,1.0
战记,3.47,zh,wordfreq,48,1.0
战败,3.79,zh,wordfreq,46,1.0
战车,4.02,zh,wordfreq,83,1.0
战队,3.56,zh,wordfreq,63,1.0
截图,4.41,zh,wordfreq,21,1.0
截断,3.34,zh,wordfreq,21,1.0
截止,4.39,zh,wordfreq,16,1.2
截肢,3.38,zh,wordfreq,5,1.75
截至,4.55,zh,wordfreq,16,1.2
戴上,3.76,zh,wordfreq,76,1.0
戴尔,3.83,zh,wordfreq,47,1.0
戴眼镜,3.33,zh,wordfreq,0,1.95
戴着,3.59,zh,wordfreq,40,1.0
戴维,3.55,zh,wordfreq,8,1.55
戴维斯,3.78,zh,wordfreq,0,1.9
戴高乐,3.41,zh,wordfreq,0,2.0
户口,4.11,zh,wordfreq,40,1.0
户外,4.01,zh,wordfreq,34,1.0
户籍,4.09,zh,wordfreq,10,1.5
户部,3.81,zh,wordfreq,49,1.0
房东,3.86,zh,wordfreq,30,1.0
房产,4.11,zh,wordfreq,36,1.0
房价,4.15,zh,wordfreq,42,1.0
房地产,4.64,zh,wordfreq,0,1.9
房子,4.82,zh,wordfreq,183,1.0
房客,3.46,zh,wordfreq,26,1.0
房屋,4.7,zh,wordfreq,14,1.3
房租,3.92,zh,wordfreq,13,1.35
房贷,3.67,zh,wordfreq,13,1.35
房车,3.37,zh,wordfreq,59,1.0
房里,3.74,zh,wordfreq,56,1.0
房门,3.47,zh,wordfreq,56,1.0
房间,4.73,zh,wordfreq,33,1.0
所以,5.78,zh,wordfreq,35,1.0
所在,4.64,zh,wordfreq,37,1.0
所在地,4.37,zh,wordfreq,0,1.95
所学,3.75,zh,wordfreq,53,1.0
所属,4.6,zh,wordfreq,31,1.0
所幸,3.38,zh,wordfreq,21,1.0
所得,4.41,zh,wordfreq,48,1.0
所得税,3.52,zh,wordfreq,0,1.95
所指,3.75,zh,wordfreq,24,1.0
所有,5.78,zh,wordfreq,85,1.0
所有人,4.8,zh,wordfreq,3,1.75
所有制,3.54,zh,wordfreq,5,1.7
所有权,4.32,zh,wordfreq,3,1.75
所有者,3.66,zh,wordfreq,5,1.7
所用,3.93,zh,wordfreq,83,1.0
所知,4.08,zh,wordfreq,36,1.0
所示,3.71,zh,wordfreq,35,1.0
所致,3.96,zh,wordfreq,27,1.0
所著,3.37,zh,wordfreq,27,1.0
所说,4.62,zh,wordfreq,46,1.0
所谓,5.22,zh,wordfreq,20,1.0
所述,3.82,zh,wordfreq,35,1.0
所长,4.05,zh,wordfreq,85,1.0
扁平,3.36,zh,wordfreq,12,1.4
扇子,3.41,zh,wordfreq,172,1.0
手上,4.39,zh,wordfreq,107,1.0
手下,4.2,zh,wordfreq,102,1.0
手中,4.7,zh,wordfreq,82,1.0
手册,4.15,zh,wordfreq,37,1.0
手动,3.95,zh,wordfreq,93,1.0
手势,3.88,zh,wordfreq,56,1.0
手头,3.57,zh,wordfreq,107,1.0
手套,3.93,zh,wordfreq,43,1.0
手工,4.16,zh,wordfreq,64,1.0
手工业,4.02,zh,wordfreq,2,1.8
手帕,3.5,zh,wordfreq,34,1.0
手感,3.35,zh,wordfreq,54,1.0
手持,3.99,zh,wordfreq,44,1.0
手指,4.4,zh,wordfreq,42,1.0
手指头,3.34,zh,wordfreq,0,1.9
手掌,3.68,zh,wordfreq,37,1.0
手提,3.47,zh,wordfreq,38,1.0
手术,4.72,zh,wordfreq,45,1.0
手术室,3.38,zh,wordfreq,0,1.95
手机,5.42,zh,wordfreq,74,1.0
手机号,3.47,zh,wordfreq,0,1.95
手枪,4.16,zh,wordfreq,39,1.0
手柄,3.4,zh,wordfreq,34,1.0
手榴弹,3.8,zh,wordfreq,0,1.95
手段,4.98,zh,wordfreq,45,1.0
手法,4.47,zh,wordfreq,80,1.0
手淫,3.5,zh,wordfreq,36,1.0
手游,3.78,zh,wordfreq,46,1.0
手电筒,3.54,zh,wordfreq,0,2.0
手稿,3.72,zh,wordfreq,37,1.0
手续,4.35,zh,wordfreq,42,1.0
手续费,3.6,zh,wordfreq,0,1.95
手脚,3.73,zh,wordfreq,38,1.0
手腕,3.88,zh,wordfreq,34,1.0
手臂,4.17,zh,wordfreq,35,1.0
手艺,3.69,zh,wordfreq,43,1.0
手表,4.08,zh,wordfreq,44,1.0
手语,3.46,zh,wordfreq,63,1.0
手足,3.63,zh,wordfreq,43,1.0
手里,4.48,zh,wordfreq,79,1.0
手铐,3.8,zh,wordfreq,34,1.0
手镯,3.41,zh,wordfreq,34,1.0
才刚,3.78,zh,wordfreq,8,1.6
才华,3.93,zh,wordfreq,24,1.0
才干,3.41,zh,wordfreq,13,1.35
才能,5.38,zh,wordfreq,38,1.0
才艺,3.44,zh,wordfreq,14,1.3
才行,3.79,zh,wordfreq,69,1.0
扎克,3.65,zh,wordfreq,36,1.0
扎实,3.97,zh,wordfreq,28,1.0
扎根,3.53,zh,wordfreq,11,1.45
扎营,3.34,zh,wordfreq,16,1.2
扑克,3.7,zh,wordfreq,34,1.0
扑克牌,3.36,zh,wordfreq,0,1.95
扑灭,3.58,zh,wordfreq,6,1.7
打下,3.86,zh,wordfreq,120,1.0
打不开,3.6,zh,wordfreq,1,1.9
打个,3.71,zh,wordfreq,89,1.0
打中,3.44,zh,wordfreq,100,1.0
打乱,3.39,zh,wordfreq,68,1.0
打交道,3.82,zh,wordfreq,0,2.0
打人,3.68,zh,wordfreq,192,1.0
打仗,4.0,zh,wordfreq,52,1.0
打伤,3.7,zh,wordfreq,66,1.0
打倒,4.29,zh,wordfreq,62,1.0
打假,3.32,zh,wordfreq,63,1.0
打入,3.84,zh,wordfreq,113,1.0
打出,4.03,zh,wordfreq,130,1.0
打击,4.94,zh,wordfreq,78,1.0
打动,3.84,zh,wordfreq,111,1.0
打劫,3.49,zh,wordfreq,55,1.0
打包,4.0,zh,wordfreq,60,1.0
打印,4.05,zh,wordfreq,57,1.0
打印机,3.68,zh,wordfreq,0,1.95
打压,3.96,zh,wordfreq,64,1.0
打发,3.94,zh,wordfreq,100,1.0
打听,3.68,zh,wordfreq,63,1.0
打响,3.65,zh,wordfreq,58,1.0
打字,3.55,zh,wordfreq,65,1.0
打官司,3.36,zh,wordfreq,0,1.95
打工,4.16,zh,wordfreq,82,1.0
打开,5.0,zh,wordfreq,84,1.0
打成,3.7,zh,wordfreq,95,1.0
打手,3.49,zh,wordfreq,110,1.0
打扫,3.79,zh,wordfreq,54,1.0
打扮,4.13,zh,wordfreq,54,1.0
打扰,4.03,zh,wordfreq,55,1.0
打折,3.5,zh,wordfreq,57,1.0
打招呼,3.92,zh,wordfreq,0,1.95
打捞,3.45,zh,wordfreq,53,1.0
打斗,3.37,zh,wordfreq,59,1.0
打断,4.06,zh,wordfreq,69,1.0
打架,4.02,zh,wordfreq,63,1.0
打死,4.25,zh,wordfreq,77,1.0
打气,3.42,zh,wordfreq,94,1.0
打法,3.39,zh,wordfreq,98,1.0
打消,3.38,zh,wordfreq,54,1.0
打炮,3.32,zh,wordfreq,58,1.0
打点,3.61,zh,wordfreq,116,1.0
打猎,3.58,zh,wordfreq,54,1.0
打球,3.81,zh,wordfreq,75,1.0
打理,3.39,zh,wordfreq,93,1.0
打电话,4.68,zh,wordfreq,1,1.9
打着,3.82,zh,wordfreq,89,1.0
打破,4.65,zh,wordfreq,59,1.0
打算,4.93,zh,wordfreq,69,1.0
打篮球,3.33,zh,wordfreq,0,1.9
打败,4.51,zh,wordfreq,63,1.0
打赌,3.48,zh,wordfreq,52,1.0
打赢,3.73,zh,wordfreq,54,1.0
打车,3.49,zh,wordfreq,100,1.0
打通,3.71,zh,wordfreq,76,1.0
打造,4.49,zh,wordfreq,68,1.0
打针,3.56,zh,wordfreq,54,1.0
打鼓,3.37,zh,wordfreq,52,1.0
扔掉,3.59,zh,wordfreq,18,1.1
托尼,3.41,zh,wordfreq,10,1.5
托盘,3.33,zh,wordfreq,18,1.1
托管,3.69,zh,wordfreq,21,1.0
托运,3.46,zh,wordfreq,22,1.0
托马斯,4.01,zh,wordfreq,0,2.0
扣押,3.85,zh,wordfreq,5,1.75
扣留,3.72,zh,wordfreq,14,1.3
扣除,3.72,zh,wordfreq,19,1.05
执业,3.8,zh,wordfreq,46,1.0
执事,3.47,zh,wordfreq,68,1.0
执勤,3.41,zh,wordfreq,15,1.25
执导,3.97,zh,wordfreq,30,1.0
执意,3.64,zh,wordfreq,61,1.0
执掌,3.4,zh,wordfreq,15,1.25
执政,4.73,zh,wordfreq,31,1.0
执政党,3.95,zh,wordfreq,1,1.85
执政者,3.32,zh,wordfreq,1,1.9
执教,3.56,zh,wordfreq,30,1.0
执法,4.58,zh,wordfreq,58,1.0
执照,4.1,zh,wordfreq,30,1.0
执着,3.75,zh,wordfreq,49,1.0
执著,3.47,zh,wordfreq,23,1.0
执行,5.3,zh,wordfreq,76,1.0
执行官,3.73,zh,wordfreq,1,1.9
执行长,3.66,zh,wordfreq,1,1.85
扩充,3.95,zh,wordfreq,8,1.6
扩大,5.02,zh,wordfreq,61,1.0
扩展,4.64,zh,wordfreq,18,1.1
扩建,4.14,zh,wordfreq,23,1.0
扩张,4.61,zh,wordfreq,21,1.0
扩散,4.37,zh,wordfreq,13,1.35
扫地,3.55,zh,wordfreq,70,1.0
扫射,3.42,zh,wordfreq,17,1.15
扫帚,3.32,zh,wordfreq,5,1.75
扫描,4.13,zh,wordfreq,6,1.7
扫荡,3.61,zh,wordfreq,11,1.45
扫除,3.71,zh,wordfreq,22,1.0
扬州,4.02,zh,wordfreq,34,1.0
扬言,3.64,zh,wordfreq,28,1.0
扭曲,4.24,zh,wordfreq,11,1.45
扭转,4.1,zh,wordfreq,14,1.3
扮演,4.48,zh,wordfreq,12,1.4
扯淡,3.36,zh,wordfreq,2,1.9
扰乱,3.96,zh,wordfreq,16,1.2
扳机,3.51,zh,wordfreq,40,1.0
扶养,3.33,zh,wordfreq,19,1.05
扶助,3.45,zh,wordfreq,20,1.0
扶持,4.03,zh,wordfreq,14,1.3
扶植,3.54,zh,wordfreq,6,1.7
扶贫,4.2,zh,wordfreq,5,1.75
批准,4.92,zh,wordfreq,19,1.05
批判,4.67,zh,wordfreq,14,1.3
批发,4.09,zh,wordfreq,55,1.0
批复,3.8,zh,wordfreq,17,1.15
批次,3.62,zh,wordfreq,41,1.0
批示,3.6,zh,wordfreq,26,1.0
批评,5.05,zh,wordfreq,13,1.3
批评家,3.37,zh,wordfreq,0,1.95
批量,3.64,zh,wordfreq,48,1.0
扼杀,3.6,zh,wordfreq,13,1.35
找个,4.22,zh,wordfreq,42,1.0
找人,3.58,zh,wordfreq,145,1.0
找出,4.27,zh,wordfreq,83,1.0
找到,5.27,zh,wordfreq,57,1.0
找回,4.09,zh,wordfreq,26,1.0
找寻,3.85,zh,wordfreq,8,1.6
承办,3.91,zh,wordfreq,23,1.0
承包,3.85,zh,wordfreq,16,1.15
承包商,3.42,zh,wordfreq,0,1.95
承受,4.5,zh,wordfreq,23,1.0
承担,4.77,zh,wordfreq,11,1.45
承接,3.67,zh,wordfreq,20,1.0
承袭,3.5,zh,wordfreq,18,1.1
承认,5.16,zh,wordfreq,14,1.3
承诺,4.81,zh,wordfreq,11,1.45
承载,3.77,zh,wordfreq,23,1.0
技工,3.55,zh,wordfreq,36,1.0
技巧,4.54,zh,wordfreq,9,1.55
技师,3.82,zh,wordfreq,25,1.0
技术,5.72,zh,wordfreq,17,1.05
技术员,3.37,zh,wordfreq,1,1.9
技术性,3.58,zh,wordfreq,2,1.85
技法,3.51,zh,wordfreq,52,1.0
技能,4.65,zh,wordfreq,39,1.0
技艺,3.78,zh,wordfreq,15,1.25
抄袭,3.85,zh,wordfreq,10,1.5
抉择,3.95,zh,wordfreq,1,1.95
把关,3.39,zh,wordfreq,23,1.0
把头,3.58,zh,wordfreq,79,1.0
把戏,3.74,zh,wordfreq,12,1.4
把手,3.65,zh,wordfreq,64,1.0
把持,3.64,zh,wordfreq,16,1.2
把握,4.44,zh,wordfreq,8,1.6
把门,3.51,zh,wordfreq,51,1.0
抑制,4.31,zh,wordfreq,39,1.0
抑或,3.68,zh,wordfreq,2,1.9
抑郁,3.73,zh,wordfreq,4,1.75
抑郁症,3.5,zh,wordfreq,0,2.25
抒发,3.47,zh,wordfreq,49,1.0
抒情,3.66,zh,wordfreq,45,1.0
抓住,4.51,zh,wordfreq,29,1.0
抓好,3.68,zh,wordfreq,45,1.0
抓捕,3.54,zh,wordfreq,12,1.4
抓狂,3.46,zh,wordfreq,8,1.6
抓紧,4.18,zh,wordfreq,12,1.4
抓获,3.67,zh,wordfreq,14,1.3
抓走,3.64,zh,wordfreq,23,1.0
抓起,3.45,zh,wordfreq,39,1.0
投产,3.96,zh,wordfreq,45,1.0
投保,3.5,zh,wordfreq,27,1.0
投入,4.97,zh,wordfreq,81,1.0
投向,3.6,zh,wordfreq,54,1.0
投奔,3.52,zh,wordfreq,22,1.0
投射,3.64,zh,wordfreq,32,1.0
投影,3.64,zh,wordfreq,32,1.0
投掷,3.73,zh,wordfreq,20,1.0
投放,3.92,zh,wordfreq,33,1.0
投机,4.06,zh,wordfreq,60,1.0
投标,3.81,zh,wordfreq,33,1.0
投注,3.77,zh,wordfreq,26,1.0
投票,4.89,zh,wordfreq,38,1.0
投票权,3.54,zh,wordfreq,1,1.9
投票率,3.53,zh,wordfreq,2,1.85
投稿,3.75,zh,wordfreq,23,1.0
投篮,3.44,zh,wordfreq,22,1.0
投诉,4.54,zh,wordfreq,29,1.0
投资,5.42,zh,wordfreq,35,1.0
投资人,4.02,zh,wordfreq,1,1.9
投资者,4.51,zh,wordfreq,1,1.9
投身,3.87,zh,wordfreq,58,1.0
投递,3.34,zh,wordfreq,22,1.0
投降,4.42,zh,wordfreq,25,1.0
投靠,3.41,zh,wordfreq,25,1.0
抗争,4.35,zh,wordfreq,16,1.2
抗体,3.74,zh,wordfreq,60,1.0
抗击,3.68,zh,wordfreq,35,1.0
抗原,3.4,zh,wordfreq,17,1.15
抗战,4.46,zh,wordfreq,48,1.0
抗拒,4.0,zh,wordfreq,9,1.55
抗日,4.57,zh,wordfreq,49,1.0
抗生素,3.82,zh,wordfreq,1,1.95
抗癌,3.37,zh,wordfreq,12,1.4
抗衡,3.77,zh,wordfreq,14,1.3
抗议,4.86,zh,wordfreq,24,1.0
抗议者,3.42,zh,wordfreq,0,1.95
折叠,3.63,zh,wordfreq,7,1.65
折合,3.53,zh,wordfreq,34,1.0
折射,3.5,zh,wordfreq,18,1.1
折扣,3.85,zh,wordfreq,7,1.65
折断,3.44,zh,wordfreq,23,1.0
折磨,4.35,zh,wordfreq,8,1.6
折腾,3.91,zh,wordfreq,8,1.6
抚养,3.94,zh,wordfreq,17,1.15
抚摸,3.73,zh,wordfreq,4,1.8
抚顺,3.53,zh,wordfreq,5,1.75
抛出,3.46,zh,wordfreq,81,1.0
抛售,3.38,zh,wordfreq,9,1.55
抛开,3.59,zh,wordfreq,35,1.0
抛弃,4.44,zh,wordfreq,11,1.45
抢先,3.63,zh,wordfreq,18,1.1
抢劫,4.33,zh,wordfreq,9,1.55
抢占,3.55,zh,wordfreq,10,1.5
抢夺,3.73,zh,wordfreq,9,1.55
抢救,4.14,zh,wordfreq,19,1.05
抢购,3.58,zh,wordfreq,16,1.2
抢走,3.63,zh,wordfreq,22,1.0
护卫,3.76,zh,wordfreq,17,1.1
护卫舰,3.51,zh,wordfreq,0,1.95
护士,4.49,zh,wordfreq,35,1.0
护法,3.48,zh,wordfreq,53,1.0
护照,4.36,zh,wordfreq,25,1.0
护理,4.14,zh,wordfreq,48,1.0
护肤,3.33,zh,wordfreq,9,1.55
护航,3.6,zh,wordfreq,15,1.25
护送,3.81,zh,wordfreq,18,1.1
报上,3.51,zh,wordfreq,94,1.0
报业,3.59,zh,wordfreq,55,1.0
报仇,4.05,zh,wordfreq,22,1.0
报价,3.9,zh,wordfreq,52,1.0
报刊,4.06,zh,wordfreq,28,1.0
报名,4.42,zh,wordfreq,88,1.0
报告,5.48,zh,wordfreq,35,1.0
报复,4.38,zh,wordfreq,31,1.0
报导,4.61,zh,wordfreq,39,1.0
报应,3.74,zh,wordfreq,35,1.0
报废,3.61,zh,wordfreq,23,1.0
报案,3.74,zh,wordfreq,48,1.0
报社,4.02,zh,wordfreq,24,1.0
报章,3.52,zh,wordfreq,35,1.0
报答,3.71,zh,wordfreq,24,1.0
报纸,4.82,zh,wordfreq,26,1.0
报考,3.84,zh,wordfreq,26,1.0
报表,3.63,zh,wordfreq,31,1.0
报警,4.35,zh,wordfreq,30,1.0
报道,5.17,zh,wordfreq,61,1.0
报酬,4.18,zh,wordfreq,23,1.0
报销,3.74,zh,wordfreq,36,1.0
抨击,4.04,zh,wordfreq,26,1.0
披萨,3.72,zh,wordfreq,5,1.75
披露,4.35,zh,wordfreq,10,1.5
抬头,3.95,zh,wordfreq,75,1.0
抬起,3.75,zh,wordfreq,34,1.0
抬高,3.62,zh,wordfreq,17,1.15
抱住,3.58,zh,wordfreq,26,1.0
抱怨,4.4,zh,wordfreq,6,1.7
抱抱,3.42,zh,wordfreq,6,1.7
抱歉,4.32,zh,wordfreq,6,1.7
抱负,3.58,zh,wordfreq,12,1.4
抵制,4.48,zh,wordfreq,44,1.0
抵御,3.89,zh,wordfreq,8,1.6
抵抗,4.43,zh,wordfreq,10,1.45
抵抗力,3.35,zh,wordfreq,0,1.95
抵押,3.9,zh,wordfreq,10,1.5
抵挡,3.72,zh,wordfreq,8,1.6
抵消,3.51,zh,wordfreq,9,1.55
抵触,3.81,zh,wordfreq,9,1.55
抵达,4.61,zh,wordfreq,21,1.0
抹黑,3.53,zh,wordfreq,4,1.8
押金,3.39,zh,wordfreq,18,1.1
抽出,3.7,zh,wordfreq,89,1.0
抽取,3.69,zh,wordfreq,37,1.0
抽奖,3.63,zh,wordfreq,19,1.05
抽屉,3.69,zh,wordfreq,11,1.45
抽插,3.39,zh,wordfreq,12,1.4
抽搐,3.38,zh,wordfreq,11,1.45
抽查,3.54,zh,wordfreq,27,1.0
抽样,3.37,zh,wordfreq,31,1.0
抽烟,4.04,zh,wordfreq,18,1.1
抽签,3.49,zh,wordfreq,12,1.4
抽调,3.54,zh,wordfreq,32,1.0
抽象,3.98,zh,wordfreq,27,1.0
担任,5.05,zh,wordfreq,35,1.0
担保,4.14,zh,wordfreq,12,1.4
担当,4.21,zh,wordfreq,22,1.0
担心,5.16,zh,wordfreq,58,1.0
担忧,4.28,zh,wordfreq,7,1.65
担负,3.97,zh,wordfreq,13,1.35
拆开,3.42,zh,wordfreq,36,1.0
拆毁,3.36,zh,wordfreq,14,1.3
拆解,3.43,zh,wordfreq,26,1.0
拆迁,4.08,zh,wordfreq,7,1.65
拆除,4.3,zh,wordfreq,21,1.0
拇指,3.67,zh,wordfreq,8,1.55
拉丁,4.01,zh,wordfreq,26,1.0
拉丁文,3.53,zh,wordfreq,1,1.9
拉丁语,3.4,zh,wordfreq,1,1.9
拉克,3.67,zh,wordfreq,55,1.0
拉动,3.77,zh,wordfreq,81,1.0
拉吉,3.37,zh,wordfreq,24,1.0
拉夫,3.62,zh,wordfreq,39,1.0
拉姆,3.9,zh,wordfreq,28,1.0
拉屎,3.51,zh,wordfreq,23,1.0
拉开,3.82,zh,wordfreq,54,1.0
拉德,3.64,zh,wordfreq,50,1.0
拉扯,3.34,zh,wordfreq,24,1.0
拉拉,3.92,zh,wordfreq,54,1.0
拉拢,3.55,zh,wordfreq,23,1.0
拉斐尔,3.32,zh,wordfreq,0,2.0
拉斯,3.91,zh,wordfreq,64,1.0
拉比,3.37,zh,wordfreq,40,1.0
拉特,3.52,zh,wordfreq,49,1.0
拉瓦,3.42,zh,wordfreq,23,1.0
拉登,3.41,zh,wordfreq,26,1.0
拉美,4.05,zh,wordfreq,43,1.0
拉萨,4.08,zh,wordfreq,26,1.0
拉近,3.33,zh,wordfreq,37,1.0
拉里,3.4,zh,wordfreq,67,1.0
拉链,3.36,zh,wordfreq,24,1.0
拉长,3.34,zh,wordfreq,91,1.0
拍卖,4.29,zh,wordfreq,13,1.3
拍卖会,3.33,zh,wordfreq,0,1.95
拍戏,3.32,zh,wordfreq,12,1.4
拍打,3.33,zh,wordfreq,18,1.1
拍拍,3.62,zh,wordfreq,10,1.5
拍摄,4.87,zh,wordfreq,6,1.7
拍照,4.31,zh,wordfreq,24,1.0
拍片,3.51,zh,wordfreq,31,1.0
拍电影,3.47,zh,wordfreq,0,1.95
拐杖,3.48,zh,wordfreq,0,2.0
拒绝,5.09,zh,wordfreq,5,1.75
拓宽,3.8,zh,wordfreq,3,1.85
拓展,4.36,zh,wordfreq,14,1.3
拔掉,3.4,zh,wordfreq,18,1.1
拖延,3.99,zh,wordfreq,5,1.75
拖拉机,3.73,zh,wordfreq,0,2.0
拖欠,3.58,zh,wordfreq,4,1.8
拖累,3.52,zh,wordfreq,8,1.6
拖车,3.37,zh,wordfreq,52,1.0
拖鞋,3.62,zh,wordfreq,5,1.75
拘捕,4.02,zh,wordfreq,8,1.6
拘束,3.49,zh,wordfreq,7,1.65
拘留,4.21,zh,wordfreq,15,1.2
拘留所,3.46,zh,wordfreq,0,1.95
拘禁,3.42,zh,wordfreq,9,1.55
招募,4.09,zh,wordfreq,13,1.35
招呼,3.89,zh,wordfreq,16,1.15
招商,3.88,zh,wordfreq,25,1.0
招式,3.44,zh,wordfreq,32,1.0
招待,3.98,zh,wordfreq,23,1.0
招待会,3.44,zh,wordfreq,0,1.95
招收,4.02,zh,wordfreq,22,1.0
招数,3.57,zh,wordfreq,43,1.0
招来,3.62,zh,wordfreq,66,1.0
招标,4.16,zh,wordfreq,25,1.0
招牌,3.83,zh,wordfreq,27,1.0
招生,4.43,zh,wordfreq,60,1.0
招聘,4.38,zh,wordfreq,13,1.35
招致,3.63,zh,wordfreq,23,1.0
拜仁,3.7,zh,wordfreq,6,1.7
拜托,4.27,zh,wordfreq,12,1.4
拜拜,3.43,zh,wordfreq,8,1.6
拜登,3.46,zh,wordfreq,8,1.6
拜访,4.16,zh,wordfreq,16,1.2
拟定,4.15,zh,wordfreq,53,1.0
拟订,3.41,zh,wordfreq,5,1.75
拥护,4.22,zh,wordfreq,17,1.15
拥抱,4.31,zh,wordfreq,5,1.75
拥挤,3.99,zh,wordfreq,4,1.8
拥有,5.44,zh,wordfreq,72,1.0
拥有者,3.33,zh,wordfreq,2,1.85
拦住,3.82,zh,wordfreq,23,1.0
拦截,4.16,zh,wordfreq,1,1.95
拨打,3.83,zh,wordfreq,13,1.35
拨款,4.04,zh,wordfreq,20,1.0
择优,3.47,zh,wordfreq,3,1.85
拯救,4.64,zh,wordfreq,13,1.35
拳击,3.85,zh,wordfreq,27,1.0
拳头,4.04,zh,wordfreq,74,1.0
拷贝,3.58,zh,wordfreq,2,1.9
拷问,3.6,zh,wordfreq,19,1.05
拼写,3.52,zh,wordfreq,17,1.15
拼凑,3.32,zh,wordfreq,6,1.7
拼命,4.02,zh,wordfreq,24,1.0
拼图,3.49,zh,wordfreq,22,1.0
拼搏,3.6,zh,wordfreq,6,1.7
拼音,3.92,zh,wordfreq,23,1.0
拿下,4.24,zh,wordfreq,73,1.0
拿出,4.44,zh,wordfreq,83,1.0
拿到,4.66,zh,wordfreq,57,1.0
拿来,4.3,zh,wordfreq,59,1.0
拿破仑,3.97,zh,wordfreq,0,2.0
拿给,3.33,zh,wordfreq,31,1.0
拿走,4.09,zh,wordfreq,21,1.0
持久,4.12,zh,wordfreq,15,1.25
持刀,3.4,zh,wordfreq,13,1.35
持平,3.59,zh,wordfreq,18,1.1
持有,4.37,zh,wordfreq,75,1.0
持有者,3.32,zh,wordfreq,2,1.85
持枪,3.7,zh,wordfreq,11,1.45
持续,5.25,zh,wordfreq,14,1.3
持股,3.71,zh,wordfreq,15,1.25
挂牌,4.16,zh,wordfreq,16,1.2
挂钩,3.65,zh,wordfreq,1,1.95
指令,4.32,zh,wordfreq,33,1.0
指使,3.63,zh,wordfreq,36,1.0
指出,5.32,zh,wordfreq,101,1.0
指南,4.35,zh,wordfreq,42,1.0
指向,4.17,zh,wordfreq,57,1.0
指定,4.59,zh,wordfreq,75,1.0
指导,5.0,zh,wordfreq,41,1.0
指导员,3.72,zh,wordfreq,0,1.95
指引,4.15,zh,wordfreq,28,1.0
指挥,4.82,zh,wordfreq,24,1.0
指挥官,4.21,zh,wordfreq,1,1.9
指挥部,3.99,zh,wordfreq,1,1.9
指控,4.56,zh,wordfreq,33,1.0
指教,3.44,zh,wordfreq,41,1.0
指数,4.73,zh,wordfreq,54,1.0
指明,3.71,zh,wordfreq,54,1.0
指望,4.14,zh,wordfreq,44,1.0
指标,4.63,zh,wordfreq,36,1.0
指派,3.88,zh,wordfreq,39,1.0
指点,3.68,zh,wordfreq,87,1.0
指甲,3.79,zh,wordfreq,28,1.0
指着,3.93,zh,wordfreq,60,1.0
指示,4.54,zh,wordfreq,42,1.0
指称,3.61,zh,wordfreq,53,1.0
指纹,3.89,zh,wordfreq,26,1.0
指责,4.47,zh,wordfreq,29,1.0
指针,3.68,zh,wordfreq,25,1.0
按下,3.49,zh,wordfreq,74,1.0
按住,3.38,zh,wordfreq,28,1.0
按摩,4.15,zh,wordfreq,7,1.65
按时,3.88,zh,wordfreq,47,1.0
按照,5.05,zh,wordfreq,24,1.0
按钮,4.06,zh,wordfreq,6,1.7
按键,3.66,zh,wordfreq,8,1.6
挑剔,3.42,zh,wordfreq,5,1.75
挑战,4.98,zh,wordfreq,44,1.0
挑战性,3.37,zh,wordfreq,2,1.85
挑战者,3.51,zh,wordfreq,2,1.85
挑战赛,3.41,zh,wordfreq,2,1.85
挑衅,3.98,zh,wordfreq,5,1.75
挑起,3.75,zh,wordfreq,37,1.0
挑选,4.27,zh,wordfreq,28,1.0
挑逗,3.54,zh,wordfreq,5,1.75
挖出,3.62,zh,wordfreq,79,1.0
挖掘,4.22,zh,wordfreq,2,1.9
挚友,3.49,zh,wordfreq,15,1.25
挚爱,3.5,zh,wordfreq,22,1.0
挟持,3.45,zh,wordfreq,10,1.5
挡住,3.85,zh,wordfreq,22,1.0
挣扎,4.27,zh,wordfreq,3,1.85
挣脱,3.33,zh,wordfreq,5,1.75
挣钱,4.0,zh,wordfreq,26,1.0
挤出,3.43,zh,wordfreq,80,1.0
挤压,3.66,zh,wordfreq,14,1.3
挤满,3.42,zh,wordfreq,17,1.15
挥手,3.56,zh,wordfreq,60,1.0
挥舞,3.99,zh,wordfreq,7,1.65
挥霍,3.55,zh,wordfreq,2,1.9
挨打,3.48,zh,wordfreq,13,1.35
挨饿,3.36,zh,wordfreq,2,1.9
挪威,4.22,zh,wordfreq,4,1.8
挪用,3.54,zh,wordfreq,68,1.0
挫折,4.05,zh,wordfreq,6,1.7
挫败,3.73,zh,wordfreq,12,1.4
振兴,4.21,zh,wordfreq,11,1.45
振动,3.82,zh,wordfreq,61,1.0
振奋,3.71,zh,wordfreq,4,1.8
挺进,3.66,zh,wordfreq,26,1.0
挽回,3.78,zh,wordfreq,23,1.0
挽救,4.05,zh,wordfreq,15,1.25
挽留,3.32,zh,wordfreq,14,1.3
捆绑,3.87,zh,wordfreq,1,1.95
捍卫,4.18,zh,wordfreq,10,1.45
捍卫者,3.62,zh,wordfreq,0,1.95
捏造,3.62,zh,wordfreq,16,1.2
捐助,3.74,zh,wordfreq,20,1.0
捐款,4.24,zh,wordfreq,23,1.0
捐献,3.72,zh,wordfreq,7,1.65
捐给,3.43,zh,wordfreq,30,1.0
捐赠,4.18,zh,wordfreq,4,1.8
捕捉,4.0,zh,wordfreq,5,1.75
捕捞,3.61,zh,wordfreq,6,1.7
捕猎,3.34,zh,wordfreq,7,1.65
捕获,3.75,zh,wordfreq,12,1.4
捕食,3.4,zh,wordfreq,21,1.0
捕鱼,4.06,zh,wordfreq,16,1.2
损伤,4.14,zh,wordfreq,20,1.0
损坏,4.12,zh,wordfreq,13,1.35
损失,4.86,zh,wordfreq,17,1.15
损害,4.6,zh,wordfreq,25,1.0
损毁,3.47,zh,wordfreq,16,1.2
损益,3.35,zh,wordfreq,16,1.2
损耗,3.59,zh,wordfreq,7,1.65
换上,3.78,zh,wordfreq,82,1.0
换个,3.78,zh,wordfreq,46,1.0
换人,3.55,zh,wordfreq,149,1.0
换取,4.02,zh,wordfreq,35,1.0
换届,3.39,zh,wordfreq,16,1.2
换成,4.1,zh,wordfreq,52,1.0
换掉,3.32,zh,wordfreq,27,1.0
换来,3.74,zh,wordfreq,63,1.0
换算,3.4,zh,wordfreq,26,1.0
换装,3.59,zh,wordfreq,31,1.0
换言之,3.71,zh,wordfreq,0,2.0
捣乱,3.62,zh,wordfreq,17,1.15
捣毁,3.46,zh,wordfreq,11,1.45
据传,3.36,zh,wordfreq,14,1.3
据悉,4.12,zh,wordfreq,7,1.65
据此,3.65,zh,wordfreq,19,1.05
据点,3.78,zh,wordfreq,69,1.0
据称,3.79,zh,wordfreq,35,1.0
据说,4.57,zh,wordfreq,35,1.0
捷克,4.21,zh,wordfreq,35,1.0
捷径,3.53,zh,wordfreq,9,1.55
捷运,3.81,zh,wordfreq,21,1.0
掀开,3.33,zh,wordfreq,33,1.0
掀起,4.18,zh,wordfreq,33,1.0
授予,4.49,zh,wordfreq,6,1.7
授权,4.83,zh,wordfreq,33,1.0
授课,3.93,zh,wordfreq,10,1.5
掉下来,3.47,zh,wordfreq,3,1.8
掉头,3.43,zh,wordfreq,74,1.0
掉落,3.51,zh,wordfreq,27,1.0
掌上,3.45,zh,wordfreq,79,1.0
掌声,3.97,zh,wordfreq,34,1.0
掌控,4.13,zh,wordfreq,16,1.2
掌握,4.8,zh,wordfreq,8,1.6
掌权,3.75,zh,wordfreq,37,1.0
掌管,3.9,zh,wordfreq,24,1.0
掌门,3.33,zh,wordfreq,51,1.0
掏出,3.6,zh,wordfreq,79,1.0
掏钱,3.39,zh,wordfreq,25,1.0
排出,3.8,zh,wordfreq,92,1.0
排列,4.36,zh,wordfreq,27,1.0
排名,4.71,zh,wordfreq,81,1.0
排名第,3.58,zh,wordfreq,0,1.95
排序,3.81,zh,wordfreq,20,1.0
排挤,3.76,zh,wordfreq,15,1.25
排放,4.27,zh,wordfreq,27,1.0
排斥,4.14,zh,wordfreq,16,1.2
排水,3.74,zh,wordfreq,60,1.0
排水量,3.33,zh,wordfreq,1,1.85
排污,3.32,zh,wordfreq,16,1.2
排版,3.4,zh,wordfreq,21,1.0
排球,3.6,zh,wordfreq,37,1.0
排练,3.57,zh,wordfreq,19,1.05
排行,3.99,zh,wordfreq,78,1.0
排行榜,4.2,zh,wordfreq,0,1.95
排队,4.26,zh,wordfreq,42,1.0
排除,4.48,zh,wordfreq,31,1.0
掠夺,4.23,zh,wordfreq,3,1.85
探亲,3.43,zh,wordfreq,17,1.15
探寻,3.42,zh,wordfreq,12,1.4
探望,3.81,zh,wordfreq,30,1.0
探测,4.07,zh,wordfreq,18,1.05
探测器,3.75,zh,wordfreq,0,1.95
探究,3.82,zh,wordfreq,13,1.35
探索,4.73,zh,wordfreq,17,1.15
探视,3.48,zh,wordfreq,37,1.0
探讨,4.51,zh,wordfreq,13,1.35
探访,3.76,zh,wordfreq,21,1.0
探险,3.93,zh,wordfreq,15,1.2
探险家,3.43,zh,wordfreq,0,1.95
接上,3.48,zh,wordfreq,103,1.0
接下,3.7,zh,wordfreq,98,1.0
接下来,4.63,zh,wordfreq,3,1.75
接任,3.84,zh,wordfreq,60,1.0
接入,3.7,zh,wordfreq,91,1.0
接到,4.48,zh,wordfreq,82,1.0
接力,3.68,zh,wordfreq,101,1.0
接受,5.47,zh,wordfreq,45,1.0
接口,4.04,zh,wordfreq,67,1.0
接吻,3.98,zh,wordfreq,32,1.0
接地,3.59,zh,wordfreq,95,1.0
接壤,3.6,zh,wordfreq,32,1.0
接头,3.46,zh,wordfreq,103,1.0
接待,4.29,zh,wordfreq,41,1.0
接手,3.94,zh,wordfreq,88,1.0
接收,4.4,zh,wordfreq,40,1.0
接替,3.74,zh,wordfreq,33,1.0
接班,3.53,zh,wordfreq,37,1.0
接班人,3.59,zh,wordfreq,0,1.95
接着,4.73,zh,wordfreq,67,1.0
接种,3.92,zh,wordfreq,59,1.0
接管,4.11,zh,wordfreq,48,1.0
接纳,4.05,zh,wordfreq,40,1.0
接续,3.56,zh,wordfreq,38,1.0
接著,3.94,zh,wordfreq,41,1.0
接见,3.93,zh,wordfreq,59,1.0
接触,4.89,zh,wordfreq,32,1.0
接轨,3.73,zh,wordfreq,33,1.0
接过,3.65,zh,wordfreq,72,1.0
接近,4.85,zh,wordfreq,45,1.0
接连,4.03,zh,wordfreq,36,1.0
接送,3.44,zh,wordfreq,41,1.0
接通,3.47,zh,wordfreq,54,1.0
控制,5.39,zh,wordfreq,40,1.0
控制器,3.65,zh,wordfreq,1,1.9
控制权,3.56,zh,wordfreq,1,1.9
控告,4.25,zh,wordfreq,17,1.15
控股,4.45,zh,wordfreq,12,1.4
控诉,3.93,zh,wordfreq,12,1.4
推举,3.68,zh,wordfreq,39,1.0
推介,3.5,zh,wordfreq,33,1.0
推倒,3.55,zh,wordfreq,40,1.0
推出,5.04,zh,wordfreq,108,1.0
推力,3.38,zh,wordfreq,101,1.0
推动,5.11,zh,wordfreq,89,1.0
推友,3.55,zh,wordfreq,44,1.0
推向,3.75,zh,wordfreq,64,1.0
推定,3.49,zh,wordfreq,82,1.0
推导,3.41,zh,wordfreq,48,1.0
推崇,3.89,zh,wordfreq,31,1.0
推广,4.94,zh,wordfreq,32,1.0
推开,3.63,zh,wordfreq,62,1.0
推手,3.44,zh,wordfreq,88,1.0
推文,4.25,zh,wordfreq,74,1.0
推断,3.82,zh,wordfreq,47,1.0
推油,3.74,zh,wordfreq,41,1.0
推测,4.23,zh,wordfreq,39,1.0
推特,4.69,zh,wordfreq,57,1.0
推特上,4.06,zh,wordfreq,0,1.95
推理,4.04,zh,wordfreq,71,1.0
推移,3.69,zh,wordfreq,33,1.0
推算,3.67,zh,wordfreq,47,1.0
推翻,4.54,zh,wordfreq,30,1.0
推荐,5.02,zh,wordfreq,30,1.0
推行,4.46,zh,wordfreq,94,1.0
推论,3.81,zh,wordfreq,49,1.0
推进,4.98,zh,wordfreq,56,1.0
推迟,4.08,zh,wordfreq,33,1.0
推送,4.07,zh,wordfreq,41,1.0
推选,3.55,zh,wordfreq,53,1.0
推销,4.08,zh,wordfreq,45,1.0
推销员,3.36,zh,wordfreq,0,1.95
掩埋,3.59,zh,wordfreq,4,1.8
掩护,4.05,zh,wordfreq,17,1.15
掩盖,4.26,zh,wordfreq,7,1.65
掩饰,4.08,zh,wordfreq,7,1.65
措施,4.98,zh,wordfreq,3,1.85
措辞,3.52,zh,wordfreq,5,1.75
描写,4.4,zh,wordfreq,14,1.3
描绘,4.34,zh,wordfreq,4,1.8
描述,4.91,zh,wordfreq,21,1.0
提交,4.44,zh,wordfreq,40,1.0
提供,5.72,zh,wordfreq,24,1.0
提供商,3.4,zh,wordfreq,0,1.95
提倡,4.28,zh,wordfreq,24,1.0
提出,5.51,zh,wordfreq,102,1.0
提到,4.76,zh,wordfreq,76,1.0
提前,4.63,zh,wordfreq,50,1.0
提升,4.94,zh,wordfreq,30,1.0
提及,4.29,zh,wordfreq,37,1.0
提取,4.29,zh,wordfreq,50,1.0
提名,4.56,zh,wordfreq,91,1.0
提拔,3.84,zh,wordfreq,26,1.0
提早,3.96,zh,wordfreq,33,1.0
提案,4.32,zh,wordfreq,51,1.0
提炼,3.66,zh,wordfreq,27,1.0
提督,3.35,zh,wordfreq,28,1.0
提示,4.36,zh,wordfreq,43,1.0
提要,3.45,zh,wordfreq,51,1.0
提议,4.54,zh,wordfreq,39,1.0
提请,3.8,zh,wordfreq,29,1.0
提起,4.38,zh,wordfreq,56,1.0
提速,3.47,zh,wordfreq,39,1.0
提醒,4.78,zh,wordfreq,32,1.0
提问,4.27,zh,wordfreq,42,1.0
提防,3.48,zh,wordfreq,30,1.0
提高,5.27,zh,wordfreq,39,1.0
插件,3.72,zh,wordfreq,33,1.0
插入,4.09,zh,wordfreq,67,1.0
插图,3.94,zh,wordfreq,23,1.0
插座,3.38,zh,wordfreq,20,1.0
插手,3.82,zh,wordfreq,64,1.0
插曲,3.66,zh,wordfreq,16,1.2
插画,3.48,zh,wordfreq,19,1.05
握住,3.59,zh,wordfreq,23,1.0
握手,3.89,zh,wordfreq,59,1.0
揭发,3.99,zh,wordfreq,55,1.0
揭幕,3.53,zh,wordfreq,19,1.05
揭开,4.08,zh,wordfreq,39,1.0
揭晓,3.86,zh,wordfreq,9,1.55
揭示,4.06,zh,wordfreq,26,1.0
揭秘,4.05,zh,wordfreq,11,1.45
揭穿,3.58,zh,wordfreq,10,1.5
揭露,4.53,zh,wordfreq,16,1.2
援交,3.36,zh,wordfreq,19,1.05
援助,4.65,zh,wordfreq,19,1.05
援引,3.73,zh,wordfreq,8,1.6
援手,3.47,zh,wordfreq,61,1.0
搁浅,3.53,zh,wordfreq,2,1.9
搁置,3.64,zh,wordfreq,15,1.25
搅拌,3.63,zh,wordfreq,0,2.0
搏击,3.43,zh,wordfreq,27,1.0
搏斗,3.59,zh,wordfreq,8,1.6
搜寻,4.07,zh,wordfreq,10,1.5
搜捕,3.53,zh,wordfreq,12,1.4
搜救,3.71,zh,wordfreq,20,1.0
搜查,4.0,zh,wordfreq,23,1.0
搜狐,4.3,zh,wordfreq,7,1.65
搜狗,3.67,zh,wordfreq,12,1.4
搜索,4.73,zh,wordfreq,15,1.25
搜集,4.28,zh,wordfreq,29,1.0
搞不好,3.39,zh,wordfreq,2,1.8
搞不懂,3.44,zh,wordfreq,3,1.85
搞好,3.7,zh,wordfreq,42,1.0
搞定,3.83,zh,wordfreq,56,1.0
搞清楚,3.65,zh,wordfreq,1,1.9
搞砸,3.43,zh,wordfreq,4,1.8
搞笑,4.22,zh,wordfreq,16,1.2
搞错,3.52,zh,wordfreq,15,1.25
搬出,3.39,zh,wordfreq,83,1.0
搬家,4.0,zh,wordfreq,74,1.0
搬走,3.33,zh,wordfreq,21,1.0
搬迁,4.02,zh,wordfreq,8,1.6
搬运,3.82,zh,wordfreq,24,1.0
搬进,3.44,zh,wordfreq,31,1.0
搭乘,4.01,zh,wordfreq,5,1.75
搭建,3.96,zh,wordfreq,23,1.0
搭档,3.96,zh,wordfreq,9,1.55
搭讪,3.52,zh,wordfreq,5,1.75
搭载,3.92,zh,wordfreq,20,1.0
搭配,4.28,zh,wordfreq,12,1.4
携带,4.34,zh,wordfreq,22,1.0
携手,4.11,zh,wordfreq,59,1.0
摄于,3.32,zh,wordfreq,57,1.0
摄像,3.53,zh,wordfreq,25,1.0
摄像头,4.05,zh,wordfreq,1,1.9
摄像机,3.7,zh,wordfreq,2,1.85
摄入,3.5,zh,wordfreq,67,1.0
摄制,3.37,zh,wordfreq,43,1.0
摄取,3.59,zh,wordfreq,32,1.0
摄影,4.76,zh,wordfreq,18,1.0
摄影师,4.35,zh,wordfreq,1,1.9
摄影机,3.83,zh,wordfreq,2,1.85
摄氏,3.64,zh,wordfreq,7,1.6
摄氏度,3.57,zh,wordfreq,0,1.95
摆动,3.4,zh,wordfreq,65,1.0
摆在,3.87,zh,wordfreq,27,1.0
摆布,3.58,zh,wordfreq,18,1.1
摆平,3.32,zh,wordfreq,18,1.1
摆放,3.65,zh,wordfreq,19,1.05
摆脱,4.58,zh,wordfreq,9,1.55
摆设,3.56,zh,wordfreq,18,1.1
摇动,3.34,zh,wordfreq,64,1.0
摇头,3.59,zh,wordfreq,78,1.0
摇摆,3.67,zh,wordfreq,5,1.75
摇晃,3.74,zh,wordfreq,5,1.75
摇滚,4.05,zh,wordfreq,5,1.7
摇滚乐,3.56,zh,wordfreq,0,1.95
摇篮,3.58,zh,wordfreq,7,1.65
摊位,3.54,zh,wordfreq,46,1.0
摒弃,3.49,zh,wordfreq,8,1.6
摔倒,3.8,zh,wordfreq,11,1.45
摔跤,3.75,zh,wordfreq,1,1.95
摘下,3.38,zh,wordfreq,71,1.0
摘录,3.35,zh,wordfreq,13,1.35
摘自,3.55,zh,wordfreq,14,1.3
摘要,4.13,zh,wordfreq,30,1.0
摧残,3.77,zh,wordfreq,3,1.85
摧毁,4.62,zh,wordfreq,11,1.45
摩尔,3.88,zh,wordfreq,48,1.0
摩托,3.88,zh,wordfreq,12,1.35
摩托车,4.11,zh,wordfreq,0,1.95
摩擦,4.09,zh,wordfreq,4,1.8
摩根,3.9,zh,wordfreq,12,1.4
摩洛哥,3.92,zh,wordfreq,1,1.95
摩纳哥,3.53,zh,wordfreq,1,1.95
摩西,3.5,zh,wordfreq,22,1.0
摸摸,3.61,zh,wordfreq,3,1.85
摸索,3.59,zh,wordfreq,9,1.55
撇开,3.54,zh,wordfreq,32,1.0
撑腰,3.34,zh,wordfreq,1,1.95
撒哈拉,3.38,zh,wordfreq,0,1.95
撒尿,3.66,zh,wordfreq,2,1.9
撒旦,3.63,zh,wordfreq,6,1.7
撒谎,4.03,zh,wordfreq,3,1.85
撕开,3.45,zh,wordfreq,34,1.0
撕毁,3.34,zh,wordfreq,12,1.4
撕裂,3.74,zh,wordfreq,7,1.65
撞击,4.0,zh,wordfreq,26,1.0
撤军,3.54,zh,wordfreq,37,1.0
撤出,3.7,zh,wordfreq,85,1.0
撤回,3.9,zh,wordfreq,28,1.0
撤换,3.45,zh,wordfreq,17,1.15
撤离,4.25,zh,wordfreq,17,1.15
撤职,3.54,zh,wordfreq,26,1.0
撤退,4.15,zh,wordfreq,13,1.35
撤销,4.69,zh,wordfreq,22,1.0
播出,4.51,zh,wordfreq,83,1.0
播报,3.76,zh,wordfreq,37,1.0
播放,4.83,zh,wordfreq,18,1.05
播放器,3.56,zh,wordfreq,0,1.95
播映,3.55,zh,wordfreq,9,1.55
播种,3.68,zh,wordfreq,34,1.0
播音,3.34,zh,wordfreq,23,1.0
播音员,3.32,zh,wordfreq,0,1.95
撰写,4.34,zh,wordfreq,13,1.35
撰文,3.87,zh,wordfreq,45,1.0
撷取,3.34,zh,wordfreq,26,1.0
撼动,3.41,zh,wordfreq,59,1.0
擂台,3.46,zh,wordfreq,27,1.0
擅自,3.94,zh,wordfreq,12,1.4
擅长,4.4,zh,wordfreq,70,1.0
操作,4.91,zh,wordfreq,36,1.0
操场,3.58,zh,wordfreq,58,1.0
操守,3.34,zh,wordfreq,16,1.2
操心,3.7,zh,wordfreq,58,1.0
操控,4.22,zh,wordfreq,15,1.25
操纵,4.29,zh,wordfreq,6,1.7
攀升,3.89,zh,wordfreq,7,1.65
攀登,3.56,zh,wordfreq,5,1.75
支付,4.93,zh,wordfreq,21,1.0
支付宝,4.02,zh,wordfreq,0,1.95
支出,4.34,zh,wordfreq,93,1.0
支持,5.65,zh,wordfreq,25,1.0
支持率,3.73,zh,wordfreq,1,1.9
支持者,4.26,zh,wordfreq,1,1.9
支援,4.62,zh,wordfreq,20,1.0
支撑,4.52,zh,wordfreq,15,1.25
支架,3.36,zh,wordfreq,26,1.0
支柱,4.02,zh,wordfreq,16,1.2
支流,3.78,zh,wordfreq,40,1.0
支点,3.33,zh,wordfreq,79,1.0
支票,3.77,zh,wordfreq,33,1.0
支线,3.47,zh,wordfreq,55,1.0
支行,3.54,zh,wordfreq,79,1.0
支那,3.46,zh,wordfreq,15,1.25
支部,3.95,zh,wordfreq,61,1.0
支配,4.22,zh,wordfreq,22,1.0
支队,3.91,zh,wordfreq,43,1.0
收下,3.57,zh,wordfreq,103,1.0
收买,3.91,zh,wordfreq,37,1.0
收入,5.03,zh,wordfreq,96,1.0
收养,3.95,zh,wordfreq,50,1.0
收到,4.93,zh,wordfreq,87,1.0
收割,3.58,zh,wordfreq,37,1.0
收发,3.44,zh,wordfreq,83,1.0
收取,4.21,zh,wordfreq,61,1.0
收受,3.58,zh,wordfreq,50,1.0
收听,3.94,zh,wordfreq,46,1.0
收回,4.3,zh,wordfreq,56,1.0
收场,3.65,zh,wordfreq,88,1.0
收复,3.69,zh,wordfreq,45,1.0
收容,3.64,zh,wordfreq,51,1.0
收容所,3.43,zh,wordfreq,0,1.95
收录,4.12,zh,wordfreq,45,1.0
收成,3.47,zh,wordfreq,78,1.0
收拾,4.25,zh,wordfreq,36,1.0
收据,3.55,zh,wordfreq,43,1.0
收支,3.6,zh,wordfreq,42,1.0
收敛,3.7,zh,wordfreq,35,1.0
收留,3.64,zh,wordfreq,47,1.0
收益,4.47,zh,wordfreq,45,1.0
收盘,3.51,zh,wordfreq,50,1.0
收看,4.04,zh,wordfreq,48,1.0
收紧,3.44,zh,wordfreq,40,1.0
收纳,3.34,zh,wordfreq,45,1.0
收缩,3.97,zh,wordfreq,41,1.0
收缴,3.41,zh,wordfreq,36,1.0
收获,4.34,zh,wordfreq,42,1.0
收藏,4.41,zh,wordfreq,47,1.0
收藏品,3.33,zh,wordfreq,1,1.85
收藏家,3.41,zh,wordfreq,1,1.9
收视,3.64,zh,wordfreq,63,1.0
收视率,3.74,zh,wordfreq,0,1.95
收购,4.77,zh,wordfreq,45,1.0
收费,4.77,zh,wordfreq,53,1.0
收起,3.5,zh,wordfreq,67,1.0
收钱,3.34,zh,wordfreq,59,1.0
收集,4.8,zh,wordfreq,57,1.0
收音机,3.81,zh,wordfreq,1,1.95
改为,4.62,zh,wordfreq,64,1.0
改写,3.72,zh,wordfreq,33,1.0
改制,4.04,zh,wordfreq,58,1.0
改动,3.82,zh,wordfreq,80,1.0
改变,5.47,zh,wordfreq,38,1.0
改名,4.28,zh,wordfreq,88,1.0
改善,5.05,zh,wordfreq,27,1.0
改建,4.09,zh,wordfreq,39,1.0
改成,4.09,zh,wordfreq,64,1.0
改正,3.88,zh,wordfreq,36,1.0
改版,3.73,zh,wordfreq,28,1.0
改用,3.83,zh,wordfreq,88,1.0
改称,4.22,zh,wordfreq,51,1.0
改组,4.1,zh,wordfreq,33,1.0
改编,4.32,zh,wordfreq,27,1.0
改编自,3.5,zh,wordfreq,0,1.95
改良,4.19,zh,wordfreq,24,1.0
改装,4.08,zh,wordfreq,43,1.0
改观,3.68,zh,wordfreq,42,1.0
改进,4.63,zh,wordfreq,47,1.0
改选,3.35,zh,wordfreq,44,1.0
改造,4.75,zh,wordfreq,37,1.0
改革,5.31,zh,wordfreq,25,1.0
攻下,3.33,zh,wordfreq,81,1.0
攻克,3.69,zh,wordfreq,46,1.0
攻入,3.59,zh,wordfreq,74,1.0
攻关,3.66,zh,wordfreq,30,1.0
攻击,5.17,zh,wordfreq,39,1.0
攻击性,3.53,zh,wordfreq,1,1.9
攻击者,3.33,zh,wordfreq,2,1.85
攻势,3.95,zh,wordfreq,35,1.0
攻占,3.93,zh,wordfreq,17,1.15
攻坚,3.6,zh,wordfreq,14,1.3
攻打,3.79,zh,wordfreq,25,1.0
攻略,3.88,zh,wordfreq,22,1.0
攻破,3.64,zh,wordfreq,20,1.0
攻读,3.75,zh,wordfreq,21,1.0
攻防,3.32,zh,wordfreq,19,1.05
攻陷,3.49,zh,wordfreq,17,1.15
放下,4.43,zh,wordfreq,99,1.0
放任,3.66,zh,wordfreq,61,1.0
放假,3.94,zh,wordfreq,42,1.0
放入,4.04,zh,wordfreq,92,1.0
放出,3.9,zh,wordfreq,109,1.0
放到,4.16,zh,wordfreq,83,1.0
放在,4.89,zh,wordfreq,52,1.0
放大,4.12,zh,wordfreq,87,1.0
放学,3.83,zh,wordfreq,68,1.0
放宽,3.91,zh,wordfreq,33,1.0
放射,3.63,zh,wordfreq,43,1.0
放射性,3.77,zh,wordfreq,0,1.95
放屁,3.7,zh,wordfreq,33,1.0
放开,4.18,zh,wordfreq,63,1.0
放弃,5.07,zh,wordfreq,39,1.0
放心,4.56,zh,wordfreq,84,1.0
放慢,3.5,zh,wordfreq,35,1.0
放手,4.06,zh,wordfreq,89,1.0
放映,3.99,zh,wordfreq,35,1.0
放松,4.41,zh,wordfreq,33,1.0
放火,3.66,zh,wordfreq,53,1.0
放牧,3.37,zh,wordfreq,33,1.0
放眼,3.4,zh,wordfreq,42,1.0
放纵,3.72,zh,wordfreq,32,1.0
放缓,3.5,zh,wordfreq,37,1.0
放置,4.04,zh,wordfreq,45,1.0
放肆,3.4,zh,wordfreq,32,1.0
放荡,3.51,zh,wordfreq,37,1.0
放行,3.46,zh,wordfreq,95,1.0
放过,4.07,zh,wordfreq,73,1.0
放进,3.8,zh,wordfreq,57,1.0
放送,3.49,zh,wordfreq,42,1.0
放逐,3.61,zh,wordfreq,34,1.0
政事,3.62,zh,wordfreq,77,1.0
政令,3.38,zh,wordfreq,31,1.0
政体,3.89,zh,wordfreq,72,1.0
政党,4.79,zh,wordfreq,27,1.0
政制,3.34,zh,wordfreq,58,1.0
政务,4.16,zh,wordfreq,44,1.0
政协,4.45,zh,wordfreq,23,1.0
政变,4.29,zh,wordfreq,38,1.0
政坛,3.77,zh,wordfreq,25,1.0
政委,3.92,zh,wordfreq,35,1.0
政客,4.2,zh,wordfreq,36,1.0
政局,4.02,zh,wordfreq,39,1.0
政府,6.02,zh,wordfreq,31,1.0
政府军,3.61,zh,wordfreq,0,1.95
政权,5.1,zh,wordfreq,52,1.0
政治,5.85,zh,wordfreq,35,1.0
政治学,3.73,zh,wordfreq,4,1.75
政治家,4.25,zh,wordfreq,4,1.75
政治局,3.73,zh,wordfreq,4,1.7
政治犯,3.82,zh,wordfreq,4,1.75
政治部,3.85,zh,wordfreq,4,1.75
政法,3.62,zh,wordfreq,67,1.0
政法委,3.34,zh,wordfreq,0,1.9
政界,3.69,zh,wordfreq,35,1.0
政策,5.47,zh,wordfreq,24,1.0
政绩,3.87,zh,wordfreq,26,1.0
政要,3.37,zh,wordfreq,48,1.0
政见,3.58,zh,wordfreq,50,1.0
政论,3.32,zh,wordfreq,40,1.0
故乡,4.24,zh,wordfreq,13,1.35
故事,5.46,zh,wordfreq,62,1.0
故宫,3.82,zh,wordfreq,14,1.3
故居,3.52,zh,wordfreq,20,1.0
故意,4.51,zh,wordfreq,55,1.0
故而,3.34,zh,wordfreq,14,1.3
故障,4.29,zh,wordfreq,10,1.5
效仿,3.46,zh,wordfreq,11,1.45
效力,4.33,zh,wordfreq,81,1.0
效劳,3.56,zh,wordfreq,15,1.25
效应,4.62,zh,wordfreq,24,1.0
效忠,3.85,zh,wordfreq,10,1.5
效果,5.05,zh,wordfreq,26,1.0
效法,3.36,zh,wordfreq,56,1.0
效率,4.57,zh,wordfreq,26,1.0
效用,3.67,zh,wordfreq,77,1.0
效益,4.26,zh,wordfreq,20,1.0
效能,4.03,zh,wordfreq,43,1.0
敌人,5.01,zh,wordfreq,149,1.0
敌军,3.91,zh,wordfreq,39,1.0
敌后,3.38,zh,wordfreq,48,1.0
敌国,3.49,zh,wordfreq,64,1.0
敌对,3.98,zh,wordfreq,21,1.0
敌意,3.71,zh,wordfreq,58,1.0
敌我,3.45,zh,wordfreq,10,1.5
敌方,3.86,zh,wordfreq,49,1.0
敌机,3.41,zh,wordfreq,49,1.0
敌视,3.62,zh,wordfreq,37,1.0
敏感,4.53,zh,wordfreq,22,1.0
敏捷,3.64,zh,wordfreq,4,1.8
敏锐,3.79,zh,wordfreq,4,1.8
救世,3.33,zh,wordfreq,39,1.0
救世主,3.52,zh,wordfreq,0,1.95
救人,3.77,zh,wordfreq,154,1.0
救出,3.86,zh,wordfreq,92,1.0
救助,4.22,zh,wordfreq,30,1.0
救命,3.69,zh,wordfreq,33,1.0
救回,3.33,zh,wordfreq,35,1.0
救国,3.82,zh,wordfreq,69,1.0
救护,3.64,zh,wordfreq,28,1.0
救护车,3.83,zh,wordfreq,0,1.95
救援,4.38,zh,wordfreq,19,1.05
救救,3.79,zh,wordfreq,27,1.0
救治,3.63,zh,wordfreq,28,1.0
救济,4.05,zh,wordfreq,16,1.2
救火,3.39,zh,wordfreq,36,1.0
救灾,4.0,zh,wordfreq,22,1.0
救赎,3.51,zh,wordfreq,14,1.3
教主,3.78,zh,wordfreq,52,1.0
教义,3.98,zh,wordfreq,49,1.0
教书,3.69,zh,wordfreq,56,1.0
教会,4.65,zh,wordfreq,83,1.0
教养,3.91,zh,wordfreq,46,1.0
教务,3.37,zh,wordfreq,54,1.0
教化,3.47,zh,wordfreq,71,1.0
教区,3.5,zh,wordfreq,74,1.0
教员,3.83,zh,wordfreq,55,1.0
教堂,4.68,zh,wordfreq,43,1.0
教士,3.62,zh,wordfreq,59,1.0
教学,4.93,zh,wordfreq,68,1.0
教宗,3.89,zh,wordfreq,35,1.0
教官,3.56,zh,wordfreq,45,1.0
教室,4.31,zh,wordfreq,41,1.0
教导,4.24,zh,wordfreq,49,1.0
教师,5.2,zh,wordfreq,50,1.0
教师节,3.38,zh,wordfreq,0,1.95
教廷,3.36,zh,wordfreq,34,1.0
教徒,4.05,zh,wordfreq,40,1.0
教授,5.11,zh,wordfreq,33,1.0
教材,4.39,zh,wordfreq,43,1.0
教条,3.6,zh,wordfreq,48,1.0
教派,3.86,zh,wordfreq,47,1.0
教父,3.62,zh,wordfreq,41,1.0
教皇,3.77,zh,wordfreq,35,1.0
教科,3.4,zh,wordfreq,45,1.0
教科书,4.12,zh,wordfreq,0,1.9
教程,3.92,zh,wordfreq,56,1.0
教练,4.58,zh,wordfreq,36,1.0
教给,3.32,zh,wordfreq,57,1.0
教职员,3.49,zh,wordfreq,1,1.85
教职工,3.36,zh,wordfreq,1,1.9
教育,5.63,zh,wordfreq,39,1.0
教育厅,3.4,zh,wordfreq,3,1.8
教育家,3.34,zh,wordfreq,3,1.8
教育局,3.75,zh,wordfreq,3,1.8
教育部,4.4,zh,wordfreq,3,1.8
教训,4.63,zh,wordfreq,35,1.0
教诲,3.49,zh,wordfreq,31,1.0
敞开,3.89,zh,wordfreq,32,1.0
敢于,4.16,zh,wordfreq,51,1.0
散发,4.07,zh,wordfreq,55,1.0
散布,4.02,zh,wordfreq,19,1.05
散开,3.35,zh,wordfreq,39,1.0
散播,3.65,zh,wordfreq,19,1.05
散文,4.02,zh,wordfreq,51,1.0
散步,3.93,zh,wordfreq,24,1.0
散热,3.38,zh,wordfreq,15,1.25
散落,3.58,zh,wordfreq,33,1.0
敦促,3.85,zh,wordfreq,4,1.8
敦煌,3.63,zh,wordfreq,2,1.9
敬业,3.62,zh,wordfreq,41,1.0
敬仰,3.36,zh,wordfreq,8,1.6
敬佩,3.58,zh,wordfreq,8,1.6
敬意,3.72,zh,wordfreq,56,1.0
敬爱,3.45,zh,wordfreq,28,1.0
敬畏,3.69,zh,wordfreq,8,1.6
敬请,3.45,zh,wordfreq,12,1.4
敬重,3.66,zh,wordfreq,38,1.0
数万,3.8,zh,wordfreq,36,1.0
数个,3.89,zh,wordfreq,58,1.0
数位,4.19,zh,wordfreq,67,1.0
数值,4.13,zh,wordfreq,36,1.0
数十,3.86,zh,wordfreq,31,1.0
数十万,3.8,zh,wordfreq,4,1.65
数十年,3.79,zh,wordfreq,9,1.4
数千,3.95,zh,wordfreq,32,1.0
数千年,3.51,zh,wordfreq,3,1.7
数名,3.49,zh,wordfreq,88,1.0
数天,3.38,zh,wordfreq,68,1.0
数字,5.1,zh,wordfreq,34,1.0
数字化,3.68,zh,wordfreq,0,1.95
数学,4.79,zh,wordfreq,58,1.0
数学家,3.91,zh,wordfreq,5,1.65
数年,4.05,zh,wordfreq,83,1.0
数据,5.34,zh,wordfreq,29,1.0
数据库,4.39,zh,wordfreq,0,1.95
数日,3.66,zh,wordfreq,61,1.0
数月,3.77,zh,wordfreq,42,1.0
数次,3.94,zh,wordfreq,55,1.0
数理,3.41,zh,wordfreq,62,1.0
数百,3.79,zh,wordfreq,32,1.0
数百万,3.66,zh,wordfreq,8,1.45
数百人,3.35,zh,wordfreq,3,1.8
数百名,3.38,zh,wordfreq,3,1.7
数百年,3.46,zh,wordfreq,7,1.5
数目,4.32,zh,wordfreq,39,1.0
数码,4.04,zh,wordfreq,30,1.0
数组,3.36,zh,wordfreq,33,1.0
数量,5.08,zh,wordfreq,62,1.0
数额,3.95,zh,wordfreq,35,1.0
敲响,3.41,zh,wordfreq,9,1.55
敲打,3.43,zh,wordfreq,15,1.25
敲诈,3.56,zh,wordfreq,4,1.8
敲门,3.7,zh,wordfreq,48,1.0
整个,5.38,zh,wordfreq,59,1.0
整件事,3.37,zh,wordfreq,3,1.85
整体,4.98,zh,wordfreq,73,1.0
整修,3.61,zh,wordfreq,31,1.0
整合,4.58,zh,wordfreq,50,1.0
整场,3.39,zh,wordfreq,75,1.0
整天,4.3,zh,wordfreq,69,1.0
整套,3.34,zh,wordfreq,31,1.0
整容,3.61,zh,wordfreq,38,1.0
整年,3.32,zh,wordfreq,84,1.0
整座,3.45,zh,wordfreq,36,1.0
整形,3.44,zh,wordfreq,41,1.0
整改,3.73,zh,wordfreq,27,1.0
整数,3.69,zh,wordfreq,53,1.0
整整,4.07,zh,wordfreq,26,1.0
整日,3.33,zh,wordfreq,62,1.0
整治,3.98,zh,wordfreq,36,1.0
整洁,3.68,zh,wordfreq,27,1.0
整理,4.66,zh,wordfreq,63,1.0
整编,3.32,zh,wordfreq,28,1.0
整车,3.58,zh,wordfreq,70,1.0
整顿,4.3,zh,wordfreq,27,1.0
整风,3.4,zh,wordfreq,43,1.0
整齐,3.78,zh,wordfreq,25,1.0
敷衍,3.39,zh,wordfreq,1,1.95
文中,3.92,zh,wordfreq,81,1.0
文书,4.16,zh,wordfreq,58,1.0
文人,3.83,zh,wordfreq,173,1.0
文件,5.08,zh,wordfreq,60,1.0
文件夹,3.49,zh,wordfreq,0,1.95
文体,3.74,zh,wordfreq,84,1.0
文凭,3.92,zh,wordfreq,34,1.0
文化,5.73,zh,wordfreq,73,1.0
文化部,3.93,zh,wordfreq,0,1.95
文华,3.36,zh,wordfreq,52,1.0
文史,3.72,zh,wordfreq,39,1.0
文坛,3.52,zh,wordfreq,37,1.0
文字,4.95,zh,wordfreq,46,1.0
文学,5.05,zh,wordfreq,70,1.0
文学家,3.46,zh,wordfreq,5,1.65
文官,3.61,zh,wordfreq,47,1.0
文库,4.0,zh,wordfreq,42,1.0
文摘,3.36,zh,wordfreq,34,1.0
文教,3.84,zh,wordfreq,51,1.0
文昌,3.32,zh,wordfreq,37,1.0
文明,4.98,zh,wordfreq,64,1.0
文本,4.15,zh,wordfreq,54,1.0
文案,3.38,zh,wordfreq,60,1.0
文档,3.98,zh,wordfreq,37,1.0
文武,3.4,zh,wordfreq,39,1.0
文汇报,3.37,zh,wordfreq,0,1.95
文法,3.45,zh,wordfreq,79,1.0
文物,4.57,zh,wordfreq,67,1.0
文献,4.63,zh,wordfreq,36,1.0
文盲,3.91,zh,wordfreq,33,1.0
文科,3.83,zh,wordfreq,47,1.0
文稿,3.39,zh,wordfreq,36,1.0
文章,5.23,zh,wordfreq,47,1.0
文艺,4.52,zh,wordfreq,42,1.0
文莱,3.32,zh,wordfreq,35,1.0
文选,3.75,zh,wordfreq,56,1.0
文集,4.0,zh,wordfreq,55,1.0
文革,4.2,zh,wordfreq,37,1.0
斐济,3.63,zh,wordfreq,2,1.9
斑点,3.48,zh,wordfreq,65,1.0
斑马,3.41,zh,wordfreq,25,1.0
斗争,4.93,zh,wordfreq,12,1.4
斗士,3.86,zh,wordfreq,33,1.0
斗志,3.57,zh,wordfreq,14,1.3
斗殴,3.36,zh,wordfreq,5,1.75
斗牛,3.42,zh,wordfreq,14,1.3
斗篷,3.41,zh,wordfreq,6,1.7
料到,3.72,zh,wordfreq,53,1.0
料理,4.24,zh,wordfreq,42,1.0
斥责,3.5,zh,wordfreq,7,1.65
斥资,3.38,zh,wordfreq,16,1.2
斧头,3.53,zh,wordfreq,73,1.0
斩断,3.44,zh,wordfreq,18,1.1
斩首,3.74,zh,wordfreq,10,1.5
断交,3.34,zh,wordfreq,22,1.0
断定,3.77,zh,wordfreq,58,1.0
断层,3.8,zh,wordfreq,27,1.0
断然,3.38,zh,wordfreq,34,1.0
断绝,3.7,zh,wordfreq,11,1.45
断裂,3.8,zh,wordfreq,11,1.45
断言,3.7,zh,wordfreq,33,1.0
斯坦,3.96,zh,wordfreq,8,1.55
斯坦福,3.4,zh,wordfreq,0,1.95
斯塔,3.54,zh,wordfreq,12,1.4
斯大林,4.21,zh,wordfreq,0,2.0
斯巴达,3.67,zh,wordfreq,0,2.0
斯托,3.43,zh,wordfreq,15,1.25
斯拉,3.4,zh,wordfreq,39,1.0
斯拉夫,3.76,zh,wordfreq,0,1.9
斯文,3.56,zh,wordfreq,51,1.0
斯汀,3.73,zh,wordfreq,7,1.65
斯特,4.08,zh,wordfreq,34,1.0
斯特拉,3.43,zh,wordfreq,0,1.85
斯科特,3.64,zh,wordfreq,0,1.95
斯蒂芬,3.54,zh,wordfreq,1,2.0
斯诺,3.54,zh,wordfreq,10,1.5
新一代,4.07,zh,wordfreq,4,1.75
新一轮,3.52,zh,wordfreq,2,1.85
新世界,3.82,zh,wordfreq,3,1.8
新世纪,3.84,zh,wordfreq,3,1.8
新书,3.75,zh,wordfreq,83,1.0
新人,4.5,zh,wordfreq,198,1.0
新任,4.07,zh,wordfreq,88,1.0
新低,3.4,zh,wordfreq,65,1.0
新作,3.69,zh,wordfreq,89,1.0
新兴,4.39,zh,wordfreq,67,1.0
新兵,3.53,zh,wordfreq,76,1.0
新冠,3.39,zh,wordfreq,62,1.0
新制,3.37,zh,wordfreq,95,1.0
新加坡,4.94,zh,wordfreq,0,2.0
新北,3.4,zh,wordfreq,69,1.0
新北市,3.34,zh,wordfreq,1,1.9
新区,3.82,zh,wordfreq,101,1.0
新华,3.95,zh,wordfreq,77,1.0
新华社,4.43,zh,wordfreq,3,1.8
新华网,4.17,zh,wordfreq,4,1.75
新华门,3.5,zh,wordfreq,2,1.85
新台币,3.47,zh,wordfreq,0,1.95
新品,3.68,zh,wordfreq,85,1.0
新四军,3.71,zh,wordfreq,0,2.0
新型,4.64,zh,wordfreq,79,1.0
新城,3.9,zh,wordfreq,82,1.0
新增,4.34,zh,wordfreq,62,1.0
新天地,3.39,zh,wordfreq,0,1.95
新奇,3.61,zh,wordfreq,68,1.0
新娘,4.34,zh,wordfreq,62,1.0
新婚,3.66,zh,wordfreq,67,1.0
新宿,3.33,zh,wordfreq,62,1.0
新年,4.31,zh,wordfreq,120,1.0
新建,4.33,zh,wordfreq,76,1.0
新开,3.34,zh,wordfreq,90,1.0
新式,3.72,zh,wordfreq,78,1.0
新德里,3.55,zh,wordfreq,1,1.9
新意,3.63,zh,wordfreq,107,1.0
新房,3.43,zh,wordfreq,78,1.0
新手,3.78,zh,wordfreq,116,1.0
新政,3.83,zh,wordfreq,77,1.0
新政府,3.68,zh,wordfreq,7,1.55
新教,3.63,zh,wordfreq,76,1.0
新旧,3.7,zh,wordfreq,64,1.0
新星,3.55,zh,wordfreq,84,1.0
新春,3.72,zh,wordfreq,61,1.0
新月,3.59,zh,wordfreq,79,1.0
新村,3.46,zh,wordfreq,62,1.0
新来,4.93,zh,wordfreq,112,1.0
新桥,3.34,zh,wordfreq,63,1.0
新款,3.68,zh,wordfreq,77,1.0
新民,3.64,zh,wordfreq,87,1.0
新法,3.38,zh,wordfreq,104,1.0
新泽西,3.46,zh,wordfreq,0,2.0
新浪,4.39,zh,wordfreq,64,1.0
新浪网,3.61,zh,wordfreq,2,1.85
新港,3.5,zh,wordfreq,60,1.0
新潮,3.4,zh,wordfreq,66,1.0
新片,3.52,zh,wordfreq,83,1.0
新版,4.06,zh,wordfreq,65,1.0
新生,4.38,zh,wordfreq,106,1.0
新生代,3.32,zh,wordfreq,2,1.85
新生儿,3.8,zh,wordfreq,1,1.9
新疆,4.84,zh,wordfreq,59,1.0
新石器,3.46,zh,wordfreq,0,1.95
新竹,3.57,zh,wordfreq,58,1.0
新约,3.37,zh,wordfreq,78,1.0
新纪元,3.42,zh,wordfreq,0,1.95
新编,3.41,zh,wordfreq,64,1.0
新股,3.43,zh,wordfreq,67,1.0
新能源,3.34,zh,wordfreq,0,1.95
新药,3.54,zh,wordfreq,73,1.0
新西兰,4.29,zh,wordfreq,1,1.95
新诗,3.45,zh,wordfreq,62,1.0
新车,3.79,zh,wordfreq,106,1.0
新近,3.47,zh,wordfreq,73,1.0
新郎,3.67,zh,wordfreq,62,1.0
新闻,5.58,zh,wordfreq,63,1.0
新闻界,3.52,zh,wordfreq,4,1.75
新闻社,3.36,zh,wordfreq,4,1.75
新闻稿,3.69,zh,wordfreq,3,1.8
新闻网,4.21,zh,wordfreq,5,1.7
新颖,3.73,zh,wordfreq,58,1.0
新高,3.96,zh,wordfreq,73,1.0
新鲜,4.43,zh,wordfreq,60,1.0
新鲜事,3.52,zh,wordfreq,0,1.95
方位,3.9,zh,wordfreq,63,1.0
方便,4.82,zh,wordfreq,27,1.0
方可,3.55,zh,wordfreq,25,1.0
方向,5.13,zh,wordfreq,51,1.0
方向盘,3.48,zh,wordfreq,0,1.95
方圆,3.39,zh,wordfreq,21,1.0
方块,3.43,zh,wordfreq,29,1.0
方式,5.62,zh,wordfreq,37,1.0
方形,3.5,zh,wordfreq,36,1.0
方才,3.36,zh,wordfreq,25,1.0
方案,5.15,zh,wordfreq,44,1.0
方正,3.58,zh,wordfreq,32,1.0
方法,5.47,zh,wordfreq,63,1.0
方法论,3.48,zh,wordfreq,0,1.95
方略,3.41,zh,wordfreq,26,1.0
方程,3.86,zh,wordfreq,42,1.0
方程式,3.52,zh,wordfreq,0,1.85
方舟,3.41,zh,wordfreq,17,1.15
方言,4.26,zh,wordfreq,44,1.0
方针,4.59,zh,wordfreq,19,1.05
方面,5.46,zh,wordfreq,73,1.0
方面军,3.57,zh,wordfreq,0,1.95
施以,3.56,zh,wordfreq,27,1.0
施加,3.87,zh,wordfreq,22,1.0
施压,3.94,zh,wordfreq,20,1.0
施展,3.74,zh,wordfreq,21,1.0
施工,4.52,zh,wordfreq,38,1.0
施政,3.83,zh,wordfreq,27,1.0
施暴,3.35,zh,wordfreq,13,1.35
施舍,3.45,zh,wordfreq,11,1.45
施行,4.33,zh,wordfreq,72,1.0
旁人,3.62,zh,wordfreq,143,1.0
旁听,3.61,zh,wordfreq,14,1.3
旁观,3.5,zh,wordfreq,24,1.0
旁观者,3.51,zh,wordfreq,0,1.95
旁边,4.69,zh,wordfreq,31,1.0
旅客,4.52,zh,wordfreq,21,1.0
旅店,3.54,zh,wordfreq,16,1.2
旅游,5.26,zh,wordfreq,18,1.0
旅游业,4.04,zh,wordfreq,1,1.9
旅游局,3.34,zh,wordfreq,1,1.9
旅程,4.12,zh,wordfreq,31,1.0
旅行,4.74,zh,wordfreq,70,1.0
旅行社,4.03,zh,wordfreq,1,1.9
旅行者,3.65,zh,wordfreq,1,1.85
旅途,3.92,zh,wordfreq,13,1.35
旅馆,4.44,zh,wordfreq,14,1.3
旋即,3.45,zh,wordfreq,7,1.65
旋律,3.82,zh,wordfreq,10,1.45
旋转,4.24,zh,wordfreq,16,1.2
旋风,3.82,zh,wordfreq,24,1.0
族人,4.05,zh,wordfreq,142,1.0
族群,4.15,zh,wordfreq,11,1.45
族裔,3.52,zh,wordfreq,6,1.7
旗下,4.51,zh,wordfreq,72,1.0
旗号,3.63,zh,wordfreq,34,1.0
旗帜,4.43,zh,wordfreq,4,1.8
旗舰,3.79,zh,wordfreq,6,1.7
旗袍,3.35,zh,wordfreq,5,1.75
无不,3.92,zh,wordfreq,81,1.0
无为,3.41,zh,wordfreq,116,1.0
无人,4.56,zh,wordfreq,213,1.0
无人机,4.22,zh,wordfreq,0,1.9
无从,3.84,zh,wordfreq,82,1.0
无偿,3.89,zh,wordfreq,76,1.0
无关,4.58,zh,wordfreq,90,1.0
无力,4.36,zh,wordfreq,144,1.0
无助,3.86,zh,wordfreq,89,1.0
无双,3.56,zh,wordfreq,75,1.0
无可,3.7,zh,wordfreq,81,1.0
无名,3.93,zh,wordfreq,140,1.0
无味,3.32,zh,wordfreq,88,1.0
无国界,3.33,zh,wordfreq,0,1.95
无声,3.88,zh,wordfreq,101,1.0
无处,3.81,zh,wordfreq,105,1.0
无头,3.36,zh,wordfreq,146,1.0
无奈,4.23,zh,wordfreq,73,1.0
无妨,3.49,zh,wordfreq,74,1.0
无害,3.64,zh,wordfreq,92,1.0
无尽,3.86,zh,wordfreq,79,1.0
无常,3.55,zh,wordfreq,86,1.0
无异,3.7,zh,wordfreq,84,1.0
无异于,3.37,zh,wordfreq,0,1.95
无形,4.1,zh,wordfreq,92,1.0
无心,3.76,zh,wordfreq,126,1.0
无忧,3.49,zh,wordfreq,75,1.0
无情,4.1,zh,wordfreq,117,1.0
无惧,3.35,zh,wordfreq,75,1.0
无意,4.23,zh,wordfreq,122,1.0
无意识,3.45,zh,wordfreq,4,1.7
无意间,3.48,zh,wordfreq,1,1.9
无所谓,4.17,zh,wordfreq,0,1.9
无损,3.42,zh,wordfreq,77,1.0
无故,3.53,zh,wordfreq,78,1.0
无效,4.38,zh,wordfreq,87,1.0
无敌,4.06,zh,wordfreq,73,1.0
无数,4.57,zh,wordfreq,104,1.0
无数次,3.7,zh,wordfreq,0,1.9
无暇,3.39,zh,wordfreq,74,1.0
无望,3.52,zh,wordfreq,94,1.0
无机,3.5,zh,wordfreq,113,1.0
无权,3.87,zh,wordfreq,104,1.0
无条件,4.01,zh,wordfreq,0,1.95
无毒,3.38,zh,wordfreq,85,1.0
无比,4.37,zh,wordfreq,91,1.0
无毛,3.36,zh,wordfreq,78,1.0
无法,5.54,zh,wordfreq,119,1.0
无理,3.71,zh,wordfreq,114,1.0
无用,3.87,zh,wordfreq,140,1.0
无畏,3.68,zh,wordfreq,74,1.0
无疑,4.56,zh,wordfreq,78,1.0
无益,3.43,zh,wordfreq,83,1.0
无知,4.25,zh,wordfreq,93,1.0
无码,3.32,zh,wordfreq,82,1.0
无礼,3.74,zh,wordfreq,81,1.0
无神论,3.49,zh,wordfreq,0,1.95
无私,3.72,zh,wordfreq,77,1.0
无穷,3.9,zh,wordfreq,74,1.0
无端,3.42,zh,wordfreq,89,1.0
无线,4.28,zh,wordfreq,113,1.0
无线电,4.19,zh,wordfreq,0,1.95
无缘,3.88,zh,wordfreq,78,1.0
无缝,3.33,zh,wordfreq,75,1.0
无罪,4.12,zh,wordfreq,83,1.0
无耻,3.98,zh,wordfreq,75,1.0
无聊,4.42,zh,wordfreq,76,1.0
无能,4.09,zh,wordfreq,106,1.0
无色,3.42,zh,wordfreq,110,1.0
无视,4.1,zh,wordfreq,101,1.0
无言,3.6,zh,wordfreq,100,1.0
无论,5.14,zh,wordfreq,92,1.0
无论是,4.3,zh,wordfreq,1,1.9
无误,3.62,zh,wordfreq,79,1.0
无谓,3.54,zh,wordfreq,77,1.0
无赖,3.74,zh,wordfreq,77,1.0
无趣,3.5,zh,wordfreq,78,1.0
无辜,4.41,zh,wordfreq,73,1.0
无边,3.61,zh,wordfreq,101,1.0
无量,3.51,zh,wordfreq,114,1.0
无锡,4.12,zh,wordfreq,73,1.0
无锡市,3.34,zh,wordfreq,0,1.95
无限,4.62,zh,wordfreq,85,1.0
无需,4.24,zh,wordfreq,78,1.0
无非,3.98,zh,wordfreq,85,1.0
无须,3.91,zh,wordfreq,75,1.0
既定,3.67,zh,wordfreq,54,1.0
既有,4.24,zh,wordfreq,71,1.0
既然,4.82,zh,wordfreq,30,1.0
日为,5.15,zh,wordfreq,86,1.0
日产,3.34,zh,wordfreq,68,1.0
日元,3.87,zh,wordfreq,58,1.0
日光,3.67,zh,wordfreq,68,1.0
日内,3.48,zh,wordfreq,67,1.0
日内瓦,4.0,zh,wordfreq,0,1.95
日军,4.28,zh,wordfreq,73,1.0
日出,4.01,zh,wordfreq,121,1.0
日到,5.08,zh,wordfreq,95,1.0
日前,4.59,zh,wordfreq,69,1.0
日剧,3.34,zh,wordfreq,57,1.0
日历,3.76,zh,wordfreq,54,1.0
日及,3.51,zh,wordfreq,56,1.0
日后,4.13,zh,wordfreq,82,1.0
日向,3.36,zh,wordfreq,77,1.0
日圆,3.61,zh,wordfreq,47,1.0
日均,3.41,zh,wordfreq,47,1.0
日夜,3.95,zh,wordfreq,56,1.0
日子,4.89,zh,wordfreq,215,1.0
日常,4.77,zh,wordfreq,56,1.0
日式,3.63,zh,wordfreq,63,1.0
日志,4.14,zh,wordfreq,52,1.0
日报,4.76,zh,wordfreq,75,1.0
日文,4.14,zh,wordfreq,87,1.0
日方,3.52,zh,wordfreq,83,1.0
日日,5.0,zh,wordfreq,83,1.0
日时,4.94,zh,wordfreq,84,1.0
日晚,3.89,zh,wordfreq,52,1.0
日月,5.06,zh,wordfreq,64,1.0
日期,4.7,zh,wordfreq,78,1.0
日本,5.96,zh,wordfreq,64,1.0
日渐,4.04,zh,wordfreq,45,1.0
日照,3.72,zh,wordfreq,61,1.0
日用品,3.35,zh,wordfreq,0,1.95
日电,4.01,zh,wordfreq,62,1.0
日益,4.52,zh,wordfreq,53,1.0
日程,3.75,zh,wordfreq,68,1.0
日至,4.5,zh,wordfreq,55,1.0
日落,3.72,zh,wordfreq,69,1.0
日讯,3.48,zh,wordfreq,51,1.0
日记,4.49,zh,wordfreq,56,1.0
日语,4.36,zh,wordfreq,72,1.0
日起,4.27,zh,wordfreq,75,1.0
日趋,3.94,zh,wordfreq,43,1.0
日间,3.55,zh,wordfreq,65,1.0
日食,3.53,zh,wordfreq,59,1.0
旧址,4.02,zh,wordfreq,8,1.6
旧城,3.53,zh,wordfreq,27,1.0
旧式,3.36,zh,wordfreq,23,1.0
旧时,3.44,zh,wordfreq,44,1.0
旧金山,4.06,zh,wordfreq,0,1.95
旨在,4.21,zh,wordfreq,22,1.0
旨意,3.55,zh,wordfreq,50,1.0
早上,4.92,zh,wordfreq,90,1.0
早上好,3.74,zh,wordfreq,0,1.95
早先,3.46,zh,wordfreq,29,1.0
早前,3.47,zh,wordfreq,43,1.0
早安,4.18,zh,wordfreq,33,1.0
早就,4.69,zh,wordfreq,20,1.0
早已,4.66,zh,wordfreq,22,1.0
早年,3.91,zh,wordfreq,79,1.0
早报,3.41,zh,wordfreq,49,1.0
早日,3.9,zh,wordfreq,57,1.0
早早,3.66,zh,wordfreq,26,1.0
早晚,3.81,zh,wordfreq,26,1.0
早晨,4.36,zh,wordfreq,19,1.05
早期,4.6,zh,wordfreq,52,1.0
早点,4.11,zh,wordfreq,81,1.0
早熟,3.38,zh,wordfreq,19,1.05
早起,3.54,zh,wordfreq,49,1.0
早餐,4.2,zh,wordfreq,26,1.0
早饭,3.75,zh,wordfreq,23,1.0
旱灾,3.32,zh,wordfreq,8,1.6
时不时,3.61,zh,wordfreq,0,1.9
时事,3.94,zh,wordfreq,93,1.0
时代,5.44,zh,wordfreq,60,1.0
时任,3.85,zh,wordfreq,67,1.0
时会,4.01,zh,wordfreq,89,1.0
时候,5.89,zh,wordfreq,41,1.0
时光,4.48,zh,wordfreq,62,1.0
时分,3.79,zh,wordfreq,71,1.0
时刻,4.86,zh,wordfreq,45,1.0
时尚,4.52,zh,wordfreq,41,1.0
时局,3.39,zh,wordfreq,55,1.0
时差,3.32,zh,wordfreq,47,1.0
时常,4.24,zh,wordfreq,50,1.0
时才,3.59,zh,wordfreq,45,1.0
时报,4.49,zh,wordfreq,69,1.0
时政,3.52,zh,wordfreq,56,1.0
时数,3.35,zh,wordfreq,68,1.0
时日,4.94,zh,wordfreq,77,1.0
时时,4.21,zh,wordfreq,78,1.0
时有,5.09,zh,wordfreq,106,1.0
时期,5.47,zh,wordfreq,72,1.0
时机,4.43,zh,wordfreq,77,1.0
时段,4.03,zh,wordfreq,48,1.0
时空,4.18,zh,wordfreq,56,1.0
时而,3.6,zh,wordfreq,45,1.0
时至,3.43,zh,wordfreq,49,1.0
时节,3.64,zh,wordfreq,53,1.0
时装,3.94,zh,wordfreq,59,1.0
时装周,3.34,zh,wordfreq,0,1.95
时要,5.0,zh,wordfreq,64,1.0
时许,3.6,zh,wordfreq,48,1.0
时评,3.44,zh,wordfreq,43,1.0
时说,3.78,zh,wordfreq,67,1.0
时辰,3.47,zh,wordfreq,39,1.0
时速,3.87,zh,wordfreq,52,1.0
时钟,3.75,zh,wordfreq,42,1.0
时间,5.93,zh,wordfreq,59,1.0
时间表,3.85,zh,wordfreq,0,1.95
时限,3.56,zh,wordfreq,49,1.0
时隔,3.79,zh,wordfreq,41,1.0
时髦,3.79,zh,wordfreq,37,1.0
旺季,3.4,zh,wordfreq,11,1.45
旺旺,3.32,zh,wordfreq,4,1.8
旺盛,3.8,zh,wordfreq,8,1.6
旺角,3.45,zh,wordfreq,11,1.45
昂贵,4.08,zh,wordfreq,8,1.6
昆仑,3.64,zh,wordfreq,3,1.85
昆士兰,3.39,zh,wordfreq,0,2.0
昆山,3.58,zh,wordfreq,39,1.0
昆明,4.29,zh,wordfreq,34,1.0
昆明市,3.4,zh,wordfreq,0,1.95
昆虫,4.02,zh,wordfreq,5,1.75
昌平,3.34,zh,wordfreq,12,1.4
明亮,4.0,zh,wordfreq,28,1.0
明代,4.04,zh,wordfreq,43,1.0
明信片,3.71,zh,wordfreq,0,2.0
明天,5.08,zh,wordfreq,67,1.0
明年,4.37,zh,wordfreq,82,1.0
明报,3.33,zh,wordfreq,52,1.0
明文,3.46,zh,wordfreq,64,1.0
明斯克,3.44,zh,wordfreq,0,2.0
明日,4.11,zh,wordfreq,60,1.0
明明,4.22,zh,wordfreq,51,1.0
明星,4.76,zh,wordfreq,46,1.0
明显,5.21,zh,wordfreq,23,1.0
明智,3.86,zh,wordfreq,26,1.0
明月,3.55,zh,wordfreq,41,1.0
明朗,3.62,zh,wordfreq,24,1.0
明朝,4.19,zh,wordfreq,28,1.0
明治,3.45,zh,wordfreq,34,1.0
明清,3.79,zh,wordfreq,30,1.0
明珠,3.78,zh,wordfreq,21,1.0
明白,5.24,zh,wordfreq,36,1.0
明知,3.91,zh,wordfreq,40,1.0
明确,5.0,zh,wordfreq,24,1.0
明镜,3.32,zh,wordfreq,23,1.0
昏倒,3.43,zh,wordfreq,12,1.4
昏暗,3.45,zh,wordfreq,4,1.8
昏迷,3.86,zh,wordfreq,9,1.55
易于,3.98,zh,wordfreq,51,1.0
昔日,4.03,zh,wordfreq,40,1.0
星云,3.55,zh,wordfreq,17,1.15
星光,3.74,zh,wordfreq,36,1.0
星巴克,3.57,zh,wordfreq,0,1.95
星座,4.02,zh,wordfreq,25,1.0
星星,4.12,zh,wordfreq,37,1.0
星期,4.77,zh,wordfreq,46,1.0
星期一,4.26,zh,wordfreq,7,1.6
星期三,3.87,zh,wordfreq,7,1.6
星期二,3.98,zh,wordfreq,7,1.6
星期五,4.16,zh,wordfreq,7,1.6
星期六,4.23,zh,wordfreq,7,1.6
星期四,3.97,zh,wordfreq,7,1.6
星期天,3.96,zh,wordfreq,7,1.6
星期日,4.06,zh,wordfreq,7,1.6
星球,4.16,zh,wordfreq,34,1.0
星空,3.87,zh,wordfreq,30,1.0
星系,3.91,zh,wordfreq,18,1.1
星级,3.65,zh,wordfreq,41,1.0
星辰,3.48,zh,wordfreq,13,1.35
星野,3.33,zh,wordfreq,18,1.1
星际,4.07,zh,wordfreq,19,1.05
映射,3.49,zh,wordfreq,12,1.4
春天,4.4,zh,wordfreq,54,1.0
春季,4.08,zh,wordfreq,15,1.25
春日,3.59,zh,wordfreq,47,1.0
春晚,3.57,zh,wordfreq,16,1.2
春秋,4.27,zh,wordfreq,9,1.55
春节,4.3,zh,wordfreq,23,1.0
春药,3.33,zh,wordfreq,22,1.0
春风,3.64,zh,wordfreq,28,1.0
昨夜,3.48,zh,wordfreq,16,1.2
昨天,4.93,zh,wordfreq,50,1.0
昨日,4.26,zh,wordfreq,43,1.0
昨晚,4.54,zh,wordfreq,12,1.4
是不是,5.33,zh,wordfreq,3,1.8
是从,4.7,zh,wordfreq,11,1.45
是否,5.45,zh,wordfreq,5,1.7
是否是,4.44,zh,wordfreq,1,1.9
是因为,5.03,zh,wordfreq,0,1.95
是非,4.24,zh,wordfreq,14,1.3
昵称,3.87,zh,wordfreq,30,1.0
昼夜,3.48,zh,wordfreq,13,1.35
显得,4.68,zh,wordfreq,39,1.0
显微镜,3.54,zh,wordfreq,0,2.0
显然,4.98,zh,wordfreq,35,1.0
显现,4.03,zh,wordfreq,19,1.05
显眼,3.48,zh,wordfreq,18,1.1
显示,5.33,zh,wordfreq,26,1.0
显示器,3.96,zh,wordfreq,1,1.9
显示屏,3.55,zh,wordfreq,1,1.9
显著,4.4,zh,wordfreq,18,1.1
显赫,3.45,zh,wordfreq,9,1.55
显露,3.71,zh,wordfreq,16,1.2
晋升,4.07,zh,wordfreq,7,1.65
晋级,4.07,zh,wordfreq,31,1.0
晒太阳,3.4,zh,wordfreq,0,1.95
晓得,4.14,zh,wordfreq,32,1.0
晕倒,3.57,zh,wordfreq,10,1.5
晚上,5.14,zh,wordfreq,83,1.0
晚会,4.15,zh,wordfreq,62,1.0
晚安,4.46,zh,wordfreq,26,1.0
晚宴,3.68,zh,wordfreq,11,1.45
晚年,3.89,zh,wordfreq,72,1.0
晚报,3.75,zh,wordfreq,42,1.0
晚期,3.95,zh,wordfreq,45,1.0
晚点,3.6,zh,wordfreq,74,1.0
晚间,4.21,zh,wordfreq,32,1.0
晚餐,4.1,zh,wordfreq,19,1.05
晚饭,4.01,zh,wordfreq,16,1.2
晨报,3.48,zh,wordfreq,33,1.0
晨曦,3.37,zh,wordfreq,1,1.95
普世,3.57,zh,wordfreq,36,1.0
普京,3.91,zh,wordfreq,15,1.25
普利,3.4,zh,wordfreq,54,1.0
普及,4.45,zh,wordfreq,24,1.0
普尔,3.51,zh,wordfreq,55,1.0
普拉,3.79,zh,wordfreq,43,1.0
普查,4.27,zh,wordfreq,27,1.0
普法,3.63,zh,wordfreq,57,1.0
普罗,3.49,zh,wordfreq,17,1.15
普选,3.75,zh,wordfreq,34,1.0
普通,5.03,zh,wordfreq,35,1.0
普通人,3.95,zh,wordfreq,1,1.9
普通话,4.06,zh,wordfreq,1,1.85
普遍,4.88,zh,wordfreq,14,1.3
普鲁士,3.65,zh,wordfreq,0,2.0
景区,4.25,zh,wordfreq,48,1.0
景德镇,3.36,zh,wordfreq,0,2.0
景气,3.69,zh,wordfreq,47,1.0
景点,4.28,zh,wordfreq,69,1.0
景色,3.91,zh,wordfreq,42,1.0
景观,4.19,zh,wordfreq,26,1.0
景象,4.12,zh,wordfreq,21,1.0
晴天,3.49,zh,wordfreq,48,1.0
晴朗,3.44,zh,wordfreq,5,1.75
晶体,3.78,zh,wordfreq,51,1.0
智利,4.15,zh,wordfreq,49,1.0
智力,4.13,zh,wordfreq,77,1.0
智商,3.65,zh,wordfreq,19,1.05
智库,3.89,zh,wordfreq,15,1.25
智慧,4.7,zh,wordfreq,6,1.65
智慧型,3.33,zh,wordfreq,0,1.95
智者,3.47,zh,wordfreq,37,1.0
智能,4.49,zh,wordfreq,39,1.0
暂且,3.35,zh,wordfreq,8,1.6
暂停,4.49,zh,wordfreq,7,1.65
暂时,4.78,zh,wordfreq,45,1.0
暂缓,3.49,zh,wordfreq,10,1.5
暂行,3.42,zh,wordfreq,68,1.0
暑假,3.98,zh,wordfreq,12,1.4
暑期,3.5,zh,wordfreq,36,1.0
暖和,3.49,zh,wordfreq,14,1.3
暖气,3.53,zh,wordfreq,43,1.0
暗中,3.91,zh,wordfreq,53,1.0
暗号,3.63,zh,wordfreq,35,1.0
暗恋,3.46,zh,wordfreq,10,1.5
暗杀,4.26,zh,wordfreq,18,1.1
暗示,4.31,zh,wordfreq,24,1.0
暗黑,3.52,zh,wordfreq,9,1.55
暧昧,3.64,zh,wordfreq,1,1.95
暴乱,3.73,zh,wordfreq,33,1.0
暴利,3.33,zh,wordfreq,60,1.0
暴力,4.8,zh,wordfreq,88,1.0
暴动,4.18,zh,wordfreq,76,1.0
暴发,3.33,zh,wordfreq,65,1.0
暴君,3.58,zh,wordfreq,17,1.15
暴徒,3.87,zh,wordfreq,26,1.0
暴政,3.69,zh,wordfreq,36,1.0
暴民,3.5,zh,wordfreq,46,1.0
暴涨,3.59,zh,wordfreq,20,1.0
暴虐,3.34,zh,wordfreq,18,1.1
暴行,3.79,zh,wordfreq,81,1.0
暴走,3.4,zh,wordfreq,33,1.0
暴跌,3.43,zh,wordfreq,19,1.05
暴躁,3.42,zh,wordfreq,19,1.05
暴雨,4.05,zh,wordfreq,23,1.0
暴露,4.45,zh,wordfreq,26,1.0
暴风,3.79,zh,wordfreq,38,1.0
暴风雨,3.69,zh,wordfreq,0,1.85
曙光,3.8,zh,wordfreq,25,1.0
曝光,4.59,zh,wordfreq,25,1.0
曲子,3.63,zh,wordfreq,179,1.0
曲折,3.86,zh,wordfreq,12,1.4
曲棍球,3.43,zh,wordfreq,0,2.0
曲目,3.5,zh,wordfreq,25,1.0
曲线,4.25,zh,wordfreq,47,1.0
曲艺,3.34,zh,wordfreq,16,1.2
曲解,3.39,zh,wordfreq,29,1.0
曲调,3.42,zh,wordfreq,28,1.0
曲面,3.44,zh,wordfreq,63,1.0
更为,4.47,zh,wordfreq,64,1.0
更会,4.92,zh,wordfreq,73,1.0
更何况,3.82,zh,wordfreq,0,1.95
更具,3.76,zh,wordfreq,38,1.0
更加,5.19,zh,wordfreq,35,1.0
更名,4.11,zh,wordfreq,88,1.0
更多人,3.41,zh,wordfreq,0,1.95
更大,4.35,zh,wordfreq,77,1.0
更好,4.96,zh,wordfreq,59,1.0
更强,3.58,zh,wordfreq,35,1.0
更惨,3.33,zh,wordfreq,23,1.0
更换,4.35,zh,wordfreq,31,1.0
更改,4.15,zh,wordfreq,26,1.0
更新,5.05,zh,wordfreq,34,1.0
更是,4.75,zh,wordfreq,58,1.0
更替,3.46,zh,wordfreq,24,1.0
更正,3.55,zh,wordfreq,36,1.0
更深,3.73,zh,wordfreq,27,1.0
更糟,3.79,zh,wordfreq,22,1.0
更能,3.7,zh,wordfreq,54,1.0
更衣室,3.52,zh,wordfreq,0,2.0
更要,3.62,zh,wordfreq,48,1.0
更迭,3.41,zh,wordfreq,21,1.0
更长,3.54,zh,wordfreq,90,1.0
更高,3.94,zh,wordfreq,36,1.0
曹操,4.03,zh,wordfreq,3,1.85
曼哈顿,4.0,zh,wordfreq,0,2.0
曼城,3.49,zh,wordfreq,26,1.0
曼德拉,3.57,zh,wordfreq,0,1.95
曼联,3.85,zh,wordfreq,11,1.45
曼谷,4.0,zh,wordfreq,7,1.65
曾于,3.37,zh,wordfreq,53,1.0
曾任,3.71,zh,wordfreq,32,1.0
曾多次,3.7,zh,wordfreq,0,1.95
曾经,5.22,zh,wordfreq,18,1.1
替代,4.45,zh,wordfreq,26,1.0
替代品,3.41,zh,wordfreq,0,1.95
替换,4.0,zh,wordfreq,13,1.35
替补,3.6,zh,wordfreq,9,1.55
替身,3.5,zh,wordfreq,41,1.0
最为,4.55,zh,wordfreq,75,1.0
最优,3.41,zh,wordfreq,35,1.0
最低,4.68,zh,wordfreq,39,1.0
最佳,4.97,zh,wordfreq,36,1.0
最先,4.0,zh,wordfreq,44,1.0
最具,4.15,zh,wordfreq,49,1.0
最初,4.61,zh,wordfreq,37,1.0
最受,3.8,zh,wordfreq,47,1.0
最后,5.64,zh,wordfreq,71,1.0
最坏,3.59,zh,wordfreq,39,1.0
最大,5.48,zh,wordfreq,88,1.0
最大化,3.42,zh,wordfreq,0,1.95
最好,5.17,zh,wordfreq,70,1.0
最小,4.24,zh,wordfreq,50,1.0
最少,4.07,zh,wordfreq,41,1.0
最差,3.59,zh,wordfreq,42,1.0
最强,4.29,zh,wordfreq,46,1.0
最快,4.23,zh,wordfreq,44,1.0
最新,4.96,zh,wordfreq,45,1.0
最早,4.6,zh,wordfreq,41,1.0
最最,3.34,zh,wordfreq,32,1.0
最有,4.03,zh,wordfreq,101,1.0
最棒,3.77,zh,wordfreq,36,1.0
最深,3.91,zh,wordfreq,38,1.0
最牛,3.41,zh,wordfreq,41,1.0
最短,3.32,zh,wordfreq,36,1.0
最终,5.24,zh,wordfreq,36,1.0
最美,4.07,zh,wordfreq,53,1.0
最能,3.52,zh,wordfreq,65,1.0
最起码,3.58,zh,wordfreq,0,1.95
最近,5.28,zh,wordfreq,47,1.0
最远,3.51,zh,wordfreq,43,1.0
最重,3.45,zh,wordfreq,63,1.0
最长,4.36,zh,wordfreq,101,1.0
最高,5.3,zh,wordfreq,47,1.0
最高峰,3.57,zh,wordfreq,1,1.85
最高点,3.45,zh,wordfreq,2,1.8
月亮,4.26,zh,wordfreq,21,1.0
月份,4.59,zh,wordfreq,24,1.0
月光,4.04,zh,wordfreq,38,1.0
月刊,3.78,zh,wordfreq,20,1.0
月初,4.19,zh,wordfreq,18,1.1
月台,3.55,zh,wordfreq,40,1.0
月底,4.41,zh,wordfreq,24,1.0
月末,3.57,zh,wordfreq,19,1.05
月球,4.02,zh,wordfreq,36,1.0
月经,3.83,zh,wordfreq,29,1.0
月薪,3.78,zh,wordfreq,16,1.2
月间,3.56,zh,wordfreq,35,1.0
月食,3.32,zh,wordfreq,29,1.0
月饼,3.46,zh,wordfreq,14,1.3
有个,4.87,zh,wordfreq,98,1.0
有事,4.02,zh,wordfreq,117,1.0
有些,5.46,zh,wordfreq,69,1.0
有人,5.58,zh,wordfreq,201,1.0
有件事,3.37,zh,wordfreq,3,1.8
有位,3.71,zh,wordfreq,107,1.0
有何,3.94,zh,wordfreq,66,1.0
有余,3.42,zh,wordfreq,68,1.0
有偿,3.56,zh,wordfreq,64,1.0
有关,5.56,zh,wordfreq,78,1.0
有利,4.43,zh,wordfreq,104,1.0
有利于,4.23,zh,wordfreq,2,1.8
有别,3.54,zh,wordfreq,79,1.0
有力,4.42,zh,wordfreq,132,1.0
有功,3.43,zh,wordfreq,69,1.0
有加,3.4,zh,wordfreq,75,1.0
有助,3.77,zh,wordfreq,77,1.0
有助于,4.25,zh,wordfreq,1,1.9
有名,4.3,zh,wordfreq,128,1.0
有声,3.55,zh,wordfreq,89,1.0
有够,3.32,zh,wordfreq,66,1.0
有天,3.53,zh,wordfreq,108,1.0
有太多,3.44,zh,wordfreq,0,2.0
有如,3.91,zh,wordfreq,72,1.0
有害,4.24,zh,wordfreq,80,1.0
有家,4.61,zh,wordfreq,130,1.0
有幸,3.72,zh,wordfreq,66,1.0
有序,3.72,zh,wordfreq,67,1.0
有形,3.48,zh,wordfreq,80,1.0
有待,3.95,zh,wordfreq,72,1.0
有心,3.7,zh,wordfreq,114,1.0
有志,3.34,zh,wordfreq,70,1.0
有情,3.36,zh,wordfreq,105,1.0
有意,4.4,zh,wordfreq,110,1.0
有意思,4.38,zh,wordfreq,2,1.8
有意识,3.34,zh,wordfreq,4,1.7
有感,3.42,zh,wordfreq,81,1.0
有所,4.74,zh,wordfreq,72,1.0
有效,5.11,zh,wordfreq,75,1.0
有效性,3.44,zh,wordfreq,2,1.85
有效期,3.7,zh,wordfreq,2,1.85
有效率,3.52,zh,wordfreq,2,1.8
有数,3.57,zh,wordfreq,92,1.0
有无,3.87,zh,wordfreq,65,1.0
有时,5.03,zh,wordfreq,102,1.0
有时候,4.62,zh,wordfreq,3,1.75
有望,3.99,zh,wordfreq,82,1.0
有机,4.53,zh,wordfreq,101,1.0
有权,4.62,zh,wordfreq,92,1.0
有次,3.46,zh,wordfreq,95,1.0
有毒,4.08,zh,wordfreq,73,1.0
有没有,5.18,zh,wordfreq,0,1.95
有点,5.13,zh,wordfreq,125,1.0
有点像,3.52,zh,wordfreq,1,1.9
有点儿,3.77,zh,wordfreq,2,1.8
有理,3.72,zh,wordfreq,102,1.0
有用,4.43,zh,wordfreq,128,1.0
有用吗,3.57,zh,wordfreq,0,1.95
有病,3.4,zh,wordfreq,73,1.0
有的是,3.97,zh,wordfreq,1,1.95
有益,4.18,zh,wordfreq,71,1.0
有着,4.79,zh,wordfreq,98,1.0
有神,3.34,zh,wordfreq,72,1.0
有种,4.08,zh,wordfreq,90,1.0
有空,3.81,zh,wordfreq,80,1.0
有线,3.86,zh,wordfreq,101,1.0
有缘,3.36,zh,wordfreq,66,1.0
有罪,4.2,zh,wordfreq,71,1.0
有色,3.75,zh,wordfreq,98,1.0
有误,3.43,zh,wordfreq,67,1.0
有趣,4.83,zh,wordfreq,66,1.0
有车,3.32,zh,wordfreq,109,1.0
有过,5.03,zh,wordfreq,103,1.0
有违,3.35,zh,wordfreq,61,1.0
有钱,4.38,zh,wordfreq,85,1.0
有钱人,3.76,zh,wordfreq,0,1.9
有限,4.72,zh,wordfreq,73,1.0
有鬼,3.52,zh,wordfreq,64,1.0
朋友,5.62,zh,wordfreq,14,1.0
朋友圈,3.59,zh,wordfreq,0,1.95
服从,4.4,zh,wordfreq,17,1.15
服侍,3.51,zh,wordfreq,8,1.6
服刑,3.75,zh,wordfreq,15,1.25
服务,5.67,zh,wordfreq,31,1.0
服务业,4.13,zh,wordfreq,4,1.75
服务员,3.93,zh,wordfreq,6,1.65
服务商,3.54,zh,wordfreq,4,1.75
服务器,4.41,zh,wordfreq,4,1.75
服务生,3.46,zh,wordfreq,4,1.75
服役,4.01,zh,wordfreq,13,1.35
服用,4.12,zh,wordfreq,75,1.0
服药,3.61,zh,wordfreq,23,1.0
服装,4.61,zh,wordfreq,30,1.0
服饰,4.23,zh,wordfreq,12,1.4
朗诵,3.52,zh,wordfreq,2,1.9
朗读,3.44,zh,wordfreq,9,1.55
望远镜,4.02,zh,wordfreq,0,2.0
朝代,3.66,zh,wordfreq,30,1.0
朝向,3.62,zh,wordfreq,41,1.0
朝圣,3.44,zh,wordfreq,9,1.55
朝廷,4.24,zh,wordfreq,10,1.5
朝着,3.9,zh,wordfreq,44,1.0
朝野,3.62,zh,wordfreq,14,1.3
朝阳,3.92,zh,wordfreq,24,1.0
朝阳区,3.53,zh,wordfreq,0,1.95
朝鲜,5.04,zh,wordfreq,9,1.45
朝鲜人,3.34,zh,wordfreq,1,1.9
朝鲜族,3.52,zh,wordfreq,1,1.9
期中,3.56,zh,wordfreq,57,1.0
期刊,4.21,zh,wordfreq,16,1.2
期待,4.8,zh,wordfreq,20,1.0
期望,4.48,zh,wordfreq,30,1.0
期权,3.58,zh,wordfreq,40,1.0
期满,3.57,zh,wordfreq,24,1.0
期盼,3.83,zh,wordfreq,9,1.55
期货,4.03,zh,wordfreq,25,1.0
期间,5.42,zh,wordfreq,31,1.0
期限,4.26,zh,wordfreq,21,1.0
木偶,3.59,zh,wordfreq,15,1.25
木兰,3.57,zh,wordfreq,21,1.0
木制,3.39,zh,wordfreq,49,1.0
木匠,3.43,zh,wordfreq,14,1.3
木头,3.91,zh,wordfreq,85,1.0
木屋,3.33,zh,wordfreq,15,1.25
木工,3.45,zh,wordfreq,42,1.0
木星,3.42,zh,wordfreq,38,1.0
木材,4.15,zh,wordfreq,24,1.0
木板,3.62,zh,wordfreq,27,1.0
木质,3.53,zh,wordfreq,34,1.0
木雕,3.37,zh,wordfreq,13,1.35
木马,3.48,zh,wordfreq,36,1.0
未免,3.4,zh,wordfreq,22,1.0
未婚,3.69,zh,wordfreq,21,1.0
未婚妻,3.46,zh,wordfreq,0,1.95
未定,3.37,zh,wordfreq,64,1.0
未必,4.25,zh,wordfreq,17,1.15
未成年,4.1,zh,wordfreq,0,1.95
未曾,3.99,zh,wordfreq,13,1.35
未有,3.8,zh,wordfreq,81,1.0
未来,5.36,zh,wordfreq,66,1.0
未果,3.41,zh,wordfreq,28,1.0
未满,3.66,zh,wordfreq,27,1.0
未知,4.19,zh,wordfreq,32,1.0
未经,4.31,zh,wordfreq,28,1.0
未能,4.36,zh,wordfreq,45,1.0
未遂,3.5,zh,wordfreq,12,1.4
末年,3.68,zh,wordfreq,65,1.0
末日,3.94,zh,wordfreq,43,1.0
末期,3.92,zh,wordfreq,38,1.0
末端,3.57,zh,wordfreq,19,1.05
本世纪,3.36,zh,wordfreq,2,1.85
本书,4.56,zh,wordfreq,64,1.0
本事,4.06,zh,wordfreq,95,1.0
本人,4.86,zh,wordfreq,179,1.0
本体,3.78,zh,wordfreq,90,1.0
本名,3.38,zh,wordfreq,106,1.0
本周,4.15,zh,wordfreq,48,1.0
本国,4.51,zh,wordfreq,94,1.0
本土,4.4,zh,wordfreq,50,1.0
本地,4.75,zh,wordfreq,104,1.0
本地人,3.66,zh,wordfreq,1,1.85
本场,3.66,zh,wordfreq,92,1.0
本子,3.71,zh,wordfreq,211,1.0
本届,4.14,zh,wordfreq,46,1.0
本市,3.85,zh,wordfreq,56,1.0
本年度,3.41,zh,wordfreq,0,1.95
本性,4.1,zh,wordfreq,84,1.0
本意,3.71,zh,wordfreq,88,1.0
本报,3.58,zh,wordfreq,71,1.0
本文,4.54,zh,wordfreq,83,1.0
本是,4.51,zh,wordfreq,76,1.0
本月,4.1,zh,wordfreq,60,1.0
本期,3.52,zh,wordfreq,74,1.0
本来,5.03,zh,wordfreq,93,1.0
本校,3.56,zh,wordfreq,54,1.0
本案,3.93,zh,wordfreq,66,1.0
本次,4.41,zh,wordfreq,73,1.0
本片,3.78,zh,wordfreq,64,1.0
本田,3.67,zh,wordfreq,50,1.0
本省,3.57,zh,wordfreq,46,1.0
本着,3.46,zh,wordfreq,76,1.0
本科,4.3,zh,wordfreq,53,1.0
本科生,3.49,zh,wordfreq,0,1.95
本站,3.98,zh,wordfreq,47,1.0
本章,3.49,zh,wordfreq,53,1.0
本能,4.05,zh,wordfreq,72,1.0
本色,3.66,zh,wordfreq,76,1.0
本该,3.65,zh,wordfreq,44,1.0
本质,4.71,zh,wordfreq,61,1.0
本赛季,3.41,zh,wordfreq,0,1.95
本身,5.03,zh,wordfreq,77,1.0
本部,3.68,zh,wordfreq,85,1.0
本金,3.35,zh,wordfreq,57,1.0
本钱,3.57,zh,wordfreq,63,1.0
本领,3.8,zh,wordfreq,49,1.0
术后,3.34,zh,wordfreq,40,1.0
术语,4.06,zh,wordfreq,30,1.0
朱元璋,3.56,zh,wordfreq,0,2.0
朱利安,3.38,zh,wordfreq,0,2.0
朱德,3.73,zh,wordfreq,29,1.0
朱莉,3.47,zh,wordfreq,5,1.75
朴实,3.4,zh,wordfreq,26,1.0
朴槿惠,3.43,zh,wordfreq,0,2.65
朴素,3.63,zh,wordfreq,9,1.55
机上,3.94,zh,wordfreq,103,1.0
机会,5.43,zh,wordfreq,82,1.0
机体,4.04,zh,wordfreq,81,1.0
机关,5.3,zh,wordfreq,47,1.0
机制,4.94,zh,wordfreq,67,1.0
机动,4.21,zh,wordfreq,89,1.0
机动车,3.66,zh,wordfreq,1,1.8
机器,4.94,zh,wordfreq,41,1.0
机器人,4.59,zh,wordfreq,0,1.95
机场,5.17,zh,wordfreq,83,1.0
机型,3.86,zh,wordfreq,51,1.0
机密,4.23,zh,wordfreq,44,1.0
机师,3.42,zh,wordfreq,49,1.0
机床,3.73,zh,wordfreq,35,1.0
机房,3.52,zh,wordfreq,50,1.0
机智,3.61,zh,wordfreq,36,1.0
机构,5.5,zh,wordfreq,34,1.0
机枪,3.99,zh,wordfreq,35,1.0
机械,4.93,zh,wordfreq,32,1.0
机械化,3.95,zh,wordfreq,0,1.95
机油,3.37,zh,wordfreq,41,1.0
机灵,3.4,zh,wordfreq,37,1.0
机率,3.85,zh,wordfreq,46,1.0
机理,3.61,zh,wordfreq,71,1.0
机电,3.97,zh,wordfreq,49,1.0
机票,4.1,zh,wordfreq,48,1.0
机组,3.94,zh,wordfreq,42,1.0
机翼,3.58,zh,wordfreq,32,1.0
机能,3.97,zh,wordfreq,63,1.0
机舱,3.34,zh,wordfreq,30,1.0
机身,3.82,zh,wordfreq,68,1.0
机车,4.07,zh,wordfreq,78,1.0
机遇,4.28,zh,wordfreq,35,1.0
机长,3.81,zh,wordfreq,99,1.0
杀人,4.66,zh,wordfreq,147,1.0
杀人案,3.32,zh,wordfreq,1,1.9
杀人犯,3.7,zh,wordfreq,1,1.85
杀伤,3.47,zh,wordfreq,21,1.0
杀伤力,3.36,zh,wordfreq,0,1.95
杀光,3.53,zh,wordfreq,32,1.0
杀害,4.57,zh,wordfreq,26,1.0
杀戮,3.99,zh,wordfreq,7,1.65
杀手,4.29,zh,wordfreq,65,1.0
杀掉,3.86,zh,wordfreq,25,1.0
杀死,4.51,zh,wordfreq,32,1.0
杀虫剂,3.58,zh,wordfreq,0,2.0
杂交,3.85,zh,wordfreq,22,1.0
杂志,4.99,zh,wordfreq,15,1.2
杂志社,3.46,zh,wordfreq,0,1.95
杂技,3.4,zh,wordfreq,11,1.45
杂物,3.36,zh,wordfreq,40,1.0
杂种,3.85,zh,wordfreq,35,1.0
杂草,3.53,zh,wordfreq,11,1.45
杂货店,3.51,zh,wordfreq,0,2.0
杂质,3.39,zh,wordfreq,28,1.0
权利,5.32,zh,wordfreq,50,1.0
权力,5.25,zh,wordfreq,78,1.0
权势,3.73,zh,wordfreq,29,1.0
权威,4.5,zh,wordfreq,10,1.45
权威性,3.43,zh,wordfreq,0,1.95
权益,4.59,zh,wordfreq,17,1.15
权衡,3.47,zh,wordfreq,12,1.4
权贵,3.59,zh,wordfreq,15,1.25
权限,4.19,zh,wordfreq,19,1.05
杆菌,3.57,zh,wordfreq,3,1.85
李先生,3.32,zh,wordfreq,1,1.9
李光耀,3.33,zh,wordfreq,0,2.0
李克强,3.55,zh,wordfreq,0,2.0
李娜,3.37,zh,wordfreq,9,1.55
李子,3.46,zh,wordfreq,176,1.0
李家,3.33,zh,wordfreq,73,1.0
李小龙,3.34,zh,wordfreq,0,1.95
李登辉,3.51,zh,wordfreq,0,2.0
李白,3.51,zh,wordfreq,20,1.0
李鸿章,3.45,zh,wordfreq,0,2.0
李鹏,3.89,zh,wordfreq,4,1.8
杏仁,3.37,zh,wordfreq,2,1.9
材料,4.99,zh,wordfreq,24,1.0
材质,3.77,zh,wordfreq,23,1.0
村上,3.7,zh,wordfreq,80,1.0
村委会,3.65,zh,wordfreq,5,1.75
村子,3.93,zh,wordfreq,179,1.0
村庄,4.35,zh,wordfreq,10,1.5
村民,4.54,zh,wordfreq,36,1.0
村落,4.22,zh,wordfreq,33,1.0
村里,4.03,zh,wordfreq,52,1.0
村镇,3.68,zh,wordfreq,15,1.25
村长,3.83,zh,wordfreq,76,1.0
杜威,3.36,zh,wordfreq,5,1.75
杜绝,3.81,zh,wordfreq,7,1.65
杜鲁门,3.42,zh,wordfreq,0,2.0
杜鹃,3.49,zh,wordfreq,2,1.9
束缚,4.13,zh,wordfreq,0,2.0
杠杆,3.94,zh,wordfreq,1,1.95
条件,5.32,zh,wordfreq,34,1.0
条例,4.79,zh,wordfreq,21,1.0
条子,3.37,zh,wordfreq,179,1.0
条文,4.06,zh,wordfreq,51,1.0
条款,4.51,zh,wordfreq,26,1.0
条目,3.89,zh,wordfreq,25,1.0
条约,4.71,zh,wordfreq,27,1.0
条纹,3.72,zh,wordfreq,10,1.5
来不及,4.13,zh,wordfreq,2,1.85
来个,5.1,zh,wordfreq,55,1.0
来临,4.23,zh,wordfreq,22,1.0
来信,3.93,zh,wordfreq,41,1.0
来到,5.0,zh,wordfreq,70,1.0
来华,3.49,zh,wordfreq,37,1.0
来历,3.5,zh,wordfreq,29,1.0
来回,3.91,zh,wordfreq,39,1.0
来宾,3.78,zh,wordfreq,22,1.0
来往,4.04,zh,wordfreq,31,1.0
来得,4.12,zh,wordfreq,50,1.0
来得及,3.83,zh,wordfreq,1,1.9
来时,4.99,zh,wordfreq,59,1.0
来源,5.18,zh,wordfreq,32,1.0
来源于,4.07,zh,wordfreq,1,1.85
来电,3.85,zh,wordfreq,37,1.0
来看,4.86,zh,wordfreq,31,1.0
来自,5.38,zh,wordfreq,29,1.0
来袭,3.7,zh,wordfreq,28,1.0
来讲,4.12,zh,wordfreq,22,1.0
来访,4.09,zh,wordfreq,30,1.0
来说,5.32,zh,wordfreq,48,1.0
杨家,3.41,zh,wordfreq,70,1.0
杨尚昆,3.36,zh,wordfreq,0,2.4
杨幂,3.35,zh,wordfreq,1,1.95
杭州,4.62,zh,wordfreq,33,1.0
杭州市,3.54,zh,wordfreq,3,1.8
杯子,3.82,zh,wordfreq,172,1.0
杰作,3.75,zh,wordfreq,35,1.0
杰克,3.98,zh,wordfreq,37,1.0
杰克森,3.34,zh,wordfreq,1,1.9
杰克逊,3.72,zh,wordfreq,1,1.9
杰出,4.39,zh,wordfreq,82,1.0
杰夫,3.65,zh,wordfreq,21,1.0
杰西,3.34,zh,wordfreq,22,1.0
松下,3.57,zh,wordfreq,75,1.0
松动,3.37,zh,wordfreq,66,1.0
松开,3.38,zh,wordfreq,39,1.0
松手,3.36,zh,wordfreq,65,1.0
松散,3.61,zh,wordfreq,15,1.25
松江,3.38,zh,wordfreq,17,1.15
松绑,3.36,zh,wordfreq,8,1.6
松鼠,3.59,zh,wordfreq,9,1.55
板凳,3.43,zh,wordfreq,2,1.9
板块,4.11,zh,wordfreq,14,1.3
板球,3.42,zh,wordfreq,25,1.0
极为,4.6,zh,wordfreq,66,1.0
极乐,3.35,zh,wordfreq,37,1.0
极了,4.13,zh,wordfreq,30,1.0
极佳,3.35,zh,wordfreq,27,1.0
极其,4.42,zh,wordfreq,27,1.0
极具,3.73,zh,wordfreq,40,1.0
极力,3.98,zh,wordfreq,94,1.0
极品,4.04,zh,wordfreq,50,1.0
极地,3.57,zh,wordfreq,88,1.0
极大,4.52,zh,wordfreq,79,1.0
极好,3.63,zh,wordfreq,61,1.0
极富,3.4,zh,wordfreq,28,1.0
极小,3.41,zh,wordfreq,41,1.0
极少,3.79,zh,wordfreq,32,1.0
极少数,3.7,zh,wordfreq,0,1.9
极度,4.29,zh,wordfreq,71,1.0
极强,3.38,zh,wordfreq,37,1.0
极有,3.37,zh,wordfreq,92,1.0
极权,3.58,zh,wordfreq,54,1.0
极点,3.43,zh,wordfreq,87,1.0
极端,4.62,zh,wordfreq,39,1.0
极致,3.85,zh,wordfreq,34,1.0
极速,3.6,zh,wordfreq,38,1.0
极限,4.26,zh,wordfreq,35,1.0
极高,3.72,zh,wordfreq,38,1.0
构件,3.44,zh,wordfreq,35,1.0
构图,3.51,zh,wordfreq,25,1.0
构建,4.33,zh,wordfreq,26,1.0
构思,3.83,zh,wordfreq,15,1.25
构想,4.04,zh,wordfreq,31,1.0
构成,4.89,zh,wordfreq,51,1.0
构架,3.36,zh,wordfreq,19,1.05
构筑,3.79,zh,wordfreq,10,1.5
构造,4.42,zh,wordfreq,24,1.0
枕头,3.91,zh,wordfreq,73,1.0
林业,4.13,zh,wordfreq,43,1.0
林中,3.49,zh,wordfreq,57,1.0
林区,3.41,zh,wordfreq,52,1.0
林地,3.59,zh,wordfreq,74,1.0
林场,3.38,zh,wordfreq,62,1.0
林子,3.4,zh,wordfreq,181,1.0
林彪,3.91,zh,wordfreq,9,1.55
林木,3.59,zh,wordfreq,16,1.2
林立,3.6,zh,wordfreq,30,1.0
林肯,3.89,zh,wordfreq,12,1.4
果冻,3.37,zh,wordfreq,10,1.5
果园,3.54,zh,wordfreq,17,1.15
果子,3.45,zh,wordfreq,179,1.0
果实,3.95,zh,wordfreq,32,1.0
果断,3.89,zh,wordfreq,24,1.0
果汁,3.65,zh,wordfreq,7,1.65
果然,4.48,zh,wordfreq,35,1.0
果真,3.55,zh,wordfreq,15,1.25
枢密院,3.35,zh,wordfreq,0,2.0
枢纽,4.04,zh,wordfreq,0,2.0
枪击,4.05,zh,wordfreq,35,1.0
枪击案,3.49,zh,wordfreq,0,1.95
枪口,3.58,zh,wordfreq,46,1.0
枪声,3.82,zh,wordfreq,37,1.0
枪战,3.57,zh,wordfreq,48,1.0
枪手,3.86,zh,wordfreq,67,1.0
枪支,3.76,zh,wordfreq,16,1.2
枪杀,3.96,zh,wordfreq,22,1.0
枪械,3.52,zh,wordfreq,11,1.45
枪毙,3.52,zh,wordfreq,10,1.5
枪炮,3.36,zh,wordfreq,15,1.25
枯燥,3.42,zh,wordfreq,2,1.9
枯竭,3.55,zh,wordfreq,2,1.9
架上,3.39,zh,wordfreq,76,1.0
架子,3.61,zh,wordfreq,175,1.0
架构,4.3,zh,wordfreq,7,1.65
架设,3.71,zh,wordfreq,15,1.25
枷锁,3.45,zh,wordfreq,3,1.85
柏拉图,3.65,zh,wordfreq,0,2.0
柏林,4.31,zh,wordfreq,19,1.0
某一,3.74,zh,wordfreq,29,1.0
某个,4.65,zh,wordfreq,44,1.0
某些,4.89,zh,wordfreq,15,1.25
某人,4.27,zh,wordfreq,147,1.0
某位,3.35,zh,wordfreq,53,1.0
某处,3.59,zh,wordfreq,39,1.0
某某,3.86,zh,wordfreq,7,1.65
某种,4.6,zh,wordfreq,36,1.0
染上,3.51,zh,wordfreq,76,1.0
染料,3.5,zh,wordfreq,26,1.0
染病,3.49,zh,wordfreq,15,1.2
染色,3.58,zh,wordfreq,40,1.0
染色体,3.65,zh,wordfreq,0,1.95
柔和,3.61,zh,wordfreq,15,1.25
柔性,3.38,zh,wordfreq,47,1.0
柔软,3.85,zh,wordfreq,4,1.8
柜台,3.8,zh,wordfreq,28,1.0
柜子,3.48,zh,wordfreq,173,1.0
柠檬,3.8,zh,wordfreq,0,2.0
查出,3.9,zh,wordfreq,91,1.0
查处,3.96,zh,wordfreq,45,1.0
查封,3.58,zh,wordfreq,18,1.1
查尔斯,3.94,zh,wordfreq,1,1.9
查德,3.34,zh,wordfreq,41,1.0
查找,3.71,zh,wordfreq,15,1.25
查明,3.7,zh,wordfreq,44,1.0
查查,3.38,zh,wordfreq,29,1.0
查理,3.95,zh,wordfreq,54,1.0
查看,4.59,zh,wordfreq,26,1.0
查获,3.46,zh,wordfreq,20,1.0
查证,3.5,zh,wordfreq,31,1.0
查询,4.34,zh,wordfreq,16,1.2
查阅,3.8,zh,wordfreq,17,1.15
查验,3.37,zh,wordfreq,21,1.0
柬埔寨,4.37,zh,wordfreq,0,2.9
柯南,3.76,zh,wordfreq,20,1.0
柯文,3.36,zh,wordfreq,45,1.0
柱子,3.65,zh,wordfreq,172,1.0
柳州,3.62,zh,wordfreq,33,1.0
柴油,3.87,zh,wordfreq,11,1.4
柴油机,4.1,zh,wordfreq,0,1.95
栅栏,3.55,zh,wordfreq,2,1.9
标价,3.49,zh,wordfreq,44,1.0
标准,5.32,zh,wordfreq,25,1.0
标准化,4.06,zh,wordfreq,0,1.95
标志,4.86,zh,wordfreq,22,1.0
标志性,3.53,zh,wordfreq,0,1.95
标明,3.69,zh,wordfreq,44,1.0
标本,3.88,zh,wordfreq,34,1.0
标榜,3.52,zh,wordfreq,14,1.3
标注,3.76,zh,wordfreq,19,1.05
标的,3.87,zh,wordfreq,20,1.0
标示,3.88,zh,wordfreq,32,1.0
标签,4.38,zh,wordfreq,14,1.3
标记,4.29,zh,wordfreq,26,1.0
标识,3.98,zh,wordfreq,25,1.0
标语,4.3,zh,wordfreq,42,1.0
标题,4.55,zh,wordfreq,24,1.0
栏杆,3.6,zh,wordfreq,2,1.9
栏目,4.05,zh,wordfreq,19,1.05
树上,3.82,zh,wordfreq,81,1.0
树叶,3.55,zh,wordfreq,12,1.4
树干,3.35,zh,wordfreq,16,1.2
树木,4.12,zh,wordfreq,15,1.25
树林,3.99,zh,wordfreq,27,1.0
树枝,3.69,zh,wordfreq,9,1.55
树种,3.36,zh,wordfreq,37,1.0
树立,4.39,zh,wordfreq,29,1.0
树脂,3.55,zh,wordfreq,9,1.55
栖息,3.86,zh,wordfreq,12,1.35
栖息地,3.51,zh,wordfreq,0,1.95
校内,3.85,zh,wordfreq,36,1.0
校区,4.08,zh,wordfreq,55,1.0
校友,3.63,zh,wordfreq,26,1.0
校名,3.48,zh,wordfreq,79,1.0
校园,4.73,zh,wordfreq,22,1.0
校外,3.59,zh,wordfreq,43,1.0
校对,4.06,zh,wordfreq,24,1.0
校方,3.73,zh,wordfreq,52,1.0
校服,3.51,zh,wordfreq,29,1.0
校正,3.49,zh,wordfreq,27,1.0
校舍,3.63,zh,wordfreq,15,1.25
校车,3.41,zh,wordfreq,60,1.0
校长,4.74,zh,wordfreq,81,1.0
株洲,3.39,zh,wordfreq,8,1.6
样品,3.94,zh,wordfreq,32,1.0
样子,5.02,zh,wordfreq,177,1.0
样式,3.97,zh,wordfreq,25,1.0
样本,4.16,zh,wordfreq,26,1.0
样板,3.49,zh,wordfreq,20,1.0
样貌,3.56,zh,wordfreq,13,1.35
核准,3.95,zh,wordfreq,26,1.0
核发,3.44,zh,wordfreq,62,1.0
核子,3.42,zh,wordfreq,186,1.0
核定,3.59,zh,wordfreq,66,1.0
核实,3.85,zh,wordfreq,39,1.0
核对,3.64,zh,wordfreq,26,1.0
核弹,3.76,zh,wordfreq,24,1.0
核心,4.99,zh,wordfreq,67,1.0
核查,3.62,zh,wordfreq,30,1.0
核桃,3.52,zh,wordfreq,16,1.2
核武,3.78,zh,wordfreq,20,1.0
核武器,4.13,zh,wordfreq,0,1.9
核潜艇,3.5,zh,wordfreq,0,1.95
核电,3.89,zh,wordfreq,33,1.0
核电站,3.78,zh,wordfreq,1,1.85
核算,3.57,zh,wordfreq,31,1.0
核能,3.7,zh,wordfreq,47,1.0
核试验,3.66,zh,wordfreq,0,1.95
核酸,3.41,zh,wordfreq,15,1.25
根基,3.85,zh,wordfreq,10,1.5
根据,5.68,zh,wordfreq,13,1.3
根据地,4.19,zh,wordfreq,0,1.95
根本,5.39,zh,wordfreq,26,1.0
根本性,3.32,zh,wordfreq,0,1.9
根源,4.15,zh,wordfreq,19,1.05
根部,3.33,zh,wordfreq,51,1.0
根除,3.34,zh,wordfreq,22,1.0
格力,3.34,zh,wordfreq,84,1.0
格外,4.03,zh,wordfreq,44,1.0
格子,3.44,zh,wordfreq,185,1.0
格局,4.26,zh,wordfreq,31,1.0
格式,4.39,zh,wordfreq,33,1.0
格拉,4.02,zh,wordfreq,45,1.0
格斗,3.76,zh,wordfreq,20,1.0
格斯,3.59,zh,wordfreq,55,1.0
格林,3.89,zh,wordfreq,32,1.0
格格,3.35,zh,wordfreq,30,1.0
格言,3.52,zh,wordfreq,40,1.0
格调,3.43,zh,wordfreq,34,1.0
格里,3.93,zh,wordfreq,58,1.0
格雷,3.82,zh,wordfreq,18,1.1
栽培,3.9,zh,wordfreq,1,1.95
栽种,3.36,zh,wordfreq,30,1.0
桂林,4.03,zh,wordfreq,19,1.05
桃园,4.02,zh,wordfreq,13,1.35
桃子,3.65,zh,wordfreq,175,1.0
桃源,3.37,zh,wordfreq,17,1.15
桃花,4.02,zh,wordfreq,24,1.0
框架,4.33,zh,wordfreq,11,1.45
案件,4.96,zh,wordfreq,31,1.0
案例,4.52,zh,wordfreq,18,1.1
案发,3.58,zh,wordfreq,52,1.0
案子,4.08,zh,wordfreq,176,1.0
案情,3.66,zh,wordfreq,48,1.0
桌上,3.95,zh,wordfreq,75,1.0
桌子,4.1,zh,wordfreq,174,1.0
桌面,3.81,zh,wordfreq,58,1.0
档期,3.35,zh,wordfreq,37,1.0
档案,4.74,zh,wordfreq,29,1.0
档案馆,3.36,zh,wordfreq,0,1.95
档次,3.98,zh,wordfreq,36,1.0
桥下,3.4,zh,wordfreq,69,1.0
桥梁,4.48,zh,wordfreq,1,1.95
梁启超,3.48,zh,wordfreq,0,2.25
梁家,3.35,zh,wordfreq,70,1.0
梁山,3.34,zh,wordfreq,37,1.0
梁振英,3.6,zh,wordfreq,0,2.35
梅尔,3.4,zh,wordfreq,48,1.0
梅林,3.47,zh,wordfreq,23,1.0
梅毒,3.36,zh,wordfreq,16,1.2
梅花,3.78,zh,wordfreq,25,1.0
梅西,3.56,zh,wordfreq,22,1.0
梦境,3.73,zh,wordfreq,23,1.0
梦幻,3.98,zh,wordfreq,9,1.55
梦想,4.86,zh,wordfreq,28,1.0
梦游,3.37,zh,wordfreq,17,1.15
梦见,4.0,zh,wordfreq,34,1.0
梦里,3.52,zh,wordfreq,50,1.0
梧州,3.36,zh,wordfreq,33,1.0
梯子,3.62,zh,wordfreq,174,1.0
梯度,3.34,zh,wordfreq,50,1.0
梯队,3.33,zh,wordfreq,30,1.0
梳理,3.6,zh,wordfreq,41,1.0
梵蒂冈,3.74,zh,wordfreq,0,2.75
检举,3.69,zh,wordfreq,20,1.0
检修,3.48,zh,wordfreq,20,1.0
检察,4.38,zh,wordfreq,19,1.0
检察官,4.25,zh,wordfreq,2,1.85
检察长,3.65,zh,wordfreq,2,1.85
检察院,4.45,zh,wordfreq,2,1.85
检方,3.54,zh,wordfreq,51,1.0
检查,5.1,zh,wordfreq,27,1.0
检测,4.61,zh,wordfreq,20,1.0
检疫,3.62,zh,wordfreq,14,1.3
检索,3.96,zh,wordfreq,19,1.05
检视,3.46,zh,wordfreq,39,1.0
检讨,3.98,zh,wordfreq,15,1.25
检阅,3.37,zh,wordfreq,15,1.25
检验,4.55,zh,wordfreq,19,1.05
棉花,4.23,zh,wordfreq,21,1.0
棋子,3.68,zh,wordfreq,174,1.0
棋牌,4.08,zh,wordfreq,17,1.15
棋盘,3.45,zh,wordfreq,17,1.15
棍子,3.49,zh,wordfreq,173,1.0
棍棒,3.34,zh,wordfreq,5,1.75
棒子,3.33,zh,wordfreq,173,1.0
棒球,4.09,zh,wordfreq,24,1.0
棕榈,3.58,zh,wordfreq,1,1.95
棕色,3.73,zh,wordfreq,38,1.0
棘手,3.73,zh,wordfreq,58,1.0
森林,4.85,zh,wordfreq,19,1.05
棺木,3.41,zh,wordfreq,8,1.6
棺材,3.99,zh,wordfreq,13,1.35
椅子,4.09,zh,wordfreq,172,1.0
植入,3.79,zh,wordfreq,64,1.0
植树,3.57,zh,wordfreq,5,1.75
植物,4.79,zh,wordfreq,37,1.0
植物园,3.65,zh,wordfreq,1,1.9
植被,3.74,zh,wordfreq,4,1.8
椭圆,3.55,zh,wordfreq,4,1.75
椭圆形,3.51,zh,wordfreq,0,1.9
椰子,3.55,zh,wordfreq,172,1.0
楚国,3.5,zh,wordfreq,55,1.0
楷模,3.44,zh,wordfreq,2,1.9
楼上,4.06,zh,wordfreq,82,1.0
楼下,4.16,zh,wordfreq,77,1.0
楼凤,3.46,zh,wordfreq,10,1.5
楼宇,3.54,zh,wordfreq,10,1.5
楼层,3.47,zh,wordfreq,30,1.0
楼市,3.6,zh,wordfreq,26,1.0
楼房,3.6,zh,wordfreq,29,1.0
楼梯,4.1,zh,wordfreq,11,1.45
楼盘,3.54,zh,wordfreq,24,1.0
楼顶,3.46,zh,wordfreq,15,1.25
概况,4.12,zh,wordfreq,16,1.2
概念,4.98,zh,wordfreq,18,1.1
概括,4.0,zh,wordfreq,9,1.55
概率,4.2,zh,wordfreq,23,1.0
概要,3.41,zh,wordfreq,34,1.0
概览,3.48,zh,wordfreq,13,1.35
概论,3.74,zh,wordfreq,26,1.0
概述,3.94,zh,wordfreq,26,1.0
榆林,3.35,zh,wordfreq,19,1.05
榜单,3.64,zh,wordfreq,16,1.2
榜样,4.0,zh,wordfreq,22,1.0
榜首,3.54,zh,wordfreq,11,1.45
榴弹,3.39,zh,wordfreq,10,1.45
槟城,3.63,zh,wordfreq,24,1.0
模仿,4.34,zh,wordfreq,11,1.45
模具,3.54,zh,wordfreq,27,1.0
模块,4.02,zh,wordfreq,22,1.0
模型,4.69,zh,wordfreq,31,1.0
模式,5.2,zh,wordfreq,30,1.0
模拟,4.51,zh,wordfreq,13,1.35
模板,3.64,zh,wordfreq,25,1.0
模样,4.24,zh,wordfreq,30,1.0
模特,4.51,zh,wordfreq,37,1.0
模特儿,3.61,zh,wordfreq,0,1.95
模糊,4.33,zh,wordfreq,12,1.4
模范,4.19,zh,wordfreq,16,1.2
横向,3.88,zh,wordfreq,39,1.0
横幅,3.59,zh,wordfreq,12,1.4
横扫,3.74,zh,wordfreq,7,1.65
横滨,3.45,zh,wordfreq,6,1.7
横行,3.65,zh,wordfreq,69,1.0
横跨,3.85,zh,wordfreq,5,1.75
樱桃,3.77,zh,wordfreq,3,1.85
樱花,3.95,zh,wordfreq,22,1.0
橄榄,3.64,zh,wordfreq,0,1.9
橄榄油,3.36,zh,wordfreq,1,2.2
橄榄球,3.73,zh,wordfreq,1,1.9
橘子,3.76,zh,wordfreq,172,1.0
橙色,3.6,zh,wordfreq,37,1.0
橡胶,4.05,zh,wordfreq,1,1.95
欠缺,3.77,zh,wordfreq,5,1.75
次子,3.33,zh,wordfreq,178,1.0
次年,3.76,zh,wordfreq,68,1.0
次序,3.65,zh,wordfreq,12,1.4
次数,4.3,zh,wordfreq,37,1.0
次日,3.87,zh,wordfreq,46,1.0
次级,3.49,zh,wordfreq,36,1.0
次要,3.72,zh,wordfreq,33,1.0
欢乐,4.36,zh,wordfreq,20,1.0
欢呼,4.01,zh,wordfreq,10,1.45
欢呼声,3.33,zh,wordfreq,0,1.9
欢喜,3.54,zh,wordfreq,11,1.45
欢庆,3.69,zh,wordfreq,13,1.35
欢快,3.32,zh,wordfreq,18,1.1
欢笑,3.58,zh,wordfreq,18,1.1
欢迎,5.17,zh,wordfreq,6,1.65
欣喜,3.64,zh,wordfreq,7,1.65
欣慰,3.75,zh,wordfreq,4,1.8
欣赏,4.7,zh,wordfreq,7,1.65
欧亚,3.6,zh,wordfreq,20,1.0
欧元,4.47,zh,wordfreq,23,1.0
欧元区,3.61,zh,wordfreq,0,1.95
欧冠,3.76,zh,wordfreq,12,1.4
欧拉,3.42,zh,wordfreq,40,1.0
欧文,3.66,zh,wordfreq,52,1.0
欧洲,5.37,zh,wordfreq,16,1.1
欧洲人,3.88,zh,wordfreq,2,1.85
欧洲杯,3.7,zh,wordfreq,1,1.9
欧盟,4.74,zh,wordfreq,14,1.3
欧美,4.42,zh,wordfreq,29,1.0
欧阳,3.68,zh,wordfreq,25,1.0
欲望,4.45,zh,wordfreq,21,1.0
欺凌,3.54,zh,wordfreq,4,1.8
欺压,3.38,zh,wordfreq,16,1.2
欺诈,3.99,zh,wordfreq,5,1.75
欺负,4.18,zh,wordfreq,12,1.4
欺骗,4.38,zh,wordfreq,6,1.7
款式,3.78,zh,wordfreq,22,1.0
款待,3.5,zh,wordfreq,13,1.35
款项,3.9,zh,wordfreq,22,1.0
歉意,3.35,zh,wordfreq,49,1.0
歌剧,4.04,zh,wordfreq,25,1.0
歌剧院,3.48,zh,wordfreq,0,1.9
歌唱,4.16,zh,wordfreq,16,1.2
歌声,4.11,zh,wordfreq,39,1.0
歌德,3.38,zh,wordfreq,39,1.0
歌手,4.65,zh,wordfreq,69,1.0
歌星,3.51,zh,wordfreq,37,1.0
歌曲,4.68,zh,wordfreq,21,1.0
歌舞,3.79,zh,wordfreq,16,1.2
歌词,4.31,zh,wordfreq,22,1.0
歌谣,3.5,zh,wordfreq,12,1.4
歌迷,3.85,zh,wordfreq,18,1.1
歌颂,3.87,zh,wordfreq,11,1.45
正中,3.69,zh,wordfreq,77,1.0
正义,4.87,zh,wordfreq,47,1.0
正值,3.74,zh,wordfreq,44,1.0
正副,3.5,zh,wordfreq,31,1.0
正午,3.44,zh,wordfreq,32,1.0
正向,3.61,zh,wordfreq,63,1.0
正品,3.36,zh,wordfreq,56,1.0
正在,5.47,zh,wordfreq,50,1.0
正好,4.47,zh,wordfreq,67,1.0
正如,4.48,zh,wordfreq,40,1.0
正宗,3.79,zh,wordfreq,33,1.0
正常,5.14,zh,wordfreq,42,1.0
正常人,3.67,zh,wordfreq,1,1.85
正常化,3.41,zh,wordfreq,1,1.9
正式,5.26,zh,wordfreq,49,1.0
正当,4.48,zh,wordfreq,46,1.0
正文,3.72,zh,wordfreq,73,1.0
正是,4.91,zh,wordfreq,66,1.0
正月,3.53,zh,wordfreq,50,1.0
正派,3.33,zh,wordfreq,45,1.0
正版,3.74,zh,wordfreq,36,1.0
正直,3.94,zh,wordfreq,32,1.0
正确,5.12,zh,wordfreq,33,1.0
正经,3.77,zh,wordfreq,45,1.0
正统,4.01,zh,wordfreq,36,1.0
正要,4.09,zh,wordfreq,56,1.0
正规,4.29,zh,wordfreq,33,1.0
正视,3.89,zh,wordfreq,57,1.0
正轨,3.35,zh,wordfreq,32,1.0
正道,3.34,zh,wordfreq,69,1.0
正门,3.46,zh,wordfreq,74,1.0
正面,4.59,zh,wordfreq,85,1.0
此举,4.2,zh,wordfreq,29,1.0
此书,3.64,zh,wordfreq,45,1.0
此事,4.52,zh,wordfreq,76,1.0
此人,4.02,zh,wordfreq,160,1.0
此刻,4.34,zh,wordfreq,28,1.0
此前,4.34,zh,wordfreq,46,1.0
此后,4.57,zh,wordfreq,59,1.0
此地,4.19,zh,wordfreq,85,1.0
此处,4.27,zh,wordfreq,52,1.0
此外,5.16,zh,wordfreq,51,1.0
此文,3.46,zh,wordfreq,64,1.0
此时,4.7,zh,wordfreq,61,1.0
此案,3.84,zh,wordfreq,47,1.0
此次,4.74,zh,wordfreq,54,1.0
此法,3.34,zh,wordfreq,66,1.0
此生,3.42,zh,wordfreq,68,1.0
此种,3.91,zh,wordfreq,49,1.0
此类,4.2,zh,wordfreq,39,1.0
此行,3.5,zh,wordfreq,84,1.0
此话,3.32,zh,wordfreq,48,1.0
此项,3.76,zh,wordfreq,40,1.0
步伐,4.08,zh,wordfreq,9,1.55
步入,3.76,zh,wordfreq,67,1.0
步兵,4.18,zh,wordfreq,24,1.0
步枪,4.09,zh,wordfreq,11,1.45
步步,3.55,zh,wordfreq,23,1.0
步行,4.14,zh,wordfreq,70,1.0
步骤,4.35,zh,wordfreq,6,1.7
武侠,3.44,zh,wordfreq,14,1.3
武则天,3.57,zh,wordfreq,0,2.0
武力,4.31,zh,wordfreq,84,1.0
武功,3.9,zh,wordfreq,21,1.0
武器,5.1,zh,wordfreq,24,1.0
武士,4.27,zh,wordfreq,41,1.0
武官,3.36,zh,wordfreq,27,1.0
武将,3.69,zh,wordfreq,26,1.0
武昌,3.87,zh,wordfreq,17,1.15
武术,4.01,zh,wordfreq,24,1.0
武林,3.74,zh,wordfreq,32,1.0
武汉,4.92,zh,wordfreq,18,1.05
武汉市,3.89,zh,wordfreq,0,1.95
武神,3.34,zh,wordfreq,24,1.0
武装,4.83,zh,wordfreq,35,1.0
武警,3.89,zh,wordfreq,22,1.0
歧视,4.54,zh,wordfreq,28,1.0
歪曲,3.45,zh,wordfreq,10,1.5
歹徒,3.7,zh,wordfreq,9,1.55
死亡,5.2,zh,wordfreq,18,1.05
死亡率,3.8,zh,wordfreq,0,1.95
死人,3.37,zh,wordfreq,150,1.0
死伤,3.97,zh,wordfreq,24,1.0
死刑,4.44,zh,wordfreq,17,1.15
死去,4.32,zh,wordfreq,30,1.0
死后,3.92,zh,wordfreq,49,1.0
死因,3.91,zh,wordfreq,17,1.15
死尸,3.38,zh,wordfreq,12,1.4
死活,3.6,zh,wordfreq,21,1.0
死神,3.91,zh,wordfreq,21,1.0
死者,4.42,zh,wordfreq,41,1.0
歼灭,3.8,zh,wordfreq,5,1.75
殆尽,3.76,zh,wordfreq,6,1.7
殊荣,3.56,zh,wordfreq,4,1.8
残余,3.81,zh,wordfreq,19,1.05
残存,3.5,zh,wordfreq,28,1.0
残害,3.43,zh,wordfreq,31,1.0
残废,3.47,zh,wordfreq,14,1.3
残忍,4.29,zh,wordfreq,14,1.3
残暴,3.89,zh,wordfreq,17,1.15
残杀,3.52,zh,wordfreq,25,1.0
残留,3.9,zh,wordfreq,24,1.0
残疾,4.04,zh,wordfreq,13,1.3
残疾人,4.0,zh,wordfreq,0,1.95
残缺,3.33,zh,wordfreq,17,1.15
残酷,4.47,zh,wordfreq,16,1.2
残障,3.49,zh,wordfreq,16,1.2
残骸,3.69,zh,wordfreq,13,1.35
殖民,4.4,zh,wordfreq,29,1.0
殖民地,4.37,zh,wordfreq,1,1.9
殖民者,3.67,zh,wordfreq,1,1.9
殡仪馆,3.4,zh,wordfreq,0,2.0
殡葬,3.49,zh,wordfreq,5,1.75
殴打,4.12,zh,wordfreq,12,1.4
段子,3.42,zh,wordfreq,173,1.0
段时间,4.08,zh,wordfreq,3,1.8
段落,3.71,zh,wordfreq,27,1.0
殿下,3.67,zh,wordfreq,70,1.0
殿堂,3.51,zh,wordfreq,14,1.3
殿试,3.49,zh,wordfreq,12,1.4
毁坏,3.82,zh,wordfreq,9,1.55
毁掉,3.77,zh,wordfreq,20,1.0
毁灭,4.44,zh,wordfreq,7,1.6
毁灭性,3.6,zh,wordfreq,0,1.95
毅力,3.57,zh,wordfreq,72,1.0
毅然,3.4,zh,wordfreq,29,1.0
母乳,3.74,zh,wordfreq,11,1.45
母亲,5.31,zh,wordfreq,17,1.15
母体,3.61,zh,wordfreq,60,1.0
母公司,3.4,zh,wordfreq,3,1.8
母女,3.69,zh,wordfreq,29,1.0
母子,3.7,zh,wordfreq,181,1.0
母校,3.34,zh,wordfreq,24,1.0
母狗,3.83,zh,wordfreq,14,1.3
母猪,3.33,zh,wordfreq,12,1.4
母语,3.81,zh,wordfreq,38,1.0
母鸡,3.38,zh,wordfreq,15,1.25
每一,3.37,zh,wordfreq,44,1.0
每一件,3.43,zh,wordfreq,1,1.85
每个,5.37,zh,wordfreq,59,1.0
每人,4.18,zh,wordfreq,162,1.0
每件事,3.41,zh,wordfreq,3,1.85
每位,3.82,zh,wordfreq,68,1.0
每分钟,3.36,zh,wordfreq,6,1.65
每到,3.38,zh,wordfreq,74,1.0
每周,4.45,zh,wordfreq,31,1.0
每场,3.62,zh,wordfreq,75,1.0
每天,5.19,zh,wordfreq,69,1.0
每家,3.34,zh,wordfreq,91,1.0
每年,5.15,zh,wordfreq,84,1.0
每张,3.42,zh,wordfreq,38,1.0
每当,4.33,zh,wordfreq,39,1.0
每户,3.37,zh,wordfreq,38,1.0
每日,4.73,zh,wordfreq,62,1.0
每晚,3.71,zh,wordfreq,31,1.0
每月,4.43,zh,wordfreq,43,1.0
每次,4.77,zh,wordfreq,56,1.0
每每,3.46,zh,wordfreq,22,1.0
每种,3.56,zh,wordfreq,51,1.0
每秒,3.59,zh,wordfreq,24,1.0
每股,3.73,zh,wordfreq,31,1.0
每逢,3.62,zh,wordfreq,23,1.0
每隔,3.57,zh,wordfreq,26,1.0
毒品,4.45,zh,wordfreq,36,1.0
毒害,3.69,zh,wordfreq,28,1.0
毒性,3.87,zh,wordfreq,54,1.0
毒死,3.47,zh,wordfreq,34,1.0
毒气,3.82,zh,wordfreq,51,1.0
毒物,3.51,zh,wordfreq,43,1.0
毒素,3.87,zh,wordfreq,17,1.15
毒药,3.95,zh,wordfreq,24,1.0
毒蛇,3.62,zh,wordfreq,9,1.55
毒贩,3.74,zh,wordfreq,10,1.5
比不上,3.79,zh,wordfreq,3,1.8
比亚,3.75,zh,wordfreq,34,1.0
比作,3.37,zh,wordfreq,53,1.0
比例,4.92,zh,wordfreq,36,1.0
比克,3.39,zh,wordfreq,55,1.0
比分,3.94,zh,wordfreq,56,1.0
比利,4.11,zh,wordfreq,65,1.0
比利时,4.27,zh,wordfreq,0,1.95
比喻,4.02,zh,wordfreq,23,1.0
比基尼,3.66,zh,wordfreq,0,2.0
比如,5.0,zh,wordfreq,33,1.0
比如说,4.18,zh,wordfreq,1,1.9
比尔,4.03,zh,wordfreq,66,1.0
比拟,3.76,zh,wordfreq,25,1.0
比斯,3.54,zh,wordfreq,64,1.0
比方,3.5,zh,wordfreq,62,1.0
比方说,3.33,zh,wordfreq,1,1.9
比武,3.34,zh,wordfreq,28,1.0
比比,3.41,zh,wordfreq,40,1.0
比照,3.45,zh,wordfreq,40,1.0
比特,4.03,zh,wordfreq,49,1.0
比率,4.07,zh,wordfreq,38,1.0
比索,3.38,zh,wordfreq,30,1.0
比萨,3.43,zh,wordfreq,26,1.0
比赛,5.37,zh,wordfreq,32,1.0
比起,4.22,zh,wordfreq,54,1.0
比较,5.48,zh,wordfreq,23,1.0
比重,4.11,zh,wordfreq,53,1.0
毕业,5.05,zh,wordfreq,36,1.0
毕业生,4.37,zh,wordfreq,0,1.9
毕生,3.64,zh,wordfreq,50,1.0
毕竟,4.88,zh,wordfreq,3,1.85
毗邻,3.67,zh,wordfreq,1,1.95
毛主席,3.77,zh,wordfreq,0,1.95
毛利,3.7,zh,wordfreq,48,1.0
毛发,3.47,zh,wordfreq,53,1.0
毛巾,3.86,zh,wordfreq,8,1.6
毛毛,3.49,zh,wordfreq,10,1.5
毛泽东,5.03,zh,wordfreq,0,2.0
毛病,4.13,zh,wordfreq,17,1.15
毛衣,3.4,zh,wordfreq,18,1.1
毫不,4.13,zh,wordfreq,12,1.4
毫克,3.59,zh,wordfreq,37,1.0
毫升,3.35,zh,wordfreq,10,1.5
毫无,4.67,zh,wordfreq,8,1.6
毫米,4.5,zh,wordfreq,18,1.1
氏族,3.85,zh,wordfreq,18,1.1
民主,5.51,zh,wordfreq,50,1.0
民主党,4.43,zh,wordfreq,3,1.8
民主化,3.72,zh,wordfreq,3,1.8
民主派,3.7,zh,wordfreq,2,1.85
民事,4.05,zh,wordfreq,85,1.0
民众,5.01,zh,wordfreq,40,1.0
民俗,4.03,zh,wordfreq,36,1.0
民兵,4.15,zh,wordfreq,47,1.0
民办,3.76,zh,wordfreq,44,1.0
民国,4.46,zh,wordfreq,84,1.0
民宅,3.34,zh,wordfreq,31,1.0
民宿,3.43,zh,wordfreq,33,1.0
民居,3.35,zh,wordfreq,43,1.0
民工,3.74,zh,wordfreq,59,1.0
民心,3.81,zh,wordfreq,82,1.0
民意,4.21,zh,wordfreq,78,1.0
民政,4.13,zh,wordfreq,48,1.0
民政局,3.41,zh,wordfreq,1,1.85
民政部,3.42,zh,wordfreq,3,1.8
民族,5.26,zh,wordfreq,47,1.0
民权,3.82,zh,wordfreq,60,1.0
民歌,3.69,zh,wordfreq,36,1.0
民法,3.75,zh,wordfreq,75,1.0
民生,4.21,zh,wordfreq,77,1.0
民用,3.98,zh,wordfreq,96,1.0
民盟,3.37,zh,wordfreq,35,1.0
民粹,3.44,zh,wordfreq,31,1.0
民航,3.91,zh,wordfreq,37,1.0
民营,4.16,zh,wordfreq,42,1.0
民营化,3.47,zh,wordfreq,1,1.9
民警,3.84,zh,wordfreq,38,1.0
民调,4.04,zh,wordfreq,50,1.0
民谣,3.54,zh,wordfreq,30,1.0
民进,3.33,zh,wordfreq,55,1.0
民进党,3.76,zh,wordfreq,1,1.9
民选,3.53,zh,wordfreq,52,1.0
民间,4.89,zh,wordfreq,51,1.0
气体,4.37,zh,wordfreq,68,1.0
气候,4.69,zh,wordfreq,21,1.0
气功,3.38,zh,wordfreq,25,1.0
气势,3.76,zh,wordfreq,39,1.0
气压,3.73,zh,wordfreq,29,1.0
气味,4.05,zh,wordfreq,32,1.0
气息,4.1,zh,wordfreq,29,1.0
气愤,3.6,zh,wordfreq,18,1.1
气旋,3.62,zh,wordfreq,20,1.0
气概,3.48,zh,wordfreq,19,1.05
气死,3.41,zh,wordfreq,42,1.0
气氛,4.56,zh,wordfreq,17,1.15
气泡,3.46,zh,wordfreq,20,1.0
气流,3.68,zh,wordfreq,42,1.0
气温,4.27,zh,wordfreq,24,1.0
气球,3.87,zh,wordfreq,40,1.0
气象,4.4,zh,wordfreq,33,1.0
气质,4.17,zh,wordfreq,39,1.0
氛围,4.31,zh,wordfreq,8,1.6
氢弹,3.32,zh,wordfreq,10,1.5
氧化,3.91,zh,wordfreq,41,1.0
氧气,3.94,zh,wordfreq,43,1.0
氨基酸,3.58,zh,wordfreq,0,2.0
水上,3.94,zh,wordfreq,120,1.0
水下,3.87,zh,wordfreq,115,1.0
水中,4.27,zh,wordfreq,95,1.0
水井,3.34,zh,wordfreq,48,1.0
水产,3.87,zh,wordfreq,72,1.0
水位,3.82,zh,wordfreq,93,1.0
水体,3.44,zh,wordfreq,98,1.0
水军,3.47,zh,wordfreq,77,1.0
水准,4.2,zh,wordfreq,59,1.0
水分,3.9,zh,wordfreq,81,1.0
水利,4.07,zh,wordfreq,90,1.0
水力,3.69,zh,wordfreq,118,1.0
水印,3.34,zh,wordfreq,52,1.0
水土,3.49,zh,wordfreq,58,1.0
水坝,3.66,zh,wordfreq,48,1.0
水域,3.94,zh,wordfreq,55,1.0
水壶,3.41,zh,wordfreq,47,1.0
水平,5.1,zh,wordfreq,59,1.0
水库,4.17,zh,wordfreq,56,1.0
水底,3.4,zh,wordfreq,58,1.0
水手,3.76,zh,wordfreq,105,1.0
水文,3.59,zh,wordfreq,91,1.0
水族,3.39,zh,wordfreq,65,1.0
水星,3.32,zh,wordfreq,73,1.0
水晶,4.11,zh,wordfreq,49,1.0
水木,3.34,zh,wordfreq,54,1.0
水果,4.46,zh,wordfreq,63,1.0
水母,3.41,zh,wordfreq,58,1.0
水池,3.48,zh,wordfreq,51,1.0
水泥,4.3,zh,wordfreq,48,1.0
水泵,3.33,zh,wordfreq,47,1.0
水流,3.89,zh,wordfreq,72,1.0
水浒传,3.4,zh,wordfreq,0,2.0
水深,3.73,zh,wordfreq,53,1.0
水温,3.51,zh,wordfreq,54,1.0
水源,4.0,zh,wordfreq,61,1.0
水滴,3.34,zh,wordfreq,50,1.0
水灾,3.7,zh,wordfreq,55,1.0
水牛,3.33,zh,wordfreq,56,1.0
水电,3.95,zh,wordfreq,66,1.0
水电站,3.61,zh,wordfreq,1,1.85
水稻,3.83,zh,wordfreq,47,1.0
水管,3.7,zh,wordfreq,65,1.0
水系,3.85,zh,wordfreq,54,1.0
水质,3.97,zh,wordfreq,69,1.0
水资源,3.79,zh,wordfreq,0,1.9
水路,3.53,zh,wordfreq,82,1.0
水运,3.38,zh,wordfreq,66,1.0
水道,3.41,zh,wordfreq,87,1.0
水量,3.63,zh,wordfreq,88,1.0
水面,4.13,zh,wordfreq,103,1.0
永不,4.13,zh,wordfreq,16,1.2
永久,4.41,zh,wordfreq,17,1.1
永久性,3.49,zh,wordfreq,0,1.95
永乐,3.84,zh,wordfreq,22,1.0
永安,3.54,zh,wordfreq,24,1.0
永恒,4.21,zh,wordfreq,8,1.6
永生,3.56,zh,wordfreq,56,1.0
永福,3.45,zh,wordfreq,12,1.4
永续,3.48,zh,wordfreq,16,1.2
永远,5.25,zh,wordfreq,19,1.05
求助,4.08,zh,wordfreq,27,1.0
求婚,3.86,zh,wordfreq,20,1.0
求学,3.74,zh,wordfreq,48,1.0
求得,3.34,zh,wordfreq,43,1.0
求情,3.36,zh,wordfreq,55,1.0
求援,3.4,zh,wordfreq,16,1.2
求救,3.73,zh,wordfreq,24,1.0
求求,3.66,zh,wordfreq,29,1.0
求生,3.73,zh,wordfreq,59,1.0
求职,3.91,zh,wordfreq,30,1.0
求解,3.63,zh,wordfreq,33,1.0
求饶,3.33,zh,wordfreq,11,1.45
汇丰,3.55,zh,wordfreq,11,1.45
汇入,3.49,zh,wordfreq,71,1.0
汇合,3.46,zh,wordfreq,38,1.0
汇总,3.85,zh,wordfreq,12,1.4
汇报,4.27,zh,wordfreq,42,1.0
汇款,3.69,zh,wordfreq,29,1.0
汇率,4.36,zh,wordfreq,26,1.0
汇票,3.34,zh,wordfreq,28,1.0
汇编,3.63,zh,wordfreq,16,1.2
汇聚,3.74,zh,wordfreq,16,1.2
汇集,4.09,zh,wordfreq,32,1.0
汉中,3.9,zh,wordfreq,65,1.0
汉书,3.39,zh,wordfreq,42,1.0
汉人,4.1,zh,wordfreq,157,1.0
汉代,3.54,zh,wordfreq,40,1.0
汉化,3.5,zh,wordfreq,57,1.0
汉口,3.82,zh,wordfreq,54,1.0
汉城,3.64,zh,wordfreq,41,1.0
汉堡,4.15,zh,wordfreq,19,1.05
汉奸,4.08,zh,wordfreq,20,1.0
汉娜,3.34,zh,wordfreq,22,1.0
汉子,3.91,zh,wordfreq,189,1.0
汉字,4.22,zh,wordfreq,30,1.0
汉文,3.41,zh,wordfreq,61,1.0
汉斯,3.58,zh,wordfreq,59,1.0
汉族,4.38,zh,wordfreq,35,1.0
汉朝,3.32,zh,wordfreq,25,1.0
汉武帝,3.38,zh,wordfreq,0,2.0
汉语,4.52,zh,wordfreq,46,1.0
汉阳,3.33,zh,wordfreq,34,1.0
汕头,3.76,zh,wordfreq,73,1.0
汗水,3.56,zh,wordfreq,46,1.0
江北,3.44,zh,wordfreq,24,1.0
江南,4.25,zh,wordfreq,32,1.0
江宁,3.4,zh,wordfreq,21,1.0
江山,3.83,zh,wordfreq,49,1.0
江户,3.38,zh,wordfreq,29,1.0
江河,3.45,zh,wordfreq,26,1.0
江泽民,4.51,zh,wordfreq,0,2.0
江浙,3.33,zh,wordfreq,13,1.35
江淮,3.4,zh,wordfreq,13,1.35
江湖,4.08,zh,wordfreq,18,1.1
江苏,4.85,zh,wordfreq,14,1.25
江苏省,4.16,zh,wordfreq,1,1.9
江西,4.6,zh,wordfreq,31,1.0
江西省,3.94,zh,wordfreq,3,1.8
江阴,3.39,zh,wordfreq,14,1.3
江陵,3.44,zh,wordfreq,15,1.25
江青,3.78,zh,wordfreq,18,1.1
池塘,3.72,zh,wordfreq,0,2.0
污染,4.81,zh,wordfreq,8,1.55
污染物,3.7,zh,wordfreq,0,1.95
污水,4.02,zh,wordfreq,51,1.0
污泥,3.32,zh,wordfreq,6,1.7
污点,3.5,zh,wordfreq,69,1.0
污秽,3.39,zh,wordfreq,6,1.7
污蔑,3.46,zh,wordfreq,6,1.7
汤姆,3.95,zh,wordfreq,6,1.7
汤普森,3.53,zh,wordfreq,1,1.95
汪洋,3.38,zh,wordfreq,6,1.7
汪精卫,3.53,zh,wordfreq,0,2.0
汲取,3.6,zh,wordfreq,26,1.0
汶川,3.47,zh,wordfreq,9,1.55
汹涌,3.39,zh,wordfreq,0,2.0
汽水,3.7,zh,wordfreq,48,1.0
汽油,4.15,zh,wordfreq,13,1.35
汽车,5.24,zh,wordfreq,50,1.0
汽车站,3.34,zh,wordfreq,1,1.85
沃克,3.4,zh,wordfreq,33,1.0
沃尔夫,3.46,zh,wordfreq,3,1.85
沃尔特,3.44,zh,wordfreq,2,1.85
沃尔玛,3.37,zh,wordfreq,2,1.9
沈阳,4.39,zh,wordfreq,17,1.1
沈阳市,3.5,zh,wordfreq,0,1.95
沉入,3.35,zh,wordfreq,75,1.0
沉寂,3.38,zh,wordfreq,14,1.3
沉思,3.66,zh,wordfreq,21,1.0
沉没,3.66,zh,wordfreq,17,1.15
沉沦,3.37,zh,wordfreq,14,1.3
沉浸,3.72,zh,wordfreq,14,1.3
沉淀,3.73,zh,wordfreq,15,1.25
沉着,3.34,zh,wordfreq,51,1.0
沉睡,3.69,zh,wordfreq,16,1.2
沉积,3.57,zh,wordfreq,19,1.05
沉稳,3.38,zh,wordfreq,16,1.2
沉船,3.49,zh,wordfreq,25,1.0
沉迷,3.68,zh,wordfreq,21,1.0
沉重,4.17,zh,wordfreq,45,1.0
沉默,4.51,zh,wordfreq,17,1.15
沐浴,3.63,zh,wordfreq,1,1.95
沙丘,3.34,zh,wordfreq,13,1.35
沙发,4.21,zh,wordfreq,60,1.0
沙子,3.68,zh,wordfreq,184,1.0
沙尘,3.32,zh,wordfreq,13,1.3
沙尘暴,3.33,zh,wordfreq,0,1.95
沙巴,3.63,zh,wordfreq,22,1.0
沙拉,3.59,zh,wordfreq,44,1.0
沙河,3.45,zh,wordfreq,25,1.0
沙湾,3.46,zh,wordfreq,15,1.25
沙滩,4.2,zh,wordfreq,14,1.3
沙漠,4.39,zh,wordfreq,14,1.25
沙漠化,3.38,zh,wordfreq,0,1.95
沙特,4.01,zh,wordfreq,39,1.0
沙皇,3.69,zh,wordfreq,16,1.2
沙龙,3.74,zh,wordfreq,23,1.0
沟通,4.78,zh,wordfreq,24,1.0
没事,4.52,zh,wordfreq,66,1.0
没人会,3.45,zh,wordfreq,1,1.9
没人能,3.47,zh,wordfreq,1,1.9
没什么,4.81,zh,wordfreq,2,1.85
没关系,4.41,zh,wordfreq,1,1.9
没准,3.4,zh,wordfreq,22,1.0
没多久,3.34,zh,wordfreq,0,1.95
没带,3.58,zh,wordfreq,31,1.0
没想到,4.57,zh,wordfreq,0,1.95
没意思,3.37,zh,wordfreq,1,1.9
没收,4.38,zh,wordfreq,20,1.0
没有,6.38,zh,wordfreq,79,1.0
没法,4.48,zh,wordfreq,56,1.0
没用,4.4,zh,wordfreq,77,1.0
没空,3.39,zh,wordfreq,29,1.0
没落,3.71,zh,wordfreq,36,1.0
没说,4.95,zh,wordfreq,40,1.0
没错,4.58,zh,wordfreq,21,1.0
沥青,3.46,zh,wordfreq,5,1.75
沦为,4.12,zh,wordfreq,45,1.0
沦落,3.44,zh,wordfreq,28,1.0
沦陷,3.9,zh,wordfreq,6,1.7
沧州,3.47,zh,wordfreq,34,1.0
沧桑,3.33,zh,wordfreq,1,1.95
沮丧,4.11,zh,wordfreq,0,2.0
河东,3.46,zh,wordfreq,36,1.0
河内,3.99,zh,wordfreq,41,1.0
河北,4.65,zh,wordfreq,28,1.0
河北省,4.01,zh,wordfreq,2,1.85
河南,4.72,zh,wordfreq,36,1.0
河南省,4.04,zh,wordfreq,4,1.75
河口,3.83,zh,wordfreq,54,1.0
河岸,3.58,zh,wordfreq,29,1.0
河川,3.59,zh,wordfreq,26,1.0
河床,3.36,zh,wordfreq,22,1.0
河水,3.84,zh,wordfreq,63,1.0
河流,4.46,zh,wordfreq,42,1.0
河源,3.36,zh,wordfreq,31,1.0
河畔,3.44,zh,wordfreq,18,1.1
河西,3.39,zh,wordfreq,35,1.0
河谷,3.92,zh,wordfreq,22,1.0
河边,3.79,zh,wordfreq,45,1.0
河道,4.08,zh,wordfreq,57,1.0
河里,3.69,zh,wordfreq,62,1.0
河马,3.39,zh,wordfreq,41,1.0
沸腾,3.63,zh,wordfreq,2,1.9
油价,4.01,zh,wordfreq,39,1.0
油料,3.55,zh,wordfreq,31,1.0
油气,3.74,zh,wordfreq,50,1.0
油污,3.4,zh,wordfreq,10,1.5
油漆,3.72,zh,wordfreq,8,1.6
油炸,3.53,zh,wordfreq,10,1.5
油田,3.81,zh,wordfreq,19,1.05
油画,3.9,zh,wordfreq,21,1.0
油脂,3.65,zh,wordfreq,9,1.55
治国,3.99,zh,wordfreq,61,1.0
治安,4.37,zh,wordfreq,22,1.0
治愈,4.08,zh,wordfreq,7,1.65
治所,3.46,zh,wordfreq,17,1.15
治理,4.77,zh,wordfreq,47,1.0
治疗,5.09,zh,wordfreq,9,1.55
治病,3.66,zh,wordfreq,18,1.1
沼泽,3.94,zh,wordfreq,2,1.9
沾满,3.38,zh,wordfreq,15,1.25
沿岸,4.15,zh,wordfreq,20,1.0
沿江,3.35,zh,wordfreq,18,1.1
沿海,4.41,zh,wordfreq,33,1.0
沿用,3.93,zh,wordfreq,75,1.0
沿着,4.14,zh,wordfreq,45,1.0
沿线,3.92,zh,wordfreq,48,1.0
沿袭,3.46,zh,wordfreq,18,1.1
沿途,3.71,zh,wordfreq,15,1.25
沿革,3.89,zh,wordfreq,12,1.4
泄密,3.41,zh,wordfreq,16,1.2
泄漏,4.08,zh,wordfreq,3,1.85
泄露,4.17,zh,wordfreq,11,1.45
泉州,3.66,zh,wordfreq,34,1.0
泉水,3.59,zh,wordfreq,47,1.0
法人,4.13,zh,wordfreq,168,1.0
法令,4.36,zh,wordfreq,38,1.0
法兰,3.79,zh,wordfreq,37,1.0
法兰克,3.78,zh,wordfreq,2,1.85
法兰西,3.91,zh,wordfreq,1,1.9
法典,3.66,zh,wordfreq,39,1.0
法则,4.14,zh,wordfreq,37,1.0
法制,4.32,zh,wordfreq,65,1.0
法医,3.45,zh,wordfreq,34,1.0
法国,5.42,zh,wordfreq,83,1.0
法国人,4.08,zh,wordfreq,5,1.6
法子,3.5,zh,wordfreq,200,1.0
法学,4.19,zh,wordfreq,65,1.0
法学院,3.7,zh,wordfreq,4,1.65
法官,4.73,zh,wordfreq,42,1.0
法定,4.25,zh,wordfreq,80,1.0
法宝,3.57,zh,wordfreq,35,1.0
法师,3.96,zh,wordfreq,47,1.0
法庭,4.76,zh,wordfreq,31,1.0
法式,3.61,zh,wordfreq,48,1.0
法律,5.5,zh,wordfreq,35,1.0
法拉利,3.68,zh,wordfreq,0,2.0
法文,3.74,zh,wordfreq,72,1.0
法术,3.36,zh,wordfreq,39,1.0
法案,4.61,zh,wordfreq,55,1.0
法治,4.45,zh,wordfreq,42,1.0
法王,3.36,zh,wordfreq,40,1.0
法理,3.41,zh,wordfreq,69,1.0
法老,3.32,zh,wordfreq,36,1.0
法西斯,4.2,zh,wordfreq,0,1.95
法规,4.97,zh,wordfreq,32,1.0
法语,4.34,zh,wordfreq,57,1.0
法轮功,3.65,zh,wordfreq,0,2.0
法郎,3.53,zh,wordfreq,32,1.0
法门,3.32,zh,wordfreq,73,1.0
法院,5.0,zh,wordfreq,46,1.0
泛滥,3.98,zh,wordfreq,0,2.0
泡妞,3.38,zh,wordfreq,3,1.85
泡沫,4.0,zh,wordfreq,3,1.85
泡泡,3.65,zh,wordfreq,6,1.7
泡菜,3.35,zh,wordfreq,7,1.65
波兰,4.61,zh,wordfreq,22,1.0
波兰人,3.35,zh,wordfreq,1,1.9
波动,4.36,zh,wordfreq,72,1.0
波及,3.85,zh,wordfreq,26,1.0
波士,3.68,zh,wordfreq,41,1.0
波士顿,4.11,zh,wordfreq,0,1.95
波尔,3.55,zh,wordfreq,57,1.0
波拉,3.45,zh,wordfreq,45,1.0
波斯,4.11,zh,wordfreq,55,1.0
波斯湾,3.47,zh,wordfreq,0,1.95
波段,3.53,zh,wordfreq,24,1.0
波波,3.53,zh,wordfreq,19,1.05
波浪,3.55,zh,wordfreq,19,1.05
波特,3.95,zh,wordfreq,40,1.0
波特兰,3.36,zh,wordfreq,0,1.9
波罗,3.57,zh,wordfreq,19,1.0
波长,3.7,zh,wordfreq,82,1.0
波音,4.11,zh,wordfreq,31,1.0
泥土,3.67,zh,wordfreq,14,1.3
泥巴,3.38,zh,wordfreq,13,1.35
泥沙,3.43,zh,wordfreq,8,1.6
泥泞,3.39,zh,wordfreq,3,1.85
注入,4.24,zh,wordfreq,72,1.0
注册,4.91,zh,wordfreq,14,1.3
注定,4.19,zh,wordfreq,63,1.0
注射,4.15,zh,wordfreq,23,1.0
注意,5.35,zh,wordfreq,60,1.0
注意力,4.2,zh,wordfreq,0,1.95
注明,4.02,zh,wordfreq,42,1.0
注目,3.76,zh,wordfreq,29,1.0
注视,3.8,zh,wordfreq,39,1.0
注解,3.52,zh,wordfreq,33,1.0
注释,4.01,zh,wordfreq,18,1.1
注重,4.45,zh,wordfreq,42,1.0
注销,3.83,zh,wordfreq,26,1.0
泪水,3.99,zh,wordfreq,46,1.0
泰勒,4.0,zh,wordfreq,8,1.6
泰国,4.82,zh,wordfreq,60,1.0
泰国人,3.34,zh,wordfreq,5,1.65
泰安,3.58,zh,wordfreq,21,1.0
泰山,3.78,zh,wordfreq,41,1.0
泰州,3.38,zh,wordfreq,38,1.0
泰语,3.32,zh,wordfreq,34,1.0
泳池,3.87,zh,wordfreq,5,1.7
泳装,3.45,zh,wordfreq,23,1.0
泸州,3.48,zh,wordfreq,33,1.0
洁净,3.63,zh,wordfreq,3,1.85
洋人,3.56,zh,wordfreq,141,1.0
洋葱,3.67,zh,wordfreq,1,1.95
洗劫,3.68,zh,wordfreq,11,1.45
洗手,3.63,zh,wordfreq,66,1.0
洗手间,3.6,zh,wordfreq,0,1.95
洗涤,3.41,zh,wordfreq,8,1.6
洗澡,4.21,zh,wordfreq,8,1.6
洗礼,3.81,zh,wordfreq,16,1.2
洗脑,3.9,zh,wordfreq,12,1.4
洗脸,3.36,zh,wordfreq,13,1.35
洗衣,3.68,zh,wordfreq,21,1.0
洗衣服,3.35,zh,wordfreq,3,1.75
洗衣机,3.69,zh,wordfreq,1,1.9
洗钱,3.6,zh,wordfreq,32,1.0
洛伊,3.39,zh,wordfreq,5,1.7
洛克,3.96,zh,wordfreq,38,1.0
洛夫,3.74,zh,wordfreq,22,1.0
洛斯,3.64,zh,wordfreq,47,1.0
洛杉矶,4.56,zh,wordfreq,0,2.7
洛特,3.37,zh,wordfreq,32,1.0
洛阳,4.13,zh,wordfreq,22,1.0
洞口,3.49,zh,wordfreq,38,1.0
洞穴,3.92,zh,wordfreq,2,1.9
津贴,4.1,zh,wordfreq,3,1.85
洪森,3.44,zh,wordfreq,5,1.75
洪武,3.37,zh,wordfreq,10,1.5
洪水,4.28,zh,wordfreq,50,1.0
洪流,3.32,zh,wordfreq,29,1.0
洪灾,3.54,zh,wordfreq,12,1.4
洲际,3.47,zh,wordfreq,8,1.6
活下去,3.76,zh,wordfreq,0,1.95
活人,3.6,zh,wordfreq,154,1.0
活佛,3.43,zh,wordfreq,19,1.05
活儿,3.65,zh,wordfreq,39,1.0
活力,4.34,zh,wordfreq,85,1.0
活动,5.86,zh,wordfreq,73,1.0
活动家,3.44,zh,wordfreq,0,1.95
活在,3.89,zh,wordfreq,35,1.0
活埋,3.46,zh,wordfreq,15,1.25
活塞,3.74,zh,wordfreq,18,1.1
活性,3.73,zh,wordfreq,59,1.0
活泼,3.98,zh,wordfreq,14,1.3
活活,3.64,zh,wordfreq,25,1.0
活生生,3.8,zh,wordfreq,0,2.0
活着,4.57,zh,wordfreq,51,1.0
活著,3.58,zh,wordfreq,25,1.0
活该,3.66,zh,wordfreq,19,1.05
活跃,4.59,zh,wordfreq,17,1.15
洽谈,3.59,zh,wordfreq,9,1.55
派兵,3.59,zh,wordfreq,24,1.0
派出,4.36,zh,wordfreq,84,1.0
派出所,4.01,zh,wordfreq,0,1.95
派别,3.75,zh,wordfreq,24,1.0
派对,4.17,zh,wordfreq,18,1.1
派系,3.85,zh,wordfreq,13,1.35
派遣,4.35,zh,wordfreq,7,1.65
派驻,3.71,zh,wordfreq,9,1.55
流下,3.53,zh,wordfreq,100,1.0
流亡,4.0,zh,wordfreq,40,1.0
流产,3.79,zh,wordfreq,57,1.0
流传,4.41,zh,wordfreq,41,1.0
流体,3.76,zh,wordfreq,83,1.0
流入,4.14,zh,wordfreq,93,1.0
流出,4.09,zh,wordfreq,110,1.0
流利,3.62,zh,wordfreq,75,1.0
流动,4.57,zh,wordfreq,91,1.0
流动性,3.65,zh,wordfreq,0,1.95
流向,4.01,zh,wordfreq,66,1.0
流域,4.34,zh,wordfreq,40,1.0
流失,4.06,zh,wordfreq,43,1.0
流感,3.8,zh,wordfreq,52,1.0
流放,3.87,zh,wordfreq,45,1.0
流星,3.56,zh,wordfreq,58,1.0
流氓,4.14,zh,wordfreq,32,1.0
流水,3.9,zh,wordfreq,78,1.0
流水线,3.33,zh,wordfreq,0,1.95
流泪,3.89,zh,wordfreq,34,1.0
流派,3.88,zh,wordfreq,48,1.0
流浪,3.99,zh,wordfreq,38,1.0
流浪汉,3.47,zh,wordfreq,0,1.95
流淌,3.45,zh,wordfreq,32,1.0
流畅,3.86,zh,wordfreq,35,1.0
流程,4.34,zh,wordfreq,57,1.0
流经,3.84,zh,wordfreq,48,1.0
流落,3.38,zh,wordfreq,58,1.0
流血,4.07,zh,wordfreq,41,1.0
流行,4.72,zh,wordfreq,96,1.0
流言,3.62,zh,wordfreq,59,1.0
流转,3.58,zh,wordfreq,45,1.0
流通,4.47,zh,wordfreq,56,1.0
流逝,3.55,zh,wordfreq,34,1.0
流量,4.5,zh,wordfreq,73,1.0
流露,3.43,zh,wordfreq,41,1.0
浅薄,3.42,zh,wordfreq,1,1.95
测定,3.91,zh,wordfreq,58,1.0
测算,3.6,zh,wordfreq,23,1.0
测绘,3.74,zh,wordfreq,8,1.6
测评,3.71,zh,wordfreq,12,1.4
测试,4.91,zh,wordfreq,16,1.2
测量,4.57,zh,wordfreq,47,1.0
测验,4.05,zh,wordfreq,14,1.3
济南,4.41,zh,wordfreq,21,1.0
济南市,3.51,zh,wordfreq,0,1.95
济宁,3.43,zh,wordfreq,10,1.5
济州,3.39,zh,wordfreq,35,1.0
济州岛,3.44,zh,wordfreq,0,1.95
浏览,4.38,zh,wordfreq,6,1.65
浏览器,4.19,zh,wordfreq,0,1.95
浑身,3.87,zh,wordfreq,38,1.0
浓厚,4.02,zh,wordfreq,7,1.65
浓度,4.15,zh,wordfreq,52,1.0
浓烟,3.5,zh,wordfreq,11,1.45
浓缩,3.7,zh,wordfreq,10,1.5
浓郁,3.62,zh,wordfreq,6,1.7
浙江,4.75,zh,wordfreq,10,1.45
浙江省,4.05,zh,wordfreq,0,1.95
浦东,3.7,zh,wordfreq,19,1.05
浩劫,3.5,zh,wordfreq,3,1.85
浪子,3.32,zh,wordfreq,175,1.0
浪漫,4.43,zh,wordfreq,6,1.7
浪潮,4.01,zh,wordfreq,11,1.45
浪费,4.69,zh,wordfreq,21,1.0
浮出,3.35,zh,wordfreq,82,1.0
浮动,3.6,zh,wordfreq,63,1.0
浮夸,3.39,zh,wordfreq,4,1.8
浮现,3.81,zh,wordfreq,16,1.2
浮雕,3.43,zh,wordfreq,5,1.75
浴场,3.33,zh,wordfreq,56,1.0
浴室,4.19,zh,wordfreq,13,1.35
浴池,3.46,zh,wordfreq,7,1.65
浴缸,3.58,zh,wordfreq,3,1.85
海上,4.48,zh,wordfreq,115,1.0
海事,3.51,zh,wordfreq,98,1.0
海伦,3.58,zh,wordfreq,44,1.0
海关,4.27,zh,wordfreq,59,1.0
海内外,3.75,zh,wordfreq,1,1.85
海军,4.75,zh,wordfreq,72,1.0
海南,4.41,zh,wordfreq,61,1.0
海南岛,3.34,zh,wordfreq,1,1.85
海南省,3.62,zh,wordfreq,4,1.75
海口,3.89,zh,wordfreq,79,1.0
海啸,3.82,zh,wordfreq,42,1.0
海地,3.73,zh,wordfreq,107,1.0
海域,4.26,zh,wordfreq,50,1.0
海外,4.95,zh,wordfreq,73,1.0
海天,3.35,zh,wordfreq,89,1.0
海尔,3.77,zh,wordfreq,86,1.0
海岛,3.62,zh,wordfreq,53,1.0
海岸,4.37,zh,wordfreq,54,1.0
海岸线,3.72,zh,wordfreq,0,1.95
海峡,4.32,zh,wordfreq,43,1.0
海平面,3.55,zh,wordfreq,0,1.9
海底,4.2,zh,wordfreq,53,1.0
海德,3.46,zh,wordfreq,70,1.0
海战,3.49,zh,wordfreq,81,1.0
海报,4.18,zh,wordfreq,74,1.0
海拔,4.35,zh,wordfreq,44,1.0
海棠,3.34,zh,wordfreq,42,1.0
海水,4.13,zh,wordfreq,88,1.0
海洋,4.73,zh,wordfreq,48,1.0
海洛因,3.38,zh,wordfreq,0,2.0
海浪,3.59,zh,wordfreq,48,1.0
海淀,3.38,zh,wordfreq,43,1.0
海淀区,3.54,zh,wordfreq,0,1.95
海港,3.55,zh,wordfreq,44,1.0
海湾,4.22,zh,wordfreq,45,1.0
海滨,3.81,zh,wordfreq,43,1.0
海滩,4.36,zh,wordfreq,44,1.0
海牙,3.49,zh,wordfreq,45,1.0
海盗,4.14,zh,wordfreq,46,1.0
海绵,3.67,zh,wordfreq,42,1.0
海豚,3.85,zh,wordfreq,42,1.0
海豹,3.66,zh,wordfreq,43,1.0
海贼,3.41,zh,wordfreq,43,1.0
海边,4.17,zh,wordfreq,70,1.0
海运,3.89,zh,wordfreq,61,1.0
海里,3.92,zh,wordfreq,87,1.0
海面,3.82,zh,wordfreq,98,1.0
海风,3.35,zh,wordfreq,63,1.0
海鲜,3.72,zh,wordfreq,44,1.0
海龟,3.49,zh,wordfreq,43,1.0
浸泡,3.48,zh,wordfreq,3,1.85
涂层,3.34,zh,wordfreq,24,1.0
涂抹,3.53,zh,wordfreq,3,1.85
涂料,3.7,zh,wordfreq,26,1.0
涂鸦,3.8,zh,wordfreq,4,1.8
消亡,3.58,zh,wordfreq,23,1.0
消化,4.11,zh,wordfreq,55,1.0
消失,4.9,zh,wordfreq,26,1.0
消息,5.25,zh,wordfreq,27,1.0
消散,3.47,zh,wordfreq,23,1.0
消极,4.04,zh,wordfreq,23,1.0
消毒,3.87,zh,wordfreq,27,1.0
消灭,4.7,zh,wordfreq,20,1.0
消磨,3.47,zh,wordfreq,17,1.15
消耗,4.29,zh,wordfreq,16,1.2
消费,4.95,zh,wordfreq,33,1.0
消费品,3.99,zh,wordfreq,1,1.9
消费者,4.77,zh,wordfreq,1,1.9
消退,3.41,zh,wordfreq,21,1.0
消逝,3.55,zh,wordfreq,17,1.15
消遣,3.47,zh,wordfreq,16,1.2
消防,4.2,zh,wordfreq,21,1.0
消防员,3.6,zh,wordfreq,0,1.95
消除,4.56,zh,wordfreq,32,1.0
涉及,4.85,zh,wordfreq,16,1.2
涉嫌,4.3,zh,wordfreq,3,1.8
涉案,3.74,zh,wordfreq,30,1.0
涉足,3.68,zh,wordfreq,12,1.4
涌入,3.69,zh,wordfreq,62,1.0
涌现,4.07,zh,wordfreq,13,1.35
涡轮,3.82,zh,wordfreq,8,1.6
润滑,3.42,zh,wordfreq,2,1.9
涨价,3.94,zh,wordfreq,33,1.0
涨停,3.32,zh,wordfreq,5,1.75
涨幅,3.95,zh,wordfreq,9,1.55
液体,4.16,zh,wordfreq,55,1.0
液化,3.32,zh,wordfreq,44,1.0
液压,3.66,zh,wordfreq,16,1.2
液态,3.49,zh,wordfreq,18,1.1
液晶,3.5,zh,wordfreq,6,1.7
涵义,3.62,zh,wordfreq,19,1.05
涵盖,4.27,zh,wordfreq,5,1.75
淀粉,3.34,zh,wordfreq,4,1.8
淋浴,3.32,zh,wordfreq,1,1.95
淑女,3.58,zh,wordfreq,20,1.0
淘宝,3.95,zh,wordfreq,9,1.5
淘宝网,3.39,zh,wordfreq,0,1.95
淘气,3.4,zh,wordfreq,44,1.0
淘汰,4.41,zh,wordfreq,2,1.9
淡化,3.8,zh,wordfreq,41,1.0
淡水,3.87,zh,wordfreq,47,1.0
淡淡的,3.44,zh,wordfreq,0,2.0
淫乱,3.52,zh,wordfreq,19,1.05
淫妻,3.41,zh,wordfreq,7,1.65
淫秽,3.46,zh,wordfreq,4,1.8
淫荡,3.74,zh,wordfreq,9,1.55
淮南,3.67,zh,wordfreq,21,1.0
淮安,3.38,zh,wordfreq,18,1.1
淮河,3.4,zh,wordfreq,15,1.25
深信,3.73,zh,wordfreq,51,1.0
深入,4.79,zh,wordfreq,89,1.0
深切,3.73,zh,wordfreq,38,1.0
深刻,4.66,zh,wordfreq,36,1.0
深化,4.3,zh,wordfreq,68,1.0
深厚,4.01,zh,wordfreq,31,1.0
深受,4.15,zh,wordfreq,43,1.0
深圳,4.9,zh,wordfreq,28,1.0
深圳市,4.01,zh,wordfreq,0,1.95
深处,3.97,zh,wordfreq,60,1.0
深夜,4.26,zh,wordfreq,41,1.0
深奥,3.36,zh,wordfreq,31,1.0
深层,3.92,zh,wordfreq,49,1.0
深层次,3.47,zh,wordfreq,0,1.9
深度,4.62,zh,wordfreq,76,1.0
深思,3.59,zh,wordfreq,35,1.0
深情,3.68,zh,wordfreq,72,1.0
深感,3.83,zh,wordfreq,48,1.0
深水,3.47,zh,wordfreq,74,1.0
深沉,3.48,zh,wordfreq,30,1.0
深海,3.69,zh,wordfreq,53,1.0
深深,4.25,zh,wordfreq,34,1.0
深渊,3.8,zh,wordfreq,28,1.0
深爱,3.72,zh,wordfreq,49,1.0
深知,3.7,zh,wordfreq,48,1.0
深色,3.35,zh,wordfreq,65,1.0
深表,3.33,zh,wordfreq,38,1.0
深远,4.17,zh,wordfreq,39,1.0
深造,3.49,zh,wordfreq,44,1.0
深重,3.34,zh,wordfreq,59,1.0
深陷,3.63,zh,wordfreq,32,1.0
混乱,4.69,zh,wordfreq,25,1.0
混入,3.37,zh,wordfreq,70,1.0
混凝土,4.07,zh,wordfreq,0,2.0
混合,4.54,zh,wordfreq,37,1.0
混合物,3.48,zh,wordfreq,2,1.85
混在,3.33,zh,wordfreq,30,1.0
混战,3.52,zh,wordfreq,48,1.0
混杂,3.62,zh,wordfreq,12,1.4
混沌,3.71,zh,wordfreq,9,1.55
混淆,3.96,zh,wordfreq,9,1.55
混蛋,3.84,zh,wordfreq,16,1.2
混血,3.62,zh,wordfreq,18,1.1
淹死,3.64,zh,wordfreq,26,1.0
淹没,3.92,zh,wordfreq,4,1.8
添加,4.41,zh,wordfreq,14,1.25
添加剂,3.54,zh,wordfreq,0,1.95
清代,4.09,zh,wordfreq,54,1.0
清军,3.46,zh,wordfreq,61,1.0
清净,3.45,zh,wordfreq,34,1.0
清凉,3.53,zh,wordfreq,33,1.0
清华,4.06,zh,wordfreq,50,1.0
清单,4.32,zh,wordfreq,45,1.0
清场,3.33,zh,wordfreq,84,1.0
清宫,3.51,zh,wordfreq,39,1.0
清廉,3.44,zh,wordfreq,33,1.0
清廷,3.37,zh,wordfreq,34,1.0
清扫,3.49,zh,wordfreq,33,1.0
清政府,3.63,zh,wordfreq,7,1.6
清新,3.94,zh,wordfreq,44,1.0
清明,3.59,zh,wordfreq,62,1.0
清晨,4.25,zh,wordfreq,33,1.0
清晰,4.42,zh,wordfreq,31,1.0
清朝,4.12,zh,wordfreq,39,1.0
清末,3.68,zh,wordfreq,37,1.0
清查,3.57,zh,wordfreq,47,1.0
清楚,5.16,zh,wordfreq,32,1.0
清水,3.96,zh,wordfreq,77,1.0
清洁,4.36,zh,wordfreq,36,1.0
清洁工,3.32,zh,wordfreq,0,1.95
清洗,4.29,zh,wordfreq,32,1.0
清澈,3.53,zh,wordfreq,31,1.0
清爽,3.47,zh,wordfreq,35,1.0
清理,4.54,zh,wordfreq,72,1.0
清白,3.64,zh,wordfreq,47,1.0
清真寺,4.01,zh,wordfreq,0,2.0
清空,3.33,zh,wordfreq,50,1.0
清算,3.95,zh,wordfreq,48,1.0
清纯,3.64,zh,wordfreq,32,1.0
清醒,4.33,zh,wordfreq,39,1.0
清除,4.29,zh,wordfreq,48,1.0
清风,3.45,zh,wordfreq,52,1.0
渊源,3.74,zh,wordfreq,14,1.3
渐渐,4.47,zh,wordfreq,3,1.85
渐进,3.45,zh,wordfreq,27,1.0
渔业,4.25,zh,wordfreq,37,1.0
渔夫,3.52,zh,wordfreq,20,1.0
渔民,4.02,zh,wordfreq,32,1.0
渔船,3.8,zh,wordfreq,14,1.3
渗入,3.64,zh,wordfreq,62,1.0
渗透,4.24,zh,wordfreq,4,1.8
渠道,4.44,zh,wordfreq,40,1.0
渡假,3.36,zh,wordfreq,13,1.35
渡轮,3.34,zh,wordfreq,10,1.5
渡过,3.88,zh,wordfreq,44,1.0
渤海,3.57,zh,wordfreq,25,1.0
温和,4.21,zh,wordfreq,24,1.0
温哥华,3.77,zh,wordfreq,0,2.0
温室,3.8,zh,wordfreq,21,1.0
温家宝,3.73,zh,wordfreq,0,2.0
温州,4.13,zh,wordfreq,44,1.0
温差,3.39,zh,wordfreq,21,1.0
温带,3.73,zh,wordfreq,32,1.0
温度,4.62,zh,wordfreq,59,1.0
温情,3.34,zh,wordfreq,55,1.0
温暖,4.48,zh,wordfreq,13,1.35
温柔,4.32,zh,wordfreq,11,1.45
温泉,4.11,zh,wordfreq,14,1.3
温饱,3.74,zh,wordfreq,12,1.4
温馨,3.88,zh,wordfreq,11,1.45
港人,3.67,zh,wordfreq,149,1.0
港元,3.82,zh,wordfreq,24,1.0
港区,3.58,zh,wordfreq,52,1.0
港口,4.43,zh,wordfreq,46,1.0
港台,3.74,zh,wordfreq,36,1.0
港币,3.75,zh,wordfreq,17,1.15
港府,3.43,zh,wordfreq,19,1.05
港湾,3.5,zh,wordfreq,12,1.4
港澳,4.03,zh,wordfreq,10,1.45
港澳台,3.5,zh,wordfreq,0,1.9
港股,3.38,zh,wordfreq,18,1.1
渲染,3.89,zh,wordfreq,3,1.85
渴望,4.45,zh,wordfreq,22,1.0
渴求,3.44,zh,wordfreq,19,1.05
游乐,3.48,zh,wordfreq,30,1.0
游乐园,3.46,zh,wordfreq,1,1.85
游乐场,3.57,zh,wordfreq,2,1.85
游人,3.33,zh,wordfreq,156,1.0
游击,3.81,zh,wordfreq,42,1.0
游击战,3.47,zh,wordfreq,1,1.9
游击队,4.04,zh,wordfreq,2,1.85
游历,3.34,zh,wordfreq,27,1.0
游客,4.71,zh,wordfreq,31,1.0
游戏,5.66,zh,wordfreq,22,1.0
游戏机,3.88,zh,wordfreq,0,1.95
游泳,4.49,zh,wordfreq,16,1.15
游泳池,3.9,zh,wordfreq,0,1.9
游牧,3.76,zh,wordfreq,18,1.1
游玩,3.81,zh,wordfreq,21,1.0
游离,3.43,zh,wordfreq,26,1.0
游艇,3.8,zh,wordfreq,20,1.0
游荡,3.58,zh,wordfreq,22,1.0
游行,4.9,zh,wordfreq,80,1.0
游览,3.94,zh,wordfreq,22,1.0
游记,3.6,zh,wordfreq,29,1.0
游说,3.74,zh,wordfreq,46,1.0
游走,3.36,zh,wordfreq,32,1.0
渺小,3.33,zh,wordfreq,18,1.1
湄公河,3.34,zh,wordfreq,0,2.0
湖中,3.33,zh,wordfreq,58,1.0
湖人,3.45,zh,wordfreq,150,1.0
湖北,4.68,zh,wordfreq,21,1.0
湖北省,4.13,zh,wordfreq,2,1.85
湖区,3.46,zh,wordfreq,53,1.0
湖南,4.7,zh,wordfreq,29,1.0
湖南省,4.04,zh,wordfreq,4,1.75
湖广,3.56,zh,wordfreq,12,1.4
湖水,3.5,zh,wordfreq,56,1.0
湖泊,4.21,zh,wordfreq,11,1.45
湖畔,3.42,zh,wordfreq,11,1.45
湖边,3.55,zh,wordfreq,38,1.0
湖面,3.4,zh,wordfreq,66,1.0
湘西,3.32,zh,wordfreq,18,1.1
湛江,3.37,zh,wordfreq,10,1.5
湿地,4.16,zh,wordfreq,68,1.0
湿度,3.75,zh,wordfreq,51,1.0
湿润,3.71,zh,wordfreq,5,1.75
湿透,3.43,zh,wordfreq,6,1.7
源于,4.27,zh,wordfreq,55,1.0
源代码,3.59,zh,wordfreq,0,1.9
源头,4.0,zh,wordfreq,77,1.0
源泉,3.64,zh,wordfreq,7,1.65
源码,3.48,zh,wordfreq,13,1.3
源自,4.14,zh,wordfreq,15,1.25
溢出,3.44,zh,wordfreq,78,1.0
溥仪,3.4,zh,wordfreq,2,1.9
溶于,3.46,zh,wordfreq,54,1.0
溶剂,3.51,zh,wordfreq,7,1.65
溶液,3.85,zh,wordfreq,7,1.65
溶解,3.63,zh,wordfreq,25,1.0
溺水,3.34,zh,wordfreq,46,1.0
滋养,3.32,zh,wordfreq,18,1.1
滋味,4.03,zh,wordfreq,18,1.1
滋润,3.73,zh,wordfreq,5,1.75
滋生,3.51,zh,wordfreq,51,1.0
滑动,3.55,zh,wordfreq,63,1.0
滑坡,3.47,zh,wordfreq,6,1.7
滑板,3.42,zh,wordfreq,19,1.05
滑稽,3.85,zh,wordfreq,4,1.8
滑雪,3.95,zh,wordfreq,9,1.55
滚动,3.67,zh,wordfreq,61,1.0
滚开,3.33,zh,wordfreq,34,1.0
滚蛋,3.58,zh,wordfreq,9,1.55
滞后,3.51,zh,wordfreq,40,1.0
滞留,3.78,zh,wordfreq,13,1.35
满分,3.72,zh,wordfreq,49,1.0
满口,3.35,zh,wordfreq,52,1.0
满嘴,3.4,zh,wordfreq,17,1.15
满地,3.62,zh,wordfreq,80,1.0
满心,3.33,zh,wordfreq,68,1.0
满怀,3.67,zh,wordfreq,20,1.0
满意,4.74,zh,wordfreq,64,1.0
满意度,3.59,zh,wordfreq,0,1.95
满族,3.69,zh,wordfreq,33,1.0
满月,3.58,zh,wordfreq,36,1.0
满洲,4.15,zh,wordfreq,23,1.0
满清,3.51,zh,wordfreq,25,1.0
满满,3.68,zh,wordfreq,30,1.0
满满的,3.53,zh,wordfreq,0,1.95
满脸,3.56,zh,wordfreq,20,1.0
满足,4.99,zh,wordfreq,24,1.0
满身,3.53,zh,wordfreq,53,1.0
满载,3.7,zh,wordfreq,30,1.0
滥用,4.28,zh,wordfreq,67,1.0
滨海,3.89,zh,wordfreq,25,1.0
滴滴,3.66,zh,wordfreq,3,1.85
漂亮,5.02,zh,wordfreq,10,1.45
漂流,3.66,zh,wordfreq,27,1.0
漂浮,3.58,zh,wordfreq,3,1.85
漆黑,3.65,zh,wordfreq,4,1.8
漏洞,4.2,zh,wordfreq,3,1.85
演习,4.09,zh,wordfreq,23,1.0
演出,4.84,zh,wordfreq,93,1.0
演化,4.04,zh,wordfreq,55,1.0
演变,4.45,zh,wordfreq,32,1.0
演员,4.85,zh,wordfreq,39,1.0
演员表,3.44,zh,wordfreq,0,1.95
演唱,4.26,zh,wordfreq,20,1.0
演唱会,4.28,zh,wordfreq,0,1.95
演奏,4.25,zh,wordfreq,18,1.1
演戏,3.83,zh,wordfreq,21,1.0
演技,3.79,zh,wordfreq,20,1.0
演示,3.89,zh,wordfreq,34,1.0
演练,3.73,zh,wordfreq,20,1.0
演绎,4.08,zh,wordfreq,15,1.25
演艺,3.74,zh,wordfreq,24,1.0
演艺圈,3.44,zh,wordfreq,0,1.95
演讲,4.59,zh,wordfreq,19,1.05
演说,4.17,zh,wordfreq,45,1.0
演进,3.62,zh,wordfreq,41,1.0
漠视,3.66,zh,wordfreq,28,1.0
漩涡,3.55,zh,wordfreq,0,2.0
漫步,3.74,zh,wordfreq,21,1.0
漫游,3.61,zh,wordfreq,16,1.2
漫漫,3.49,zh,wordfreq,7,1.65
漫画,4.97,zh,wordfreq,17,1.1
漫画家,3.98,zh,wordfreq,0,1.9
漫长,4.3,zh,wordfreq,73,1.0
漳州,3.72,zh,wordfreq,33,1.0
潇洒,3.69,zh,wordfreq,0,2.0
潍坊,3.45,zh,wordfreq,3,1.85
潘金莲,3.42,zh,wordfreq,0,2.0
潜伏,3.75,zh,wordfreq,10,1.5
潜入,3.81,zh,wordfreq,69,1.0
潜力,4.41,zh,wordfreq,79,1.0
潜在,4.38,zh,wordfreq,29,1.0
潜意识,3.71,zh,wordfreq,3,1.8
潜水,3.98,zh,wordfreq,54,1.0
潜能,3.75,zh,wordfreq,41,1.0
潜艇,4.19,zh,wordfreq,12,1.35
潜规则,3.45,zh,wordfreq,1,1.9
潜质,3.34,zh,wordfreq,30,1.0
潜逃,3.37,zh,wordfreq,10,1.5
潮州,3.49,zh,wordfreq,36,1.0
潮汐,3.4,zh,wordfreq,3,1.85
潮流,4.25,zh,wordfreq,28,1.0
潮湿,3.86,zh,wordfreq,4,1.8
澄清,4.13,zh,wordfreq,10,1.5
澎湖,3.45,zh,wordfreq,5,1.75
澡堂,3.36,zh,wordfreq,12,1.4
澳洲,4.84,zh,wordfreq,9,1.55
澳门,4.93,zh,wordfreq,46,1.0
激光,4.09,zh,wordfreq,39,1.0
激动,4.57,zh,wordfreq,73,1.0
激励,4.39,zh,wordfreq,16,1.2
激化,3.37,zh,wordfreq,54,1.0
激发,4.41,zh,wordfreq,62,1.0
激增,3.53,zh,wordfreq,18,1.1
激怒,3.91,zh,wordfreq,17,1.15
激情,4.36,zh,wordfreq,58,1.0
激战,3.68,zh,wordfreq,53,1.0
激活,3.94,zh,wordfreq,25,1.0
激烈,4.68,zh,wordfreq,19,1.05
激素,3.8,zh,wordfreq,22,1.0
激荡,3.52,zh,wordfreq,20,1.0
激起,4.0,zh,wordfreq,46,1.0
激进,4.15,zh,wordfreq,40,1.0
濒临,3.78,zh,wordfreq,5,1.75
濒危,3.63,zh,wordfreq,2,1.9
瀑布,4.06,zh,wordfreq,12,1.4
灌木,3.53,zh,wordfreq,9,1.5
灌木丛,3.38,zh,wordfreq,0,1.95
灌溉,3.99,zh,wordfreq,2,1.9
灌输,3.74,zh,wordfreq,5,1.75
火光,3.36,zh,wordfreq,48,1.0
火力,4.07,zh,wordfreq,94,1.0
火势,3.5,zh,wordfreq,45,1.0
火化,3.39,zh,wordfreq,63,1.0
火山,4.27,zh,wordfreq,59,1.0
火山口,3.38,zh,wordfreq,0,1.9
火星,4.2,zh,wordfreq,49,1.0
火柴,3.53,zh,wordfreq,23,1.0
火灾,4.29,zh,wordfreq,31,1.0
火炬,3.76,zh,wordfreq,23,1.0
火炮,3.81,zh,wordfreq,29,1.0
火烧,3.82,zh,wordfreq,27,1.0
火热,3.84,zh,wordfreq,31,1.0
火焰,4.1,zh,wordfreq,23,1.0
火爆,3.78,zh,wordfreq,24,1.0
火球,3.33,zh,wordfreq,46,1.0
火箭,4.52,zh,wordfreq,25,1.0
火箭炮,3.34,zh,wordfreq,0,1.9
火线,3.47,zh,wordfreq,63,1.0
火腿,3.66,zh,wordfreq,27,1.0
火花,3.77,zh,wordfreq,44,1.0
火药,3.59,zh,wordfreq,38,1.0
火葬,3.38,zh,wordfreq,28,1.0
火车,4.67,zh,wordfreq,71,1.0
火车头,3.33,zh,wordfreq,2,1.85
火车票,3.38,zh,wordfreq,2,1.8
火车站,4.33,zh,wordfreq,3,1.75
火锅,3.8,zh,wordfreq,23,1.0
火鸡,3.52,zh,wordfreq,29,1.0
灭亡,4.29,zh,wordfreq,11,1.45
灭口,3.34,zh,wordfreq,40,1.0
灭火,3.61,zh,wordfreq,25,1.0
灭绝,4.12,zh,wordfreq,8,1.6
灯光,4.13,zh,wordfreq,28,1.0
灯塔,3.83,zh,wordfreq,8,1.6
灯泡,3.5,zh,wordfreq,6,1.7
灯笼,3.87,zh,wordfreq,3,1.85
灰姑娘,3.56,zh,wordfreq,1,2.15
灰尘,3.75,zh,wordfreq,3,1.85
灰烬,3.39,zh,wordfreq,2,1.9
灰色,4.07,zh,wordfreq,39,1.0
灵异,3.4,zh,wordfreq,17,1.15
灵性,3.48,zh,wordfreq,51,1.0
灵感,4.18,zh,wordfreq,26,1.0
灵敏,3.62,zh,wordfreq,7,1.65
灵气,3.45,zh,wordfreq,48,1.0
灵活,4.32,zh,wordfreq,17,1.1
灵活性,3.33,zh,wordfreq,0,1.85
灵魂,4.72,zh,wordfreq,9,1.55
灾区,4.05,zh,wordfreq,48,1.0
灾害,4.38,zh,wordfreq,24,1.0
灾情,3.56,zh,wordfreq,49,1.0
灾民,3.82,zh,wordfreq,34,1.0
灾祸,3.33,zh,wordfreq,6,1.7
灾难,4.5,zh,wordfreq,22,1.0
灿烂,3.95,zh,wordfreq,2,1.9
炎热,3.73,zh,wordfreq,9,1.55
炎症,3.42,zh,wordfreq,4,1.8
炒作,3.8,zh,wordfreq,31,1.0
炫耀,3.68,zh,wordfreq,3,1.85
炮兵,3.67,zh,wordfreq,24,1.0
炮击,3.72,zh,wordfreq,32,1.0
炮台,3.41,zh,wordfreq,33,1.0
炮塔,3.44,zh,wordfreq,11,1.45
炮弹,3.85,zh,wordfreq,16,1.2
炮火,3.7,zh,wordfreq,28,1.0
炮轰,3.68,zh,wordfreq,6,1.7
炸弹,4.66,zh,wordfreq,14,1.3
炸掉,3.38,zh,wordfreq,22,1.0
炸死,3.54,zh,wordfreq,29,1.0
炸毁,3.82,zh,wordfreq,14,1.3
炸药,3.88,zh,wordfreq,19,1.05
点亮,3.82,zh,wordfreq,24,1.0
点儿,3.98,zh,wordfreq,41,1.0
点击,4.24,zh,wordfreq,42,1.0
点到,3.42,zh,wordfreq,68,1.0
点半,3.47,zh,wordfreq,21,1.0
点名,3.81,zh,wordfreq,83,1.0
点头,3.82,zh,wordfreq,89,1.0
点子,4.02,zh,wordfreq,188,1.0
点心,3.83,zh,wordfreq,69,1.0
点数,3.4,zh,wordfreq,47,1.0
点滴,3.61,zh,wordfreq,19,1.05
点火,3.65,zh,wordfreq,38,1.0
点点,3.71,zh,wordfreq,80,1.0
点燃,4.06,zh,wordfreq,16,1.2
点球,3.59,zh,wordfreq,39,1.0
点缀,3.45,zh,wordfreq,16,1.2
点评,3.94,zh,wordfreq,22,1.0
炼油,3.38,zh,wordfreq,12,1.35
炼油厂,3.35,zh,wordfreq,0,1.95
炼狱,3.5,zh,wordfreq,7,1.65
烈士,3.98,zh,wordfreq,30,1.0
烈日,3.34,zh,wordfreq,42,1.0
烈火,3.57,zh,wordfreq,24,1.0
烘焙,3.42,zh,wordfreq,0,2.0
烙印,3.44,zh,wordfreq,5,1.75
烛光,3.6,zh,wordfreq,25,1.0
烟台,3.92,zh,wordfreq,32,1.0
烟囱,3.57,zh,wordfreq,5,1.75
烟火,3.76,zh,wordfreq,27,1.0
烟花,3.63,zh,wordfreq,26,1.0
烟草,4.11,zh,wordfreq,10,1.5
烟雾,3.77,zh,wordfreq,7,1.65
烤肉,3.73,zh,wordfreq,10,1.5
烦恼,4.29,zh,wordfreq,2,1.9
烦躁,3.63,zh,wordfreq,3,1.85
烧伤,3.59,zh,wordfreq,18,1.1
烧掉,3.6,zh,wordfreq,22,1.0
烧死,3.75,zh,wordfreq,29,1.0
烧毁,4.05,zh,wordfreq,14,1.3
烧烤,3.79,zh,wordfreq,4,1.8
热切,3.44,zh,wordfreq,33,1.0
热力,3.35,zh,wordfreq,94,1.0
热力学,3.42,zh,wordfreq,1,1.85
热带,4.39,zh,wordfreq,44,1.0
热度,3.49,zh,wordfreq,71,1.0
热心,4.09,zh,wordfreq,76,1.0
热忱,3.6,zh,wordfreq,23,1.0
热情,4.75,zh,wordfreq,67,1.0
热水,3.84,zh,wordfreq,69,1.0
热浪,3.33,zh,wordfreq,29,1.0
热潮,4.0,zh,wordfreq,31,1.0
热火,3.44,zh,wordfreq,45,1.0
热点,4.33,zh,wordfreq,87,1.0
热烈,4.44,zh,wordfreq,28,1.0
热爱,4.47,zh,wordfreq,44,1.0
热狗,3.33,zh,wordfreq,28,1.0
热线,3.95,zh,wordfreq,63,1.0
热能,3.57,zh,wordfreq,56,1.0
热舞,3.34,zh,wordfreq,28,1.0
热血,3.93,zh,wordfreq,32,1.0
热衷,3.78,zh,wordfreq,25,1.0
热衷于,3.59,zh,wordfreq,0,1.95
热议,3.46,zh,wordfreq,38,1.0
热量,3.89,zh,wordfreq,64,1.0
热门,4.39,zh,wordfreq,68,1.0
热闹,4.07,zh,wordfreq,26,1.0
烹调,3.61,zh,wordfreq,22,1.0
烹饪,4.01,zh,wordfreq,1,1.95
焊接,3.57,zh,wordfreq,12,1.4
焕发,3.4,zh,wordfreq,48,1.0
焚毁,3.63,zh,wordfreq,11,1.45
焚烧,3.88,zh,wordfreq,5,1.75
焦急,3.37,zh,wordfreq,6,1.7
焦点,4.57,zh,wordfreq,66,1.0
焦虑,4.24,zh,wordfreq,6,1.7
然后,5.55,zh,wordfreq,40,1.0
然而,5.25,zh,wordfreq,9,1.55
煎熬,3.6,zh,wordfreq,2,1.9
煎饼,3.36,zh,wordfreq,2,1.9
煤气,3.67,zh,wordfreq,44,1.0
煤炭,4.22,zh,wordfreq,2,1.9
煤矿,4.18,zh,wordfreq,5,1.75
照亮,3.66,zh,wordfreq,19,1.05
照射,3.64,zh,wordfreq,23,1.0
照常,3.41,zh,wordfreq,24,1.0
照搬,3.32,zh,wordfreq,11,1.45
照料,3.77,zh,wordfreq,34,1.0
照明,3.96,zh,wordfreq,42,1.0
照样,3.87,zh,wordfreq,31,1.0
照片,5.48,zh,wordfreq,36,1.0
照相,3.76,zh,wordfreq,22,1.0
照相机,3.61,zh,wordfreq,0,1.9
照着,3.42,zh,wordfreq,48,1.0
照耀,3.51,zh,wordfreq,14,1.3
照镜子,3.33,zh,wordfreq,0,1.95
照顾,4.84,zh,wordfreq,16,1.2
煮饭,3.44,zh,wordfreq,6,1.7
煽动,4.19,zh,wordfreq,60,1.0
煽情,3.34,zh,wordfreq,45,1.0
熄灭,3.56,zh,wordfreq,6,1.7
熄灯,3.41,zh,wordfreq,5,1.75
熊猫,4.03,zh,wordfreq,3,1.8
熔岩,3.33,zh,wordfreq,0,2.0
熟人,3.73,zh,wordfreq,146,1.0
熟女,3.59,zh,wordfreq,26,1.0
熟悉,4.7,zh,wordfreq,8,1.6
熟睡,3.4,zh,wordfreq,8,1.6
熟知,3.83,zh,wordfreq,26,1.0
熟练,3.98,zh,wordfreq,11,1.45
熟识,3.33,zh,wordfreq,18,1.1
熬夜,3.53,zh,wordfreq,13,1.35
燃料,4.42,zh,wordfreq,27,1.0
燃气,3.75,zh,wordfreq,46,1.0
燃油,3.74,zh,wordfreq,15,1.25
燃烧,4.35,zh,wordfreq,8,1.6
燃起,3.45,zh,wordfreq,36,1.0
燕子,3.62,zh,wordfreq,172,1.0
爆出,3.43,zh,wordfreq,86,1.0
爆发,4.94,zh,wordfreq,56,1.0
爆料,3.68,zh,wordfreq,31,1.0
爆满,3.38,zh,wordfreq,23,1.0
爆炸,4.83,zh,wordfreq,10,1.45
爆炸案,3.68,zh,wordfreq,0,1.95
爆破,3.7,zh,wordfreq,15,1.25
爆笑,3.38,zh,wordfreq,20,1.0
爆米花,3.54,zh,wordfreq,0,2.0
爆红,3.38,zh,wordfreq,16,1.2
爆裂,3.54,zh,wordfreq,13,1.35
爪哇,3.41,zh,wordfreq,0,2.0
爬山,3.34,zh,wordfreq,37,1.0
爬行,3.48,zh,wordfreq,65,1.0
爱上,4.27,zh,wordfreq,90,1.0
爱上你,3.45,zh,wordfreq,0,1.95
爱丽丝,3.72,zh,wordfreq,0,2.0
爱乐,3.4,zh,wordfreq,31,1.0
爱人,4.19,zh,wordfreq,157,1.0
爱国,4.72,zh,wordfreq,72,1.0
爱国者,3.84,zh,wordfreq,1,1.9
爱奇艺,3.58,zh,wordfreq,0,2.0
爱好,4.26,zh,wordfreq,55,1.0
爱好者,4.2,zh,wordfreq,1,1.9
爱子,3.38,zh,wordfreq,189,1.0
爱尔兰,4.31,zh,wordfreq,0,2.0
爱德华,3.93,zh,wordfreq,1,1.95
爱心,4.27,zh,wordfreq,70,1.0
爱情,4.89,zh,wordfreq,61,1.0
爱意,3.36,zh,wordfreq,66,1.0
爱慕,3.57,zh,wordfreq,19,1.05
爱戴,3.62,zh,wordfreq,19,1.05
爱护,3.88,zh,wordfreq,31,1.0
爱是,4.84,zh,wordfreq,54,1.0
爱河,3.35,zh,wordfreq,30,1.0
爱看,3.54,zh,wordfreq,30,1.0
爱着,3.33,zh,wordfreq,54,1.0
爱美,3.51,zh,wordfreq,38,1.0
爱过,3.43,zh,wordfreq,59,1.0
爵士,4.08,zh,wordfreq,28,1.0
父亲,5.29,zh,wordfreq,11,1.45
父女,3.46,zh,wordfreq,23,1.0
父子,4.09,zh,wordfreq,175,1.0
父母,5.07,zh,wordfreq,14,1.25
爷爷,4.5,zh,wordfreq,4,1.8
爸妈,3.92,zh,wordfreq,9,1.55
爸爸,4.88,zh,wordfreq,3,1.85
爽快,3.38,zh,wordfreq,12,1.4
片中,3.61,zh,wordfreq,55,1.0
片刻,3.74,zh,wordfreq,15,1.25
片区,3.41,zh,wordfreq,50,1.0
片名,3.7,zh,wordfreq,74,1.0
片子,3.95,zh,wordfreq,179,1.0
片断,3.47,zh,wordfreq,24,1.0
片段,4.43,zh,wordfreq,18,1.1
片面,3.87,zh,wordfreq,63,1.0
版图,3.81,zh,wordfreq,20,1.0
版本,5.12,zh,wordfreq,24,1.0
版权,4.37,zh,wordfreq,34,1.0
版面,3.68,zh,wordfreq,59,1.0
牌坊,3.34,zh,wordfreq,5,1.75
牌子,4.06,zh,wordfreq,174,1.0
牌照,3.8,zh,wordfreq,20,1.0
牙买加,3.68,zh,wordfreq,0,2.0
牙医,3.52,zh,wordfreq,8,1.6
牙膏,3.61,zh,wordfreq,3,1.85
牙齿,4.26,zh,wordfreq,2,1.9
牛仔,3.79,zh,wordfreq,4,1.75
牛仔裤,3.85,zh,wordfreq,0,2.55
牛奶,4.31,zh,wordfreq,8,1.6
牛津,3.6,zh,wordfreq,5,1.75
牛肉,4.16,zh,wordfreq,14,1.3
牛顿,3.88,zh,wordfreq,9,1.55
牟利,3.45,zh,wordfreq,43,1.0
牡丹,3.6,zh,wordfreq,4,1.8
牢固,3.81,zh,wordfreq,10,1.5
牢房,3.72,zh,wordfreq,24,1.0
牢牢,3.62,zh,wordfreq,5,1.75
牢狱,3.48,zh,wordfreq,10,1.5
牢记,3.68,zh,wordfreq,17,1.15
牧区,3.58,zh,wordfreq,46,1.0
牧场,3.89,zh,wordfreq,56,1.0
牧师,4.27,zh,wordfreq,22,1.0
牧民,3.59,zh,wordfreq,32,1.0
物业,4.11,zh,wordfreq,45,1.0
物件,3.69,zh,wordfreq,38,1.0
物价,4.25,zh,wordfreq,42,1.0
物体,4.26,zh,wordfreq,62,1.0
物品,4.53,zh,wordfreq,38,1.0
物料,3.61,zh,wordfreq,34,1.0
物流,4.38,zh,wordfreq,36,1.0
物理,4.61,zh,wordfreq,52,1.0
物理学,3.96,zh,wordfreq,4,1.7
物种,4.18,zh,wordfreq,40,1.0
物语,3.9,zh,wordfreq,40,1.0
物质,4.97,zh,wordfreq,33,1.0
物资,4.58,zh,wordfreq,26,1.0
牲口,3.48,zh,wordfreq,38,1.0
牲畜,3.87,zh,wordfreq,2,1.9
牵制,3.62,zh,wordfreq,44,1.0
牵动,3.58,zh,wordfreq,66,1.0
牵头,3.77,zh,wordfreq,80,1.0
牵引,3.91,zh,wordfreq,12,1.4
牵扯,3.77,zh,wordfreq,9,1.55
牵挂,3.34,zh,wordfreq,9,1.55
牵涉,3.85,zh,wordfreq,9,1.55
牵连,3.81,zh,wordfreq,13,1.35
特产,3.79,zh,wordfreq,61,1.0
特价,3.43,zh,wordfreq,67,1.0
特使,3.67,zh,wordfreq,49,1.0
特例,3.36,zh,wordfreq,50,1.0
特写,3.68,zh,wordfreq,48,1.0
特别,5.63,zh,wordfreq,54,1.0
特制,3.49,zh,wordfreq,73,1.0
特务,4.2,zh,wordfreq,59,1.0
特区,4.35,zh,wordfreq,79,1.0
特地,3.87,zh,wordfreq,101,1.0
特大,3.78,zh,wordfreq,92,1.0
特定,4.78,zh,wordfreq,88,1.0
特工,4.03,zh,wordfreq,66,1.0
特征,4.89,zh,wordfreq,43,1.0
特性,4.53,zh,wordfreq,81,1.0
特意,3.94,zh,wordfreq,85,1.0
特技,3.66,zh,wordfreq,41,1.0
特拉,3.53,zh,wordfreq,68,1.0
特效,3.73,zh,wordfreq,50,1.0
特斯拉,3.54,zh,wordfreq,0,1.9
特有,4.29,zh,wordfreq,105,1.0
特朗普,4.13,zh,wordfreq,0,2.0
特权,4.35,zh,wordfreq,67,1.0
特此,3.39,zh,wordfreq,50,1.0
特殊,4.99,zh,wordfreq,37,1.0
特殊性,3.46,zh,wordfreq,0,1.9
特洛伊,3.44,zh,wordfreq,0,1.95
特派,3.43,zh,wordfreq,52,1.0
特派员,3.47,zh,wordfreq,0,1.95
特点,4.98,zh,wordfreq,100,1.0
特种,4.05,zh,wordfreq,65,1.0
特约,3.58,zh,wordfreq,56,1.0
特级,3.8,zh,wordfreq,66,1.0
特色,5.01,zh,wordfreq,73,1.0
特警,3.56,zh,wordfreq,45,1.0
特许,3.83,zh,wordfreq,47,1.0
特质,3.97,zh,wordfreq,58,1.0
特赦,3.68,zh,wordfreq,37,1.0
特辑,3.58,zh,wordfreq,40,1.0
特里,3.83,zh,wordfreq,81,1.0
特长,3.76,zh,wordfreq,105,1.0
特首,3.76,zh,wordfreq,45,1.0
牺牲,4.75,zh,wordfreq,0,1.95
牺牲品,3.46,zh,wordfreq,0,1.95
犀利,3.56,zh,wordfreq,44,1.0
犀牛,3.55,zh,wordfreq,10,1.5
犯下,3.85,zh,wordfreq,74,1.0
犯人,4.23,zh,wordfreq,146,1.0
犯案,3.49,zh,wordfreq,33,1.0
犯法,3.88,zh,wordfreq,52,1.0
犯罪,5.0,zh,wordfreq,16,1.1
犯罪率,3.49,zh,wordfreq,1,1.9
犯罪者,3.33,zh,wordfreq,1,1.9
犯规,3.77,zh,wordfreq,10,1.5
犯错,3.75,zh,wordfreq,17,1.15
状元,3.78,zh,wordfreq,17,1.15
状况,5.1,zh,wordfreq,11,1.45
状态,5.17,zh,wordfreq,16,1.2
犹太,4.28,zh,wordfreq,9,1.45
犹太人,4.53,zh,wordfreq,1,1.9
犹太教,3.65,zh,wordfreq,1,1.9
犹如,4.17,zh,wordfreq,13,1.35
犹豫,4.14,zh,wordfreq,2,1.9
狂人,3.43,zh,wordfreq,145,1.0
狂奔,3.44,zh,wordfreq,7,1.65
狂欢,3.95,zh,wordfreq,6,1.65
狂欢节,3.42,zh,wordfreq,0,1.95
狂热,4.07,zh,wordfreq,13,1.35
狂野,3.59,zh,wordfreq,12,1.4
狂风,3.47,zh,wordfreq,26,1.0
狐狸,3.93,zh,wordfreq,0,2.0
狗屁,3.74,zh,wordfreq,5,1.75
狗屎,3.41,zh,wordfreq,4,1.8
狗狗,4.01,zh,wordfreq,8,1.6
狗肉,3.54,zh,wordfreq,13,1.35
狙击,3.68,zh,wordfreq,26,1.0
狙击手,3.58,zh,wordfreq,0,1.95
狠狠,4.09,zh,wordfreq,1,1.95
狡猾,3.57,zh,wordfreq,0,2.0
狩猎,4.0,zh,wordfreq,2,1.9
独创,3.45,zh,wordfreq,17,1.15
独到,3.49,zh,wordfreq,63,1.0
独占,3.71,zh,wordfreq,15,1.25
独处,3.58,zh,wordfreq,43,1.0
独家,4.15,zh,wordfreq,80,1.0
独居,3.41,zh,wordfreq,25,1.0
独有,3.78,zh,wordfreq,80,1.0
独特,4.73,zh,wordfreq,38,1.0
独立,5.43,zh,wordfreq,32,1.0
独立性,3.67,zh,wordfreq,0,1.95
独自,4.39,zh,wordfreq,22,1.0
独裁,4.35,zh,wordfreq,15,1.2
独裁者,4.03,zh,wordfreq,0,1.95
独角兽,3.43,zh,wordfreq,0,2.0
独身,3.36,zh,wordfreq,49,1.0
狭义,3.64,zh,wordfreq,21,1.0
狭小,3.65,zh,wordfreq,21,1.0
狭窄,3.93,zh,wordfreq,3,1.85
狭隘,3.77,zh,wordfreq,3,1.85
狮子,4.43,zh,wordfreq,172,1.0
狮子山,3.45,zh,wordfreq,0,1.95
狱中,3.98,zh,wordfreq,48,1.0
狼狈,3.35,zh,wordfreq,0,2.0
猎人,4.04,zh,wordfreq,145,1.0
猎杀,3.44,zh,wordfreq,18,1.1
猎物,3.83,zh,wordfreq,39,1.0
猎犬,3.32,zh,wordfreq,6,1.7
猎豹,3.4,zh,wordfreq,6,1.7
猎鹰,3.45,zh,wordfreq,6,1.7
猖獗,3.43,zh,wordfreq,0,2.0
猛烈,4.04,zh,wordfreq,8,1.6
猛然,3.41,zh,wordfreq,31,1.0
猛男,3.33,zh,wordfreq,3,1.85
猛虎,3.43,zh,wordfreq,6,1.7
猜想,3.94,zh,wordfreq,25,1.0
猜测,4.25,zh,wordfreq,11,1.45
猜猜,3.56,zh,wordfreq,2,1.9
猥亵,3.57,zh,wordfreq,1,1.95
猥琐,3.41,zh,wordfreq,2,1.9
猩猩,3.6,zh,wordfreq,0,1.95
猪头,3.58,zh,wordfreq,74,1.0
猪肉,4.14,zh,wordfreq,11,1.45
猫咪,3.77,zh,wordfreq,2,1.9
猫头鹰,3.54,zh,wordfreq,0,2.0
献上,3.51,zh,wordfreq,76,1.0
献出,3.54,zh,wordfreq,81,1.0
献给,4.13,zh,wordfreq,29,1.0
献身,3.75,zh,wordfreq,41,1.0
猴子,4.07,zh,wordfreq,172,1.0
玄学,3.36,zh,wordfreq,39,1.0
玄机,3.43,zh,wordfreq,42,1.0
玄武,3.35,zh,wordfreq,8,1.6
率先,4.33,zh,wordfreq,13,1.35
率领,4.33,zh,wordfreq,11,1.45
玉山,3.32,zh,wordfreq,38,1.0
玉林,3.4,zh,wordfreq,21,1.0
玉米,4.3,zh,wordfreq,16,1.2
王位,3.63,zh,wordfreq,66,1.0
王储,3.5,zh,wordfreq,22,1.0
王八,3.51,zh,wordfreq,24,1.0
王八蛋,3.55,zh,wordfreq,0,1.95
王公,3.67,zh,wordfreq,27,1.0
王冠,3.53,zh,wordfreq,24,1.0
王后,3.66,zh,wordfreq,59,1.0
王国,4.62,zh,wordfreq,75,1.0
王妃,3.56,zh,wordfreq,21,1.0
王子,4.41,zh,wordfreq,192,1.0
王室,4.05,zh,wordfreq,30,1.0
王宫,3.49,zh,wordfreq,28,1.0
王家,3.65,zh,wordfreq,89,1.0
王府,3.74,zh,wordfreq,30,1.0
王明,3.32,zh,wordfreq,51,1.0
王朝,4.38,zh,wordfreq,28,1.0
王权,3.46,zh,wordfreq,51,1.0
王爷,3.58,zh,wordfreq,24,1.0
王牌,3.9,zh,wordfreq,35,1.0
王者,3.94,zh,wordfreq,51,1.0
王菲,3.34,zh,wordfreq,21,1.0
王道,3.4,zh,wordfreq,60,1.0
玛丽,4.1,zh,wordfreq,6,1.65
玛丽亚,4.04,zh,wordfreq,2,1.85
玛利亚,3.96,zh,wordfreq,3,1.8
玛莉亚,3.38,zh,wordfreq,2,1.9
玛雅,3.77,zh,wordfreq,3,1.85
玩乐,3.62,zh,wordfreq,27,1.0
玩偶,3.63,zh,wordfreq,16,1.2
玩儿,3.72,zh,wordfreq,38,1.0
玩具,4.48,zh,wordfreq,30,1.0
玩吧,3.51,zh,wordfreq,16,1.2
玩家,4.6,zh,wordfreq,82,1.0
玩弄,3.95,zh,wordfreq,16,1.2
玩得,3.51,zh,wordfreq,45,1.0
玩意,4.01,zh,wordfreq,62,1.0
玩意儿,3.93,zh,wordfreq,0,1.9
玩法,3.89,zh,wordfreq,59,1.0
玩游戏,3.85,zh,wordfreq,1,1.9
玩玩,3.79,zh,wordfreq,18,1.1
玩笑,4.13,zh,wordfreq,25,1.0
玩耍,3.77,zh,wordfreq,13,1.35
玩过,3.52,zh,wordfreq,55,1.0
玫瑰,4.34,zh,wordfreq,0,2.0
环保,4.74,zh,wordfreq,13,1.35
环境,5.52,zh,wordfreq,24,1.0
环形,3.47,zh,wordfreq,25,1.0
环流,3.41,zh,wordfreq,31,1.0
环球,4.23,zh,wordfreq,29,1.0
环绕,3.97,zh,wordfreq,8,1.6
环节,4.48,zh,wordfreq,22,1.0
现世,3.35,zh,wordfreq,47,1.0
现为,3.44,zh,wordfreq,65,1.0
现今,4.36,zh,wordfreq,29,1.0
现代,5.18,zh,wordfreq,45,1.0
现代人,3.53,zh,wordfreq,1,1.9
现代化,4.79,zh,wordfreq,1,1.9
现任,4.54,zh,wordfreq,52,1.0
现况,3.48,zh,wordfreq,31,1.0
现出,3.54,zh,wordfreq,100,1.0
现在,6.1,zh,wordfreq,43,1.0
现场,5.21,zh,wordfreq,75,1.0
现存,4.24,zh,wordfreq,38,1.0
现实,5.09,zh,wordfreq,47,1.0
现已,4.19,zh,wordfreq,27,1.0
现年,3.51,zh,wordfreq,84,1.0
现役,3.82,zh,wordfreq,27,1.0
现成,3.67,zh,wordfreq,65,1.0
现时,3.89,zh,wordfreq,63,1.0
现有,4.7,zh,wordfreq,91,1.0
现状,4.5,zh,wordfreq,24,1.0
现行,4.36,zh,wordfreq,86,1.0
现象,5.21,zh,wordfreq,38,1.0
现货,3.69,zh,wordfreq,38,1.0
现身,4.08,zh,wordfreq,60,1.0
现金,4.63,zh,wordfreq,40,1.0
现阶段,3.7,zh,wordfreq,0,1.95
玻璃,4.52,zh,wordfreq,1,1.95
珊瑚,3.81,zh,wordfreq,0,1.95
珊瑚礁,3.47,zh,wordfreq,0,2.9
珍妮,3.46,zh,wordfreq,8,1.6
珍宝,3.42,zh,wordfreq,14,1.3
珍惜,4.04,zh,wordfreq,10,1.5
珍爱,3.32,zh,wordfreq,28,1.0
珍珠,4.03,zh,wordfreq,8,1.6
珍藏,3.59,zh,wordfreq,19,1.05
珍视,3.36,zh,wordfreq,35,1.0
珍贵,4.28,zh,wordfreq,15,1.25
珠宝,4.17,zh,wordfreq,9,1.55
珠江,3.73,zh,wordfreq,12,1.4
珠海,4.0,zh,wordfreq,27,1.0
班上,3.69,zh,wordfreq,79,1.0
班主任,3.82,zh,wordfreq,1,1.9
班子,3.74,zh,wordfreq,178,1.0
班机,3.85,zh,wordfreq,46,1.0
班次,3.48,zh,wordfreq,40,1.0
班级,3.87,zh,wordfreq,36,1.0
班车,3.38,zh,wordfreq,54,1.0
班长,3.77,zh,wordfreq,75,1.0
球员,4.63,zh,wordfreq,31,1.0
球场,4.13,zh,wordfreq,60,1.0
球形,3.32,zh,wordfreq,26,1.0
球星,3.72,zh,wordfreq,33,1.0
球衣,3.51,zh,wordfreq,20,1.0
球赛,3.79,zh,wordfreq,17,1.1
球迷,4.31,zh,wordfreq,14,1.3
球队,4.64,zh,wordfreq,35,1.0
理事,4.3,zh,wordfreq,71,1.0
理事会,4.12,zh,wordfreq,3,1.75
理事长,3.63,zh,wordfreq,2,1.85
理会,3.87,zh,wordfreq,67,1.0
理发,3.37,zh,wordfreq,63,1.0
理学,3.76,zh,wordfreq,52,1.0
理工,3.87,zh,wordfreq,45,1.0
理应,3.93,zh,wordfreq,29,1.0
理念,4.6,zh,wordfreq,26,1.0
理性,4.52,zh,wordfreq,60,1.0
理想,4.77,zh,wordfreq,38,1.0
理智,4.19,zh,wordfreq,21,1.0
理查,3.52,zh,wordfreq,31,1.0
理查德,3.74,zh,wordfreq,0,1.9
理由,5.0,zh,wordfreq,23,1.0
理科,3.58,zh,wordfreq,29,1.0
理解,5.18,zh,wordfreq,37,1.0
理论,5.29,zh,wordfreq,34,1.0
理论家,3.37,zh,wordfreq,1,1.9
理财,4.0,zh,wordfreq,17,1.15
琉璃,3.53,zh,wordfreq,1,1.95
琐事,3.4,zh,wordfreq,56,1.0
琢磨,3.67,zh,wordfreq,2,1.9
琥珀,3.46,zh,wordfreq,0,2.0
琳娜,3.6,zh,wordfreq,5,1.75
琵琶,3.35,zh,wordfreq,0,2.0
琼斯,3.87,zh,wordfreq,42,1.0
瑕疵,3.62,zh,wordfreq,0,2.0
瑜伽,3.82,zh,wordfreq,0,2.0
瑞克,3.6,zh,wordfreq,37,1.0
瑞典,4.52,zh,wordfreq,15,1.25
瑞士,4.41,zh,wordfreq,32,1.0
瑞德,3.34,zh,wordfreq,32,1.0
瑞斯,3.49,zh,wordfreq,46,1.0
瑟夫,3.59,zh,wordfreq,17,1.1
瓜分,3.68,zh,wordfreq,34,1.0
瓦尔,3.74,zh,wordfreq,48,1.0
瓦拉,3.42,zh,wordfreq,36,1.0
瓦斯,3.89,zh,wordfreq,46,1.0
瓦特,3.54,zh,wordfreq,31,1.0
瓦解,4.11,zh,wordfreq,26,1.0
瓶子,3.76,zh,wordfreq,173,1.0
瓶颈,3.76,zh,wordfreq,1,1.95
瓷器,3.71,zh,wordfreq,12,1.4
瓷砖,3.47,zh,wordfreq,2,1.9
甘地,3.43,zh,wordfreq,69,1.0
甘心,3.7,zh,wordfreq,57,1.0
甘愿,3.48,zh,wordfreq,16,1.2
甘肃,4.4,zh,wordfreq,5,1.7
甘肃省,3.74,zh,wordfreq,0,1.95
甘蔗,3.71,zh,wordfreq,4,1.8
甚么,4.39,zh,wordfreq,7,1.65
甚至,5.51,zh,wordfreq,13,1.35
甜品,3.33,zh,wordfreq,33,1.0
甜心,3.65,zh,wordfreq,59,1.0
甜点,3.72,zh,wordfreq,70,1.0
甜甜,3.37,zh,wordfreq,6,1.7
甜美,3.79,zh,wordfreq,27,1.0
甜蜜,4.01,zh,wordfreq,8,1.6
甜食,3.37,zh,wordfreq,22,1.0
生于,4.66,zh,wordfreq,86,1.0
生产,5.56,zh,wordfreq,60,1.0
生产力,4.31,zh,wordfreq,5,1.7
生产商,3.75,zh,wordfreq,4,1.75
生产率,3.6,zh,wordfreq,4,1.75
生产线,3.76,zh,wordfreq,4,1.75
生产者,3.67,zh,wordfreq,4,1.75
生人,3.33,zh,wordfreq,175,1.0
生出,3.64,zh,wordfreq,113,1.0
生前,4.03,zh,wordfreq,61,1.0
生动,4.21,zh,wordfreq,94,1.0
生化,3.82,zh,wordfreq,75,1.0
生命,5.23,zh,wordfreq,54,1.0
生命力,3.72,zh,wordfreq,1,1.9
生子,3.62,zh,wordfreq,207,1.0
生存,4.8,zh,wordfreq,51,1.0
生小孩,3.35,zh,wordfreq,0,1.95
生平,3.85,zh,wordfreq,47,1.0
生态,4.92,zh,wordfreq,49,1.0
生怕,3.5,zh,wordfreq,43,1.0
生性,3.56,zh,wordfreq,80,1.0
生意,4.5,zh,wordfreq,84,1.0
生意人,3.33,zh,wordfreq,0,1.9
生成,4.45,zh,wordfreq,78,1.0
生效,4.4,zh,wordfreq,49,1.0
生日,4.66,zh,wordfreq,75,1.0
生机,3.74,zh,wordfreq,75,1.0
生来,3.53,zh,wordfreq,89,1.0
生死,4.16,zh,wordfreq,60,1.0
生殖,3.95,zh,wordfreq,38,1.0
生殖器,3.81,zh,wordfreq,0,1.95
生母,3.52,zh,wordfreq,46,1.0
生气,4.64,zh,wordfreq,77,1.0
生活,5.81,zh,wordfreq,46,1.0
生活费,3.62,zh,wordfreq,0,1.95
生涯,4.29,zh,wordfreq,36,1.0
生火,3.37,zh,wordfreq,57,1.0
生父,3.38,zh,wordfreq,45,1.0
生物,4.97,zh,wordfreq,69,1.0
生物学,3.86,zh,wordfreq,1,1.9
生猪,3.54,zh,wordfreq,38,1.0
生理,4.29,zh,wordfreq,76,1.0
生理学,3.52,zh,wordfreq,5,1.65
生病,4.18,zh,wordfreq,47,1.0
生育,4.21,zh,wordfreq,43,1.0
生计,3.87,zh,wordfreq,49,1.0
生还,3.55,zh,wordfreq,39,1.0
生长,4.7,zh,wordfreq,104,1.0
用不着,3.55,zh,wordfreq,1,1.95
用于,4.93,zh,wordfreq,79,1.0
用人,3.89,zh,wordfreq,168,1.0
用以,4.13,zh,wordfreq,47,1.0
用作,3.95,zh,wordfreq,59,1.0
用具,3.55,zh,wordfreq,45,1.0
用到,3.89,zh,wordfreq,80,1.0
用力,4.19,zh,wordfreq,99,1.0
用功,3.35,zh,wordfreq,36,1.0
用品,4.19,zh,wordfreq,55,1.0
用地,4.08,zh,wordfreq,93,1.0
用处,3.71,zh,wordfreq,60,1.0
用尽,3.58,zh,wordfreq,34,1.0
用心,4.0,zh,wordfreq,81,1.0
用意,3.62,zh,wordfreq,77,1.0
用户,5.3,zh,wordfreq,44,1.0
用手,3.56,zh,wordfreq,86,1.0
用来,4.88,zh,wordfreq,82,1.0
用水,4.0,zh,wordfreq,74,1.0
用法,3.81,zh,wordfreq,74,1.0
用电,3.72,zh,wordfreq,47,1.0
用药,3.82,zh,wordfreq,43,1.0
用词,3.42,zh,wordfreq,39,1.0
用语,3.93,zh,wordfreq,57,1.0
用车,3.46,zh,wordfreq,76,1.0
用过,3.5,zh,wordfreq,70,1.0
用途,4.34,zh,wordfreq,35,1.0
用量,3.55,zh,wordfreq,69,1.0
用钱,3.48,zh,wordfreq,52,1.0
用餐,3.77,zh,wordfreq,37,1.0
田园,3.68,zh,wordfreq,14,1.3
田地,3.78,zh,wordfreq,69,1.0
田径,3.84,zh,wordfreq,11,1.45
田野,3.67,zh,wordfreq,11,1.45
田间,3.33,zh,wordfreq,26,1.0
由于,5.63,zh,wordfreq,53,1.0
由此,4.41,zh,wordfreq,16,1.2
由衷,3.41,zh,wordfreq,4,1.8
甲板,3.78,zh,wordfreq,16,1.2
甲烷,3.33,zh,wordfreq,1,1.95
甲状腺,3.45,zh,wordfreq,0,2.55
甲骨文,3.4,zh,wordfreq,0,2.0
申办,3.64,zh,wordfreq,19,1.05
申报,4.32,zh,wordfreq,36,1.0
申花,3.43,zh,wordfreq,25,1.0
申诉,4.19,zh,wordfreq,13,1.35
申请,5.1,zh,wordfreq,9,1.4
申请书,3.43,zh,wordfreq,2,1.85
申请人,3.61,zh,wordfreq,2,1.85
申请表,3.33,zh,wordfreq,2,1.85
电价,3.55,zh,wordfreq,74,1.0
电信,4.59,zh,wordfreq,66,1.0
电击,3.84,zh,wordfreq,69,1.0
电力,4.79,zh,wordfreq,114,1.0
电动,4.11,zh,wordfreq,102,1.0
电动机,3.62,zh,wordfreq,3,1.7
电动车,3.85,zh,wordfreq,2,1.75
电厂,3.9,zh,wordfreq,46,1.0
电压,4.14,zh,wordfreq,55,1.0
电台,4.72,zh,wordfreq,70,1.0
电商,3.84,zh,wordfreq,56,1.0
电器,4.13,zh,wordfreq,54,1.0
电场,3.35,zh,wordfreq,96,1.0
电子,5.19,zh,wordfreq,215,1.0
电子书,3.99,zh,wordfreq,0,1.95
电容,3.36,zh,wordfreq,59,1.0
电工,3.68,zh,wordfreq,73,1.0
电影,5.71,zh,wordfreq,55,1.0
电影节,4.1,zh,wordfreq,1,1.9
电影院,4.22,zh,wordfreq,1,1.85
电报,4.21,zh,wordfreq,75,1.0
电机,4.02,zh,wordfreq,83,1.0
电极,3.47,zh,wordfreq,51,1.0
电梯,4.26,zh,wordfreq,45,1.0
电气,4.05,zh,wordfreq,85,1.0
电气化,3.67,zh,wordfreq,0,1.95
电池,4.4,zh,wordfreq,47,1.0
电波,3.52,zh,wordfreq,49,1.0
电流,4.11,zh,wordfreq,68,1.0
电源,4.18,zh,wordfreq,57,1.0
电灯,3.41,zh,wordfreq,47,1.0
电玩,3.84,zh,wordfreq,48,1.0
电磁,3.69,zh,wordfreq,43,1.0
电磁波,3.42,zh,wordfreq,0,1.9
电站,3.74,zh,wordfreq,51,1.0
电竞,3.32,zh,wordfreq,43,1.0
电线,3.75,zh,wordfreq,83,1.0
电缆,3.92,zh,wordfreq,43,1.0
电网,3.79,zh,wordfreq,50,1.0
电能,3.49,zh,wordfreq,76,1.0
电脑,5.13,zh,wordfreq,47,1.0
电荷,3.54,zh,wordfreq,45,1.0
电视,5.25,zh,wordfreq,71,1.0
电视剧,4.63,zh,wordfreq,3,1.8
电视台,4.99,zh,wordfreq,3,1.75
电视机,3.92,zh,wordfreq,4,1.7
电视网,3.62,zh,wordfreq,3,1.75
电讯,3.87,zh,wordfreq,51,1.0
电话,5.44,zh,wordfreq,71,1.0
电费,3.55,zh,wordfreq,61,1.0
电路,4.08,zh,wordfreq,78,1.0
电车,4.12,zh,wordfreq,91,1.0
电邮,3.62,zh,wordfreq,43,1.0
电量,3.48,zh,wordfreq,84,1.0
电阻,3.68,zh,wordfreq,45,1.0
男主,3.39,zh,wordfreq,36,1.0
男主角,3.63,zh,wordfreq,1,1.85
男人,5.39,zh,wordfreq,155,1.0
男儿,3.39,zh,wordfreq,40,1.0
男单,3.45,zh,wordfreq,29,1.0
男友,4.4,zh,wordfreq,29,1.0
男同志,3.55,zh,wordfreq,0,1.95
男士,3.96,zh,wordfreq,43,1.0
男女,4.67,zh,wordfreq,35,1.0
男子,5.01,zh,wordfreq,187,1.0
男子汉,3.59,zh,wordfreq,0,1.95
男孩,4.66,zh,wordfreq,17,1.05
男孩子,3.73,zh,wordfreq,3,1.7
男性,4.96,zh,wordfreq,60,1.0
男方,3.63,zh,wordfreq,55,1.0
男朋友,4.48,zh,wordfreq,4,1.7
男爵,3.43,zh,wordfreq,18,1.1
男生,4.47,zh,wordfreq,63,1.0
男童,3.55,zh,wordfreq,21,1.0
男篮,3.45,zh,wordfreq,17,1.15
男装,3.43,zh,wordfreq,37,1.0
画作,3.92,zh,wordfreq,40,1.0
画像,3.86,zh,wordfreq,28,1.0
画家,4.43,zh,wordfreq,78,1.0
画展,3.59,zh,wordfreq,22,1.0
画廊,3.84,zh,wordfreq,10,1.5
画报,3.43,zh,wordfreq,41,1.0
画画,3.78,zh,wordfreq,22,1.0
画质,3.35,zh,wordfreq,31,1.0
画面,4.59,zh,wordfreq,65,1.0
画风,3.46,zh,wordfreq,30,1.0
畅游,3.33,zh,wordfreq,14,1.3
畅通,3.77,zh,wordfreq,26,1.0
畅销,4.04,zh,wordfreq,17,1.15
界定,3.87,zh,wordfreq,55,1.0
界线,3.86,zh,wordfreq,43,1.0
界限,3.91,zh,wordfreq,15,1.25
界面,4.01,zh,wordfreq,59,1.0
畏惧,3.84,zh,wordfreq,2,1.9
留下,4.94,zh,wordfreq,80,1.0
留下来,3.97,zh,wordfreq,3,1.75
留住,3.67,zh,wordfreq,34,1.0
留在,4.65,zh,wordfreq,33,1.0
留存,3.57,zh,wordfreq,28,1.0
留学,4.42,zh,wordfreq,49,1.0
留学生,4.11,zh,wordfreq,3,1.75
留守,3.82,zh,wordfreq,23,1.0
留心,3.54,zh,wordfreq,65,1.0
留恋,3.37,zh,wordfreq,17,1.15
留意,4.1,zh,wordfreq,61,1.0
留有,3.52,zh,wordfreq,81,1.0
留着,3.43,zh,wordfreq,49,1.0
留给,4.21,zh,wordfreq,38,1.0
留言,4.49,zh,wordfreq,39,1.0
畜牧,3.69,zh,wordfreq,3,1.8
畜牧业,3.37,zh,wordfreq,0,1.95
畜生,3.73,zh,wordfreq,49,1.0
略微,3.34,zh,wordfreq,6,1.7
略有,3.55,zh,wordfreq,70,1.0
番号,3.4,zh,wordfreq,32,1.0
番禺,3.46,zh,wordfreq,2,1.9
番茄,3.8,zh,wordfreq,2,1.9
畸形,3.77,zh,wordfreq,19,1.05
疆域,3.46,zh,wordfreq,8,1.6
疏导,3.41,zh,wordfreq,22,1.0
疏忽,3.69,zh,wordfreq,4,1.8
疏散,4.02,zh,wordfreq,12,1.4
疏远,3.66,zh,wordfreq,15,1.25
疏通,3.4,zh,wordfreq,28,1.0
疑似,4.03,zh,wordfreq,13,1.35
疑惑,4.0,zh,wordfreq,9,1.55
疑点,3.36,zh,wordfreq,70,1.0
疑犯,3.5,zh,wordfreq,15,1.25
疑虑,3.88,zh,wordfreq,10,1.5
疑问,4.38,zh,wordfreq,24,1.0
疑难,3.38,zh,wordfreq,23,1.0
疗养,3.38,zh,wordfreq,18,1.05
疗养院,3.48,zh,wordfreq,0,1.95
疗效,3.55,zh,wordfreq,17,1.15
疗法,4.12,zh,wordfreq,49,1.0
疗程,3.51,zh,wordfreq,28,1.0
疙瘩,3.33,zh,wordfreq,0,2.0
疟疾,3.45,zh,wordfreq,1,1.95
疤痕,3.32,zh,wordfreq,2,1.9
疫情,4.47,zh,wordfreq,45,1.0
疫苗,4.42,zh,wordfreq,1,1.95
疯子,4.08,zh,wordfreq,173,1.0
疯狂,4.87,zh,wordfreq,2,1.9
疲倦,3.57,zh,wordfreq,4,1.8
疲劳,3.83,zh,wordfreq,8,1.6
疲惫,3.82,zh,wordfreq,3,1.85
疲软,3.49,zh,wordfreq,5,1.75
疼爱,3.43,zh,wordfreq,22,1.0
疼痛,4.19,zh,wordfreq,7,1.65
疾病,4.81,zh,wordfreq,12,1.4
病人,4.58,zh,wordfreq,155,1.0
病例,4.27,zh,wordfreq,29,1.0
病变,3.58,zh,wordfreq,32,1.0
病因,3.59,zh,wordfreq,22,1.0
病床,3.52,zh,wordfreq,20,1.0
病态,3.73,zh,wordfreq,29,1.0
病患,3.78,zh,wordfreq,17,1.15
病情,4.04,zh,wordfreq,59,1.0
病房,3.99,zh,wordfreq,35,1.0
病死,3.42,zh,wordfreq,40,1.0
病毒,4.82,zh,wordfreq,27,1.0
病理,3.48,zh,wordfreq,56,1.0
病症,3.59,zh,wordfreq,18,1.1
病痛,3.33,zh,wordfreq,21,1.0
病菌,3.36,zh,wordfreq,18,1.1
病虫害,3.32,zh,wordfreq,0,2.0
病逝,3.5,zh,wordfreq,17,1.15
症候群,3.47,zh,wordfreq,0,2.0
症状,4.45,zh,wordfreq,3,1.85
症结,3.45,zh,wordfreq,16,1.2
痉挛,3.49,zh,wordfreq,0,2.0
痊愈,3.69,zh,wordfreq,1,1.95
痕迹,4.25,zh,wordfreq,10,1.5
痛哭,3.57,zh,wordfreq,6,1.7
痛心,3.51,zh,wordfreq,58,1.0
痛快,3.75,zh,wordfreq,17,1.15
痛恨,3.75,zh,wordfreq,8,1.6
痛楚,3.47,zh,wordfreq,6,1.7
痛苦,4.86,zh,wordfreq,13,1.35
痴呆,3.34,zh,wordfreq,2,1.9
痴迷,3.62,zh,wordfreq,8,1.6
瘟疫,3.69,zh,wordfreq,3,1.85
瘦肉精,3.35,zh,wordfreq,0,2.0
瘦身,3.38,zh,wordfreq,38,1.0
瘫痪,4.08,zh,wordfreq,0,2.0
瘾君子,3.36,zh,wordfreq,0,1.95
癌症,4.39,zh,wordfreq,3,1.85
癌细胞,3.47,zh,wordfreq,1,1.9
癫痫,3.57,zh,wordfreq,0,2.0
登上,4.33,zh,wordfreq,82,1.0
登入,3.79,zh,wordfreq,70,1.0
登台,3.66,zh,wordfreq,36,1.0
登场,4.26,zh,wordfreq,62,1.0
登基,3.72,zh,wordfreq,14,1.3
登山,3.81,zh,wordfreq,45,1.0
登录,4.19,zh,wordfreq,19,1.05
登机,3.72,zh,wordfreq,49,1.0
登记,4.73,zh,wordfreq,22,1.0
登陆,4.56,zh,wordfreq,12,1.4
白云,3.66,zh,wordfreq,25,1.0
白人,4.5,zh,wordfreq,159,1.0
白发,3.42,zh,wordfreq,67,1.0
白天,4.28,zh,wordfreq,66,1.0
白宫,4.24,zh,wordfreq,27,1.0
白痴,4.13,zh,wordfreq,19,1.05
白白,3.71,zh,wordfreq,35,1.0
白皮书,3.5,zh,wordfreq,0,2.0
白石,3.57,zh,wordfreq,30,1.0
白色,4.6,zh,wordfreq,56,1.0
白菜,3.41,zh,wordfreq,23,1.0
白虎,3.56,zh,wordfreq,22,1.0
白血病,3.64,zh,wordfreq,0,2.0
白衣,3.73,zh,wordfreq,32,1.0
白话,3.55,zh,wordfreq,47,1.0
白费,3.42,zh,wordfreq,37,1.0
白酒,3.58,zh,wordfreq,27,1.0
白金,3.71,zh,wordfreq,37,1.0
白银,3.85,zh,wordfreq,20,1.0
白雪,3.47,zh,wordfreq,24,1.0
白领,3.83,zh,wordfreq,29,1.0
白马,3.5,zh,wordfreq,43,1.0
百万,4.54,zh,wordfreq,27,1.0
百亿,3.37,zh,wordfreq,16,1.2
百倍,3.4,zh,wordfreq,19,1.05
百分之,3.59,zh,wordfreq,3,1.85
百分比,3.6,zh,wordfreq,3,1.85
百分点,4.07,zh,wordfreq,3,1.85
百分百,3.69,zh,wordfreq,3,1.85
百合,3.98,zh,wordfreq,40,1.0
百名,3.73,zh,wordfreq,79,1.0
百姓,4.53,zh,wordfreq,13,1.3
百家,3.4,zh,wordfreq,81,1.0
百家乐,3.45,zh,wordfreq,0,1.95
百年,4.41,zh,wordfreq,74,1.0
百度,4.84,zh,wordfreq,60,1.0
百日,3.43,zh,wordfreq,52,1.0
百科,4.5,zh,wordfreq,26,1.0
百老汇,3.39,zh,wordfreq,0,2.0
百花,3.54,zh,wordfreq,33,1.0
百货,3.89,zh,wordfreq,28,1.0
的哥,3.62,zh,wordfreq,11,1.45
的士,3.47,zh,wordfreq,31,1.0
的确,4.86,zh,wordfreq,7,1.65
的话,5.35,zh,wordfreq,31,1.0
皇上,4.1,zh,wordfreq,85,1.0
皇位,3.49,zh,wordfreq,58,1.0
皇冠,3.87,zh,wordfreq,16,1.2
皇后,4.41,zh,wordfreq,51,1.0
皇城,3.49,zh,wordfreq,36,1.0
皇太后,3.48,zh,wordfreq,0,1.9
皇子,3.42,zh,wordfreq,184,1.0
皇室,4.13,zh,wordfreq,22,1.0
皇宫,3.95,zh,wordfreq,20,1.0
皇家,4.57,zh,wordfreq,81,1.0
皇帝,4.76,zh,wordfreq,15,1.25
皇族,3.47,zh,wordfreq,30,1.0
皇朝,3.32,zh,wordfreq,20,1.0
皇马,3.56,zh,wordfreq,36,1.0
皈依,3.56,zh,wordfreq,0,2.0
皮带,3.64,zh,wordfreq,26,1.0
皮特,3.47,zh,wordfreq,32,1.0
皮肤,4.7,zh,wordfreq,7,1.65
皮质,3.48,zh,wordfreq,27,1.0
皮革,3.78,zh,wordfreq,9,1.55
皮鞋,3.56,zh,wordfreq,6,1.7
皱纹,3.55,zh,wordfreq,3,1.85
盆地,3.87,zh,wordfreq,65,1.0
盈余,3.54,zh,wordfreq,8,1.6
盈利,4.32,zh,wordfreq,44,1.0
益处,3.49,zh,wordfreq,33,1.0
益智,3.32,zh,wordfreq,7,1.65
盐城,3.36,zh,wordfreq,24,1.0
监事,3.53,zh,wordfreq,68,1.0
监事会,3.54,zh,wordfreq,2,1.85
监制,3.52,zh,wordfreq,49,1.0
监听,3.71,zh,wordfreq,23,1.0
监察,4.36,zh,wordfreq,20,1.0
监护,3.65,zh,wordfreq,26,1.0
监护人,3.78,zh,wordfreq,1,1.9
监控,4.63,zh,wordfreq,22,1.0
监测,4.32,zh,wordfreq,21,1.0
监狱,4.88,zh,wordfreq,18,1.1
监理,3.52,zh,wordfreq,53,1.0
监督,5.09,zh,wordfreq,16,1.2
监禁,4.21,zh,wordfreq,18,1.1
监管,4.64,zh,wordfreq,30,1.0
监视,4.4,zh,wordfreq,40,1.0
监视器,3.41,zh,wordfreq,0,1.95
盒子,4.1,zh,wordfreq,172,1.0
盔甲,3.37,zh,wordfreq,5,1.75
盖尔,3.42,zh,wordfreq,46,1.0
盖章,3.35,zh,wordfreq,16,1.2
盖茨,3.7,zh,wordfreq,2,1.9
盗取,3.5,zh,wordfreq,30,1.0
盗墓,3.62,zh,wordfreq,8,1.6
盗版,3.97,zh,wordfreq,11,1.45
盗窃,3.94,zh,wordfreq,5,1.75
盗贼,3.6,zh,wordfreq,5,1.75
盘子,3.82,zh,wordfreq,175,1.0
盘旋,3.41,zh,wordfreq,6,1.7
盘点,3.53,zh,wordfreq,67,1.0
盘算,3.36,zh,wordfreq,20,1.0
盛世,3.81,zh,wordfreq,35,1.0
盛事,3.39,zh,wordfreq,66,1.0
盛产,3.43,zh,wordfreq,35,1.0
盛会,3.83,zh,wordfreq,62,1.0
盛典,3.65,zh,wordfreq,21,1.0
盛名,3.39,zh,wordfreq,77,1.0
盛大,4.03,zh,wordfreq,66,1.0
盛宴,3.48,zh,wordfreq,11,1.45
盛开,3.48,zh,wordfreq,42,1.0
盛行,4.02,zh,wordfreq,74,1.0
盛装,3.38,zh,wordfreq,32,1.0
盟军,3.71,zh,wordfreq,32,1.0
盟友,3.99,zh,wordfreq,16,1.2
盟国,3.64,zh,wordfreq,57,1.0
目光,4.33,zh,wordfreq,31,1.0
目击,3.85,zh,wordfreq,32,1.0
目击者,3.75,zh,wordfreq,1,1.9
目前,5.62,zh,wordfreq,32,1.0
目录,4.49,zh,wordfreq,16,1.2
目标,5.42,zh,wordfreq,19,1.05
目的,5.21,zh,wordfreq,13,1.3
目的地,4.2,zh,wordfreq,0,1.95
目睹,4.01,zh,wordfreq,6,1.7
盯上,3.49,zh,wordfreq,73,1.0
盲人,3.83,zh,wordfreq,141,1.0
盲目,4.14,zh,wordfreq,19,1.05
直到,5.06,zh,wordfreq,75,1.0
直升机,4.47,zh,wordfreq,0,2.0
直属,4.16,zh,wordfreq,38,1.0
直径,4.19,zh,wordfreq,30,1.0
直指,3.52,zh,wordfreq,31,1.0
直接,5.49,zh,wordfreq,35,1.0
直播,4.9,zh,wordfreq,35,1.0
直播间,3.41,zh,wordfreq,0,1.95
直流,3.55,zh,wordfreq,48,1.0
直率,3.32,zh,wordfreq,39,1.0
直立,3.37,zh,wordfreq,44,1.0
直线,4.06,zh,wordfreq,63,1.0
直至,4.4,zh,wordfreq,35,1.0
直观,3.78,zh,wordfreq,44,1.0
直视,3.45,zh,wordfreq,51,1.0
直觉,4.03,zh,wordfreq,38,1.0
直言,3.82,zh,wordfreq,50,1.0
直译,3.5,zh,wordfreq,27,1.0
直说,3.49,zh,wordfreq,53,1.0
直辖,3.49,zh,wordfreq,25,1.0
直辖市,4.3,zh,wordfreq,0,1.95
直达,3.85,zh,wordfreq,37,1.0
直选,3.41,zh,wordfreq,46,1.0
直通,3.46,zh,wordfreq,47,1.0
直销,3.44,zh,wordfreq,38,1.0
直隶,3.83,zh,wordfreq,24,1.0
直面,3.42,zh,wordfreq,79,1.0
相互,4.76,zh,wordfreq,45,1.0
相交,3.57,zh,wordfreq,60,1.0
相亲,3.64,zh,wordfreq,52,1.0
相会,3.49,zh,wordfreq,96,1.0
相传,3.77,zh,wordfreq,53,1.0
相伴,3.59,zh,wordfreq,47,1.0
相似,4.67,zh,wordfreq,51,1.0
相信,5.4,zh,wordfreq,67,1.0
相关,5.56,zh,wordfreq,61,1.0
相关性,3.41,zh,wordfreq,0,1.95
相册,3.62,zh,wordfreq,47,1.0
相助,3.41,zh,wordfreq,60,1.0
相反,4.67,zh,wordfreq,47,1.0
相同,5.06,zh,wordfreq,61,1.0
相声,3.62,zh,wordfreq,72,1.0
相处,4.32,zh,wordfreq,76,1.0
相对,5.02,zh,wordfreq,56,1.0
相对论,3.63,zh,wordfreq,0,1.95
相差,3.95,zh,wordfreq,54,1.0
相干,3.46,zh,wordfreq,52,1.0
相应,4.76,zh,wordfreq,58,1.0
相异,3.46,zh,wordfreq,55,1.0
相当,5.24,zh,wordfreq,61,1.0
相当于,4.41,zh,wordfreq,0,1.95
相思,3.42,zh,wordfreq,51,1.0
相接,3.43,zh,wordfreq,56,1.0
相撞,3.58,zh,wordfreq,46,1.0
相救,3.39,zh,wordfreq,57,1.0
相机,4.39,zh,wordfreq,84,1.0
相比,4.69,zh,wordfreq,62,1.0
相爱,3.96,zh,wordfreq,65,1.0
相片,3.97,zh,wordfreq,69,1.0
相称,3.57,zh,wordfreq,74,1.0
相符,3.81,zh,wordfreq,47,1.0
相等,3.96,zh,wordfreq,54,1.0
相约,3.55,zh,wordfreq,64,1.0
相继,4.32,zh,wordfreq,44,1.0
相聚,3.64,zh,wordfreq,50,1.0
相见,3.82,zh,wordfreq,73,1.0
相识,3.91,zh,wordfreq,56,1.0
相貌,3.5,zh,wordfreq,52,1.0
相距,3.59,zh,wordfreq,45,1.0
相近,3.95,zh,wordfreq,59,1.0
相连,4.18,zh,wordfreq,50,1.0
相通,3.71,zh,wordfreq,68,1.0
相遇,4.13,zh,wordfreq,49,1.0
相邻,3.73,zh,wordfreq,45,1.0
相隔,3.56,zh,wordfreq,48,1.0
盼望,3.85,zh,wordfreq,21,1.0
盾牌,3.67,zh,wordfreq,15,1.25
省份,4.29,zh,wordfreq,19,1.05
省会,3.87,zh,wordfreq,60,1.0
省内,3.59,zh,wordfreq,32,1.0
省委,4.15,zh,wordfreq,22,1.0
省市,3.67,zh,wordfreq,25,1.0
省政府,4.07,zh,wordfreq,7,1.6
省略,3.44,zh,wordfreq,17,1.15
省级,4.29,zh,wordfreq,38,1.0
省钱,3.52,zh,wordfreq,32,1.0
省长,4.14,zh,wordfreq,77,1.0
眉毛,3.69,zh,wordfreq,5,1.75
看一看,3.56,zh,wordfreq,0,1.9
看上去,4.13,zh,wordfreq,0,1.95
看不出,3.69,zh,wordfreq,5,1.7
看不到,4.36,zh,wordfreq,8,1.5
看不懂,3.36,zh,wordfreq,6,1.7
看不见,4.09,zh,wordfreq,5,1.65
看不起,3.51,zh,wordfreq,8,1.55
看中,5.04,zh,wordfreq,79,1.0
看书,3.84,zh,wordfreq,56,1.0
看似,4.11,zh,wordfreq,38,1.0
看作,3.92,zh,wordfreq,62,1.0
看做,3.36,zh,wordfreq,33,1.0
看准,3.33,zh,wordfreq,43,1.0
看出,4.41,zh,wordfreq,109,1.0
看到,5.66,zh,wordfreq,83,1.0
看台,3.36,zh,wordfreq,58,1.0
看吧,3.89,zh,wordfreq,34,1.0
看好,4.12,zh,wordfreq,69,1.0
看守,3.85,zh,wordfreq,42,1.0
看守所,3.59,zh,wordfreq,0,1.95
看待,4.44,zh,wordfreq,42,1.0
看得出,3.53,zh,wordfreq,2,1.8
看得见,3.63,zh,wordfreq,2,1.85
看成,3.96,zh,wordfreq,74,1.0
看护,3.59,zh,wordfreq,45,1.0
看望,3.77,zh,wordfreq,52,1.0
看来,5.12,zh,wordfreq,85,1.0
看样子,3.67,zh,wordfreq,0,1.95
看法,4.79,zh,wordfreq,77,1.0
看清,3.77,zh,wordfreq,41,1.0
看清楚,3.56,zh,wordfreq,1,1.85
看点,3.49,zh,wordfreq,95,1.0
看片,3.4,zh,wordfreq,56,1.0
看电视,3.86,zh,wordfreq,0,1.95
看病,3.73,zh,wordfreq,43,1.0
看看,5.25,zh,wordfreq,44,1.0
看着,4.98,zh,wordfreq,68,1.0
看穿,3.44,zh,wordfreq,34,1.0
看管,3.32,zh,wordfreq,49,1.0
看著,3.35,zh,wordfreq,42,1.0
看见,5.17,zh,wordfreq,60,1.0
看起来,4.77,zh,wordfreq,0,1.9
看过,4.71,zh,wordfreq,73,1.0
看透,3.38,zh,wordfreq,34,1.0
看重,3.84,zh,wordfreq,62,1.0
看齐,3.35,zh,wordfreq,34,1.0
真不错,3.32,zh,wordfreq,0,1.95
真主,3.82,zh,wordfreq,45,1.0
真人,4.28,zh,wordfreq,164,1.0
真人秀,3.6,zh,wordfreq,0,1.95
真他妈,3.42,zh,wordfreq,0,1.95
真伪,3.55,zh,wordfreq,25,1.0
真假,3.79,zh,wordfreq,35,1.0
真切,3.47,zh,wordfreq,34,1.0
真名,3.5,zh,wordfreq,91,1.0
真够,3.35,zh,wordfreq,29,1.0
真实,5.17,zh,wordfreq,49,1.0
真实性,3.82,zh,wordfreq,0,1.95
真心,4.28,zh,wordfreq,77,1.0
真情,3.65,zh,wordfreq,68,1.0
真想,3.87,zh,wordfreq,47,1.0
真挚,3.47,zh,wordfreq,25,1.0
真是,5.22,zh,wordfreq,61,1.0
真是太,3.92,zh,wordfreq,0,1.95
真有,3.95,zh,wordfreq,93,1.0
真棒,3.47,zh,wordfreq,28,1.0
真正,5.42,zh,wordfreq,39,1.0
真理,4.41,zh,wordfreq,65,1.0
真的,5.84,zh,wordfreq,31,1.0
真的假,3.56,zh,wordfreq,0,1.9
真相,4.73,zh,wordfreq,35,1.0
真空,3.93,zh,wordfreq,43,1.0
真能,3.62,zh,wordfreq,57,1.0
真菌,3.39,zh,wordfreq,27,1.0
真让人,3.46,zh,wordfreq,0,1.95
真诚,4.21,zh,wordfreq,27,1.0
真话,3.8,zh,wordfreq,52,1.0
真谛,3.34,zh,wordfreq,24,1.0
真面目,3.59,zh,wordfreq,0,1.95
眨眼,3.33,zh,wordfreq,11,1.45
眼下,3.63,zh,wordfreq,83,1.0
眼中,4.37,zh,wordfreq,63,1.0
眼光,4.28,zh,wordfreq,40,1.0
眼前,4.57,zh,wordfreq,41,1.0
眼泪,4.4,zh,wordfreq,17,1.15
眼球,3.77,zh,wordfreq,38,1.0
眼界,3.63,zh,wordfreq,29,1.0
眼皮,3.35,zh,wordfreq,22,1.0
眼看,3.88,zh,wordfreq,28,1.0
眼眶,3.41,zh,wordfreq,15,1.25
眼睁睁,3.57,zh,wordfreq,0,2.2
眼睛,4.95,zh,wordfreq,15,1.25
眼神,4.22,zh,wordfreq,26,1.0
眼科,3.51,zh,wordfreq,29,1.0
眼见,3.78,zh,wordfreq,44,1.0
眼里,4.27,zh,wordfreq,60,1.0
眼镜,4.35,zh,wordfreq,18,1.05
着力,3.92,zh,wordfreq,81,1.0
着实,3.86,zh,wordfreq,35,1.0
着急,3.93,zh,wordfreq,14,1.3
着想,3.98,zh,wordfreq,33,1.0
着手,4.18,zh,wordfreq,68,1.0
着火,3.79,zh,wordfreq,32,1.0
着眼,3.65,zh,wordfreq,21,1.0
着眼于,3.45,zh,wordfreq,0,1.95
着装,3.34,zh,wordfreq,32,1.0
着迷,3.7,zh,wordfreq,17,1.15
着重,3.91,zh,wordfreq,41,1.0
着陆,3.76,zh,wordfreq,13,1.35
睡不着,3.69,zh,wordfreq,1,1.9
睡眠,4.16,zh,wordfreq,5,1.75
睡着,4.15,zh,wordfreq,40,1.0
睡衣,3.71,zh,wordfreq,16,1.2
睡觉,4.75,zh,wordfreq,18,1.1
督促,3.81,zh,wordfreq,6,1.7
督办,3.54,zh,wordfreq,18,1.1
督察,3.96,zh,wordfreq,11,1.45
督导,3.56,zh,wordfreq,21,1.0
睫毛,3.36,zh,wordfreq,5,1.75
睾丸,3.48,zh,wordfreq,1,1.95
睿智,3.34,zh,wordfreq,6,1.7
瞄准,4.25,zh,wordfreq,12,1.4
瞎子,3.65,zh,wordfreq,173,1.0
瞎说,3.45,zh,wordfreq,31,1.0
瞧不起,3.53,zh,wordfreq,4,1.75
瞧瞧,3.91,zh,wordfreq,0,2.0
瞩目,3.93,zh,wordfreq,18,1.1
瞬间,4.37,zh,wordfreq,22,1.0
瞭解,4.65,zh,wordfreq,22,1.0
瞳孔,3.34,zh,wordfreq,2,1.9
矛头,3.71,zh,wordfreq,74,1.0
矛盾,4.74,zh,wordfreq,2,1.9
矢量,3.34,zh,wordfreq,41,1.0
知乎,4.03,zh,wordfreq,20,1.0
知县,3.59,zh,wordfreq,15,1.25
知名,4.72,zh,wordfreq,79,1.0
知名度,4.03,zh,wordfreq,0,1.95
知己,3.44,zh,wordfreq,13,1.35
知府,3.44,zh,wordfreq,22,1.0
知情,3.88,zh,wordfreq,56,1.0
知晓,3.99,zh,wordfreq,14,1.3
知觉,3.79,zh,wordfreq,27,1.0
知识,5.18,zh,wordfreq,24,1.0
知足,3.34,zh,wordfreq,21,1.0
知道,5.97,zh,wordfreq,52,1.0
知青,3.49,zh,wordfreq,17,1.15
知音,3.35,zh,wordfreq,30,1.0
矩阵,3.65,zh,wordfreq,4,1.8
矫正,3.69,zh,wordfreq,15,1.25
短信,4.18,zh,wordfreq,36,1.0
短发,3.5,zh,wordfreq,61,1.0
短文,3.51,zh,wordfreq,57,1.0
短时间,3.65,zh,wordfreq,3,1.8
短暂,4.32,zh,wordfreq,13,1.35
短期,4.51,zh,wordfreq,48,1.0
短片,4.34,zh,wordfreq,38,1.0
短短,3.96,zh,wordfreq,17,1.1
短短的,3.44,zh,wordfreq,0,1.95
短篇,4.06,zh,wordfreq,19,1.05
短线,3.54,zh,wordfreq,53,1.0
短缺,4.2,zh,wordfreq,18,1.1
短裙,3.5,zh,wordfreq,13,1.35
短裤,3.76,zh,wordfreq,14,1.3
短语,3.36,zh,wordfreq,42,1.0
短路,3.32,zh,wordfreq,48,1.0
矮子,3.34,zh,wordfreq,172,1.0
石化,3.92,zh,wordfreq,56,1.0
石器,3.6,zh,wordfreq,27,1.0
石块,3.84,zh,wordfreq,28,1.0
石墨,3.48,zh,wordfreq,16,1.2
石头,4.5,zh,wordfreq,89,1.0
石家庄,3.94,zh,wordfreq,0,2.0
石川,3.35,zh,wordfreq,25,1.0
石材,3.33,zh,wordfreq,28,1.0
石林,3.32,zh,wordfreq,35,1.0
石柱,3.4,zh,wordfreq,17,1.15
石桥,3.39,zh,wordfreq,21,1.0
石棉,3.33,zh,wordfreq,16,1.2
石榴,3.48,zh,wordfreq,16,1.2
石油,4.89,zh,wordfreq,27,1.0
石碑,3.59,zh,wordfreq,18,1.1
石膏,3.44,zh,wordfreq,17,1.15
石英,3.4,zh,wordfreq,19,1.05
石门,3.53,zh,wordfreq,61,1.0
矿业,3.99,zh,wordfreq,42,1.0
矿井,3.47,zh,wordfreq,9,1.55
矿产,4.04,zh,wordfreq,33,1.0
矿区,3.67,zh,wordfreq,51,1.0
矿山,3.9,zh,wordfreq,44,1.0
矿工,3.71,zh,wordfreq,38,1.0
矿泉水,3.53,zh,wordfreq,0,1.95
矿物,3.94,zh,wordfreq,42,1.0
矿物质,3.48,zh,wordfreq,0,1.9
矿石,3.45,zh,wordfreq,19,1.05
矿藏,3.45,zh,wordfreq,20,1.0
码头,4.45,zh,wordfreq,73,1.0
砍伐,3.35,zh,wordfreq,4,1.8
砍掉,3.44,zh,wordfreq,19,1.05
研习,3.47,zh,wordfreq,12,1.4
研制,4.35,zh,wordfreq,41,1.0
研发,4.68,zh,wordfreq,52,1.0
研究,5.69,zh,wordfreq,8,1.25
研究会,3.7,zh,wordfreq,7,1.6
研究员,4.33,zh,wordfreq,6,1.65
研究室,3.57,zh,wordfreq,6,1.65
研究所,4.58,zh,wordfreq,6,1.65
研究生,4.49,zh,wordfreq,6,1.65
研究者,3.85,zh,wordfreq,6,1.65
研究院,4.25,zh,wordfreq,6,1.65
研讨,3.93,zh,wordfreq,8,1.55
研讨会,4.17,zh,wordfreq,1,1.9
砖头,3.47,zh,wordfreq,73,1.0
破产,4.39,zh,wordfreq,38,1.0
破坏,5.13,zh,wordfreq,20,1.0
破坏性,3.45,zh,wordfreq,0,1.95
破损,3.55,zh,wordfreq,17,1.15
破旧,3.38,zh,wordfreq,19,1.05
破案,3.48,zh,wordfreq,40,1.0
破灭,3.75,zh,wordfreq,18,1.1
破烂,3.55,zh,wordfreq,15,1.25
破碎,3.91,zh,wordfreq,15,1.25
破获,3.38,zh,wordfreq,20,1.0
破裂,3.95,zh,wordfreq,18,1.1
破解,4.1,zh,wordfreq,35,1.0
破译,3.62,zh,wordfreq,17,1.15
破门,3.44,zh,wordfreq,58,1.0
破除,3.75,zh,wordfreq,30,1.0
硅谷,3.55,zh,wordfreq,5,1.75
硕士,4.41,zh,wordfreq,29,1.0
硕大,3.32,zh,wordfreq,57,1.0
硫酸,3.54,zh,wordfreq,1,1.95
硬件,4.2,zh,wordfreq,32,1.0
硬化,3.41,zh,wordfreq,45,1.0
硬币,4.03,zh,wordfreq,13,1.35
硬度,3.55,zh,wordfreq,53,1.0
硬是,3.39,zh,wordfreq,42,1.0
硬盘,3.87,zh,wordfreq,20,1.0
确保,4.9,zh,wordfreq,15,1.25
确信,4.06,zh,wordfreq,31,1.0
确切,4.25,zh,wordfreq,18,1.1
确定,5.3,zh,wordfreq,60,1.0
确实,5.21,zh,wordfreq,33,1.0
确有,3.74,zh,wordfreq,77,1.0
确立,4.42,zh,wordfreq,29,1.0
确认,4.86,zh,wordfreq,14,1.3
确诊,3.96,zh,wordfreq,11,1.45
碉堡,3.41,zh,wordfreq,2,1.9
碎片,4.14,zh,wordfreq,25,1.0
碰上,3.83,zh,wordfreq,78,1.0
碰到,4.34,zh,wordfreq,57,1.0
碰巧,3.41,zh,wordfreq,8,1.6
碰撞,4.04,zh,wordfreq,7,1.65
碰见,3.48,zh,wordfreq,34,1.0
碰面,3.53,zh,wordfreq,61,1.0
碱性,3.4,zh,wordfreq,45,1.0
磁力,3.41,zh,wordfreq,76,1.0
磁场,3.92,zh,wordfreq,58,1.0
磁带,3.71,zh,wordfreq,26,1.0
磁性,3.56,zh,wordfreq,50,1.0
磁盘,3.53,zh,wordfreq,20,1.0
磁铁,3.35,zh,wordfreq,8,1.6
磋商,3.8,zh,wordfreq,13,1.35
磨损,3.59,zh,wordfreq,6,1.7
磨练,3.41,zh,wordfreq,7,1.65
磨难,3.56,zh,wordfreq,19,1.05
示威,4.46,zh,wordfreq,5,1.7
示威者,4.0,zh,wordfreq,0,1.95
示意,3.45,zh,wordfreq,51,1.0
示意图,3.33,zh,wordfreq,0,1.9
示范,4.37,zh,wordfreq,8,1.55
示范区,3.5,zh,wordfreq,0,1.95
礼仪,4.03,zh,wordfreq,10,1.5
礼品,3.74,zh,wordfreq,35,1.0
礼堂,3.68,zh,wordfreq,20,1.0
礼拜,4.28,zh,wordfreq,12,1.4
礼服,3.86,zh,wordfreq,25,1.0
礼物,4.67,zh,wordfreq,42,1.0
礼节,3.56,zh,wordfreq,24,1.0
礼貌,4.21,zh,wordfreq,16,1.2
礼部,3.73,zh,wordfreq,54,1.0
社交,4.55,zh,wordfreq,25,1.0
社会,5.99,zh,wordfreq,61,1.0
社会党,3.75,zh,wordfreq,2,1.85
社会化,3.38,zh,wordfreq,2,1.85
社会学,3.98,zh,wordfreq,2,1.85
社保,3.73,zh,wordfreq,16,1.2
社区,5.28,zh,wordfreq,52,1.0
社员,3.74,zh,wordfreq,33,1.0
社团,4.29,zh,wordfreq,22,1.0
社工,3.52,zh,wordfreq,39,1.0
社群,4.11,zh,wordfreq,18,1.1
社论,3.92,zh,wordfreq,28,1.0
社长,4.27,zh,wordfreq,78,1.0
祈求,3.97,zh,wordfreq,20,1.0
祈祷,4.52,zh,wordfreq,2,1.9
祈福,3.51,zh,wordfreq,6,1.7
祖先,4.22,zh,wordfreq,17,1.15
祖国,4.69,zh,wordfreq,60,1.0
祖宗,3.71,zh,wordfreq,9,1.55
祖师,3.67,zh,wordfreq,24,1.0
祖母,3.98,zh,wordfreq,16,1.15
祖父,4.03,zh,wordfreq,15,1.2
祖父母,3.41,zh,wordfreq,0,1.85
祝愿,3.64,zh,wordfreq,14,1.3
祝福,4.33,zh,wordfreq,6,1.7
祝贺,4.16,zh,wordfreq,3,1.85
神仙,3.95,zh,wordfreq,22,1.0
神像,3.76,zh,wordfreq,41,1.0
神功,3.36,zh,wordfreq,30,1.0
神器,3.81,zh,wordfreq,33,1.0
神圣,4.39,zh,wordfreq,24,1.0
神奇,4.42,zh,wordfreq,32,1.0
神学,3.86,zh,wordfreq,59,1.0
神州,3.57,zh,wordfreq,55,1.0
神庙,3.72,zh,wordfreq,23,1.0
神情,3.64,zh,wordfreq,66,1.0
神户,3.38,zh,wordfreq,38,1.0
神明,3.68,zh,wordfreq,53,1.0
神灵,3.69,zh,wordfreq,29,1.0
神父,4.13,zh,wordfreq,32,1.0
神社,3.36,zh,wordfreq,25,1.0
神秘,4.66,zh,wordfreq,26,1.0
神童,3.39,zh,wordfreq,28,1.0
神经,4.47,zh,wordfreq,38,1.0
神经元,3.36,zh,wordfreq,1,1.9
神经病,3.87,zh,wordfreq,1,1.9
神话,4.46,zh,wordfreq,50,1.0
神通,3.53,zh,wordfreq,46,1.0
神韵,3.51,zh,wordfreq,22,1.0
神马,3.75,zh,wordfreq,46,1.0
神龙,3.64,zh,wordfreq,33,1.0
祠堂,3.35,zh,wordfreq,12,1.4
祥和,3.36,zh,wordfreq,13,1.35
票价,3.97,zh,wordfreq,34,1.0
票房,4.0,zh,wordfreq,23,1.0
票据,3.71,zh,wordfreq,11,1.45
票数,3.57,zh,wordfreq,34,1.0
祭司,3.64,zh,wordfreq,8,1.6
祭坛,3.46,zh,wordfreq,7,1.65
祭祀,3.97,zh,wordfreq,3,1.85
祭祖,3.36,zh,wordfreq,5,1.75
祷告,4.03,zh,wordfreq,14,1.3
祸害,3.47,zh,wordfreq,19,1.05
禁书,3.36,zh,wordfreq,36,1.0
禁令,4.08,zh,wordfreq,21,1.0
禁区,3.93,zh,wordfreq,54,1.0
禁忌,3.99,zh,wordfreq,12,1.4
禁播,3.39,zh,wordfreq,23,1.0
禁欲,3.34,zh,wordfreq,15,1.25
禁止,4.9,zh,wordfreq,23,1.0
禁毒,3.36,zh,wordfreq,23,1.0
禁烟,3.33,zh,wordfreq,18,1.1
禁用,3.71,zh,wordfreq,78,1.0
禁运,3.55,zh,wordfreq,30,1.0
禁锢,3.49,zh,wordfreq,11,1.45
禅师,3.4,zh,wordfreq,19,1.05
福克斯,3.58,zh,wordfreq,2,1.8
福利,4.96,zh,wordfreq,53,1.0
福尔,3.36,zh,wordfreq,54,1.0
福岛,3.81,zh,wordfreq,21,1.0
福州,4.25,zh,wordfreq,43,1.0
福布斯,3.53,zh,wordfreq,2,1.85
福建,4.63,zh,wordfreq,28,1.0
福建省,3.88,zh,wordfreq,0,1.95
福斯,3.43,zh,wordfreq,52,1.0
福气,3.54,zh,wordfreq,52,1.0
福特,3.97,zh,wordfreq,37,1.0
福田,3.79,zh,wordfreq,21,1.0
福祉,3.51,zh,wordfreq,10,1.5
福音,3.97,zh,wordfreq,28,1.0
离不开,3.91,zh,wordfreq,1,1.9
离世,3.62,zh,wordfreq,40,1.0
离任,3.45,zh,wordfreq,45,1.0
离别,3.51,zh,wordfreq,33,1.0
离去,4.02,zh,wordfreq,35,1.0
离奇,3.6,zh,wordfreq,25,1.0
离婚,4.64,zh,wordfreq,24,1.0
离子,4.02,zh,wordfreq,187,1.0
离家,3.83,zh,wordfreq,84,1.0
离岸,3.41,zh,wordfreq,27,1.0
离开,5.35,zh,wordfreq,47,1.0
离异,3.33,zh,wordfreq,26,1.0
离散,3.52,zh,wordfreq,23,1.0
离线,3.67,zh,wordfreq,55,1.0
离职,3.91,zh,wordfreq,34,1.0
离谱,3.61,zh,wordfreq,17,1.15
离队,3.37,zh,wordfreq,43,1.0
禽兽,3.78,zh,wordfreq,3,1.85
禽流感,3.64,zh,wordfreq,0,1.95
秀才,3.56,zh,wordfreq,8,1.6
私下,4.02,zh,wordfreq,80,1.0
私人,4.91,zh,wordfreq,152,1.0
私信,3.58,zh,wordfreq,35,1.0
私利,3.53,zh,wordfreq,55,1.0
私募,3.52,zh,wordfreq,13,1.35
私奔,3.33,zh,wordfreq,14,1.3
私家,3.62,zh,wordfreq,81,1.0
私密,3.62,zh,wordfreq,26,1.0
私房,3.37,zh,wordfreq,32,1.0
私有,3.85,zh,wordfreq,81,1.0
私有制,3.43,zh,wordfreq,3,1.8
私有化,3.6,zh,wordfreq,2,1.85
私生子,3.54,zh,wordfreq,1,1.9
私生活,3.5,zh,wordfreq,3,1.8
私立,3.82,zh,wordfreq,33,1.0
私自,3.56,zh,wordfreq,23,1.0
私营,3.94,zh,wordfreq,25,1.0
秃头,3.43,zh,wordfreq,73,1.0
秉持,3.56,zh,wordfreq,10,1.5
秋冬,3.37,zh,wordfreq,3,1.85
秋天,4.07,zh,wordfreq,49,1.0
秋季,3.91,zh,wordfreq,10,1.5
种姓,3.62,zh,wordfreq,8,1.6
种子,4.61,zh,wordfreq,179,1.0
种族,4.63,zh,wordfreq,25,1.0
种植,4.6,zh,wordfreq,9,1.55
种田,3.38,zh,wordfreq,18,1.1
种种,4.74,zh,wordfreq,36,1.0
种类,4.57,zh,wordfreq,26,1.0
种群,3.5,zh,wordfreq,16,1.2
科举,3.89,zh,wordfreq,25,1.0
科大,3.67,zh,wordfreq,72,1.0
科夫,3.53,zh,wordfreq,33,1.0
科威特,3.74,zh,wordfreq,0,2.0
科学,5.45,zh,wordfreq,53,1.0
科学家,4.79,zh,wordfreq,7,1.55
科学界,3.37,zh,wordfreq,2,1.8
科学院,4.35,zh,wordfreq,6,1.6
科室,3.49,zh,wordfreq,26,1.0
科尔,3.74,zh,wordfreq,60,1.0
科幻,3.69,zh,wordfreq,20,1.0
科恩,3.38,zh,wordfreq,21,1.0
科技,5.47,zh,wordfreq,21,1.0
科技部,3.33,zh,wordfreq,0,1.95
科教,3.6,zh,wordfreq,34,1.0
科斯,3.52,zh,wordfreq,58,1.0
科普,4.01,zh,wordfreq,19,1.05
科比,3.66,zh,wordfreq,34,1.0
科目,4.18,zh,wordfreq,34,1.0
科研,4.41,zh,wordfreq,19,1.05
科索沃,3.85,zh,wordfreq,0,2.0
科长,3.65,zh,wordfreq,85,1.0
科隆,3.46,zh,wordfreq,20,1.0
秒钟,3.63,zh,wordfreq,5,1.7
秘书,4.71,zh,wordfreq,28,1.0
秘书处,3.63,zh,wordfreq,1,1.9
秘书长,4.56,zh,wordfreq,1,1.9
秘密,5.02,zh,wordfreq,17,1.15
秘诀,3.87,zh,wordfreq,3,1.85
秘鲁,4.24,zh,wordfreq,5,1.75
租借,3.76,zh,wordfreq,7,1.65
租房,3.65,zh,wordfreq,26,1.0
租用,3.7,zh,wordfreq,73,1.0
租界,3.65,zh,wordfreq,20,1.0
租赁,4.18,zh,wordfreq,6,1.7
租车,3.43,zh,wordfreq,54,1.0
租金,4.03,zh,wordfreq,24,1.0
秦国,3.42,zh,wordfreq,56,1.0
秦始皇,3.65,zh,wordfreq,0,2.05
秦汉,3.42,zh,wordfreq,6,1.7
秦皇岛,3.47,zh,wordfreq,0,2.0
秩序,4.54,zh,wordfreq,6,1.7
积分,4.26,zh,wordfreq,40,1.0
积极,5.16,zh,wordfreq,14,1.25
积极性,3.65,zh,wordfreq,0,1.95
积水,3.6,zh,wordfreq,52,1.0
积累,4.53,zh,wordfreq,10,1.5
积聚,3.39,zh,wordfreq,12,1.4
积蓄,3.65,zh,wordfreq,7,1.65
积雪,3.48,zh,wordfreq,11,1.45
称为,5.07,zh,wordfreq,52,1.0
称之为,4.39,zh,wordfreq,0,1.95
称作,4.07,zh,wordfreq,40,1.0
称号,4.4,zh,wordfreq,39,1.0
称呼,4.43,zh,wordfreq,13,1.35
称帝,3.57,zh,wordfreq,12,1.4
称得上,3.43,zh,wordfreq,0,2.0
称职,3.47,zh,wordfreq,28,1.0
称谓,3.72,zh,wordfreq,13,1.35
称赞,4.09,zh,wordfreq,9,1.55
称道,3.32,zh,wordfreq,49,1.0
称霸,3.44,zh,wordfreq,10,1.5
移交,3.96,zh,wordfreq,23,1.0
移动,4.97,zh,wordfreq,66,1.0
移居,3.88,zh,wordfreq,21,1.0
移植,4.12,zh,wordfreq,9,1.55
移民,4.99,zh,wordfreq,36,1.0
移民局,3.43,zh,wordfreq,0,1.95
移至,3.42,zh,wordfreq,19,1.05
移送,3.7,zh,wordfreq,18,1.1
移除,3.8,zh,wordfreq,24,1.0
稀土,3.32,zh,wordfreq,16,1.2
稀奇,3.41,zh,wordfreq,15,1.25
稀少,3.75,zh,wordfreq,14,1.3
稀有,3.86,zh,wordfreq,74,1.0
稀缺,3.56,zh,wordfreq,10,1.5
稀释,3.5,zh,wordfreq,12,1.4
程序,5.02,zh,wordfreq,8,1.55
程序员,3.57,zh,wordfreq,0,1.95
程度,5.11,zh,wordfreq,50,1.0
程式,4.21,zh,wordfreq,22,1.0
稍后,3.91,zh,wordfreq,41,1.0
稍微,4.29,zh,wordfreq,7,1.65
稍稍,3.65,zh,wordfreq,2,1.9
税制,3.47,zh,wordfreq,43,1.0
税务,4.04,zh,wordfreq,29,1.0
税收,4.35,zh,wordfreq,16,1.2
税款,3.39,zh,wordfreq,25,1.0
税法,3.32,zh,wordfreq,52,1.0
税率,3.96,zh,wordfreq,22,1.0
税金,3.71,zh,wordfreq,24,1.0
稳住,3.42,zh,wordfreq,28,1.0
稳健,3.77,zh,wordfreq,8,1.6
稳固,3.93,zh,wordfreq,12,1.4
稳妥,3.52,zh,wordfreq,7,1.65
稳定,5.21,zh,wordfreq,58,1.0
稳定性,3.91,zh,wordfreq,1,1.85
稳步,4.04,zh,wordfreq,23,1.0
稳重,3.41,zh,wordfreq,37,1.0
稻田,3.48,zh,wordfreq,13,1.35
稻米,3.42,zh,wordfreq,16,1.2
稻草,3.51,zh,wordfreq,7,1.65
稽查,3.48,zh,wordfreq,17,1.15
稽核,3.48,zh,wordfreq,5,1.75
稿件,3.49,zh,wordfreq,28,1.0
稿子,3.47,zh,wordfreq,173,1.0
穆斯,3.47,zh,wordfreq,42,1.0
穆斯林,4.64,zh,wordfreq,0,1.95
究竟,4.81,zh,wordfreq,1,1.95
穷人,4.32,zh,wordfreq,140,1.0
空中,4.55,zh,wordfreq,70,1.0
空军,4.43,zh,wordfreq,52,1.0
空前,3.99,zh,wordfreq,48,1.0
空地,3.63,zh,wordfreq,87,1.0
空姐,3.79,zh,wordfreq,27,1.0
空想,3.39,zh,wordfreq,45,1.0
空战,3.45,zh,wordfreq,61,1.0
空旷,3.34,zh,wordfreq,22,1.0
空气,4.75,zh,wordfreq,64,1.0
空洞,3.64,zh,wordfreq,25,1.0
空白,4.11,zh,wordfreq,38,1.0
空空,3.37,zh,wordfreq,41,1.0
空缺,3.57,zh,wordfreq,27,1.0
空虚,3.84,zh,wordfreq,23,1.0
空袭,4.12,zh,wordfreq,32,1.0
空话,3.47,zh,wordfreq,50,1.0
空调,4.29,zh,wordfreq,43,1.0
空运,3.64,zh,wordfreq,41,1.0
空闲,3.51,zh,wordfreq,24,1.0
空间,5.24,zh,wordfreq,44,1.0
空间站,3.56,zh,wordfreq,0,1.95
空降,3.79,zh,wordfreq,27,1.0
空隙,3.41,zh,wordfreq,24,1.0
空难,3.77,zh,wordfreq,39,1.0
穿戴,3.73,zh,wordfreq,10,1.5
穿插,3.33,zh,wordfreq,9,1.55
穿梭,3.78,zh,wordfreq,9,1.55
穿着,4.51,zh,wordfreq,45,1.0
穿著,3.55,zh,wordfreq,19,1.05
穿衣,3.46,zh,wordfreq,21,1.0
穿衣服,3.47,zh,wordfreq,2,1.8
穿越,4.38,zh,wordfreq,14,1.3
穿过,4.34,zh,wordfreq,50,1.0
穿透,3.65,zh,wordfreq,11,1.45
突出,4.65,zh,wordfreq,87,1.0
突击,4.02,zh,wordfreq,35,1.0
突击队,3.61,zh,wordfreq,1,1.9
突厥,3.57,zh,wordfreq,9,1.55
突发,3.9,zh,wordfreq,57,1.0
突变,3.78,zh,wordfreq,26,1.0
突围,3.57,zh,wordfreq,17,1.15
突尼斯,3.69,zh,wordfreq,2,1.85
突显,3.41,zh,wordfreq,12,1.4
突然,5.13,zh,wordfreq,37,1.0
突破,4.79,zh,wordfreq,16,1.1
突破口,3.33,zh,wordfreq,1,1.9
突破性,3.32,zh,wordfreq,1,1.9
突袭,3.9,zh,wordfreq,19,1.05
窃取,3.82,zh,wordfreq,27,1.0
窃听,3.67,zh,wordfreq,12,1.4
窍门,3.43,zh,wordfreq,45,1.0
窒息,3.75,zh,wordfreq,12,1.4
窗口,4.32,zh,wordfreq,40,1.0
窗外,3.9,zh,wordfreq,34,1.0
窗帘,3.65,zh,wordfreq,3,1.85
窗户,4.13,zh,wordfreq,19,1.05
立下,3.63,zh,wordfreq,83,1.0
立体,4.11,zh,wordfreq,66,1.0
立刻,4.76,zh,wordfreq,23,1.0
立功,3.49,zh,wordfreq,23,1.0
立即,4.89,zh,wordfreq,19,1.05
立国,3.56,zh,wordfreq,70,1.0
立场,4.86,zh,wordfreq,68,1.0
立委,3.75,zh,wordfreq,29,1.0
立宪,3.57,zh,wordfreq,18,1.1
立志,3.61,zh,wordfreq,24,1.0
立方,3.88,zh,wordfreq,55,1.0
立方米,3.56,zh,wordfreq,1,1.9
立案,3.96,zh,wordfreq,42,1.0
立法,4.89,zh,wordfreq,61,1.0
立法会,3.39,zh,wordfreq,1,1.9
立法院,3.96,zh,wordfreq,1,1.85
立足,3.91,zh,wordfreq,24,1.0
立陶宛,3.78,zh,wordfreq,0,2.0
立项,3.75,zh,wordfreq,35,1.0
立马,3.84,zh,wordfreq,39,1.0
竖立,3.48,zh,wordfreq,22,1.0
竖起,3.45,zh,wordfreq,33,1.0
站上,3.71,zh,wordfreq,78,1.0
站住,3.35,zh,wordfreq,27,1.0
站台,4.08,zh,wordfreq,32,1.0
站点,3.95,zh,wordfreq,69,1.0
站立,3.82,zh,wordfreq,26,1.0
站长,3.63,zh,wordfreq,74,1.0
竞争,4.94,zh,wordfreq,12,1.3
竞争力,4.24,zh,wordfreq,1,1.9
竞争者,3.54,zh,wordfreq,1,1.9
竞技,4.01,zh,wordfreq,10,1.45
竞技场,3.62,zh,wordfreq,0,1.95
竞标,3.41,zh,wordfreq,18,1.1
竞相,3.38,zh,wordfreq,16,1.2
竞赛,4.56,zh,wordfreq,15,1.25
竞选,4.57,zh,wordfreq,28,1.0
竟敢,3.39,zh,wordfreq,6,1.7
竟是,3.83,zh,wordfreq,39,1.0
竟然,4.84,zh,wordfreq,30,1.0
章子怡,3.33,zh,wordfreq,0,2.0
章程,3.95,zh,wordfreq,27,1.0
章节,3.94,zh,wordfreq,18,1.1
章鱼,3.57,zh,wordfreq,13,1.35
竣工,3.95,zh,wordfreq,30,1.0
童子,3.43,zh,wordfreq,175,1.0
童年,4.19,zh,wordfreq,65,1.0
童装,3.46,zh,wordfreq,25,1.0
童话,4.06,zh,wordfreq,31,1.0
竭力,3.71,zh,wordfreq,71,1.0
端口,3.63,zh,wordfreq,39,1.0
端正,3.44,zh,wordfreq,17,1.15
端的,3.69,zh,wordfreq,9,1.55
竹子,3.51,zh,wordfreq,172,1.0
笑声,3.89,zh,wordfreq,32,1.0
笑容,4.19,zh,wordfreq,20,1.0
笑笑,3.46,zh,wordfreq,16,1.2
笑脸,3.62,zh,wordfreq,9,1.55
笑话,4.45,zh,wordfreq,32,1.0
笔下,3.76,zh,wordfreq,74,1.0
笔名,3.57,zh,wordfreq,73,1.0
笔录,3.52,zh,wordfreq,16,1.2
笔画,3.32,zh,wordfreq,19,1.05
笔者,4.44,zh,wordfreq,37,1.0
笔记,4.27,zh,wordfreq,19,1.0
笔记本,4.01,zh,wordfreq,0,1.95
笔试,3.51,zh,wordfreq,16,1.2
符号,4.42,zh,wordfreq,31,1.0
符合,4.93,zh,wordfreq,29,1.0
笨拙,3.32,zh,wordfreq,1,1.95
笨蛋,4.1,zh,wordfreq,8,1.6
第一,5.4,zh,wordfreq,31,1.0
第一个,4.94,zh,wordfreq,36,1.0
第一代,3.48,zh,wordfreq,36,1.0
第一件,3.74,zh,wordfreq,33,1.0
第一任,3.43,zh,wordfreq,32,1.0
第一份,3.47,zh,wordfreq,32,1.0
第一位,4.21,zh,wordfreq,34,1.0
第一句,3.35,zh,wordfreq,32,1.0
第一台,3.59,zh,wordfreq,32,1.0
第一名,4.02,zh,wordfreq,36,1.0
第一场,3.77,zh,wordfreq,33,1.0
第一天,4.17,zh,wordfreq,36,1.0
第一季,4.09,zh,wordfreq,35,1.0
第一家,3.7,zh,wordfreq,32,1.0
第一届,4.0,zh,wordfreq,42,1.0
第一年,3.57,zh,wordfreq,34,1.0
第一座,3.42,zh,wordfreq,32,1.0
第一张,3.6,zh,wordfreq,32,1.0
第一手,3.38,zh,wordfreq,32,1.0
第一批,3.98,zh,wordfreq,34,1.0
第一期,3.68,zh,wordfreq,33,1.0
第一本,3.32,zh,wordfreq,32,1.0
第一条,3.8,zh,wordfreq,34,1.0
第一次,5.15,zh,wordfreq,37,1.0
第一步,3.98,zh,wordfreq,33,1.0
第一种,3.5,zh,wordfreq,33,1.0
第一章,3.56,zh,wordfreq,33,1.0
第一篇,3.32,zh,wordfreq,32,1.0
第一线,3.52,zh,wordfreq,32,1.0
第一节,3.43,zh,wordfreq,33,1.0
第一轮,3.73,zh,wordfreq,34,1.0
第一道,3.35,zh,wordfreq,32,1.0
第一部,4.01,zh,wordfreq,33,1.0
第一集,3.72,zh,wordfreq,33,1.0
第七,4.1,zh,wordfreq,10,1.45
第七届,3.56,zh,wordfreq,9,1.5
第三,4.83,zh,wordfreq,14,1.0
第三个,4.02,zh,wordfreq,15,1.15
第三代,3.59,zh,wordfreq,13,1.25
第三位,3.39,zh,wordfreq,13,1.25
第三名,3.55,zh,wordfreq,14,1.2
第三天,3.51,zh,wordfreq,13,1.25
第三季,3.88,zh,wordfreq,14,1.25
第三届,3.63,zh,wordfreq,20,1.0
第三批,3.32,zh,wordfreq,13,1.3
第三方,4.08,zh,wordfreq,11,1.35
第三条,3.35,zh,wordfreq,13,1.25
第三次,4.15,zh,wordfreq,16,1.1
第三者,3.42,zh,wordfreq,11,1.35
第九,3.88,zh,wordfreq,10,1.45
第九届,3.49,zh,wordfreq,9,1.5
第二,5.1,zh,wordfreq,17,1.0
第二个,4.38,zh,wordfreq,23,1.0
第二代,3.61,zh,wordfreq,21,1.0
第二位,3.57,zh,wordfreq,21,1.0
第二十,3.35,zh,wordfreq,19,1.0
第二名,3.61,zh,wordfreq,22,1.0
第二场,3.48,zh,wordfreq,20,1.0
第二天,4.39,zh,wordfreq,21,1.0
第二季,4.18,zh,wordfreq,22,1.0
第二届,3.76,zh,wordfreq,28,1.0
第二年,3.7,zh,wordfreq,21,1.0
第二批,3.53,zh,wordfreq,21,1.0
第二期,3.43,zh,wordfreq,20,1.0
第二条,3.53,zh,wordfreq,21,1.0
第二次,4.52,zh,wordfreq,24,1.0
第二种,3.47,zh,wordfreq,20,1.0
第二章,3.37,zh,wordfreq,20,1.0
第二节,3.35,zh,wordfreq,20,1.0
第二轮,3.81,zh,wordfreq,20,1.0
第二部,3.76,zh,wordfreq,20,1.0
第二集,3.37,zh,wordfreq,20,1.0
第五,4.34,zh,wordfreq,12,1.3
第五届,3.85,zh,wordfreq,10,1.45
第五次,3.74,zh,wordfreq,6,1.6
第八,3.96,zh,wordfreq,13,1.3
第八届,3.45,zh,wordfreq,9,1.5
第六,4.16,zh,wordfreq,11,1.35
第六届,3.41,zh,wordfreq,10,1.45
第六次,3.58,zh,wordfreq,6,1.6
第十,3.64,zh,wordfreq,19,1.0
第十一,3.36,zh,wordfreq,2,1.75
第十届,3.51,zh,wordfreq,10,1.45
第四,4.66,zh,wordfreq,14,1.05
第四个,3.58,zh,wordfreq,7,1.55
第四名,3.38,zh,wordfreq,7,1.55
第四季,3.46,zh,wordfreq,7,1.55
第四届,3.61,zh,wordfreq,13,1.3
第四次,3.59,zh,wordfreq,9,1.45
笼子,3.78,zh,wordfreq,173,1.0
笼罩,3.85,zh,wordfreq,4,1.8
等不及,3.36,zh,wordfreq,1,1.9
等于,4.69,zh,wordfreq,59,1.0
等价,3.53,zh,wordfreq,39,1.0
等候,4.0,zh,wordfreq,12,1.4
等到,4.44,zh,wordfreq,60,1.0
等同,3.86,zh,wordfreq,25,1.0
等同于,3.58,zh,wordfreq,1,1.85
等国,3.63,zh,wordfreq,63,1.0
等待,4.83,zh,wordfreq,19,1.05
等等,4.98,zh,wordfreq,18,1.1
等级,4.7,zh,wordfreq,38,1.0
答复,4.03,zh,wordfreq,14,1.3
答应,4.65,zh,wordfreq,18,1.1
答案,4.81,zh,wordfreq,31,1.0
答辩,3.38,zh,wordfreq,6,1.7
答题,3.46,zh,wordfreq,15,1.25
策划,4.47,zh,wordfreq,8,1.6
策动,3.38,zh,wordfreq,61,1.0
策略,4.78,zh,wordfreq,11,1.45
筛选,4.01,zh,wordfreq,23,1.0
筷子,3.56,zh,wordfreq,172,1.0
筹划,3.85,zh,wordfreq,15,1.25
筹办,3.59,zh,wordfreq,24,1.0
筹备,4.3,zh,wordfreq,28,1.0
筹委会,3.33,zh,wordfreq,5,1.75
筹建,3.84,zh,wordfreq,27,1.0
筹措,3.62,zh,wordfreq,10,1.5
筹款,3.61,zh,wordfreq,28,1.0
筹码,3.76,zh,wordfreq,18,1.1
筹组,3.32,zh,wordfreq,21,1.0
筹资,3.45,zh,wordfreq,24,1.0
筹集,3.7,zh,wordfreq,31,1.0
签下,3.79,zh,wordfreq,76,1.0
签发,3.75,zh,wordfreq,56,1.0
签名,4.43,zh,wordfreq,75,1.0
签字,4.15,zh,wordfreq,21,1.0
签定,3.41,zh,wordfreq,60,1.0
签约,4.23,zh,wordfreq,28,1.0
签署,4.77,zh,wordfreq,13,1.35
签订,4.64,zh,wordfreq,12,1.4
签证,4.39,zh,wordfreq,26,1.0
简介,4.67,zh,wordfreq,21,1.0
简体,3.7,zh,wordfreq,69,1.0
简便,3.73,zh,wordfreq,28,1.0
简化,4.29,zh,wordfreq,58,1.0
简单,5.29,zh,wordfreq,32,1.0
简历,4.26,zh,wordfreq,29,1.0
简史,3.54,zh,wordfreq,24,1.0
简报,3.65,zh,wordfreq,50,1.0
简明,3.62,zh,wordfreq,49,1.0
简易,4.05,zh,wordfreq,25,1.0
简洁,3.92,zh,wordfreq,23,1.0
简略,3.48,zh,wordfreq,27,1.0
简直,4.79,zh,wordfreq,21,1.0
简短,3.77,zh,wordfreq,22,1.0
简称,4.79,zh,wordfreq,48,1.0
简约,3.4,zh,wordfreq,38,1.0
简要,3.58,zh,wordfreq,45,1.0
简讯,3.78,zh,wordfreq,26,1.0
简陋,3.72,zh,wordfreq,19,1.05
算不上,3.39,zh,wordfreq,3,1.8
算了,4.29,zh,wordfreq,13,1.3
算了吧,3.41,zh,wordfreq,0,1.95
算命,3.5,zh,wordfreq,25,1.0
算是,4.67,zh,wordfreq,43,1.0
算术,3.44,zh,wordfreq,17,1.15
算法,4.16,zh,wordfreq,52,1.0
算计,3.6,zh,wordfreq,20,1.0
算账,3.38,zh,wordfreq,7,1.65
管制,4.5,zh,wordfreq,47,1.0
管好,3.39,zh,wordfreq,48,1.0
管委会,3.34,zh,wordfreq,5,1.75
管子,3.58,zh,wordfreq,182,1.0
管家,3.98,zh,wordfreq,79,1.0
管控,3.88,zh,wordfreq,20,1.0
管教,3.41,zh,wordfreq,28,1.0
管理,5.54,zh,wordfreq,51,1.0
管理员,4.06,zh,wordfreq,4,1.75
管理处,3.48,zh,wordfreq,4,1.75
管理局,4.07,zh,wordfreq,4,1.75
管理层,3.62,zh,wordfreq,4,1.75
管理者,3.9,zh,wordfreq,4,1.75
管用,3.44,zh,wordfreq,77,1.0
管线,3.72,zh,wordfreq,50,1.0
管辖,4.46,zh,wordfreq,12,1.35
管辖权,3.34,zh,wordfreq,0,1.95
管道,4.32,zh,wordfreq,50,1.0
箭头,3.42,zh,wordfreq,73,1.0
箱子,3.78,zh,wordfreq,172,1.0
箴言,3.33,zh,wordfreq,27,1.0
篇幅,3.74,zh,wordfreq,8,1.6
篇文章,3.94,zh,wordfreq,0,1.9
篇章,3.59,zh,wordfreq,15,1.2
篡改,3.67,zh,wordfreq,5,1.75
篮子,3.5,zh,wordfreq,174,1.0
篮板,3.71,zh,wordfreq,17,1.15
篮球,4.54,zh,wordfreq,25,1.0
篱笆,3.47,zh,wordfreq,0,2.0
米亚,3.45,zh,wordfreq,23,1.0
米兰,4.16,zh,wordfreq,20,1.0
米勒,3.67,zh,wordfreq,14,1.3
米奇,3.83,zh,wordfreq,21,1.0
米娜,3.33,zh,wordfreq,16,1.2
米尔,3.97,zh,wordfreq,55,1.0
米拉,3.51,zh,wordfreq,43,1.0
米斯,3.53,zh,wordfreq,53,1.0
米格,3.43,zh,wordfreq,28,1.0
米歇尔,3.74,zh,wordfreq,1,1.9
米特,3.57,zh,wordfreq,38,1.0
米粉,3.45,zh,wordfreq,15,1.25
米饭,3.68,zh,wordfreq,17,1.15
类似,5.14,zh,wordfreq,10,1.5
类别,4.36,zh,wordfreq,21,1.0
类型,4.99,zh,wordfreq,24,1.0
类比,3.47,zh,wordfreq,21,1.0
粉丝,4.52,zh,wordfreq,9,1.55
粉末,3.59,zh,wordfreq,10,1.5
粉碎,4.06,zh,wordfreq,6,1.7
粉红,3.9,zh,wordfreq,12,1.35
粉红色,3.94,zh,wordfreq,0,1.85
粉色,3.7,zh,wordfreq,41,1.0
粒子,4.0,zh,wordfreq,172,1.0
粗俗,3.44,zh,wordfreq,13,1.35
粗口,3.41,zh,wordfreq,43,1.0
粗大,3.52,zh,wordfreq,62,1.0
粗暴,3.85,zh,wordfreq,11,1.45
粗略,3.44,zh,wordfreq,15,1.25
粗糙,3.77,zh,wordfreq,6,1.7
粗鲁,3.79,zh,wordfreq,8,1.6
粘土,3.34,zh,wordfreq,11,1.45
粤语,4.06,zh,wordfreq,29,1.0
粪便,3.46,zh,wordfreq,10,1.5
粮仓,3.36,zh,wordfreq,1,1.95
粮食,4.93,zh,wordfreq,17,1.15
粽子,3.54,zh,wordfreq,172,1.0
精准,3.96,zh,wordfreq,39,1.0
精力,4.33,zh,wordfreq,98,1.0
精华,4.16,zh,wordfreq,46,1.0
精品,4.13,zh,wordfreq,54,1.0
精子,3.84,zh,wordfreq,199,1.0
精密,3.86,zh,wordfreq,41,1.0
精巧,3.42,zh,wordfreq,30,1.0
精度,3.88,zh,wordfreq,75,1.0
精彩,4.57,zh,wordfreq,33,1.0
精心,4.1,zh,wordfreq,80,1.0
精明,3.61,zh,wordfreq,58,1.0
精油,3.36,zh,wordfreq,38,1.0
精液,3.89,zh,wordfreq,31,1.0
精湛,3.63,zh,wordfreq,27,1.0
精灵,4.27,zh,wordfreq,34,1.0
精确,4.3,zh,wordfreq,31,1.0
精神,5.25,zh,wordfreq,38,1.0
精神病,3.99,zh,wordfreq,0,1.95
精简,3.57,zh,wordfreq,27,1.0
精细,3.82,zh,wordfreq,30,1.0
精美,3.93,zh,wordfreq,48,1.0
精致,4.01,zh,wordfreq,38,1.0
精英,4.3,zh,wordfreq,30,1.0
精辟,3.4,zh,wordfreq,29,1.0
精选,4.18,zh,wordfreq,50,1.0
精通,3.79,zh,wordfreq,51,1.0
精采,3.37,zh,wordfreq,29,1.0
精锐,3.45,zh,wordfreq,29,1.0
精髓,3.58,zh,wordfreq,29,1.0
糊涂,3.87,zh,wordfreq,0,2.0
糕点,3.37,zh,wordfreq,64,1.0
糖尿病,4.01,zh,wordfreq,0,2.0
糖果,4.11,zh,wordfreq,16,1.2
糟糕,4.47,zh,wordfreq,2,1.9
糟蹋,3.46,zh,wordfreq,1,1.95
糯米,3.41,zh,wordfreq,14,1.3
系主任,3.41,zh,wordfreq,1,1.9
系列,5.31,zh,wordfreq,15,1.2
系数,3.95,zh,wordfreq,33,1.0
系统,5.68,zh,wordfreq,9,1.5
系统性,3.6,zh,wordfreq,0,1.95
紊乱,3.48,zh,wordfreq,16,1.2
素养,3.86,zh,wordfreq,20,1.0
素描,3.63,zh,wordfreq,6,1.7
素有,3.48,zh,wordfreq,74,1.0
素材,4.07,zh,wordfreq,17,1.15
素质,4.68,zh,wordfreq,27,1.0
素食,3.6,zh,wordfreq,21,1.0
索取,3.65,zh,wordfreq,30,1.0
索尔,3.53,zh,wordfreq,48,1.0
索尼,4.06,zh,wordfreq,11,1.45
索引,3.85,zh,wordfreq,9,1.55
索赔,3.58,zh,wordfreq,4,1.8
索马里,3.81,zh,wordfreq,0,1.95
紧凑,3.47,zh,wordfreq,13,1.35
紧密,4.39,zh,wordfreq,26,1.0
紧张,4.94,zh,wordfreq,28,1.0
紧急,4.74,zh,wordfreq,16,1.2
紧接着,3.66,zh,wordfreq,0,1.95
紧握,3.34,zh,wordfreq,14,1.3
紧紧,4.01,zh,wordfreq,17,1.15
紧缩,3.92,zh,wordfreq,18,1.1
紧缺,3.51,zh,wordfreq,17,1.15
紧要,3.39,zh,wordfreq,39,1.0
紧跟,3.34,zh,wordfreq,12,1.4
紧身,3.52,zh,wordfreq,50,1.0
紧迫,3.84,zh,wordfreq,17,1.15
紧闭,3.42,zh,wordfreq,15,1.25
紫外线,3.49,zh,wordfreq,1,1.95
紫色,3.91,zh,wordfreq,37,1.0
累死,3.36,zh,wordfreq,27,1.0
累积,4.17,zh,wordfreq,7,1.65
累计,4.5,zh,wordfreq,16,1.2
繁体,3.6,zh,wordfreq,60,1.0
繁体字,3.49,zh,wordfreq,0,1.95
繁华,3.67,zh,wordfreq,28,1.0
繁多,3.63,zh,wordfreq,25,1.0
繁忙,3.82,zh,wordfreq,13,1.35
繁杂,3.36,zh,wordfreq,12,1.4
繁殖,4.07,zh,wordfreq,12,1.4
繁琐,3.46,zh,wordfreq,10,1.5
繁荣,4.49,zh,wordfreq,13,1.35
繁衍,3.55,zh,wordfreq,10,1.5
繁重,3.56,zh,wordfreq,40,1.0
纠正,4.28,zh,wordfreq,18,1.1
纠纷,4.3,zh,wordfreq,5,1.75
纠结,3.58,zh,wordfreq,18,1.1
纠缠,3.86,zh,wordfreq,3,1.85
红军,4.34,zh,wordfreq,48,1.0
红利,3.91,zh,wordfreq,61,1.0
红包,4.06,zh,wordfreq,26,1.0
红卫兵,3.55,zh,wordfreq,0,1.95
红外,3.67,zh,wordfreq,49,1.0
红外线,3.49,zh,wordfreq,1,1.85
红宝石,3.52,zh,wordfreq,1,1.9
红心,3.32,zh,wordfreq,71,1.0
红旗,4.06,zh,wordfreq,20,1.0
红星,3.62,zh,wordfreq,44,1.0
红树林,3.44,zh,wordfreq,0,1.95
红楼,3.66,zh,wordfreq,29,1.0
红楼梦,3.83,zh,wordfreq,0,1.95
红海,3.43,zh,wordfreq,43,1.0
红灯,3.65,zh,wordfreq,22,1.0
红烧,3.39,zh,wordfreq,22,1.0
红牌,3.34,zh,wordfreq,33,1.0
红线,3.67,zh,wordfreq,58,1.0
红色,4.81,zh,wordfreq,55,1.0
红花,3.63,zh,wordfreq,39,1.0
红茶,3.37,zh,wordfreq,21,1.0
红衣,3.52,zh,wordfreq,31,1.0
红豆,3.33,zh,wordfreq,23,1.0
红酒,3.81,zh,wordfreq,26,1.0
纤细,3.44,zh,wordfreq,4,1.8
纤维,4.11,zh,wordfreq,6,1.7
约会,4.3,zh,wordfreq,59,1.0
约克,3.34,zh,wordfreq,40,1.0
约合,3.66,zh,wordfreq,35,1.0
约定,4.4,zh,wordfreq,59,1.0
约旦,3.86,zh,wordfreq,11,1.45
约束,4.31,zh,wordfreq,11,1.45
约炮,3.53,zh,wordfreq,13,1.35
约瑟夫,3.77,zh,wordfreq,0,1.95
约翰,4.71,zh,wordfreq,7,1.6
约翰逊,3.78,zh,wordfreq,0,2.3
级别,4.39,zh,wordfreq,19,1.05
级数,3.34,zh,wordfreq,32,1.0
纪事,3.36,zh,wordfreq,65,1.0
纪元,3.61,zh,wordfreq,24,1.0
纪委,3.97,zh,wordfreq,23,1.0
纪实,3.67,zh,wordfreq,34,1.0
纪年,3.37,zh,wordfreq,71,1.0
纪录,4.72,zh,wordfreq,19,1.0
纪录片,4.31,zh,wordfreq,0,1.95
纪律,4.26,zh,wordfreq,16,1.2
纪念,4.94,zh,wordfreq,20,1.0
纪念品,3.78,zh,wordfreq,4,1.75
纪念堂,3.34,zh,wordfreq,4,1.75
纪念日,3.96,zh,wordfreq,4,1.75
纪念碑,4.11,zh,wordfreq,4,1.75
纪念馆,3.87,zh,wordfreq,4,1.75
纪检,3.41,zh,wordfreq,11,1.4
纪检组,3.33,zh,wordfreq,0,1.95
纪要,3.5,zh,wordfreq,36,1.0
纬度,3.43,zh,wordfreq,48,1.0
纯净,3.76,zh,wordfreq,9,1.55
纯属,3.73,zh,wordfreq,21,1.0
纯情,3.37,zh,wordfreq,50,1.0
纯正,3.56,zh,wordfreq,21,1.0
纯洁,3.88,zh,wordfreq,11,1.45
纯真,3.47,zh,wordfreq,14,1.3
纯粹,4.39,zh,wordfreq,8,1.6
纲要,3.82,zh,wordfreq,28,1.0
纲领,4.12,zh,wordfreq,11,1.45
纳什,3.33,zh,wordfreq,9,1.55
纳入,4.58,zh,wordfreq,68,1.0
纳吉,3.54,zh,wordfreq,9,1.55
纳尔逊,3.4,zh,wordfreq,1,1.95
纳税,4.01,zh,wordfreq,16,1.15
纳税人,3.97,zh,wordfreq,0,1.95
纳米,3.79,zh,wordfreq,21,1.0
纳粹,4.29,zh,wordfreq,9,1.5
纳粹党,3.41,zh,wordfreq,0,1.95
纳西,3.45,zh,wordfreq,25,1.0
纳闷,3.78,zh,wordfreq,8,1.6
纵使,3.5,zh,wordfreq,21,1.0
纵向,3.64,zh,wordfreq,42,1.0
纵容,3.66,zh,wordfreq,24,1.0
纵横,3.78,zh,wordfreq,9,1.55
纵深,3.51,zh,wordfreq,14,1.3
纵火,3.76,zh,wordfreq,30,1.0
纵然,3.98,zh,wordfreq,36,1.0
纵观,3.39,zh,wordfreq,29,1.0
纵队,3.66,zh,wordfreq,36,1.0
纷争,3.78,zh,wordfreq,8,1.6
纷纷,4.72,zh,wordfreq,3,1.85
纸巾,3.39,zh,wordfreq,7,1.65
纸币,3.74,zh,wordfreq,12,1.4
纸张,3.72,zh,wordfreq,20,1.0
纸条,3.71,zh,wordfreq,21,1.0
纸牌,3.54,zh,wordfreq,19,1.05
纹身,3.88,zh,wordfreq,38,1.0
纺织,4.36,zh,wordfreq,4,1.75
纺织品,3.82,zh,wordfreq,0,1.95
纽带,3.58,zh,wordfreq,22,1.0
纽约,4.98,zh,wordfreq,21,1.0
纽约州,3.72,zh,wordfreq,1,1.9
纽约市,3.78,zh,wordfreq,1,1.9
纽西兰,3.73,zh,wordfreq,1,1.95
线上,4.53,zh,wordfreq,78,1.0
线下,3.98,zh,wordfreq,73,1.0
线性,3.9,zh,wordfreq,50,1.0
线条,3.85,zh,wordfreq,22,1.0
线索,4.27,zh,wordfreq,13,1.35
线路,4.56,zh,wordfreq,40,1.0
练习,4.44,zh,wordfreq,9,1.55
练功,3.46,zh,wordfreq,9,1.55
组件,3.8,zh,wordfreq,36,1.0
组合,4.83,zh,wordfreq,37,1.0
组团,3.48,zh,wordfreq,22,1.0
组图,3.74,zh,wordfreq,26,1.0
组委会,3.52,zh,wordfreq,5,1.75
组建,4.53,zh,wordfreq,27,1.0
组成,5.26,zh,wordfreq,52,1.0
组织,5.84,zh,wordfreq,13,1.2
组织者,3.58,zh,wordfreq,1,1.9
组织部,3.62,zh,wordfreq,1,1.9
组装,3.81,zh,wordfreq,31,1.0
组长,4.02,zh,wordfreq,78,1.0
组队,3.43,zh,wordfreq,37,1.0
绅士,3.97,zh,wordfreq,28,1.0
细分,3.67,zh,wordfreq,44,1.0
细则,3.54,zh,wordfreq,19,1.05
细小,3.66,zh,wordfreq,28,1.0
细微,3.69,zh,wordfreq,15,1.25
细心,3.83,zh,wordfreq,63,1.0
细胞,4.64,zh,wordfreq,12,1.3
细腻,3.83,zh,wordfreq,10,1.5
细致,3.96,zh,wordfreq,21,1.0
细节,4.68,zh,wordfreq,26,1.0
细菌,4.21,zh,wordfreq,13,1.35
细长,3.38,zh,wordfreq,79,1.0
织物,3.33,zh,wordfreq,34,1.0
终于,5.24,zh,wordfreq,63,1.0
终审,3.39,zh,wordfreq,18,1.1
终将,3.67,zh,wordfreq,25,1.0
终年,3.69,zh,wordfreq,74,1.0
终日,3.33,zh,wordfreq,52,1.0
终极,4.18,zh,wordfreq,20,1.0
终止,4.41,zh,wordfreq,24,1.0
终点,4.08,zh,wordfreq,76,1.0
终生,3.89,zh,wordfreq,60,1.0
终究,4.08,zh,wordfreq,16,1.2
终端,4.07,zh,wordfreq,28,1.0
终结,4.3,zh,wordfreq,27,1.0
终结者,3.38,zh,wordfreq,0,1.95
终身,4.36,zh,wordfreq,50,1.0
绍兴,3.83,zh,wordfreq,9,1.55
经典,4.83,zh,wordfreq,26,1.0
经历,5.17,zh,wordfreq,26,1.0
经受,3.76,zh,wordfreq,30,1.0
经商,3.88,zh,wordfreq,28,1.0
经常,5.16,zh,wordfreq,28,1.0
经文,3.7,zh,wordfreq,59,1.0
经济,5.87,zh,wordfreq,17,1.0
经济体,3.79,zh,wordfreq,3,1.8
经济学,4.48,zh,wordfreq,3,1.8
经济带,3.4,zh,wordfreq,3,1.8
经济部,3.33,zh,wordfreq,3,1.8
经理,4.69,zh,wordfreq,56,1.0
经理人,3.56,zh,wordfreq,2,1.85
经由,4.12,zh,wordfreq,23,1.0
经纪,4.11,zh,wordfreq,18,1.05
经纪人,4.0,zh,wordfreq,1,1.9
经营,5.16,zh,wordfreq,28,1.0
经营者,3.81,zh,wordfreq,0,1.95
经贸,4.02,zh,wordfreq,18,1.1
经费,4.67,zh,wordfreq,33,1.0
经过,5.38,zh,wordfreq,57,1.0
经销,3.5,zh,wordfreq,30,1.0
经销商,3.65,zh,wordfreq,0,1.9
经验,5.33,zh,wordfreq,23,1.0
绑定,3.62,zh,wordfreq,53,1.0
绑架,4.52,zh,wordfreq,12,1.4
结业,3.32,zh,wordfreq,54,1.0
结为,3.5,zh,wordfreq,63,1.0
结交,3.46,zh,wordfreq,36,1.0
结冰,3.49,zh,wordfreq,20,1.0
结合,5.22,zh,wordfreq,48,1.0
结婚,5.0,zh,wordfreq,29,1.0
结实,3.72,zh,wordfreq,45,1.0
结尾,4.02,zh,wordfreq,21,1.0
结局,4.47,zh,wordfreq,38,1.0
结成,3.7,zh,wordfreq,63,1.0
结晶,3.97,zh,wordfreq,22,1.0
结束,5.39,zh,wordfreq,24,1.0
结构,5.29,zh,wordfreq,24,1.0
结构性,3.61,zh,wordfreq,0,1.95
结果,5.67,zh,wordfreq,36,1.0
结核病,3.38,zh,wordfreq,0,2.0
结案,3.55,zh,wordfreq,47,1.0
结盟,4.0,zh,wordfreq,26,1.0
结石,3.32,zh,wordfreq,31,1.0
结社,3.53,zh,wordfreq,23,1.0
结算,4.23,zh,wordfreq,37,1.0
结论,4.76,zh,wordfreq,39,1.0
结识,3.77,zh,wordfreq,32,1.0
绕过,3.86,zh,wordfreq,43,1.0
绕道,3.5,zh,wordfreq,41,1.0
绘制,3.96,zh,wordfreq,39,1.0
绘图,3.54,zh,wordfreq,19,1.05
绘画,4.36,zh,wordfreq,15,1.25
给予,4.93,zh,wordfreq,7,1.65
给付,3.59,zh,wordfreq,9,1.55
给出,4.21,zh,wordfreq,81,1.0
给钱,3.89,zh,wordfreq,27,1.0
绝不,4.5,zh,wordfreq,23,1.0
绝不会,3.83,zh,wordfreq,2,1.8
绝不能,3.57,zh,wordfreq,1,1.85
绝佳,3.58,zh,wordfreq,19,1.05
绝地,3.75,zh,wordfreq,80,1.0
绝境,3.43,zh,wordfreq,33,1.0
绝妙,3.36,zh,wordfreq,20,1.0
绝密,3.4,zh,wordfreq,29,1.0
绝对,5.16,zh,wordfreq,27,1.0
绝技,3.54,zh,wordfreq,20,1.0
绝招,3.57,zh,wordfreq,16,1.2
绝无,3.43,zh,wordfreq,19,1.05
绝望,4.45,zh,wordfreq,36,1.0
绝缘,3.49,zh,wordfreq,20,1.0
绝迹,3.38,zh,wordfreq,25,1.0
绝非,3.75,zh,wordfreq,27,1.0
绝顶,3.44,zh,wordfreq,21,1.0
绝食,3.88,zh,wordfreq,31,1.0
统一,5.22,zh,wordfreq,32,1.0
统制,3.44,zh,wordfreq,47,1.0
统帅,3.7,zh,wordfreq,13,1.35
统战,3.73,zh,wordfreq,49,1.0
统战部,3.43,zh,wordfreq,0,1.95
统治,5.04,zh,wordfreq,24,1.0
统治者,4.21,zh,wordfreq,0,1.95
统称,3.74,zh,wordfreq,40,1.0
统筹,4.09,zh,wordfreq,10,1.5
统统,3.88,zh,wordfreq,17,1.15
统考,3.37,zh,wordfreq,15,1.25
统计,5.05,zh,wordfreq,24,1.0
统计学,3.38,zh,wordfreq,1,1.9
统计局,3.6,zh,wordfreq,1,1.9
统领,3.77,zh,wordfreq,20,1.0
绥靖,3.32,zh,wordfreq,1,1.95
继任,3.55,zh,wordfreq,36,1.0
继任者,3.48,zh,wordfreq,0,1.95
继位,3.71,zh,wordfreq,52,1.0
继承,4.65,zh,wordfreq,8,1.55
继承人,3.95,zh,wordfreq,0,1.95
继母,3.64,zh,wordfreq,17,1.15
继父,3.48,zh,wordfreq,16,1.2
继续,5.64,zh,wordfreq,14,1.3
继而,3.77,zh,wordfreq,14,1.3
绩效,3.8,zh,wordfreq,14,1.3
续约,3.49,zh,wordfreq,22,1.0
续航,3.45,zh,wordfreq,10,1.5
续集,3.76,zh,wordfreq,24,1.0
绯闻,3.58,zh,wordfreq,5,1.75
绰号,3.9,zh,wordfreq,30,1.0
绳子,3.86,zh,wordfreq,173,1.0
绳索,3.57,zh,wordfreq,9,1.55
维也纳,4.08,zh,wordfreq,0,2.0
维亚,3.67,zh,wordfreq,30,1.0
维修,4.47,zh,wordfreq,27,1.0
维克,3.63,zh,wordfreq,51,1.0
维克多,3.46,zh,wordfreq,0,1.9
维利,3.33,zh,wordfreq,61,1.0
维吾尔,3.91,zh,wordfreq,0,1.95
维和,3.49,zh,wordfreq,31,1.0
维基,4.06,zh,wordfreq,23,1.0
维多,3.42,zh,wordfreq,34,1.0
维奇,3.7,zh,wordfreq,28,1.0
维尔,3.92,zh,wordfreq,62,1.0
维度,3.57,zh,wordfreq,66,1.0
维护,5.06,zh,wordfreq,32,1.0
维拉,3.63,zh,wordfreq,50,1.0
维持,4.93,zh,wordfreq,28,1.0
维斯,3.41,zh,wordfreq,60,1.0
维新,3.67,zh,wordfreq,31,1.0
维族,3.69,zh,wordfreq,36,1.0
维权,3.95,zh,wordfreq,49,1.0
维特,3.65,zh,wordfreq,45,1.0
维生素,4.06,zh,wordfreq,1,1.95
维系,3.74,zh,wordfreq,25,1.0
绵羊,3.4,zh,wordfreq,3,1.85
绵阳,3.36,zh,wordfreq,18,1.1
绷带,3.36,zh,wordfreq,21,1.0
综合,5.29,zh,wordfreq,31,1.0
综合征,3.58,zh,wordfreq,2,1.85
综合性,3.8,zh,wordfreq,2,1.85
综合症,3.63,zh,wordfreq,2,1.85
综艺,3.81,zh,wordfreq,12,1.4
综观,3.32,zh,wordfreq,24,1.0
综述,3.57,zh,wordfreq,22,1.0
绽放,3.57,zh,wordfreq,13,1.35
绿化,4.07,zh,wordfreq,45,1.0
绿卡,3.34,zh,wordfreq,10,1.5
绿地,3.8,zh,wordfreq,70,1.0
绿洲,3.55,zh,wordfreq,13,1.35
绿色,4.83,zh,wordfreq,42,1.0
绿茶,3.43,zh,wordfreq,8,1.6
缅怀,3.64,zh,wordfreq,6,1.7
缅甸,4.61,zh,wordfreq,1,1.95
缆车,3.36,zh,wordfreq,48,1.0
缓冲,3.65,zh,wordfreq,8,1.6
缓刑,3.65,zh,wordfreq,13,1.35
缓和,4.07,zh,wordfreq,19,1.05
缓存,3.67,zh,wordfreq,22,1.0
缓慢,4.42,zh,wordfreq,10,1.5
缓缓,3.61,zh,wordfreq,12,1.4
缓解,4.29,zh,wordfreq,28,1.0
缔约,3.35,zh,wordfreq,22,1.0
缔约国,3.54,zh,wordfreq,0,1.95
缔结,3.78,zh,wordfreq,17,1.15
缔造,3.62,zh,wordfreq,18,1.1
编入,3.36,zh,wordfreq,79,1.0
编写,4.27,zh,wordfreq,30,1.0
编制,4.52,zh,wordfreq,55,1.0
编剧,4.26,zh,wordfreq,32,1.0
编号,4.4,zh,wordfreq,48,1.0
编导,3.64,zh,wordfreq,36,1.0
编成,3.73,zh,wordfreq,61,1.0
编排,3.8,zh,wordfreq,22,1.0
编撰,3.42,zh,wordfreq,18,1.1
编码,4.02,zh,wordfreq,27,1.0
编程,3.98,zh,wordfreq,43,1.0
编纂,3.9,zh,wordfreq,18,1.1
编组,3.44,zh,wordfreq,30,1.0
编织,3.71,zh,wordfreq,22,1.0
编者,3.56,zh,wordfreq,49,1.0
编译,3.96,zh,wordfreq,22,1.0
编辑,5.11,zh,wordfreq,22,1.0
编辑部,3.66,zh,wordfreq,0,1.95
编造,3.77,zh,wordfreq,34,1.0
编队,3.7,zh,wordfreq,46,1.0
缘分,3.43,zh,wordfreq,36,1.0
缘故,4.05,zh,wordfreq,7,1.65
缘由,3.49,zh,wordfreq,10,1.5
缝隙,3.5,zh,wordfreq,2,1.9
缠绕,3.45,zh,wordfreq,3,1.85
缠身,3.46,zh,wordfreq,39,1.0
缤纷,3.35,zh,wordfreq,2,1.9
缩写,3.95,zh,wordfreq,17,1.15
缩减,3.83,zh,wordfreq,12,1.4
缩小,4.23,zh,wordfreq,23,1.0
缩影,3.45,zh,wordfreq,17,1.15
缩水,3.73,zh,wordfreq,51,1.0
缩短,4.26,zh,wordfreq,9,1.55
缴纳,4.0,zh,wordfreq,12,1.4
缴获,3.42,zh,wordfreq,9,1.55
缴费,3.61,zh,wordfreq,20,1.0
缺乏,5.0,zh,wordfreq,10,1.5
缺口,4.02,zh,wordfreq,44,1.0
缺失,3.93,zh,wordfreq,18,1.1
缺少,4.39,zh,wordfreq,16,1.2
缺席,4.05,zh,wordfreq,12,1.4
缺水,3.44,zh,wordfreq,53,1.0
缺点,4.35,zh,wordfreq,71,1.0
缺陷,4.28,zh,wordfreq,11,1.45
罂粟,3.37,zh,wordfreq,0,2.0
罐头,3.76,zh,wordfreq,74,1.0
罐子,3.49,zh,wordfreq,173,1.0
网上,4.91,zh,wordfreq,91,1.0
网友,4.95,zh,wordfreq,32,1.0
网名,3.36,zh,wordfreq,85,1.0
网吧,3.88,zh,wordfreq,21,1.0
网址,5.09,zh,wordfreq,23,1.0
网易,4.4,zh,wordfreq,25,1.0
网格,3.35,zh,wordfreq,35,1.0
网民,4.39,zh,wordfreq,47,1.0
网游,3.36,zh,wordfreq,30,1.0
网点,3.85,zh,wordfreq,82,1.0
网球,3.98,zh,wordfreq,41,1.0
网站,5.82,zh,wordfreq,26,1.0
网红,3.6,zh,wordfreq,26,1.0
网络,5.52,zh,wordfreq,21,1.0
网络版,3.38,zh,wordfreq,0,1.95
网购,3.57,zh,wordfreq,28,1.0
网赚,3.77,zh,wordfreq,18,1.1
网路,4.54,zh,wordfreq,53,1.0
网路上,3.74,zh,wordfreq,1,1.8
网际,3.38,zh,wordfreq,26,1.0
网页,4.86,zh,wordfreq,22,1.0
罕见,4.4,zh,wordfreq,29,1.0
罗伯特,4.06,zh,wordfreq,1,1.9
罗兰,3.35,zh,wordfreq,16,1.2
罗列,3.4,zh,wordfreq,20,1.0
罗宾,3.43,zh,wordfreq,11,1.45
罗斯,4.2,zh,wordfreq,49,1.0
罗斯福,3.83,zh,wordfreq,0,1.95
罗曼,3.35,zh,wordfreq,9,1.55
罗杰,3.39,zh,wordfreq,8,1.6
罗素,3.55,zh,wordfreq,15,1.25
罗马,4.71,zh,wordfreq,31,1.0
罚款,4.38,zh,wordfreq,20,1.0
罚金,3.64,zh,wordfreq,19,1.05
罢了,4.43,zh,wordfreq,10,1.5
罢免,3.97,zh,wordfreq,13,1.35
罢工,4.42,zh,wordfreq,33,1.0
罢课,3.5,zh,wordfreq,11,1.45
罪人,3.65,zh,wordfreq,146,1.0
罪名,4.32,zh,wordfreq,73,1.0
罪恶,4.23,zh,wordfreq,14,1.3
罪案,3.34,zh,wordfreq,33,1.0
罪犯,4.44,zh,wordfreq,15,1.25
罪行,4.39,zh,wordfreq,70,1.0
罪过,3.61,zh,wordfreq,48,1.0
置业,3.36,zh,wordfreq,38,1.0
置于,3.96,zh,wordfreq,55,1.0
置信,3.48,zh,wordfreq,27,1.0
置换,3.57,zh,wordfreq,14,1.3
置身,3.5,zh,wordfreq,42,1.0
署名,3.71,zh,wordfreq,67,1.0
罹患,3.8,zh,wordfreq,3,1.85
罹难,3.42,zh,wordfreq,18,1.1
羁押,3.76,zh,wordfreq,3,1.85
羊毛,3.7,zh,wordfreq,6,1.7
羊肉,3.56,zh,wordfreq,11,1.45
美丽,4.98,zh,wordfreq,40,1.0
美人,3.84,zh,wordfreq,175,1.0
美人鱼,3.43,zh,wordfreq,0,1.95
美元,5.24,zh,wordfreq,50,1.0
美军,4.56,zh,wordfreq,65,1.0
美分,3.74,zh,wordfreq,69,1.0
美利坚,3.48,zh,wordfreq,0,2.0
美剧,3.34,zh,wordfreq,49,1.0
美化,3.85,zh,wordfreq,75,1.0
美味,4.28,zh,wordfreq,50,1.0
美国,6.14,zh,wordfreq,90,1.0
美国队,3.46,zh,wordfreq,1,1.9
美女,4.77,zh,wordfreq,55,1.0
美好,4.74,zh,wordfreq,73,1.0
美妙,3.91,zh,wordfreq,40,1.0
美学,4.03,zh,wordfreq,72,1.0
美容,3.88,zh,wordfreq,51,1.0
美少女,4.08,zh,wordfreq,0,1.9
美式,3.62,zh,wordfreq,55,1.0
美德,3.75,zh,wordfreq,63,1.0
美感,3.7,zh,wordfreq,55,1.0
美方,3.97,zh,wordfreq,75,1.0
美日,3.34,zh,wordfreq,75,1.0
美景,3.86,zh,wordfreq,47,1.0
美术,4.49,zh,wordfreq,46,1.0
美术馆,3.78,zh,wordfreq,0,1.95
美梦,3.55,zh,wordfreq,38,1.0
美洲,4.41,zh,wordfreq,43,1.0
美白,3.43,zh,wordfreq,51,1.0
美的,4.43,zh,wordfreq,42,1.0
美眉,3.42,zh,wordfreq,35,1.0
美籍,3.59,zh,wordfreq,42,1.0
美美,3.58,zh,wordfreq,56,1.0
美联储,3.71,zh,wordfreq,1,1.95
美联社,3.59,zh,wordfreq,1,1.95
美腿,3.36,zh,wordfreq,39,1.0
美英,3.35,zh,wordfreq,38,1.0
美观,3.6,zh,wordfreq,56,1.0
美誉,3.44,zh,wordfreq,40,1.0
美貌,3.68,zh,wordfreq,43,1.0
美酒,3.41,zh,wordfreq,43,1.0
美金,4.17,zh,wordfreq,53,1.0
美食,4.5,zh,wordfreq,51,1.0
羔羊,3.44,zh,wordfreq,2,1.9
羞愧,3.65,zh,wordfreq,5,1.75
羞涩,3.42,zh,wordfreq,4,1.8
羞耻,3.93,zh,wordfreq,5,1.75
羞辱,4.11,zh,wordfreq,8,1.6
羟基,3.4,zh,wordfreq,5,1.75
羡慕,4.08,zh,wordfreq,2,1.9
群众,5.38,zh,wordfreq,17,1.15
群体,4.72,zh,wordfreq,57,1.0
群山,3.33,zh,wordfreq,42,1.0
群岛,4.38,zh,wordfreq,17,1.15
群星,3.41,zh,wordfreq,32,1.0
群组,3.71,zh,wordfreq,18,1.1
群落,3.36,zh,wordfreq,32,1.0
羽毛,3.77,zh,wordfreq,5,1.7
羽毛球,3.67,zh,wordfreq,0,1.95
翅膀,3.98,zh,wordfreq,1,1.95
翌年,3.53,zh,wordfreq,62,1.0
翡翠,3.69,zh,wordfreq,0,2.0
翰林院,3.39,zh,wordfreq,0,2.0
翻修,3.42,zh,wordfreq,17,1.15
翻唱,3.71,zh,wordfreq,13,1.35
翻墙,3.49,zh,wordfreq,12,1.4
翻开,3.5,zh,wordfreq,40,1.0
翻新,3.59,zh,wordfreq,21,1.0
翻译,4.97,zh,wordfreq,12,1.35
翻译成,3.69,zh,wordfreq,0,1.9
翻身,3.72,zh,wordfreq,46,1.0
翻转,3.6,zh,wordfreq,21,1.0
翻阅,3.4,zh,wordfreq,12,1.4
耀眼,3.64,zh,wordfreq,11,1.45
老一辈,3.44,zh,wordfreq,0,1.95
老乡,3.52,zh,wordfreq,50,1.0
老二,3.6,zh,wordfreq,51,1.0
老人,4.71,zh,wordfreq,183,1.0
老人家,3.81,zh,wordfreq,0,1.85
老兄,3.54,zh,wordfreq,45,1.0
老先生,3.51,zh,wordfreq,1,1.9
老公,4.68,zh,wordfreq,50,1.0
老兵,3.83,zh,wordfreq,61,1.0
老化,3.83,zh,wordfreq,83,1.0
老区,3.43,zh,wordfreq,86,1.0
老友,3.53,zh,wordfreq,57,1.0
老哥,3.49,zh,wordfreq,51,1.0
老外,3.98,zh,wordfreq,74,1.0
老大,4.29,zh,wordfreq,99,1.0
老天,3.75,zh,wordfreq,90,1.0
老天爷,3.72,zh,wordfreq,0,1.9
老太,3.59,zh,wordfreq,50,1.0
老太太,4.09,zh,wordfreq,1,1.85
老太婆,3.44,zh,wordfreq,1,1.85
老头,4.3,zh,wordfreq,116,1.0
老头子,3.55,zh,wordfreq,0,1.85
老奶奶,3.55,zh,wordfreq,0,1.95
老妇,3.68,zh,wordfreq,53,1.0
老妈,4.03,zh,wordfreq,51,1.0
老娘,3.61,zh,wordfreq,47,1.0
老婆,4.98,zh,wordfreq,45,1.0
老子,4.24,zh,wordfreq,215,1.0
老实,4.43,zh,wordfreq,68,1.0
老家,3.95,zh,wordfreq,112,1.0
老家伙,3.33,zh,wordfreq,2,1.8
老将,3.39,zh,wordfreq,56,1.0
老师,5.29,zh,wordfreq,62,1.0
老干部,3.35,zh,wordfreq,0,1.95
老年,4.04,zh,wordfreq,105,1.0
老年人,3.9,zh,wordfreq,2,1.8
老式,3.55,zh,wordfreq,63,1.0
老弟,3.47,zh,wordfreq,49,1.0
老总,3.62,zh,wordfreq,45,1.0
老挝,3.96,zh,wordfreq,43,1.0
老旧,3.67,zh,wordfreq,49,1.0
老是,4.02,zh,wordfreq,80,1.0
老朋友,3.82,zh,wordfreq,4,1.7
老板,4.98,zh,wordfreq,58,1.0
老板娘,3.46,zh,wordfreq,0,1.9
老母,3.38,zh,wordfreq,54,1.0
老汉,3.67,zh,wordfreq,48,1.0
老爷,3.9,zh,wordfreq,47,1.0
老爸,3.96,zh,wordfreq,45,1.0
老爹,3.63,zh,wordfreq,44,1.0
老牌,3.57,zh,wordfreq,58,1.0
老王,3.33,zh,wordfreq,55,1.0
老百姓,4.36,zh,wordfreq,0,1.95
老者,3.64,zh,wordfreq,74,1.0
老虎,4.29,zh,wordfreq,46,1.0
老鹰,3.5,zh,wordfreq,44,1.0
老鼠,4.11,zh,wordfreq,45,1.0
老龄,3.45,zh,wordfreq,45,1.0
考上,3.66,zh,wordfreq,87,1.0
考入,3.38,zh,wordfreq,75,1.0
考取,3.35,zh,wordfreq,40,1.0
考古,4.29,zh,wordfreq,20,1.0
考古学,3.39,zh,wordfreq,0,1.95
考场,3.47,zh,wordfreq,67,1.0
考察,4.48,zh,wordfreq,22,1.0
考查,3.44,zh,wordfreq,30,1.0
考核,4.48,zh,wordfreq,18,1.1
考生,4.32,zh,wordfreq,62,1.0
考研,3.67,zh,wordfreq,17,1.15
考虑,5.25,zh,wordfreq,18,1.1
考证,3.82,zh,wordfreq,32,1.0
考试,4.91,zh,wordfreq,24,1.0
考量,3.98,zh,wordfreq,55,1.0
考验,4.39,zh,wordfreq,22,1.0
而且,5.65,zh,wordfreq,16,1.2
而今,3.44,zh,wordfreq,19,1.05
而出,3.32,zh,wordfreq,90,1.0
而后,4.12,zh,wordfreq,51,1.0
而定,3.36,zh,wordfreq,64,1.0
而已,4.91,zh,wordfreq,17,1.15
而成,4.08,zh,wordfreq,55,1.0
而战,3.76,zh,wordfreq,51,1.0
而是,5.22,zh,wordfreq,49,1.0
而生,3.52,zh,wordfreq,60,1.0
而行,3.39,zh,wordfreq,76,1.0
而言,4.73,zh,wordfreq,39,1.0
而论,3.4,zh,wordfreq,31,1.0
耐力,3.39,zh,wordfreq,74,1.0
耐心,4.32,zh,wordfreq,56,1.0
耐性,3.32,zh,wordfreq,48,1.0
耐用,3.48,zh,wordfreq,70,1.0
耕作,3.79,zh,wordfreq,33,1.0
耕地,4.01,zh,wordfreq,67,1.0
耕种,3.69,zh,wordfreq,31,1.0
耗尽,3.7,zh,wordfreq,9,1.55
耗时,3.46,zh,wordfreq,44,1.0
耗费,4.0,zh,wordfreq,21,1.0
耗资,3.64,zh,wordfreq,18,1.1
耳光,3.67,zh,wordfreq,29,1.0
耳朵,4.29,zh,wordfreq,6,1.7
耳机,3.88,zh,wordfreq,44,1.0
耳环,3.41,zh,wordfreq,10,1.5
耳边,3.53,zh,wordfreq,32,1.0
耶和华,3.57,zh,wordfreq,0,2.0
耶稣,4.5,zh,wordfreq,1,1.95
耶鲁,3.44,zh,wordfreq,3,1.85
耻辱,4.02,zh,wordfreq,5,1.75
耽搁,3.36,zh,wordfreq,1,1.95
耽误,3.87,zh,wordfreq,7,1.65
聆听,3.81,zh,wordfreq,11,1.45
聊天,4.61,zh,wordfreq,48,1.0
聊天室,3.67,zh,wordfreq,0,1.95
聊聊,3.81,zh,wordfreq,4,1.8
职业,5.2,zh,wordfreq,43,1.0
职业病,3.39,zh,wordfreq,0,1.95
职位,4.51,zh,wordfreq,55,1.0
职务,4.75,zh,wordfreq,32,1.0
职员,4.3,zh,wordfreq,33,1.0
职场,3.94,zh,wordfreq,62,1.0
职工,4.65,zh,wordfreq,39,1.0
职权,4.35,zh,wordfreq,40,1.0
职称,3.83,zh,wordfreq,39,1.0
职能,4.45,zh,wordfreq,42,1.0
职责,4.54,zh,wordfreq,15,1.25
联军,4.01,zh,wordfreq,52,1.0
联办,3.32,zh,wordfreq,37,1.0
联动,3.69,zh,wordfreq,81,1.0
联合,5.2,zh,wordfreq,50,1.0
联合会,4.28,zh,wordfreq,2,1.85
联合国,5.0,zh,wordfreq,1,1.9
联名,3.76,zh,wordfreq,89,1.0
联姻,3.44,zh,wordfreq,23,1.0
联想,4.28,zh,wordfreq,45,1.0
联手,4.08,zh,wordfreq,80,1.0
联接,3.36,zh,wordfreq,34,1.0
联播,3.43,zh,wordfreq,34,1.0
联机,3.68,zh,wordfreq,62,1.0
联盟,5.11,zh,wordfreq,28,1.0
联系,5.31,zh,wordfreq,29,1.0
联系人,3.49,zh,wordfreq,1,1.9
联结,3.71,zh,wordfreq,37,1.0
联络,4.57,zh,wordfreq,25,1.0
联网,4.0,zh,wordfreq,29,1.0
联署,3.67,zh,wordfreq,27,1.0
联营,3.32,zh,wordfreq,35,1.0
联谊,3.57,zh,wordfreq,24,1.0
联谊会,3.54,zh,wordfreq,1,1.9
联赛,4.42,zh,wordfreq,32,1.0
联通,3.8,zh,wordfreq,46,1.0
联邦,4.88,zh,wordfreq,24,1.0
联队,3.66,zh,wordfreq,50,1.0
聘任,3.36,zh,wordfreq,32,1.0
聘用,3.74,zh,wordfreq,69,1.0
聘请,4.09,zh,wordfreq,7,1.65
聚众,3.38,zh,wordfreq,18,1.1
聚会,4.44,zh,wordfreq,59,1.0
聚合,3.89,zh,wordfreq,35,1.0
聚合物,3.32,zh,wordfreq,2,1.85
聚居,3.69,zh,wordfreq,21,1.0
聚焦,4.21,zh,wordfreq,7,1.65
聚落,3.68,zh,wordfreq,33,1.0
聚集,4.45,zh,wordfreq,29,1.0
聚餐,3.37,zh,wordfreq,16,1.2
聪明,4.65,zh,wordfreq,31,1.0
聪明人,3.52,zh,wordfreq,0,1.95
肃清,3.52,zh,wordfreq,10,1.5
肆意,3.58,zh,wordfreq,50,1.0
肆虐,3.68,zh,wordfreq,2,1.9
肇事,3.48,zh,wordfreq,56,1.0
肉丝,3.4,zh,wordfreq,9,1.55
肉体,4.11,zh,wordfreq,55,1.0
肉棒,3.45,zh,wordfreq,8,1.6
肉类,3.73,zh,wordfreq,23,1.0
肉身,3.43,zh,wordfreq,42,1.0
肋骨,3.5,zh,wordfreq,1,1.95
肌肉,4.36,zh,wordfreq,11,1.45
肌肤,4.07,zh,wordfreq,3,1.85
肖像,3.84,zh,wordfreq,19,1.05
肚子,4.31,zh,wordfreq,172,1.0
肛门,3.74,zh,wordfreq,45,1.0
肝炎,3.52,zh,wordfreq,4,1.8
肝癌,3.39,zh,wordfreq,5,1.75
肝脏,3.73,zh,wordfreq,6,1.7
肠子,3.35,zh,wordfreq,174,1.0
肠胃,3.45,zh,wordfreq,2,1.9
肠道,3.55,zh,wordfreq,42,1.0
股东,4.75,zh,wordfreq,26,1.0
股价,4.21,zh,wordfreq,38,1.0
股份,4.84,zh,wordfreq,18,1.05
股份制,3.46,zh,wordfreq,0,1.95
股市,4.32,zh,wordfreq,24,1.0
股指,3.52,zh,wordfreq,15,1.25
股本,3.65,zh,wordfreq,28,1.0
股权,4.59,zh,wordfreq,38,1.0
股票,4.72,zh,wordfreq,25,1.0
肢体,3.87,zh,wordfreq,52,1.0
肢解,3.35,zh,wordfreq,23,1.0
肤浅,3.66,zh,wordfreq,2,1.9
肤色,4.0,zh,wordfreq,38,1.0
肥料,3.87,zh,wordfreq,26,1.0
肥沃,3.54,zh,wordfreq,3,1.85
肥皂,3.59,zh,wordfreq,3,1.85
肥胖,3.85,zh,wordfreq,3,1.85
肩上,3.68,zh,wordfreq,75,1.0
肩膀,4.04,zh,wordfreq,3,1.85
肩负,3.63,zh,wordfreq,10,1.5
肮脏,4.12,zh,wordfreq,4,1.8
肯定,5.22,zh,wordfreq,53,1.0
肯尼,3.33,zh,wordfreq,8,1.5
肯尼亚,3.87,zh,wordfreq,1,1.85
肯尼迪,3.71,zh,wordfreq,1,1.9
肯德基,3.43,zh,wordfreq,0,2.0
育儿,3.33,zh,wordfreq,27,1.0
育成,3.47,zh,wordfreq,45,1.0
育种,3.38,zh,wordfreq,31,1.0
肺炎,3.99,zh,wordfreq,4,1.8
肺癌,3.5,zh,wordfreq,5,1.75
肺结核,3.32,zh,wordfreq,0,2.0
肺部,3.49,zh,wordfreq,48,1.0
肾脏,3.81,zh,wordfreq,4,1.8
肿瘤,4.15,zh,wordfreq,0,2.0
胁迫,3.84,zh,wordfreq,5,1.75
胃口,3.58,zh,wordfreq,37,1.0
胆固醇,3.4,zh,wordfreq,0,2.0
胆子,3.69,zh,wordfreq,176,1.0
胆小,3.65,zh,wordfreq,22,1.0
胆怯,3.32,zh,wordfreq,4,1.8
胆敢,3.65,zh,wordfreq,8,1.6
胆量,3.56,zh,wordfreq,45,1.0
背上,3.86,zh,wordfreq,87,1.0
背书,3.76,zh,wordfreq,39,1.0
背包,3.83,zh,wordfreq,22,1.0
背叛,4.2,zh,wordfreq,15,1.25
背后,4.81,zh,wordfreq,53,1.0
背弃,3.4,zh,wordfreq,22,1.0
背影,3.63,zh,wordfreq,26,1.0
背心,3.71,zh,wordfreq,67,1.0
背景,5.01,zh,wordfreq,26,1.0
背着,3.75,zh,wordfreq,51,1.0
背离,3.62,zh,wordfreq,24,1.0
背诵,3.44,zh,wordfreq,15,1.25
背负,3.51,zh,wordfreq,22,1.0
背部,3.73,zh,wordfreq,60,1.0
背面,3.82,zh,wordfreq,70,1.0
胎儿,3.93,zh,wordfreq,25,1.0
胖子,4.18,zh,wordfreq,172,1.0
胚胎,3.73,zh,wordfreq,3,1.85
胜任,3.84,zh,wordfreq,37,1.0
胜出,4.03,zh,wordfreq,85,1.0
胜利,5.04,zh,wordfreq,50,1.0
胜利者,3.42,zh,wordfreq,0,1.95
胜地,3.38,zh,wordfreq,72,1.0
胜算,3.34,zh,wordfreq,24,1.0
胜诉,3.44,zh,wordfreq,16,1.2
胜负,3.83,zh,wordfreq,15,1.25
胜过,3.98,zh,wordfreq,49,1.0
胡乱,3.5,zh,wordfreq,24,1.0
胡佳,3.56,zh,wordfreq,12,1.4
胡同,3.9,zh,wordfreq,25,1.0
胡子,3.97,zh,wordfreq,180,1.0
胡扯,3.49,zh,wordfreq,10,1.5
胡椒,3.49,zh,wordfreq,9,1.55
胡耀邦,3.62,zh,wordfreq,0,2.0
胡萝卜,3.71,zh,wordfreq,0,2.25
胡说,3.81,zh,wordfreq,38,1.0
胡适,3.71,zh,wordfreq,11,1.45
胡锦涛,4.08,zh,wordfreq,0,2.3
胡闹,3.72,zh,wordfreq,11,1.45
胰岛素,3.53,zh,wordfreq,0,2.0
胳膊,3.85,zh,wordfreq,0,2.0
胶卷,3.38,zh,wordfreq,7,1.65
胶囊,3.65,zh,wordfreq,3,1.85
胶带,3.64,zh,wordfreq,24,1.0
胶片,3.63,zh,wordfreq,28,1.0
胸前,3.69,zh,wordfreq,31,1.0
胸口,3.86,zh,wordfreq,42,1.0
胸围,3.38,zh,wordfreq,13,1.35
胸怀,3.5,zh,wordfreq,10,1.5
胸罩,3.64,zh,wordfreq,8,1.6
胸部,4.14,zh,wordfreq,51,1.0
能为,5.14,zh,wordfreq,53,1.0
能力,5.44,zh,wordfreq,81,1.0
能动,3.37,zh,wordfreq,69,1.0
能否,4.51,zh,wordfreq,13,1.35
能够,5.54,zh,wordfreq,15,1.25
能带,3.4,zh,wordfreq,31,1.0
能干,3.56,zh,wordfreq,18,1.1
能比,3.49,zh,wordfreq,28,1.0
能源,4.81,zh,wordfreq,24,1.0
能耐,3.63,zh,wordfreq,11,1.45
能见度,3.33,zh,wordfreq,0,2.0
能量,4.73,zh,wordfreq,51,1.0
脂肪,4.04,zh,wordfreq,0,2.0
脆弱,4.3,zh,wordfreq,9,1.55
脉冲,3.74,zh,wordfreq,4,1.8
脉搏,3.53,zh,wordfreq,3,1.85
脉络,3.61,zh,wordfreq,5,1.75
脊椎,3.45,zh,wordfreq,1,1.95
脊髓,3.37,zh,wordfreq,3,1.85
脏话,3.57,zh,wordfreq,28,1.0
脑中,3.32,zh,wordfreq,53,1.0
脑子,4.35,zh,wordfreq,177,1.0
脑子里,3.59,zh,wordfreq,2,1.85
脑海,3.87,zh,wordfreq,30,1.0
脑海中,3.42,zh,wordfreq,0,1.9
脑筋,3.65,zh,wordfreq,6,1.7
脑袋,4.5,zh,wordfreq,7,1.65
脑部,3.64,zh,wordfreq,51,1.0
脖子,4.26,zh,wordfreq,172,1.0
脚下,3.93,zh,wordfreq,73,1.0
脚印,3.46,zh,wordfreq,10,1.5
脚底,3.39,zh,wordfreq,16,1.2
脚本,3.9,zh,wordfreq,26,1.0
脚步,4.2,zh,wordfreq,22,1.0
脚趾,3.5,zh,wordfreq,5,1.75
脚踏车,3.57,zh,wordfreq,0,2.0
脱光,3.59,zh,wordfreq,32,1.0
脱口秀,3.47,zh,wordfreq,0,2.0
脱掉,3.56,zh,wordfreq,25,1.0
脱水,3.53,zh,wordfreq,53,1.0
脱离,4.65,zh,wordfreq,17,1.15
脱节,3.43,zh,wordfreq,23,1.0
脱落,3.63,zh,wordfreq,33,1.0
脱衣服,3.39,zh,wordfreq,2,1.85
脱贫,3.73,zh,wordfreq,8,1.6
脱身,3.73,zh,wordfreq,45,1.0
脸上,4.5,zh,wordfreq,82,1.0
脸书,4.03,zh,wordfreq,34,1.0
脸孔,3.57,zh,wordfreq,11,1.45
脸庞,3.37,zh,wordfreq,9,1.55
脸皮,3.33,zh,wordfreq,16,1.2
脸红,3.53,zh,wordfreq,17,1.15
脸色,3.86,zh,wordfreq,46,1.0
脸蛋,3.44,zh,wordfreq,16,1.2
脸部,3.78,zh,wordfreq,55,1.0
脸颊,3.61,zh,wordfreq,9,1.55
脾气,4.21,zh,wordfreq,42,1.0
腊肉,3.55,zh,wordfreq,10,1.5
腐化,3.32,zh,wordfreq,44,1.0
腐朽,3.78,zh,wordfreq,5,1.75
腐烂,3.73,zh,wordfreq,6,1.7
腐蚀,3.83,zh,wordfreq,5,1.75
腐败,4.69,zh,wordfreq,15,1.25
腰带,3.7,zh,wordfreq,21,1.0
腹地,3.5,zh,wordfreq,67,1.0
腹泻,3.57,zh,wordfreq,2,1.9
腹部,3.9,zh,wordfreq,48,1.0
腾讯,4.49,zh,wordfreq,9,1.55
腾飞,3.53,zh,wordfreq,4,1.8
膀胱,3.49,zh,wordfreq,0,2.0
膝盖,3.93,zh,wordfreq,4,1.8
膨胀,4.2,zh,wordfreq,1,1.95
膳食,3.54,zh,wordfreq,16,1.2
臀部,3.75,zh,wordfreq,46,1.0
臣民,3.36,zh,wordfreq,29,1.0
自主,4.55,zh,wordfreq,78,1.0
自主权,3.49,zh,wordfreq,1,1.85
自从,4.72,zh,wordfreq,66,1.0
自传,3.64,zh,wordfreq,66,1.0
自保,3.46,zh,wordfreq,64,1.0
自信,4.4,zh,wordfreq,80,1.0
自决,3.37,zh,wordfreq,66,1.0
自创,3.32,zh,wordfreq,63,1.0
自制,3.93,zh,wordfreq,94,1.0
自动,4.96,zh,wordfreq,116,1.0
自动化,4.29,zh,wordfreq,1,1.9
自助,3.77,zh,wordfreq,73,1.0
自卑,3.52,zh,wordfreq,59,1.0
自卫,3.98,zh,wordfreq,67,1.0
自卫队,3.92,zh,wordfreq,1,1.85
自发,4.12,zh,wordfreq,105,1.0
自古,3.74,zh,wordfreq,63,1.0
自大,3.73,zh,wordfreq,113,1.0
自如,3.5,zh,wordfreq,68,1.0
自学,4.04,zh,wordfreq,94,1.0
自定义,3.39,zh,wordfreq,0,1.95
自家,4.12,zh,wordfreq,126,1.0
自尊,3.79,zh,wordfreq,59,1.0
自尊心,3.48,zh,wordfreq,0,1.95
自尽,3.53,zh,wordfreq,63,1.0
自居,3.37,zh,wordfreq,71,1.0
自己,6.2,zh,wordfreq,58,1.0
自已,3.85,zh,wordfreq,62,1.0
自带,3.94,zh,wordfreq,78,1.0
自幼,3.54,zh,wordfreq,58,1.0
自强,3.6,zh,wordfreq,71,1.0
自律,3.81,zh,wordfreq,64,1.0
自愿,4.42,zh,wordfreq,69,1.0
自慰,4.02,zh,wordfreq,59,1.0
自我,4.89,zh,wordfreq,58,1.0
自找,3.35,zh,wordfreq,59,1.0
自拍,4.19,zh,wordfreq,61,1.0
自救,3.66,zh,wordfreq,70,1.0
自有,4.03,zh,wordfreq,126,1.0
自杀,4.81,zh,wordfreq,70,1.0
自来水,3.64,zh,wordfreq,0,2.0
自此,3.91,zh,wordfreq,71,1.0
自民党,3.75,zh,wordfreq,3,1.85
自治,4.64,zh,wordfreq,71,1.0
自治区,4.67,zh,wordfreq,3,1.8
自治县,3.71,zh,wordfreq,3,1.8
自治州,3.72,zh,wordfreq,3,1.8
自治权,3.32,zh,wordfreq,4,1.75
自焚,3.82,zh,wordfreq,57,1.0
自然,5.28,zh,wordfreq,85,1.0
自然人,3.37,zh,wordfreq,2,1.85
自然界,3.79,zh,wordfreq,1,1.9
自由,5.58,zh,wordfreq,65,1.0
自由人,3.47,zh,wordfreq,5,1.7
自由党,3.55,zh,wordfreq,5,1.7
自由化,3.59,zh,wordfreq,5,1.7
自由度,3.33,zh,wordfreq,4,1.75
自由派,3.6,zh,wordfreq,4,1.75
自白,3.45,zh,wordfreq,73,1.0
自知,3.55,zh,wordfreq,77,1.0
自私,4.11,zh,wordfreq,61,1.0
自称,4.47,zh,wordfreq,87,1.0
自立,3.73,zh,wordfreq,78,1.0
自给,3.67,zh,wordfreq,83,1.0
自行,4.68,zh,wordfreq,121,1.0
自行车,4.36,zh,wordfreq,0,1.9
自觉,4.39,zh,wordfreq,72,1.0
自认,3.58,zh,wordfreq,63,1.0
自豪,4.13,zh,wordfreq,59,1.0
自负,3.77,zh,wordfreq,65,1.0
自贡,3.35,zh,wordfreq,58,1.0
自责,3.41,zh,wordfreq,63,1.0
自费,3.6,zh,wordfreq,75,1.0
自身,4.94,zh,wordfreq,95,1.0
自转,3.48,zh,wordfreq,70,1.0
自述,3.49,zh,wordfreq,76,1.0
自首,3.64,zh,wordfreq,66,1.0
至上,3.87,zh,wordfreq,81,1.0
至于,4.83,zh,wordfreq,59,1.0
至今,4.95,zh,wordfreq,15,1.25
至多,3.4,zh,wordfreq,24,1.0
至尊,3.82,zh,wordfreq,10,1.5
至少,5.17,zh,wordfreq,17,1.15
至极,3.76,zh,wordfreq,16,1.2
至此,4.14,zh,wordfreq,22,1.0
至死,3.48,zh,wordfreq,33,1.0
致使,4.24,zh,wordfreq,25,1.0
致函,3.36,zh,wordfreq,13,1.35
致力,4.18,zh,wordfreq,83,1.0
致力于,4.22,zh,wordfreq,0,1.95
致命,4.28,zh,wordfreq,31,1.0
致富,4.01,zh,wordfreq,17,1.15
致意,3.32,zh,wordfreq,61,1.0
致敬,4.05,zh,wordfreq,14,1.3
致歉,3.57,zh,wordfreq,14,1.3
致死,4.04,zh,wordfreq,37,1.0
致电,3.81,zh,wordfreq,31,1.0
致癌,3.36,zh,wordfreq,15,1.25
致词,3.33,zh,wordfreq,23,1.0
致辞,3.46,zh,wordfreq,16,1.2
舅舅,3.66,zh,wordfreq,0,2.0
舆情,3.36,zh,wordfreq,45,1.0
舆论,4.65,zh,wordfreq,20,1.0
舌头,4.16,zh,wordfreq,73,1.0
舍不得,3.8,zh,wordfreq,2,1.8
舍弃,3.67,zh,wordfreq,9,1.55
舍得,3.75,zh,wordfreq,33,1.0
舒服,4.56,zh,wordfreq,21,1.0
舒淇,3.4,zh,wordfreq,4,1.8
舒畅,3.44,zh,wordfreq,7,1.65
舒缓,3.39,zh,wordfreq,10,1.5
舒适,4.28,zh,wordfreq,7,1.65
舞会,3.76,zh,wordfreq,60,1.0
舞动,3.46,zh,wordfreq,67,1.0
舞厅,3.64,zh,wordfreq,12,1.4
舞台,4.7,zh,wordfreq,35,1.0
舞弊,3.68,zh,wordfreq,10,1.5
舞曲,3.5,zh,wordfreq,18,1.1
舞步,3.47,zh,wordfreq,25,1.0
舞者,3.65,zh,wordfreq,39,1.0
舞蹈,4.62,zh,wordfreq,8,1.6
舟山,3.34,zh,wordfreq,36,1.0
航向,3.36,zh,wordfreq,44,1.0
航天,4.07,zh,wordfreq,57,1.0
航母,4.05,zh,wordfreq,21,1.0
航海,3.86,zh,wordfreq,35,1.0
航班,4.36,zh,wordfreq,17,1.15
航程,3.53,zh,wordfreq,35,1.0
航空,4.79,zh,wordfreq,29,1.0
航空兵,3.35,zh,wordfreq,1,1.9
航空器,3.36,zh,wordfreq,1,1.9
航站楼,3.38,zh,wordfreq,0,2.0
航线,4.25,zh,wordfreq,50,1.0
航行,4.07,zh,wordfreq,74,1.0
航运,3.85,zh,wordfreq,29,1.0
航道,3.7,zh,wordfreq,50,1.0
般的,4.4,zh,wordfreq,7,1.65
舰船,3.34,zh,wordfreq,14,1.3
舰艇,3.84,zh,wordfreq,7,1.65
舰长,3.7,zh,wordfreq,72,1.0
舰队,4.36,zh,wordfreq,31,1.0
船上,4.17,zh,wordfreq,79,1.0
船厂,3.35,zh,wordfreq,9,1.55
船只,4.21,zh,wordfreq,10,1.5
船员,3.95,zh,wordfreq,30,1.0
船舶,4.15,zh,wordfreq,6,1.7
船长,4.19,zh,wordfreq,75,1.0
船队,3.74,zh,wordfreq,34,1.0
良多,3.41,zh,wordfreq,22,1.0
良好,4.9,zh,wordfreq,44,1.0
良心,4.08,zh,wordfreq,59,1.0
良性,3.69,zh,wordfreq,51,1.0
良机,3.35,zh,wordfreq,46,1.0
良知,3.73,zh,wordfreq,26,1.0
良药,3.35,zh,wordfreq,21,1.0
艰巨,3.72,zh,wordfreq,3,1.85
艰苦,4.11,zh,wordfreq,11,1.45
艰辛,3.8,zh,wordfreq,3,1.85
艰难,4.44,zh,wordfreq,20,1.0
色彩,4.64,zh,wordfreq,11,1.45
色情,4.45,zh,wordfreq,49,1.0
色泽,3.36,zh,wordfreq,7,1.65
色狼,3.42,zh,wordfreq,5,1.75
色素,3.55,zh,wordfreq,13,1.35
色调,3.54,zh,wordfreq,26,1.0
艺人,4.29,zh,wordfreq,143,1.0
艺名,3.34,zh,wordfreq,70,1.0
艺文,3.35,zh,wordfreq,47,1.0
艺术,5.44,zh,wordfreq,14,1.1
艺术品,3.97,zh,wordfreq,3,1.8
艺术家,4.67,zh,wordfreq,3,1.8
艺术性,3.43,zh,wordfreq,4,1.75
艺术节,3.72,zh,wordfreq,3,1.8
艾伦,4.04,zh,wordfreq,7,1.65
艾伯特,3.47,zh,wordfreq,1,1.9
艾尔,3.69,zh,wordfreq,49,1.0
艾未,3.58,zh,wordfreq,8,1.6
艾比,3.56,zh,wordfreq,23,1.0
艾滋病,4.14,zh,wordfreq,0,2.0
艾玛,3.59,zh,wordfreq,6,1.7
艾迪,3.39,zh,wordfreq,8,1.6
节俭,3.41,zh,wordfreq,10,1.5
节假日,3.65,zh,wordfreq,0,1.9
节制,3.78,zh,wordfreq,47,1.0
节奏,4.39,zh,wordfreq,13,1.35
节庆,3.6,zh,wordfreq,17,1.15
节度使,3.81,zh,wordfreq,0,2.0
节拍,3.34,zh,wordfreq,14,1.3
节日,4.48,zh,wordfreq,50,1.0
节点,4.14,zh,wordfreq,74,1.0
节目,5.19,zh,wordfreq,28,1.0
节省,4.16,zh,wordfreq,17,1.15
节约,4.16,zh,wordfreq,30,1.0
节能,4.09,zh,wordfreq,43,1.0
芒果,3.77,zh,wordfreq,16,1.2
芙蓉,3.56,zh,wordfreq,0,2.0
芜湖,3.68,zh,wordfreq,5,1.75
芝加哥,4.19,zh,wordfreq,0,2.0
芝麻,3.61,zh,wordfreq,1,1.95
芬兰,4.21,zh,wordfreq,9,1.55
芭芭拉,3.34,zh,wordfreq,0,2.0
芭蕾,3.53,zh,wordfreq,0,1.95
芭蕾舞,3.46,zh,wordfreq,0,2.5
芯片,4.16,zh,wordfreq,25,1.0
花儿,3.61,zh,wordfreq,43,1.0
花卉,3.75,zh,wordfreq,18,1.1
花园,4.49,zh,wordfreq,28,1.0
花坛,3.32,zh,wordfreq,22,1.0
花岗岩,3.47,zh,wordfreq,0,2.0
花心,3.52,zh,wordfreq,71,1.0
花朵,3.86,zh,wordfreq,20,1.0
花样,3.92,zh,wordfreq,38,1.0
花瓣,3.72,zh,wordfreq,19,1.05
花瓶,3.54,zh,wordfreq,19,1.05
花生,3.87,zh,wordfreq,66,1.0
花粉,3.48,zh,wordfreq,22,1.0
花絮,3.57,zh,wordfreq,18,1.1
花纹,3.56,zh,wordfreq,21,1.0
花色,3.47,zh,wordfreq,55,1.0
花花,3.44,zh,wordfreq,39,1.0
花草,3.34,zh,wordfreq,23,1.0
花莲,3.6,zh,wordfreq,18,1.1
花费,4.41,zh,wordfreq,36,1.0
花钱,4.25,zh,wordfreq,42,1.0
芳香,3.46,zh,wordfreq,0,2.0
苍白,3.5,zh,wordfreq,18,1.1
苍老,3.33,zh,wordfreq,10,1.5
苍蝇,3.88,zh,wordfreq,2,1.9
苏丹,4.28,zh,wordfreq,15,1.25
苏俄,3.44,zh,wordfreq,11,1.45
苏共,3.53,zh,wordfreq,17,1.15
苏军,3.49,zh,wordfreq,41,1.0
苏区,3.6,zh,wordfreq,54,1.0
苏宁,3.64,zh,wordfreq,19,1.05
苏州,4.52,zh,wordfreq,44,1.0
苏州市,3.34,zh,wordfreq,3,1.8
苏打,3.48,zh,wordfreq,23,1.0
苏格兰,4.11,zh,wordfreq,1,1.95
苏珊,3.44,zh,wordfreq,11,1.45
苏维埃,4.3,zh,wordfreq,0,2.0
苏联,5.16,zh,wordfreq,20,1.0
苏菲,3.54,zh,wordfreq,12,1.4
苏醒,3.5,zh,wordfreq,19,1.05
苏黎世,3.49,zh,wordfreq,0,2.0
苗族,3.67,zh,wordfreq,19,1.05
苗栗,3.43,zh,wordfreq,1,1.95
苛刻,3.58,zh,wordfreq,8,1.6
若干,4.51,zh,wordfreq,11,1.45
若有,3.57,zh,wordfreq,72,1.0
若能,3.32,zh,wordfreq,36,1.0
若非,3.47,zh,wordfreq,15,1.25
苦力,3.33,zh,wordfreq,76,1.0
苦头,3.47,zh,wordfreq,78,1.0
苦恼,3.76,zh,wordfreq,6,1.7
苦涩,3.37,zh,wordfreq,6,1.7
苦苦,3.42,zh,wordfreq,13,1.35
苦难,4.25,zh,wordfreq,22,1.0
英亩,3.63,zh,wordfreq,16,1.2
英俊,3.55,zh,wordfreq,15,1.25
英军,3.76,zh,wordfreq,45,1.0
英勇,4.04,zh,wordfreq,15,1.25
英国,5.48,zh,wordfreq,70,1.0
英国人,4.2,zh,wordfreq,5,1.65
英寸,4.04,zh,wordfreq,17,1.15
英尺,4.11,zh,wordfreq,17,1.15
英文,4.98,zh,wordfreq,59,1.0
英文版,3.67,zh,wordfreq,1,1.9
英明,3.6,zh,wordfreq,46,1.0
英格兰,4.21,zh,wordfreq,1,1.95
英特尔,3.74,zh,wordfreq,0,2.0
英皇,3.53,zh,wordfreq,19,1.05
英美,3.87,zh,wordfreq,36,1.0
英联邦,3.37,zh,wordfreq,0,1.95
英语,5.07,zh,wordfreq,44,1.0
英超,3.95,zh,wordfreq,17,1.15
英里,4.08,zh,wordfreq,60,1.0
英镑,3.99,zh,wordfreq,15,1.2
英雄,4.97,zh,wordfreq,16,1.2
苹果,5.0,zh,wordfreq,16,1.2
茂名,3.39,zh,wordfreq,67,1.0
范例,3.78,zh,wordfreq,17,1.15
范冰冰,3.98,zh,wordfreq,0,2.3
范围,5.27,zh,wordfreq,11,1.45
范本,3.33,zh,wordfreq,24,1.0
范畴,4.26,zh,wordfreq,3,1.85
茄子,3.53,zh,wordfreq,172,1.0
茅台,3.42,zh,wordfreq,27,1.0
茉莉,3.68,zh,wordfreq,4,1.75
茉莉花,3.52,zh,wordfreq,0,1.95
茫茫,3.33,zh,wordfreq,1,1.95
茶叶,4.0,zh,wordfreq,6,1.7
茶水,3.35,zh,wordfreq,48,1.0
茶馆,3.36,zh,wordfreq,10,1.5
荆州,3.77,zh,wordfreq,34,1.0
荆棘,3.35,zh,wordfreq,1,1.95
草原,4.22,zh,wordfreq,19,1.05
草图,3.32,zh,wordfreq,28,1.0
草地,3.87,zh,wordfreq,76,1.0
草场,3.49,zh,wordfreq,64,1.0
草坪,3.7,zh,wordfreq,11,1.45
草拟,3.52,zh,wordfreq,14,1.3
草根,3.9,zh,wordfreq,19,1.05
草案,4.52,zh,wordfreq,38,1.0
草泥马,3.41,zh,wordfreq,0,2.0
草率,3.32,zh,wordfreq,27,1.0
草稿,3.49,zh,wordfreq,14,1.3
草药,3.5,zh,wordfreq,26,1.0
草莓,3.94,zh,wordfreq,12,1.4
荒凉,3.33,zh,wordfreq,10,1.5
荒唐,3.9,zh,wordfreq,10,1.5
荒地,3.49,zh,wordfreq,73,1.0
荒废,3.61,zh,wordfreq,10,1.5
荒漠,3.46,zh,wordfreq,10,1.5
荒芜,3.42,zh,wordfreq,8,1.6
荒诞,3.52,zh,wordfreq,9,1.55
荒谬,4.19,zh,wordfreq,8,1.6
荒野,3.58,zh,wordfreq,15,1.25
荔枝,3.64,zh,wordfreq,1,1.95
荡妇,3.77,zh,wordfreq,10,1.5
荣幸,3.9,zh,wordfreq,8,1.6
荣耀,4.35,zh,wordfreq,6,1.7
荣获,4.24,zh,wordfreq,10,1.5
荣誉,4.61,zh,wordfreq,8,1.6
荧光,3.44,zh,wordfreq,25,1.0
药业,3.37,zh,wordfreq,45,1.0
药丸,3.52,zh,wordfreq,12,1.4
药剂,3.58,zh,wordfreq,15,1.25
药品,4.59,zh,wordfreq,38,1.0
药师,3.48,zh,wordfreq,30,1.0
药店,3.64,zh,wordfreq,21,1.0
药房,3.57,zh,wordfreq,31,1.0
药方,3.35,zh,wordfreq,51,1.0
药材,3.51,zh,wordfreq,23,1.0
药水,3.33,zh,wordfreq,57,1.0
药物,4.65,zh,wordfreq,45,1.0
药用,3.46,zh,wordfreq,78,1.0
荷兰,4.72,zh,wordfreq,10,1.45
荷兰人,3.6,zh,wordfreq,1,1.9
荷尔蒙,3.5,zh,wordfreq,0,2.0
荷马,3.39,zh,wordfreq,25,1.0
莆田,3.37,zh,wordfreq,11,1.45
莉莉,3.66,zh,wordfreq,4,1.8
莎拉,3.69,zh,wordfreq,32,1.0
莫名,3.56,zh,wordfreq,69,1.0
莫大,3.61,zh,wordfreq,58,1.0
莫扎特,3.36,zh,wordfreq,0,2.0
莫斯科,4.58,zh,wordfreq,0,2.0
莫过于,3.77,zh,wordfreq,0,1.95
莫里斯,3.43,zh,wordfreq,2,1.85
莫非,3.7,zh,wordfreq,14,1.3
莱克,3.45,zh,wordfreq,39,1.0
莱德,3.32,zh,wordfreq,34,1.0
莱恩,3.45,zh,wordfreq,11,1.4
莱斯,3.59,zh,wordfreq,48,1.0
莱比锡,3.36,zh,wordfreq,0,2.0
莱特,3.71,zh,wordfreq,33,1.0
莱纳,3.35,zh,wordfreq,16,1.2
莱茵,3.51,zh,wordfreq,6,1.7
莲花,3.8,zh,wordfreq,21,1.0
获准,3.92,zh,wordfreq,24,1.0
获利,4.11,zh,wordfreq,55,1.0
获取,4.67,zh,wordfreq,38,1.0
获奖,4.35,zh,wordfreq,20,1.0
获奖者,3.58,zh,wordfreq,1,1.9
获得,5.63,zh,wordfreq,44,1.0
获得者,3.48,zh,wordfreq,1,1.9
获悉,3.99,zh,wordfreq,14,1.3
获批,3.34,zh,wordfreq,17,1.15
获救,3.65,zh,wordfreq,25,1.0
获益,3.41,zh,wordfreq,22,1.0
获知,3.34,zh,wordfreq,32,1.0
获胜,4.22,zh,wordfreq,22,1.0
获选,3.46,zh,wordfreq,35,1.0
获释,3.88,zh,wordfreq,19,1.05
菁英,3.47,zh,wordfreq,3,1.85
菊花,3.87,zh,wordfreq,21,1.0
菜单,3.91,zh,wordfreq,16,1.2
菜肴,3.63,zh,wordfreq,2,1.9
菜鸟,3.4,zh,wordfreq,5,1.75
菠菜,3.46,zh,wordfreq,5,1.75
菠萝,3.58,zh,wordfreq,1,1.95
菩提,3.51,zh,wordfreq,5,1.75
菩萨,4.14,zh,wordfreq,5,1.75
菲利普,3.83,zh,wordfreq,0,2.0
菲尔,3.64,zh,wordfreq,44,1.0
菲尔德,3.52,zh,wordfreq,0,1.9
菲律宾,4.78,zh,wordfreq,0,2.1
萌芽,3.57,zh,wordfreq,1,1.95
萎缩,3.89,zh,wordfreq,6,1.7
萝卜,3.59,zh,wordfreq,1,1.9
萝莉,3.74,zh,wordfreq,5,1.75
萤幕,3.72,zh,wordfreq,12,1.4
萤火虫,3.34,zh,wordfreq,0,2.0
营业,4.53,zh,wordfreq,46,1.0
营业额,3.47,zh,wordfreq,0,1.95
营养,4.45,zh,wordfreq,27,1.0
营利,3.49,zh,wordfreq,55,1.0
营区,3.38,zh,wordfreq,55,1.0
营口,3.37,zh,wordfreq,49,1.0
营地,4.05,zh,wordfreq,77,1.0
营建,3.36,zh,wordfreq,30,1.0
营收,3.69,zh,wordfreq,22,1.0
营救,3.94,zh,wordfreq,25,1.0
营运,4.33,zh,wordfreq,31,1.0
营造,4.3,zh,wordfreq,28,1.0
营销,4.53,zh,wordfreq,27,1.0
营长,3.32,zh,wordfreq,81,1.0
萧条,3.79,zh,wordfreq,17,1.15
萨克,3.61,zh,wordfreq,35,1.0
萨尔,3.63,zh,wordfreq,46,1.0
萨拉,3.87,zh,wordfreq,34,1.0
萨摩亚,3.32,zh,wordfreq,0,2.0
萨达姆,3.72,zh,wordfreq,0,2.0
落下,3.98,zh,wordfreq,86,1.0
落入,3.95,zh,wordfreq,79,1.0
落到,3.59,zh,wordfreq,70,1.0
落叶,3.46,zh,wordfreq,22,1.0
落后,4.6,zh,wordfreq,57,1.0
落地,4.05,zh,wordfreq,83,1.0
落实,4.77,zh,wordfreq,43,1.0
落差,3.63,zh,wordfreq,28,1.0
落幕,3.84,zh,wordfreq,30,1.0
落成,3.67,zh,wordfreq,61,1.0
落户,3.7,zh,wordfreq,34,1.0
落水,3.35,zh,wordfreq,64,1.0
落泪,3.51,zh,wordfreq,20,1.0
落空,3.41,zh,wordfreq,37,1.0
落网,3.4,zh,wordfreq,25,1.0
落脚,3.36,zh,wordfreq,22,1.0
落败,3.67,zh,wordfreq,29,1.0
落选,3.48,zh,wordfreq,41,1.0
落马,3.38,zh,wordfreq,42,1.0
著作,4.7,zh,wordfreq,34,1.0
著作权,3.85,zh,wordfreq,0,1.95
著名,5.01,zh,wordfreq,70,1.0
著称,3.74,zh,wordfreq,33,1.0
著述,3.56,zh,wordfreq,22,1.0
葡萄,4.11,zh,wordfreq,0,1.9
葡萄牙,4.42,zh,wordfreq,1,2.55
葡萄酒,3.96,zh,wordfreq,1,2.35
董事,4.43,zh,wordfreq,56,1.0
董事会,4.39,zh,wordfreq,3,1.8
董事长,4.36,zh,wordfreq,2,1.85
葫芦,3.61,zh,wordfreq,0,2.0
葬礼,4.02,zh,wordfreq,8,1.6
蒂姆,3.36,zh,wordfreq,6,1.7
蒋介石,4.34,zh,wordfreq,0,2.0
蒋经国,3.33,zh,wordfreq,0,2.0
蒙受,3.48,zh,wordfreq,19,1.05
蒙古,4.55,zh,wordfreq,10,1.3
蒙古人,3.72,zh,wordfreq,2,1.8
蒙古国,3.42,zh,wordfreq,2,1.85
蒙古族,3.78,zh,wordfreq,2,1.85
蒙特,3.83,zh,wordfreq,31,1.0
蒙蔽,3.43,zh,wordfreq,7,1.65
蒙面,3.58,zh,wordfreq,60,1.0
蒸发,3.7,zh,wordfreq,50,1.0
蒸气,3.39,zh,wordfreq,44,1.0
蒸汽,3.89,zh,wordfreq,2,1.9
蓄意,3.74,zh,wordfreq,49,1.0
蓝光,3.66,zh,wordfreq,29,1.0
蓝图,3.79,zh,wordfreq,21,1.0
蓝天,3.86,zh,wordfreq,51,1.0
蓝宝石,3.35,zh,wordfreq,1,1.9
蓝牙,3.53,zh,wordfreq,7,1.65
蓝色,4.55,zh,wordfreq,41,1.0
蓬勃,3.69,zh,wordfreq,2,1.9
蓬莱,3.41,zh,wordfreq,3,1.85
蔑视,3.69,zh,wordfreq,28,1.0
蔓延,4.03,zh,wordfreq,1,1.95
蔡依林,3.71,zh,wordfreq,0,2.0
蔡元培,3.32,zh,wordfreq,0,2.0
蔬菜,4.4,zh,wordfreq,4,1.8
蔷薇,3.49,zh,wordfreq,0,2.0
蕴含,3.55,zh,wordfreq,5,1.75
蕴藏,3.6,zh,wordfreq,13,1.35
蕾丝,3.65,zh,wordfreq,5,1.75
薄弱,3.89,zh,wordfreq,11,1.45
薄膜,3.48,zh,wordfreq,3,1.85
薄荷,3.46,zh,wordfreq,4,1.8
薪水,4.11,zh,wordfreq,48,1.0
薪资,3.75,zh,wordfreq,17,1.15
薪酬,3.75,zh,wordfreq,4,1.8
薯条,3.42,zh,wordfreq,17,1.15
藉以,3.5,zh,wordfreq,22,1.0
藉口,3.89,zh,wordfreq,40,1.0
藉此,3.71,zh,wordfreq,17,1.15
藉由,4.05,zh,wordfreq,11,1.45
藏书,3.66,zh,wordfreq,31,1.0
藏人,3.48,zh,wordfreq,146,1.0
藏匿,3.43,zh,wordfreq,7,1.65
藏品,3.44,zh,wordfreq,33,1.0
藏族,3.96,zh,wordfreq,24,1.0
藏有,3.35,zh,wordfreq,75,1.0
藏身,3.51,zh,wordfreq,44,1.0
藐视,3.62,zh,wordfreq,28,1.0
藻类,3.33,zh,wordfreq,19,1.05
蘑菇,3.92,zh,wordfreq,1,1.95
虐待,4.36,zh,wordfreq,11,1.45
虔诚,3.87,zh,wordfreq,3,1.85
虚伪,4.06,zh,wordfreq,9,1.55
虚假,4.27,zh,wordfreq,19,1.05
虚幻,3.54,zh,wordfreq,12,1.4
虚弱,3.8,zh,wordfreq,17,1.15
虚拟,4.42,zh,wordfreq,11,1.45
虚无,3.6,zh,wordfreq,12,1.4
虚构,4.07,zh,wordfreq,12,1.4
虚空,3.37,zh,wordfreq,27,1.0
虚荣,3.33,zh,wordfreq,12,1.4
虫子,3.55,zh,wordfreq,172,1.0
虹桥,3.42,zh,wordfreq,5,1.75
虽然,5.66,zh,wordfreq,29,1.0
虽说,3.96,zh,wordfreq,31,1.0
蚂蚁,3.94,zh,wordfreq,0,2.0
蚊子,3.65,zh,wordfreq,172,1.0
蛋白,3.99,zh,wordfreq,18,1.05
蛋白质,4.09,zh,wordfreq,0,1.95
蛋糕,4.31,zh,wordfreq,3,1.85
蛋蛋,3.75,zh,wordfreq,9,1.55
蛮横,3.35,zh,wordfreq,1,1.95
蜂蜜,3.77,zh,wordfreq,2,1.9
蜕变,3.38,zh,wordfreq,17,1.15
蜗牛,3.64,zh,wordfreq,9,1.55
蜘蛛,4.09,zh,wordfreq,0,2.0
蜜月,3.41,zh,wordfreq,22,1.0
蜜蜂,3.69,zh,wordfreq,1,1.95
蜡烛,4.17,zh,wordfreq,0,2.0
蜥蜴,3.37,zh,wordfreq,0,2.0
蜿蜒,3.55,zh,wordfreq,0,2.0
蝉联,3.36,zh,wordfreq,9,1.55
蝎子,3.37,zh,wordfreq,172,1.0
蝙蝠,3.84,zh,wordfreq,0,1.95
蝙蝠侠,3.68,zh,wordfreq,0,2.8
蝴蝶,4.13,zh,wordfreq,0,2.0
螃蟹,3.62,zh,wordfreq,0,2.0
融入,4.28,zh,wordfreq,65,1.0
融化,3.86,zh,wordfreq,44,1.0
融合,4.51,zh,wordfreq,32,1.0
融洽,3.48,zh,wordfreq,4,1.8
融资,4.54,zh,wordfreq,19,1.05
螺丝,3.48,zh,wordfreq,6,1.7
螺旋,3.77,zh,wordfreq,4,1.8
蟑螂,3.6,zh,wordfreq,0,2.0
蠢货,3.64,zh,wordfreq,16,1.2
血压,3.8,zh,wordfreq,26,1.0
血型,3.87,zh,wordfreq,35,1.0
血汗,3.37,zh,wordfreq,15,1.25
血浆,3.42,zh,wordfreq,15,1.25
血液,4.36,zh,wordfreq,18,1.1
血清,3.42,zh,wordfreq,24,1.0
血管,4.03,zh,wordfreq,32,1.0
血糖,3.39,zh,wordfreq,14,1.3
血统,4.06,zh,wordfreq,21,1.0
血缘,3.67,zh,wordfreq,19,1.05
血肉,3.54,zh,wordfreq,24,1.0
血脉,3.58,zh,wordfreq,18,1.1
血腥,4.23,zh,wordfreq,14,1.3
血色,3.42,zh,wordfreq,51,1.0
血迹,3.56,zh,wordfreq,24,1.0
行不通,3.47,zh,wordfreq,0,1.95
行业,5.18,zh,wordfreq,62,1.0
行为,5.43,zh,wordfreq,71,1.0
行事,4.14,zh,wordfreq,84,1.0
行人,4.06,zh,wordfreq,168,1.0
行使,4.51,zh,wordfreq,41,1.0
行军,3.47,zh,wordfreq,58,1.0
行凶,3.4,zh,wordfreq,29,1.0
行刑,3.51,zh,wordfreq,35,1.0
行列,4.15,zh,wordfreq,41,1.0
行动,5.41,zh,wordfreq,87,1.0
行动党,3.55,zh,wordfreq,0,1.95
行家,3.47,zh,wordfreq,97,1.0
行径,4.09,zh,wordfreq,35,1.0
行情,4.09,zh,wordfreq,72,1.0
行政,5.34,zh,wordfreq,47,1.0
行政区,4.38,zh,wordfreq,1,1.9
行政院,3.8,zh,wordfreq,1,1.9
行星,4.0,zh,wordfreq,54,1.0
行李,4.19,zh,wordfreq,28,1.0
行李箱,3.49,zh,wordfreq,0,1.95
行省,3.6,zh,wordfreq,35,1.0
行程,4.3,zh,wordfreq,53,1.0
行经,3.52,zh,wordfreq,44,1.0
行者,3.88,zh,wordfreq,59,1.0
行至,3.32,zh,wordfreq,40,1.0
行贿,3.7,zh,wordfreq,29,1.0
行走,4.13,zh,wordfreq,44,1.0
行踪,3.48,zh,wordfreq,31,1.0
行车,3.77,zh,wordfreq,76,1.0
行进,3.78,zh,wordfreq,54,1.0
行销,3.9,zh,wordfreq,43,1.0
行长,3.71,zh,wordfreq,97,1.0
行驶,4.15,zh,wordfreq,29,1.0
衍生,4.05,zh,wordfreq,48,1.0
衔接,3.92,zh,wordfreq,12,1.4
街上,4.4,zh,wordfreq,80,1.0
街区,3.92,zh,wordfreq,50,1.0
街坊,3.59,zh,wordfreq,10,1.5
街头,4.61,zh,wordfreq,80,1.0
街市,3.38,zh,wordfreq,24,1.0
街景,3.38,zh,wordfreq,19,1.05
街机,3.37,zh,wordfreq,47,1.0
街道,4.75,zh,wordfreq,47,1.0
衙门,3.63,zh,wordfreq,45,1.0
衡量,4.16,zh,wordfreq,42,1.0
衡阳,3.4,zh,wordfreq,18,1.1
衣服,4.9,zh,wordfreq,20,1.0
衣柜,3.63,zh,wordfreq,5,1.75
衣物,3.88,zh,wordfreq,37,1.0
衣着,3.55,zh,wordfreq,40,1.0
补丁,3.48,zh,wordfreq,14,1.3
补习,3.71,zh,wordfreq,18,1.1
补偿,4.44,zh,wordfreq,13,1.35
补充,4.85,zh,wordfreq,13,1.35
补助,4.42,zh,wordfreq,26,1.0
补救,3.63,zh,wordfreq,23,1.0
补给,3.96,zh,wordfreq,36,1.0
补课,3.41,zh,wordfreq,18,1.1
补贴,4.36,zh,wordfreq,13,1.35
补足,3.4,zh,wordfreq,19,1.05
补选,3.57,zh,wordfreq,33,1.0
表决,4.13,zh,wordfreq,31,1.0
表哥,3.61,zh,wordfreq,30,1.0
表妹,3.75,zh,wordfreq,30,1.0
表姐,3.36,zh,wordfreq,27,1.0
表层,3.49,zh,wordfreq,43,1.0
表弟,3.57,zh,wordfreq,28,1.0
表彰,4.0,zh,wordfreq,22,1.0
表征,3.48,zh,wordfreq,29,1.0
表态,4.13,zh,wordfreq,36,1.0
表情,4.54,zh,wordfreq,66,1.0
表扬,3.88,zh,wordfreq,29,1.0
表明,4.76,zh,wordfreq,53,1.0
表格,4.05,zh,wordfreq,39,1.0
表演,5.0,zh,wordfreq,34,1.0
表演者,3.39,zh,wordfreq,0,1.95
表率,3.34,zh,wordfreq,38,1.0
表现,5.37,zh,wordfreq,34,1.0
表白,3.6,zh,wordfreq,38,1.0
表皮,3.32,zh,wordfreq,29,1.0
表示,5.62,zh,wordfreq,41,1.0
表象,3.57,zh,wordfreq,38,1.0
表达,4.97,zh,wordfreq,36,1.0
表述,3.96,zh,wordfreq,41,1.0
表面,4.71,zh,wordfreq,78,1.0
衬衣,3.44,zh,wordfreq,14,1.3
衬衫,3.97,zh,wordfreq,1,1.95
衰减,3.35,zh,wordfreq,14,1.3
衰变,3.33,zh,wordfreq,24,1.0
衰弱,3.38,zh,wordfreq,16,1.2
衰竭,3.53,zh,wordfreq,8,1.6
衰老,3.56,zh,wordfreq,15,1.25
衰落,3.86,zh,wordfreq,33,1.0
衰败,3.56,zh,wordfreq,18,1.1
衰退,4.01,zh,wordfreq,13,1.35
衷心,3.67,zh,wordfreq,53,1.0
袁世凯,3.83,zh,wordfreq,0,2.0
袁绍,3.36,zh,wordfreq,1,1.95
袋子,3.54,zh,wordfreq,173,1.0
袋鼠,3.51,zh,wordfreq,3,1.85
袖子,3.56,zh,wordfreq,172,1.0
袜子,3.91,zh,wordfreq,172,1.0
被俘,3.62,zh,wordfreq,15,1.25
被关,3.58,zh,wordfreq,31,1.0
被删,3.42,zh,wordfreq,14,1.3
被判,4.17,zh,wordfreq,21,1.0
被动,4.15,zh,wordfreq,73,1.0
被叫,3.44,zh,wordfreq,18,1.1
被告,4.5,zh,wordfreq,28,1.0
被告人,3.72,zh,wordfreq,1,1.9
被困,3.79,zh,wordfreq,16,1.2
被子,3.66,zh,wordfreq,186,1.0
被害,3.56,zh,wordfreq,33,1.0
被害人,3.94,zh,wordfreq,3,1.75
被害者,3.32,zh,wordfreq,2,1.85
被捕,4.62,zh,wordfreq,19,1.05
被控,3.92,zh,wordfreq,24,1.0
被盗,3.59,zh,wordfreq,18,1.1
被称作,3.4,zh,wordfreq,0,1.95
被窝,3.57,zh,wordfreq,14,1.3
被誉为,3.54,zh,wordfreq,0,2.0
被迫,4.62,zh,wordfreq,19,1.05
袭击,4.75,zh,wordfreq,26,1.0
裁决,4.3,zh,wordfreq,14,1.3
裁减,3.38,zh,wordfreq,12,1.4
裁判,4.19,zh,wordfreq,12,1.4
裁员,3.89,zh,wordfreq,29,1.0
裁定,4.07,zh,wordfreq,57,1.0
裁缝,3.46,zh,wordfreq,7,1.65
裂变,3.37,zh,wordfreq,20,1.0
裂开,3.43,zh,wordfreq,35,1.0
裂痕,3.34,zh,wordfreq,5,1.75
裂缝,3.7,zh,wordfreq,5,1.75
装作,3.72,zh,wordfreq,44,1.0
装修,4.13,zh,wordfreq,22,1.0
装卸,3.45,zh,wordfreq,13,1.35
装备,4.77,zh,wordfreq,32,1.0
装扮,3.76,zh,wordfreq,15,1.25
装有,3.89,zh,wordfreq,82,1.0
装机,3.38,zh,wordfreq,53,1.0
装满,3.69,zh,wordfreq,28,1.0
装潢,3.43,zh,wordfreq,13,1.35
装甲,4.15,zh,wordfreq,18,1.0
装甲师,3.36,zh,wordfreq,1,1.9
装甲车,3.76,zh,wordfreq,1,1.9
装置,4.72,zh,wordfreq,27,1.0
装载,3.62,zh,wordfreq,28,1.0
装配,3.7,zh,wordfreq,20,1.0
装饰,4.49,zh,wordfreq,17,1.1
装饰品,3.4,zh,wordfreq,0,1.9
裙子,4.05,zh,wordfreq,172,1.0
裤子,4.29,zh,wordfreq,172,1.0
裸体,4.03,zh,wordfreq,54,1.0
裸照,3.56,zh,wordfreq,21,1.0
裸聊,3.51,zh,wordfreq,6,1.7
裸露,3.67,zh,wordfreq,12,1.4
褐色,3.55,zh,wordfreq,37,1.0
襄阳,3.74,zh,wordfreq,17,1.15
西亚,4.35,zh,wordfreq,47,1.0
西侧,3.94,zh,wordfreq,44,1.0
西北,4.52,zh,wordfreq,46,1.0
西北部,3.95,zh,wordfreq,2,1.75
西区,3.44,zh,wordfreq,78,1.0
西医,3.43,zh,wordfreq,41,1.0
西南,4.48,zh,wordfreq,54,1.0
西南部,3.85,zh,wordfreq,3,1.7
西周,3.58,zh,wordfreq,44,1.0
西城,3.46,zh,wordfreq,59,1.0
西域,3.71,zh,wordfreq,43,1.0
西夏,3.55,zh,wordfreq,37,1.0
西宁,3.57,zh,wordfreq,43,1.0
西安,4.6,zh,wordfreq,51,1.0
西安市,3.47,zh,wordfreq,0,1.95
西山,3.57,zh,wordfreq,71,1.0
西岸,3.76,zh,wordfreq,47,1.0
西德,3.66,zh,wordfreq,63,1.0
西斯,3.66,zh,wordfreq,77,1.0
西方,5.2,zh,wordfreq,75,1.0
西方人,3.76,zh,wordfreq,0,1.95
西晋,3.59,zh,wordfreq,36,1.0
西服,3.37,zh,wordfreq,52,1.0
西欧,4.18,zh,wordfreq,38,1.0
西汉,3.79,zh,wordfreq,40,1.0
西洋,3.92,zh,wordfreq,41,1.0
西海岸,3.34,zh,wordfreq,0,1.9
西游,3.33,zh,wordfreq,47,1.0
西游记,3.84,zh,wordfreq,0,1.9
西湖,3.74,zh,wordfreq,40,1.0
西班牙,4.95,zh,wordfreq,0,2.0
西瓜,3.91,zh,wordfreq,38,1.0
西甲,3.55,zh,wordfreq,40,1.0
西红柿,3.59,zh,wordfreq,0,2.0
西蒙,3.69,zh,wordfreq,37,1.0
西藏,4.81,zh,wordfreq,47,1.0
西装,3.85,zh,wordfreq,57,1.0
西西里,3.42,zh,wordfreq,0,2.0
西贡,3.37,zh,wordfreq,36,1.0
西路,3.54,zh,wordfreq,70,1.0
西边,3.81,zh,wordfreq,63,1.0
西部,4.84,zh,wordfreq,81,1.0
西门,3.83,zh,wordfreq,80,1.0
西门子,3.53,zh,wordfreq,0,1.95
西雅图,3.87,zh,wordfreq,0,2.0
西非,3.59,zh,wordfreq,47,1.0
西面,3.32,zh,wordfreq,91,1.0
要不是,3.87,zh,wordfreq,3,1.75
要不然,3.89,zh,wordfreq,1,1.9
要么,4.46,zh,wordfreq,19,1.05
要件,3.32,zh,wordfreq,40,1.0
要命,3.69,zh,wordfreq,32,1.0
要塞,3.55,zh,wordfreq,17,1.15
要害,3.7,zh,wordfreq,32,1.0
要是,4.8,zh,wordfreq,50,1.0
要死,4.0,zh,wordfreq,38,1.0
要求,5.72,zh,wordfreq,31,1.0
要点,4.1,zh,wordfreq,77,1.0
要素,4.32,zh,wordfreq,21,1.0
要紧,3.87,zh,wordfreq,18,1.05
要花,3.46,zh,wordfreq,34,1.0
要说,4.44,zh,wordfreq,43,1.0
要钱,3.71,zh,wordfreq,37,1.0
覆盖,4.61,zh,wordfreq,4,1.75
覆盖率,3.49,zh,wordfreq,0,1.95
见习,3.43,zh,wordfreq,18,1.1
见于,3.68,zh,wordfreq,61,1.0
见到,5.01,zh,wordfreq,62,1.0
见效,3.51,zh,wordfreq,24,1.0
见见,3.59,zh,wordfreq,39,1.0
见解,4.34,zh,wordfreq,32,1.0
见证,4.3,zh,wordfreq,28,1.0
见证人,3.45,zh,wordfreq,0,1.9
见识,4.11,zh,wordfreq,22,1.0
见过,3.92,zh,wordfreq,52,1.0
见闻,3.56,zh,wordfreq,15,1.25
见面,4.66,zh,wordfreq,66,1.0
观众,4.93,zh,wordfreq,23,1.0
观光,4.31,zh,wordfreq,37,1.0
观光客,3.35,zh,wordfreq,0,1.95
观察,4.92,zh,wordfreq,20,1.0
观察员,3.66,zh,wordfreq,2,1.85
观察家,3.33,zh,wordfreq,2,1.85
观察者,3.48,zh,wordfreq,2,1.85
观影,3.35,zh,wordfreq,24,1.0
观念,4.7,zh,wordfreq,23,1.0
观感,3.37,zh,wordfreq,32,1.0
观摩,3.48,zh,wordfreq,13,1.35
观望,3.74,zh,wordfreq,33,1.0
观测,4.32,zh,wordfreq,21,1.0
观点,5.15,zh,wordfreq,76,1.0
观看,4.72,zh,wordfreq,25,1.0
观赏,4.19,zh,wordfreq,17,1.15
观音,3.85,zh,wordfreq,30,1.0
规划,5.09,zh,wordfreq,16,1.2
规则,5.03,zh,wordfreq,19,1.0
规定,5.45,zh,wordfreq,62,1.0
规律,5.13,zh,wordfreq,17,1.15
规格,4.32,zh,wordfreq,27,1.0
规模,5.17,zh,wordfreq,12,1.3
规矩,4.25,zh,wordfreq,10,1.5
规程,3.56,zh,wordfreq,35,1.0
规章,3.88,zh,wordfreq,24,1.0
规范,4.92,zh,wordfreq,16,1.15
规范化,3.86,zh,wordfreq,0,1.95
规避,3.74,zh,wordfreq,13,1.35
觅食,3.38,zh,wordfreq,16,1.2
视为,4.69,zh,wordfreq,53,1.0
视作,3.61,zh,wordfreq,41,1.0
视力,3.84,zh,wordfreq,81,1.0
视听,3.73,zh,wordfreq,21,1.0
视察,4.08,zh,wordfreq,18,1.1
视线,4.02,zh,wordfreq,50,1.0
视觉,4.45,zh,wordfreq,25,1.0
视角,4.11,zh,wordfreq,18,1.1
视讯,3.64,zh,wordfreq,18,1.1
视野,4.25,zh,wordfreq,17,1.15
视频,5.5,zh,wordfreq,15,1.2
觉得,5.75,zh,wordfreq,34,1.0
觉悟,3.9,zh,wordfreq,5,1.75
觉醒,4.24,zh,wordfreq,10,1.5
觊觎,3.32,zh,wordfreq,0,2.0
角度,4.84,zh,wordfreq,51,1.0
角度看,3.46,zh,wordfreq,0,1.95
角色,5.07,zh,wordfreq,40,1.0
角落,4.18,zh,wordfreq,29,1.0
角逐,3.94,zh,wordfreq,6,1.7
解体,4.14,zh,wordfreq,72,1.0
解决,5.44,zh,wordfreq,30,1.0
解冻,3.47,zh,wordfreq,24,1.0
解剖,3.95,zh,wordfreq,21,1.0
解围,3.35,zh,wordfreq,29,1.0
解密,3.97,zh,wordfreq,35,1.0
解开,4.12,zh,wordfreq,53,1.0
解放,4.77,zh,wordfreq,34,1.0
解放军,4.41,zh,wordfreq,1,1.9
解放区,3.84,zh,wordfreq,1,1.9
解救,3.9,zh,wordfreq,34,1.0
解散,4.26,zh,wordfreq,29,1.0
解析,4.14,zh,wordfreq,23,1.0
解码,3.61,zh,wordfreq,30,1.0
解禁,3.67,zh,wordfreq,27,1.0
解答,4.12,zh,wordfreq,24,1.0
解脱,4.02,zh,wordfreq,24,1.0
解药,3.34,zh,wordfreq,36,1.0
解说,4.05,zh,wordfreq,51,1.0
解读,4.33,zh,wordfreq,29,1.0
解释,5.3,zh,wordfreq,28,1.0
解锁,3.53,zh,wordfreq,24,1.0
解除,4.58,zh,wordfreq,38,1.0
解雇,4.06,zh,wordfreq,21,1.0
触动,3.88,zh,wordfreq,65,1.0
触及,3.94,zh,wordfreq,19,1.05
触发,3.84,zh,wordfreq,54,1.0
触手,3.42,zh,wordfreq,64,1.0
触摸,3.69,zh,wordfreq,8,1.6
触犯,3.8,zh,wordfreq,15,1.25
触角,3.43,zh,wordfreq,14,1.3
言行,3.8,zh,wordfreq,67,1.0
言论,4.61,zh,wordfreq,22,1.0
言语,4.23,zh,wordfreq,32,1.0
言辞,3.59,zh,wordfreq,7,1.65
詹姆士,3.57,zh,wordfreq,1,1.95
詹姆斯,4.31,zh,wordfreq,1,1.95
誓言,3.92,zh,wordfreq,27,1.0
警力,3.55,zh,wordfreq,89,1.0
警卫,3.97,zh,wordfreq,28,1.0
警卫队,3.44,zh,wordfreq,1,1.85
警告,4.77,zh,wordfreq,32,1.0
警员,4.04,zh,wordfreq,42,1.0
警备,3.57,zh,wordfreq,37,1.0
警官,4.06,zh,wordfreq,32,1.0
警察,5.31,zh,wordfreq,26,1.0
警察局,4.06,zh,wordfreq,0,1.9
警局,3.95,zh,wordfreq,36,1.0
警惕,3.94,zh,wordfreq,18,1.1
警戒,3.93,zh,wordfreq,19,1.05
警报,4.11,zh,wordfreq,50,1.0
警方,4.98,zh,wordfreq,58,1.0
警犬,3.38,zh,wordfreq,19,1.05
警示,3.81,zh,wordfreq,37,1.0
警署,3.35,zh,wordfreq,23,1.0
警觉,3.69,zh,wordfreq,33,1.0
警车,3.75,zh,wordfreq,66,1.0
警钟,3.37,zh,wordfreq,23,1.0
警长,3.69,zh,wordfreq,87,1.0
譬如,3.98,zh,wordfreq,11,1.45
计入,3.32,zh,wordfreq,71,1.0
计划,5.94,zh,wordfreq,16,1.15
计划书,3.34,zh,wordfreq,0,1.95
计委,3.43,zh,wordfreq,24,1.0
计数,3.58,zh,wordfreq,41,1.0
计时,3.61,zh,wordfreq,51,1.0
计画,4.5,zh,wordfreq,23,1.0
计票,3.32,zh,wordfreq,28,1.0
计程车,3.8,zh,wordfreq,0,2.0
计算,5.0,zh,wordfreq,27,1.0
计算器,3.5,zh,wordfreq,1,1.9
计算机,4.83,zh,wordfreq,1,1.9
计谋,3.35,zh,wordfreq,17,1.15
计较,3.75,zh,wordfreq,11,1.45
计量,3.93,zh,wordfreq,51,1.0
订单,4.08,zh,wordfreq,20,1.0
订婚,3.49,zh,wordfreq,15,1.25
订定,3.32,zh,wordfreq,58,1.0
订立,3.96,zh,wordfreq,27,1.0
订货,3.41,zh,wordfreq,22,1.0
订购,3.97,zh,wordfreq,16,1.2
订阅,4.03,zh,wordfreq,10,1.5
认为,5.93,zh,wordfreq,58,1.0
认出,3.88,zh,wordfreq,93,1.0
认可,4.57,zh,wordfreq,23,1.0
认同,4.58,zh,wordfreq,32,1.0
认定,4.59,zh,wordfreq,67,1.0
认得,3.95,zh,wordfreq,47,1.0
认清,3.75,zh,wordfreq,25,1.0
认真,5.01,zh,wordfreq,23,1.0
认知,4.33,zh,wordfreq,35,1.0
认罪,3.76,zh,wordfreq,25,1.0
认证,4.69,zh,wordfreq,33,1.0
认识,5.46,zh,wordfreq,27,1.0
认识论,3.37,zh,wordfreq,0,1.95
认购,3.61,zh,wordfreq,25,1.0
认输,3.53,zh,wordfreq,18,1.1
认错,3.65,zh,wordfreq,26,1.0
认领,3.36,zh,wordfreq,25,1.0
讥讽,3.39,zh,wordfreq,1,1.95
讨伐,3.93,zh,wordfreq,6,1.7
讨厌,4.79,zh,wordfreq,3,1.85
讨好,3.88,zh,wordfreq,41,1.0
讨论,5.29,zh,wordfreq,22,1.0
讨论区,3.51,zh,wordfreq,0,1.95
让步,4.03,zh,wordfreq,18,1.1
让给,3.7,zh,wordfreq,27,1.0
训练,5.12,zh,wordfreq,5,1.65
训练班,3.36,zh,wordfreq,1,1.95
训练营,3.39,zh,wordfreq,1,1.9
议事,3.87,zh,wordfreq,66,1.0
议会,4.83,zh,wordfreq,62,1.0
议员,4.91,zh,wordfreq,34,1.0
议定,3.39,zh,wordfreq,62,1.0
议定书,3.56,zh,wordfreq,0,1.95
议政,3.38,zh,wordfreq,29,1.0
议案,4.11,zh,wordfreq,37,1.0
议程,4.04,zh,wordfreq,35,1.0
议论,4.07,zh,wordfreq,29,1.0
议长,3.97,zh,wordfreq,79,1.0
议院,3.42,zh,wordfreq,28,1.0
议题,4.36,zh,wordfreq,21,1.0
讯号,3.84,zh,wordfreq,32,1.0
讯息,4.15,zh,wordfreq,14,1.3
讯问,3.46,zh,wordfreq,20,1.0
记下,3.5,zh,wordfreq,79,1.0
记事,3.59,zh,wordfreq,67,1.0
记住,4.53,zh,wordfreq,33,1.0
记号,3.76,zh,wordfreq,41,1.0
记录,5.31,zh,wordfreq,21,1.0
记得,5.07,zh,wordfreq,43,1.0
记忆,4.76,zh,wordfreq,13,1.3
记忆力,3.55,zh,wordfreq,0,1.95
记念,3.32,zh,wordfreq,22,1.0
记性,3.37,zh,wordfreq,56,1.0
记者,5.54,zh,wordfreq,42,1.0
记者会,4.2,zh,wordfreq,0,1.95
记载,4.69,zh,wordfreq,26,1.0
记述,3.98,zh,wordfreq,30,1.0
讲义,3.37,zh,wordfreq,32,1.0
讲习,3.39,zh,wordfreq,22,1.0
讲台,3.41,zh,wordfreq,41,1.0
讲学,3.47,zh,wordfreq,51,1.0
讲师,3.94,zh,wordfreq,33,1.0
讲座,4.24,zh,wordfreq,28,1.0
讲授,3.69,zh,wordfreq,16,1.2
讲求,3.56,zh,wordfreq,32,1.0
讲演,3.45,zh,wordfreq,26,1.0
讲究,4.01,zh,wordfreq,18,1.1
讲解,3.92,zh,wordfreq,36,1.0
讲讲,3.42,zh,wordfreq,18,1.1
讲话,4.81,zh,wordfreq,42,1.0
讲课,3.6,zh,wordfreq,22,1.0
讲述,4.51,zh,wordfreq,33,1.0
许下,3.41,zh,wordfreq,74,1.0
许久,3.74,zh,wordfreq,15,1.25
许可,4.64,zh,wordfreq,14,1.25
许可证,4.04,zh,wordfreq,0,1.95
许多,5.63,zh,wordfreq,22,1.0
许多年,3.43,zh,wordfreq,2,1.8
许愿,3.57,zh,wordfreq,18,1.1
许昌,3.35,zh,wordfreq,10,1.5
许诺,3.61,zh,wordfreq,9,1.55
论坛,5.06,zh,wordfreq,15,1.25
论战,3.65,zh,wordfreq,50,1.0
论据,3.4,zh,wordfreq,19,1.05
论文,4.61,zh,wordfreq,55,1.0
论断,3.62,zh,wordfreq,28,1.0
论点,4.01,zh,wordfreq,75,1.0
论者,3.65,zh,wordfreq,42,1.0
论证,4.2,zh,wordfreq,29,1.0
论语,3.39,zh,wordfreq,40,1.0
论调,3.58,zh,wordfreq,32,1.0
论辩,3.34,zh,wordfreq,13,1.35
论述,4.43,zh,wordfreq,30,1.0
讽刺,4.35,zh,wordfreq,3,1.85
设在,4.0,zh,wordfreq,30,1.0
设备,5.24,zh,wordfreq,28,1.0
设定,4.47,zh,wordfreq,61,1.0
设想,4.23,zh,wordfreq,32,1.0
设施,4.97,zh,wordfreq,11,1.45
设有,4.49,zh,wordfreq,78,1.0
设法,4.17,zh,wordfreq,55,1.0
设立,5.14,zh,wordfreq,30,1.0
设置,5.04,zh,wordfreq,23,1.0
设计,5.49,zh,wordfreq,23,1.0
设计师,4.54,zh,wordfreq,3,1.8
设计者,3.65,zh,wordfreq,2,1.85
设计院,3.34,zh,wordfreq,2,1.85
访华,3.65,zh,wordfreq,22,1.0
访客,3.61,zh,wordfreq,18,1.1
访谈,4.28,zh,wordfreq,12,1.4
访问,4.98,zh,wordfreq,21,1.0
诀窍,3.66,zh,wordfreq,0,2.0
证书,4.44,zh,wordfreq,33,1.0
证人,4.12,zh,wordfreq,148,1.0
证件,4.16,zh,wordfreq,35,1.0
证券,4.79,zh,wordfreq,9,1.55
证实,4.72,zh,wordfreq,33,1.0
证据,4.96,zh,wordfreq,16,1.2
证明,5.29,zh,wordfreq,39,1.0
证监会,3.71,zh,wordfreq,1,1.95
证言,3.38,zh,wordfreq,35,1.0
证词,3.95,zh,wordfreq,19,1.05
评为,4.22,zh,wordfreq,59,1.0
评价,4.98,zh,wordfreq,47,1.0
评估,4.7,zh,wordfreq,19,1.05
评分,3.91,zh,wordfreq,50,1.0
评判,3.81,zh,wordfreq,23,1.0
评委,3.81,zh,wordfreq,30,1.0
评定,3.77,zh,wordfreq,68,1.0
评审,4.23,zh,wordfreq,22,1.0
评比,3.66,zh,wordfreq,34,1.0
评测,3.63,zh,wordfreq,25,1.0
评级,3.95,zh,wordfreq,46,1.0
评议,3.62,zh,wordfreq,31,1.0
评论,5.08,zh,wordfreq,35,1.0
评论员,3.73,zh,wordfreq,1,1.9
评论家,3.93,zh,wordfreq,2,1.85
评语,3.36,zh,wordfreq,45,1.0
评述,3.5,zh,wordfreq,35,1.0
评选,4.2,zh,wordfreq,39,1.0
评鉴,3.36,zh,wordfreq,18,1.1
诅咒,4.06,zh,wordfreq,1,1.95
识别,4.36,zh,wordfreq,20,1.0
识字,3.74,zh,wordfreq,15,1.2
识字率,3.55,zh,wordfreq,0,1.95
识破,3.41,zh,wordfreq,9,1.55
诈骗,4.23,zh,wordfreq,2,1.9
诉求,4.18,zh,wordfreq,21,1.0
诉讼,4.55,zh,wordfreq,3,1.85
诉说,3.77,zh,wordfreq,33,1.0
诉诸,3.41,zh,wordfreq,3,1.85
诊所,3.99,zh,wordfreq,14,1.3
诊断,4.36,zh,wordfreq,20,1.0
诊治,3.35,zh,wordfreq,17,1.15
诊疗,3.55,zh,wordfreq,6,1.7
诋毁,3.6,zh,wordfreq,10,1.5
词典,3.99,zh,wordfreq,14,1.3
词句,3.34,zh,wordfreq,9,1.55
词汇,4.25,zh,wordfreq,6,1.7
词语,4.07,zh,wordfreq,32,1.0
译名,3.5,zh,wordfreq,72,1.0
译成,3.48,zh,wordfreq,48,1.0
译文,3.74,zh,wordfreq,49,1.0
译本,3.67,zh,wordfreq,26,1.0
译者,3.51,zh,wordfreq,36,1.0
译自,3.74,zh,wordfreq,16,1.2
试制,3.37,zh,wordfreq,52,1.0
试剂,3.5,zh,wordfreq,19,1.05
试卷,3.62,zh,wordfreq,19,1.05
试图,4.84,zh,wordfreq,32,1.0
试射,3.5,zh,wordfreq,27,1.0
试想,3.51,zh,wordfreq,38,1.0
试探,3.68,zh,wordfreq,18,1.1
试点,4.27,zh,wordfreq,79,1.0
试玩,3.33,zh,wordfreq,20,1.0
试用,3.88,zh,wordfreq,82,1.0
试着,4.25,zh,wordfreq,52,1.0
试行,3.76,zh,wordfreq,79,1.0
试试,4.57,zh,wordfreq,25,1.0
试试看,3.89,zh,wordfreq,0,1.95
试题,3.58,zh,wordfreq,26,1.0
试飞,3.41,zh,wordfreq,18,1.1
试验,4.76,zh,wordfreq,23,1.0
试验区,3.37,zh,wordfreq,0,1.95
诗人,4.67,zh,wordfreq,149,1.0
诗作,3.58,zh,wordfreq,40,1.0
诗句,3.65,zh,wordfreq,15,1.25
诗意,3.54,zh,wordfreq,58,1.0
诗文,3.39,zh,wordfreq,53,1.0
诗歌,4.49,zh,wordfreq,16,1.2
诗篇,3.45,zh,wordfreq,15,1.25
诗经,3.44,zh,wordfreq,25,1.0
诗词,3.77,zh,wordfreq,20,1.0
诗集,3.77,zh,wordfreq,31,1.0
诚信,4.23,zh,wordfreq,29,1.0
诚实,4.13,zh,wordfreq,31,1.0
诚心,3.39,zh,wordfreq,59,1.0
诚恳,3.63,zh,wordfreq,6,1.7
诚意,3.86,zh,wordfreq,55,1.0
诚挚,3.58,zh,wordfreq,7,1.65
诚然,3.33,zh,wordfreq,34,1.0
话剧,3.94,zh,wordfreq,18,1.1
话筒,3.32,zh,wordfreq,4,1.8
话语,4.14,zh,wordfreq,33,1.0
话费,3.67,zh,wordfreq,22,1.0
话题,4.73,zh,wordfreq,15,1.25
诞生,4.57,zh,wordfreq,49,1.0
诞辰,3.55,zh,wordfreq,3,1.85
诠释,4.13,zh,wordfreq,7,1.65
诡异,4.02,zh,wordfreq,12,1.4
诡计,3.6,zh,wordfreq,15,1.25
询问,4.54,zh,wordfreq,18,1.1
该不该,3.35,zh,wordfreq,0,1.95
该书,3.77,zh,wordfreq,44,1.0
该党,3.97,zh,wordfreq,25,1.0
该剧,3.37,zh,wordfreq,33,1.0
该区,3.62,zh,wordfreq,62,1.0
该国,4.65,zh,wordfreq,74,1.0
该地,3.57,zh,wordfreq,84,1.0
该处,3.32,zh,wordfreq,51,1.0
该市,3.98,zh,wordfreq,36,1.0
该报,3.42,zh,wordfreq,51,1.0
该是,4.93,zh,wordfreq,56,1.0
该校,4.09,zh,wordfreq,34,1.0
该案,3.55,zh,wordfreq,46,1.0
该死,3.96,zh,wordfreq,44,1.0
该片,3.68,zh,wordfreq,44,1.0
该省,3.37,zh,wordfreq,26,1.0
该站,3.39,zh,wordfreq,27,1.0
该行,3.4,zh,wordfreq,83,1.0
该车,3.51,zh,wordfreq,67,1.0
该院,3.48,zh,wordfreq,37,1.0
该项,3.77,zh,wordfreq,39,1.0
详尽,3.83,zh,wordfreq,10,1.5
详情,4.16,zh,wordfreq,48,1.0
详情请,3.35,zh,wordfreq,0,1.95
详细,4.81,zh,wordfreq,7,1.65
详见,3.78,zh,wordfreq,33,1.0
详述,3.32,zh,wordfreq,23,1.0
诬陷,3.65,zh,wordfreq,4,1.8
语义,3.51,zh,wordfreq,30,1.0
语句,3.8,zh,wordfreq,18,1.1
语境,3.44,zh,wordfreq,30,1.0
语录,3.52,zh,wordfreq,22,1.0
语文,4.2,zh,wordfreq,56,1.0
语族,3.54,zh,wordfreq,30,1.0
语气,4.08,zh,wordfreq,54,1.0
语法,4.12,zh,wordfreq,58,1.0
语种,3.47,zh,wordfreq,41,1.0
语系,3.85,zh,wordfreq,19,1.05
语言,5.33,zh,wordfreq,39,1.0
语言学,3.65,zh,wordfreq,0,1.95
语调,3.51,zh,wordfreq,33,1.0
语音,4.38,zh,wordfreq,30,1.0
误以为,3.46,zh,wordfreq,2,1.85
误会,4.17,zh,wordfreq,57,1.0
误判,3.34,zh,wordfreq,12,1.4
误区,3.55,zh,wordfreq,48,1.0
误导,3.88,zh,wordfreq,23,1.0
误差,3.83,zh,wordfreq,15,1.25
误解,4.24,zh,wordfreq,27,1.0
误认为,3.41,zh,wordfreq,1,1.9
诱人,3.89,zh,wordfreq,145,1.0
诱发,3.7,zh,wordfreq,53,1.0
诱因,3.4,zh,wordfreq,12,1.4
诱导,3.8,zh,wordfreq,23,1.0
诱惑,4.32,zh,wordfreq,8,1.6
诱饵,3.41,zh,wordfreq,5,1.75
说不定,4.24,zh,wordfreq,0,1.95
说了算,3.61,zh,wordfreq,0,2.0
说些,3.55,zh,wordfreq,23,1.0
说出,4.55,zh,wordfreq,93,1.0
说到底,3.56,zh,wordfreq,0,1.95
说唱,3.6,zh,wordfreq,20,1.0
说好,3.99,zh,wordfreq,53,1.0
说完,4.28,zh,wordfreq,16,1.2
说实话,4.13,zh,wordfreq,0,1.9
说得好,3.36,zh,wordfreq,1,1.9
说教,3.53,zh,wordfreq,33,1.0
说明,5.32,zh,wordfreq,46,1.0
说明书,3.81,zh,wordfreq,0,1.95
说服,4.44,zh,wordfreq,32,1.0
说服力,3.67,zh,wordfreq,0,1.95
说来,5.2,zh,wordfreq,69,1.0
说法,4.88,zh,wordfreq,61,1.0
说真的,3.76,zh,wordfreq,0,1.95
说话,5.13,zh,wordfreq,43,1.0
说谎,4.03,zh,wordfreq,16,1.2
说起,4.0,zh,wordfreq,47,1.0
说辞,3.33,zh,wordfreq,19,1.05
说道,4.55,zh,wordfreq,55,1.0
说错,3.67,zh,wordfreq,26,1.0
请假,3.66,zh,wordfreq,20,1.0
请别,3.5,zh,wordfreq,27,1.0
请勿,3.61,zh,wordfreq,10,1.5
请原谅,3.35,zh,wordfreq,0,1.95
请客,3.6,zh,wordfreq,24,1.0
请愿,4.34,zh,wordfreq,21,1.0
请教,3.93,zh,wordfreq,27,1.0
请来,3.9,zh,wordfreq,63,1.0
请求,4.79,zh,wordfreq,27,1.0
请示,3.72,zh,wordfreq,28,1.0
请问,4.51,zh,wordfreq,27,1.0
诸位,3.76,zh,wordfreq,52,1.0
诸侯,3.68,zh,wordfreq,6,1.7
诸国,3.62,zh,wordfreq,61,1.0
诸多,4.47,zh,wordfreq,22,1.0
诸如,4.25,zh,wordfreq,17,1.15
诸岛,3.32,zh,wordfreq,17,1.15
诸葛,3.35,zh,wordfreq,6,1.65
诸葛亮,3.75,zh,wordfreq,0,2.1
诺亚,3.42,zh,wordfreq,16,1.15
诺基亚,3.85,zh,wordfreq,0,1.95
诺夫,3.73,zh,wordfreq,21,1.0
诺斯,3.41,zh,wordfreq,46,1.0
诺曼,3.45,zh,wordfreq,6,1.7
诺言,3.74,zh,wordfreq,31,1.0
诺贝尔,3.75,zh,wordfreq,0,1.95
读书,4.6,zh,wordfreq,33,1.0
读写,3.42,zh,wordfreq,20,1.0
读取,3.65,zh,wordfreq,34,1.0
读完,3.87,zh,wordfreq,9,1.55
读懂,3.37,zh,wordfreq,9,1.55
读物,3.76,zh,wordfreq,42,1.0
读者,4.88,zh,wordfreq,39,1.0
读过,3.78,zh,wordfreq,50,1.0
读音,3.43,zh,wordfreq,26,1.0
诽谤,3.88,zh,wordfreq,0,2.0
课堂,4.18,zh,wordfreq,17,1.15
课外,3.48,zh,wordfreq,36,1.0
课文,3.42,zh,wordfreq,49,1.0
课本,3.9,zh,wordfreq,26,1.0
课程,4.95,zh,wordfreq,30,1.0
课题,4.36,zh,wordfreq,16,1.2
谁家,3.72,zh,wordfreq,70,1.0
谁知,3.35,zh,wordfreq,21,1.0
调任,3.35,zh,wordfreq,52,1.0
调侃,3.5,zh,wordfreq,22,1.0
调停,3.51,zh,wordfreq,25,1.0
调制,3.32,zh,wordfreq,59,1.0
调剂,3.68,zh,wordfreq,26,1.0
调动,4.16,zh,wordfreq,81,1.0
调味,3.46,zh,wordfreq,37,1.0
调和,3.74,zh,wordfreq,35,1.0
调度,3.89,zh,wordfreq,70,1.0
调情,3.47,zh,wordfreq,66,1.0
调戏,3.42,zh,wordfreq,28,1.0
调控,4.14,zh,wordfreq,32,1.0
调教,4.21,zh,wordfreq,40,1.0
调整,5.1,zh,wordfreq,26,1.0
调查,5.42,zh,wordfreq,38,1.0
调查员,3.42,zh,wordfreq,1,1.9
调查局,3.66,zh,wordfreq,1,1.9
调理,3.5,zh,wordfreq,63,1.0
调用,3.92,zh,wordfreq,89,1.0
调皮,3.57,zh,wordfreq,29,1.0
调研,4.22,zh,wordfreq,25,1.0
调节,4.46,zh,wordfreq,38,1.0
调解,4.09,zh,wordfreq,44,1.0
调试,3.59,zh,wordfreq,32,1.0
调配,3.52,zh,wordfreq,29,1.0
谅解,3.7,zh,wordfreq,22,1.0
谈不上,3.53,zh,wordfreq,3,1.8
谈判,4.74,zh,wordfreq,14,1.3
谈到,4.29,zh,wordfreq,59,1.0
谈及,3.65,zh,wordfreq,20,1.0
谈心,3.36,zh,wordfreq,60,1.0
谈恋爱,3.65,zh,wordfreq,0,1.95
谈论,4.43,zh,wordfreq,26,1.0
谈话,4.72,zh,wordfreq,35,1.0
谈谈,4.11,zh,wordfreq,16,1.2
谈起,3.58,zh,wordfreq,39,1.0
谋划,3.6,zh,wordfreq,11,1.45
谋取,3.57,zh,wordfreq,31,1.0
谋杀,4.58,zh,wordfreq,18,1.05
谋杀案,3.81,zh,wordfreq,0,1.95
谋求,3.83,zh,wordfreq,23,1.0
谋生,3.79,zh,wordfreq,53,1.0
谋略,3.34,zh,wordfreq,14,1.3
谎称,3.39,zh,wordfreq,32,1.0
谎言,4.39,zh,wordfreq,29,1.0
谎话,3.56,zh,wordfreq,30,1.0
谐音,3.37,zh,wordfreq,18,1.1
谚语,3.62,zh,wordfreq,29,1.0
谜团,3.49,zh,wordfreq,13,1.35
谢尔盖,3.51,zh,wordfreq,0,2.0
谢绝,3.45,zh,wordfreq,6,1.7
谢谢,5.16,zh,wordfreq,4,1.75
谢谢您,3.6,zh,wordfreq,1,2.55
谣传,3.39,zh,wordfreq,10,1.5
谣言,4.31,zh,wordfreq,28,1.0
谦卑,3.44,zh,wordfreq,3,1.85
谦虚,3.69,zh,wordfreq,2,1.9
谨慎,4.36,zh,wordfreq,2,1.9
谬论,3.35,zh,wordfreq,20,1.0
谬误,3.7,zh,wordfreq,7,1.65
谱写,3.36,zh,wordfreq,12,1.4
谴责,4.55,zh,wordfreq,6,1.7
谷地,3.38,zh,wordfreq,69,1.0
谷川,3.33,zh,wordfreq,13,1.35
谷底,3.35,zh,wordfreq,15,1.25
谷歌,4.17,zh,wordfreq,11,1.45
谷物,3.74,zh,wordfreq,38,1.0
豁免,3.77,zh,wordfreq,10,1.45
豁免权,3.44,zh,wordfreq,0,1.95
豆子,3.4,zh,wordfreq,175,1.0
豆瓣,3.82,zh,wordfreq,4,1.8
豆腐,4.03,zh,wordfreq,5,1.75
豆豆,3.36,zh,wordfreq,8,1.6
豌豆,3.37,zh,wordfreq,5,1.75
象征,4.7,zh,wordfreq,10,1.45
象征性,3.57,zh,wordfreq,0,1.95
象是,3.65,zh,wordfreq,40,1.0
象棋,3.54,zh,wordfreq,4,1.8
象牙,3.57,zh,wordfreq,6,1.7
豪华,4.2,zh,wordfreq,23,1.0
豪宅,3.79,zh,wordfreq,6,1.7
豪斯,3.54,zh,wordfreq,46,1.0
豪杰,3.32,zh,wordfreq,5,1.75
豪门,3.57,zh,wordfreq,49,1.0
貌似,3.73,zh,wordfreq,7,1.65
贝克,3.88,zh,wordfreq,39,1.0
贝勒,3.4,zh,wordfreq,9,1.55
贝壳,3.6,zh,wordfreq,8,1.6
贝多芬,3.46,zh,wordfreq,0,2.0
贝宁,3.52,zh,wordfreq,14,1.3
贝尔,4.26,zh,wordfreq,50,1.0
贝拉,3.83,zh,wordfreq,38,1.0
贝特,3.37,zh,wordfreq,33,1.0
贝鲁特,3.49,zh,wordfreq,0,1.95
贞观,3.34,zh,wordfreq,21,1.0
负伤,3.51,zh,wordfreq,21,1.0
负债,3.96,zh,wordfreq,11,1.45
负担,4.59,zh,wordfreq,10,1.5
负有,3.66,zh,wordfreq,76,1.0
负荷,3.9,zh,wordfreq,9,1.55
负责,5.4,zh,wordfreq,13,1.3
负责人,4.71,zh,wordfreq,0,1.95
负载,3.7,zh,wordfreq,22,1.0
负面,4.36,zh,wordfreq,63,1.0
贡献,4.98,zh,wordfreq,3,1.85
财产,4.98,zh,wordfreq,37,1.0
财产权,3.73,zh,wordfreq,0,1.9
财力,3.81,zh,wordfreq,83,1.0
财务,4.54,zh,wordfreq,35,1.0
财团,3.78,zh,wordfreq,25,1.0
财富,4.83,zh,wordfreq,17,1.15
财年,3.33,zh,wordfreq,74,1.0
财政,4.79,zh,wordfreq,31,1.0
财政部,4.03,zh,wordfreq,2,1.85
财源,3.6,zh,wordfreq,26,1.0
财物,4.07,zh,wordfreq,46,1.0
财神,3.48,zh,wordfreq,23,1.0
财税,3.57,zh,wordfreq,21,1.0
财经,4.36,zh,wordfreq,28,1.0
财阀,3.41,zh,wordfreq,13,1.35
责令,3.7,zh,wordfreq,14,1.3
责任,5.18,zh,wordfreq,34,1.0
责任人,3.48,zh,wordfreq,3,1.8
责任制,3.63,zh,wordfreq,3,1.8
责任心,3.34,zh,wordfreq,3,1.8
责任感,3.92,zh,wordfreq,3,1.8
责备,3.76,zh,wordfreq,23,1.0
责怪,3.81,zh,wordfreq,8,1.6
责难,3.4,zh,wordfreq,21,1.0
贤者,3.35,zh,wordfreq,31,1.0
败坏,3.77,zh,wordfreq,10,1.5
败类,3.35,zh,wordfreq,22,1.0
败给,3.47,zh,wordfreq,29,1.0
败诉,3.37,zh,wordfreq,12,1.4
账单,3.6,zh,wordfreq,17,1.15
账号,4.51,zh,wordfreq,33,1.0
账户,4.47,zh,wordfreq,19,1.05
账目,3.65,zh,wordfreq,21,1.0
货品,3.48,zh,wordfreq,36,1.0
货币,5.0,zh,wordfreq,17,1.15
货架,3.33,zh,wordfreq,20,1.0
货柜,3.47,zh,wordfreq,11,1.45
货源,3.32,zh,wordfreq,23,1.0
货物,4.5,zh,wordfreq,43,1.0
货船,3.37,zh,wordfreq,20,1.0
货色,3.34,zh,wordfreq,46,1.0
货车,4.1,zh,wordfreq,57,1.0
货运,3.96,zh,wordfreq,28,1.0
质地,3.56,zh,wordfreq,71,1.0
质子,3.51,zh,wordfreq,178,1.0
质感,3.54,zh,wordfreq,26,1.0
质疑,4.63,zh,wordfreq,11,1.45
质询,3.76,zh,wordfreq,9,1.55
质量,5.11,zh,wordfreq,47,1.0
质问,3.78,zh,wordfreq,24,1.0
贩卖,4.17,zh,wordfreq,11,1.45
贩售,3.68,zh,wordfreq,10,1.5
贩子,3.47,zh,wordfreq,176,1.0
贩毒,3.77,zh,wordfreq,16,1.2
贩运,3.45,zh,wordfreq,23,1.0
贪婪,4.07,zh,wordfreq,4,1.8
贪官,3.5,zh,wordfreq,18,1.1
贪心,3.42,zh,wordfreq,57,1.0
贪污,4.3,zh,wordfreq,6,1.7
贪腐,3.96,zh,wordfreq,6,1.7
贫乏,3.54,zh,wordfreq,9,1.55
贫困,4.68,zh,wordfreq,8,1.6
贫富,3.46,zh,wordfreq,11,1.45
贫民,3.81,zh,wordfreq,35,1.0
贫民窟,3.45,zh,wordfreq,0,1.95
贫穷,4.36,zh,wordfreq,7,1.65
贫苦,3.48,zh,wordfreq,14,1.3
贫血,3.4,zh,wordfreq,15,1.25
贬低,3.69,zh,wordfreq,8,1.6
贬值,4.01,zh,wordfreq,16,1.2
购买,5.1,zh,wordfreq,7,1.6
购买力,3.53,zh,wordfreq,0,1.95
购入,3.51,zh,wordfreq,66,1.0
购房,3.54,zh,wordfreq,25,1.0
购物,4.54,zh,wordfreq,39,1.0
购票,3.32,zh,wordfreq,23,1.0
购置,3.78,zh,wordfreq,19,1.05
贮存,3.51,zh,wordfreq,16,1.2
贯彻,4.47,zh,wordfreq,3,1.85
贯穿,4.0,zh,wordfreq,5,1.75
贯通,3.61,zh,wordfreq,26,1.0
贱人,3.59,zh,wordfreq,142,1.0
贱民,3.34,zh,wordfreq,31,1.0
贱货,3.42,zh,wordfreq,18,1.1
贴切,3.49,zh,wordfreq,16,1.2
贴图,3.43,zh,wordfreq,23,1.0
贴心,3.67,zh,wordfreq,59,1.0
贴着,3.34,zh,wordfreq,43,1.0
贴纸,3.64,zh,wordfreq,11,1.45
贴身,3.64,zh,wordfreq,44,1.0
贴近,3.81,zh,wordfreq,21,1.0
贵人,3.63,zh,wordfreq,147,1.0
贵妃,3.44,zh,wordfreq,8,1.6
贵妇,3.37,zh,wordfreq,17,1.15
贵宾,3.77,zh,wordfreq,11,1.45
贵州,4.45,zh,wordfreq,40,1.0
贵州省,3.67,zh,wordfreq,0,1.95
贵族,4.55,zh,wordfreq,25,1.0
贵重,3.52,zh,wordfreq,38,1.0
贵金属,3.41,zh,wordfreq,1,1.9
贵阳,3.91,zh,wordfreq,24,1.0
贷款,4.85,zh,wordfreq,19,1.05
贸易,5.03,zh,wordfreq,7,1.6
贸易战,3.36,zh,wordfreq,0,1.95
费力,3.49,zh,wordfreq,74,1.0
费劲,3.32,zh,wordfreq,7,1.65
费城,3.87,zh,wordfreq,27,1.0
费用,4.88,zh,wordfreq,70,1.0
贿赂,4.16,zh,wordfreq,0,2.0
资产,4.91,zh,wordfreq,36,1.0
资助,4.55,zh,wordfreq,27,1.0
资历,3.63,zh,wordfreq,22,1.0
资料,5.62,zh,wordfreq,34,1.0
资料库,3.33,zh,wordfreq,0,1.95
资方,3.43,zh,wordfreq,51,1.0
资本,5.11,zh,wordfreq,32,1.0
资本家,4.33,zh,wordfreq,0,1.95
资格,4.95,zh,wordfreq,28,1.0
资格赛,3.53,zh,wordfreq,0,1.95
资深,4.23,zh,wordfreq,17,1.15
资源,5.46,zh,wordfreq,25,1.0
资讯,4.72,zh,wordfreq,19,1.05
资质,3.87,zh,wordfreq,33,1.0
资金,5.14,zh,wordfreq,29,1.0
赋予,4.53,zh,wordfreq,5,1.75
赋税,3.4,zh,wordfreq,10,1.5
赌博,4.2,zh,wordfreq,5,1.75
赌场,4.39,zh,wordfreq,56,1.0
赌徒,3.32,zh,wordfreq,12,1.4
赌注,3.45,zh,wordfreq,9,1.55
赎回,3.34,zh,wordfreq,23,1.0
赎罪,3.4,zh,wordfreq,12,1.4
赎金,3.44,zh,wordfreq,20,1.0
赏识,3.51,zh,wordfreq,13,1.35
赏赐,3.32,zh,wordfreq,2,1.9
赐予,3.63,zh,wordfreq,5,1.75
赐给,3.44,zh,wordfreq,27,1.0
赔付,3.4,zh,wordfreq,10,1.5
赔偿,4.41,zh,wordfreq,7,1.6
赔偿金,3.4,zh,wordfreq,0,1.95
赔款,3.44,zh,wordfreq,23,1.0
赔率,3.52,zh,wordfreq,20,1.0
赔钱,3.52,zh,wordfreq,28,1.0
赚取,3.7,zh,wordfreq,27,1.0
赚钱,4.67,zh,wordfreq,25,1.0
赛事,4.26,zh,wordfreq,68,1.0
赛前,3.71,zh,wordfreq,38,1.0
赛区,3.35,zh,wordfreq,55,1.0
赛后,3.71,zh,wordfreq,51,1.0
赛场,3.85,zh,wordfreq,65,1.0
赛季,4.38,zh,wordfreq,20,1.0
赛尔,3.44,zh,wordfreq,56,1.0
赛果,3.52,zh,wordfreq,28,1.0
赛程,3.48,zh,wordfreq,37,1.0
赛跑,3.46,zh,wordfreq,14,1.3
赛车,4.09,zh,wordfreq,60,1.0
赛道,3.55,zh,wordfreq,52,1.0
赛马,3.68,zh,wordfreq,36,1.0
赛马会,3.45,zh,wordfreq,0,1.95
赞助,4.21,zh,wordfreq,24,1.0
赞助商,3.52,zh,wordfreq,0,1.95
赞叹,3.49,zh,wordfreq,10,1.5
赞同,4.29,zh,wordfreq,25,1.0
赞成,4.39,zh,wordfreq,51,1.0
赞扬,4.03,zh,wordfreq,15,1.25
赞比亚,3.57,zh,wordfreq,1,1.9
赞美,4.11,zh,wordfreq,29,1.0
赞誉,3.59,zh,wordfreq,13,1.35
赞许,3.33,zh,wordfreq,19,1.05
赞赏,3.99,zh,wordfreq,13,1.35
赠送,4.02,zh,wordfreq,11,1.45
赢利,3.39,zh,wordfreq,45,1.0
赢家,3.98,zh,wordfreq,71,1.0
赢得,4.8,zh,wordfreq,34,1.0
赤壁,3.36,zh,wordfreq,6,1.7
赤字,3.69,zh,wordfreq,16,1.2
赤裸,3.56,zh,wordfreq,4,1.75
赤裸裸,3.5,zh,wordfreq,0,2.5
赤道,3.74,zh,wordfreq,43,1.0
赦免,3.74,zh,wordfreq,10,1.5
赫尔,3.67,zh,wordfreq,44,1.0
走上,4.27,zh,wordfreq,91,1.0
走入,3.64,zh,wordfreq,79,1.0
走出,4.44,zh,wordfreq,96,1.0
走动,3.53,zh,wordfreq,77,1.0
走势,4.01,zh,wordfreq,40,1.0
走向,4.79,zh,wordfreq,52,1.0
走廊,4.11,zh,wordfreq,19,1.05
走开,3.71,zh,wordfreq,50,1.0
走来,3.71,zh,wordfreq,72,1.0
走狗,3.65,zh,wordfreq,23,1.0
走私,4.15,zh,wordfreq,22,1.0
走红,3.53,zh,wordfreq,26,1.0
走访,3.82,zh,wordfreq,30,1.0
走走,3.51,zh,wordfreq,34,1.0
走路,4.21,zh,wordfreq,53,1.0
走过,4.23,zh,wordfreq,60,1.0
走近,3.74,zh,wordfreq,33,1.0
走进,4.42,zh,wordfreq,44,1.0
走遍,3.32,zh,wordfreq,21,1.0
赴美,3.49,zh,wordfreq,21,1.0
赵国,3.37,zh,wordfreq,56,1.0
赵家,3.55,zh,wordfreq,70,1.0
赵紫阳,3.39,zh,wordfreq,0,2.0
赶上,4.11,zh,wordfreq,81,1.0
赶到,4.18,zh,wordfreq,60,1.0
赶回,3.52,zh,wordfreq,29,1.0
赶往,3.45,zh,wordfreq,21,1.0
赶快,4.55,zh,wordfreq,20,1.0
赶来,3.85,zh,wordfreq,62,1.0
赶紧,4.56,zh,wordfreq,13,1.35
赶走,4.03,zh,wordfreq,24,1.0
赶赴,3.34,zh,wordfreq,8,1.6
起义,4.45,zh,wordfreq,40,1.0
起伏,3.8,zh,wordfreq,24,1.0
起先,3.35,zh,wordfreq,34,1.0
起兵,3.36,zh,wordfreq,40,1.0
起初,4.22,zh,wordfreq,27,1.0
起到,4.16,zh,wordfreq,74,1.0
起动,3.32,zh,wordfreq,81,1.0
起因,3.74,zh,wordfreq,29,1.0
起始,3.49,zh,wordfreq,27,1.0
起家,3.38,zh,wordfreq,91,1.0
起床,4.23,zh,wordfreq,27,1.0
起来,5.73,zh,wordfreq,76,1.0
起步,3.97,zh,wordfreq,39,1.0
起源,4.27,zh,wordfreq,36,1.0
起源于,3.58,zh,wordfreq,1,1.85
起火,3.85,zh,wordfreq,44,1.0
起点,4.44,zh,wordfreq,86,1.0
起码,4.23,zh,wordfreq,31,1.0
起舞,3.41,zh,wordfreq,27,1.0
起草,4.06,zh,wordfreq,27,1.0
起诉,4.67,zh,wordfreq,31,1.0
起身,3.94,zh,wordfreq,60,1.0
起重机,3.34,zh,wordfreq,0,2.0
起降,3.44,zh,wordfreq,27,1.0
起飞,4.32,zh,wordfreq,25,1.0
趁机,3.88,zh,wordfreq,41,1.0
趁着,3.64,zh,wordfreq,38,1.0
超乎,3.49,zh,wordfreq,24,1.0
超人,4.04,zh,wordfreq,156,1.0
超凡,3.33,zh,wordfreq,20,1.0
超出,4.15,zh,wordfreq,94,1.0
超前,3.48,zh,wordfreq,42,1.0
超声波,3.35,zh,wordfreq,0,2.0
超大,3.71,zh,wordfreq,72,1.0
超市,4.37,zh,wordfreq,33,1.0
超强,3.61,zh,wordfreq,30,1.0
超时,3.36,zh,wordfreq,57,1.0
超标,3.64,zh,wordfreq,29,1.0
超级,4.95,zh,wordfreq,46,1.0
超能力,3.56,zh,wordfreq,0,1.95
超自然,3.45,zh,wordfreq,1,1.9
超越,4.68,zh,wordfreq,22,1.0
超载,3.43,zh,wordfreq,31,1.0
超过,5.43,zh,wordfreq,58,1.0
超速,3.38,zh,wordfreq,31,1.0
超额,3.56,zh,wordfreq,30,1.0
超高,3.66,zh,wordfreq,31,1.0
越南,4.83,zh,wordfreq,28,1.0
越南人,3.39,zh,wordfreq,0,1.95
越发,3.65,zh,wordfreq,57,1.0
越大,3.58,zh,wordfreq,65,1.0
越战,3.57,zh,wordfreq,48,1.0
越是,3.96,zh,wordfreq,46,1.0
越来,3.36,zh,wordfreq,63,1.0
越来越,5.07,zh,wordfreq,0,1.95
越狱,3.77,zh,wordfreq,15,1.25
越过,3.91,zh,wordfreq,51,1.0
越野,3.59,zh,wordfreq,16,1.2
越高,3.39,zh,wordfreq,24,1.0
趋于,3.63,zh,wordfreq,53,1.0
趋势,4.87,zh,wordfreq,24,1.0
趋向,3.94,zh,wordfreq,36,1.0
趣味,3.89,zh,wordfreq,15,1.25
足以,4.37,zh,wordfreq,25,1.0
足协,3.68,zh,wordfreq,8,1.6
足够,4.87,zh,wordfreq,11,1.45
足彩,3.39,zh,wordfreq,12,1.4
足球,5.24,zh,wordfreq,29,1.0
足球场,3.54,zh,wordfreq,2,1.8
足球赛,3.73,zh,wordfreq,2,1.8
足球队,3.67,zh,wordfreq,2,1.8
足足,3.57,zh,wordfreq,15,1.25
足迹,3.82,zh,wordfreq,16,1.2
趴在,3.71,zh,wordfreq,21,1.0
跌倒,3.7,zh,wordfreq,13,1.35
跌幅,3.45,zh,wordfreq,10,1.5
跌破,3.34,zh,wordfreq,10,1.5
跌落,3.42,zh,wordfreq,29,1.0
跑步,3.84,zh,wordfreq,19,1.05
跑车,3.71,zh,wordfreq,50,1.0
跑道,3.89,zh,wordfreq,42,1.0
距离,4.98,zh,wordfreq,10,1.45
跟上,3.81,zh,wordfreq,77,1.0
跟不上,3.47,zh,wordfreq,3,1.75
跟着,4.51,zh,wordfreq,41,1.0
跟踪,4.38,zh,wordfreq,7,1.65
跟进,3.82,zh,wordfreq,30,1.0
跟随,4.36,zh,wordfreq,7,1.65
跨国,4.13,zh,wordfreq,60,1.0
跨境,3.69,zh,wordfreq,23,1.0
跨度,3.63,zh,wordfreq,53,1.0
跨界,3.34,zh,wordfreq,19,1.05
跨越,4.23,zh,wordfreq,11,1.45
跨过,3.54,zh,wordfreq,47,1.0
跪下,3.93,zh,wordfreq,68,1.0
路上,4.72,zh,wordfreq,91,1.0
路亚,3.37,zh,wordfreq,30,1.0
路况,3.33,zh,wordfreq,27,1.0
路口,4.05,zh,wordfreq,55,1.0
路子,3.52,zh,wordfreq,190,1.0
路径,4.18,zh,wordfreq,25,1.0
路德,3.79,zh,wordfreq,46,1.0
路旁,3.54,zh,wordfreq,21,1.0
路易,3.75,zh,wordfreq,25,1.0
路易斯,3.92,zh,wordfreq,1,1.9
路段,3.67,zh,wordfreq,29,1.0
路灯,3.63,zh,wordfreq,22,1.0
路由,3.55,zh,wordfreq,26,1.0
路由器,3.56,zh,wordfreq,0,1.95
路程,3.71,zh,wordfreq,43,1.0
路线,4.96,zh,wordfreq,58,1.0
路线图,3.38,zh,wordfreq,0,1.95
路边,4.16,zh,wordfreq,46,1.0
路过,3.98,zh,wordfreq,60,1.0
路透社,3.95,zh,wordfreq,0,2.0
路途,3.51,zh,wordfreq,25,1.0
路障,3.54,zh,wordfreq,22,1.0
路面,3.92,zh,wordfreq,74,1.0
跳伞,3.62,zh,wordfreq,11,1.45
跳出,3.72,zh,wordfreq,88,1.0
跳动,3.78,zh,wordfreq,69,1.0
跳板,3.36,zh,wordfreq,25,1.0
跳楼,3.44,zh,wordfreq,21,1.0
跳槽,3.45,zh,wordfreq,10,1.5
跳水,3.63,zh,wordfreq,56,1.0
跳舞,4.35,zh,wordfreq,15,1.25
跳跃,3.82,zh,wordfreq,13,1.35
跳过,3.51,zh,wordfreq,52,1.0
跳进,3.4,zh,wordfreq,36,1.0
践踏,3.77,zh,wordfreq,1,1.95
跻身,3.61,zh,wordfreq,38,1.0
踊跃,3.63,zh,wordfreq,3,1.85
踏上,3.94,zh,wordfreq,76,1.0
踏入,3.66,zh,wordfreq,64,1.0
踏实,3.68,zh,wordfreq,28,1.0
踏进,3.45,zh,wordfreq,29,1.0
踢球,3.68,zh,wordfreq,23,1.0
踢足球,3.38,zh,wordfreq,0,1.9
踩踏,3.34,zh,wordfreq,1,1.95
踪迹,3.65,zh,wordfreq,10,1.5
蹂躏,3.71,zh,wordfreq,0,2.0
蹊跷,3.41,zh,wordfreq,0,2.0
身上,5.1,zh,wordfreq,96,1.0
身世,3.52,zh,wordfreq,48,1.0
身为,4.41,zh,wordfreq,66,1.0
身亡,4.31,zh,wordfreq,31,1.0
身价,3.67,zh,wordfreq,54,1.0
身份,5.01,zh,wordfreq,34,1.0
身份证,4.37,zh,wordfreq,0,1.95
身体,5.16,zh,wordfreq,74,1.0
身分,4.43,zh,wordfreq,57,1.0
身后,4.07,zh,wordfreq,62,1.0
身在,3.51,zh,wordfreq,44,1.0
身处,3.91,zh,wordfreq,55,1.0
身子,3.89,zh,wordfreq,195,1.0
身形,3.38,zh,wordfreq,42,1.0
身影,3.98,zh,wordfreq,35,1.0
身心,4.1,zh,wordfreq,76,1.0
身手,3.46,zh,wordfreq,81,1.0
身旁,4.02,zh,wordfreq,26,1.0
身材,4.27,zh,wordfreq,35,1.0
身着,3.62,zh,wordfreq,60,1.0
身穿,3.92,zh,wordfreq,26,1.0
身躯,3.46,zh,wordfreq,23,1.0
身边,4.96,zh,wordfreq,51,1.0
身长,3.39,zh,wordfreq,92,1.0
身高,4.2,zh,wordfreq,38,1.0
躯体,3.59,zh,wordfreq,51,1.0
躲开,3.59,zh,wordfreq,35,1.0
躲藏,3.52,zh,wordfreq,15,1.25
躲过,3.5,zh,wordfreq,45,1.0
躲避,4.01,zh,wordfreq,6,1.7
车上,4.4,zh,wordfreq,100,1.0
车主,3.65,zh,wordfreq,48,1.0
车位,3.33,zh,wordfreq,73,1.0
车体,3.6,zh,wordfreq,78,1.0
车厢,4.12,zh,wordfreq,28,1.0
车型,3.91,zh,wordfreq,48,1.0
车子,4.25,zh,wordfreq,199,1.0
车展,3.41,zh,wordfreq,40,1.0
车库,3.63,zh,wordfreq,36,1.0
车手,3.61,zh,wordfreq,85,1.0
车牌,3.9,zh,wordfreq,42,1.0
车票,3.93,zh,wordfreq,45,1.0
车祸,4.17,zh,wordfreq,28,1.0
车程,3.7,zh,wordfreq,52,1.0
车窗,3.49,zh,wordfreq,28,1.0
车站,4.47,zh,wordfreq,35,1.0
车臣,3.56,zh,wordfreq,29,1.0
车身,3.77,zh,wordfreq,65,1.0
车轮,3.73,zh,wordfreq,35,1.0
车载,3.6,zh,wordfreq,42,1.0
车辆,4.74,zh,wordfreq,31,1.0
车道,3.72,zh,wordfreq,67,1.0
车里,3.84,zh,wordfreq,72,1.0
车长,3.39,zh,wordfreq,96,1.0
车门,3.71,zh,wordfreq,72,1.0
车间,3.99,zh,wordfreq,49,1.0
车队,3.92,zh,wordfreq,55,1.0
车顶,3.38,zh,wordfreq,33,1.0
轨迹,4.05,zh,wordfreq,11,1.45
轨道,4.59,zh,wordfreq,41,1.0
转世,3.56,zh,wordfreq,58,1.0
转为,4.05,zh,wordfreq,76,1.0
转交,3.49,zh,wordfreq,49,1.0
转会,3.49,zh,wordfreq,85,1.0
转入,3.94,zh,wordfreq,94,1.0
转动,3.88,zh,wordfreq,92,1.0
转化,4.61,zh,wordfreq,73,1.0
转发,4.16,zh,wordfreq,81,1.0
转变,4.78,zh,wordfreq,50,1.0
转变成,3.33,zh,wordfreq,1,1.85
转向,4.58,zh,wordfreq,67,1.0
转告,3.74,zh,wordfreq,47,1.0
转型,4.65,zh,wordfreq,54,1.0
转头,3.42,zh,wordfreq,106,1.0
转弯,3.58,zh,wordfreq,33,1.0
转战,3.51,zh,wordfreq,72,1.0
转折,3.84,zh,wordfreq,38,1.0
转折点,3.66,zh,wordfreq,0,1.95
转换,4.56,zh,wordfreq,43,1.0
转换器,3.37,zh,wordfreq,1,1.9
转换成,3.43,zh,wordfreq,2,1.8
转接,3.4,zh,wordfreq,45,1.0
转播,3.91,zh,wordfreq,45,1.0
转机,3.74,zh,wordfreq,73,1.0
转移,4.87,zh,wordfreq,36,1.0
转给,3.4,zh,wordfreq,59,1.0
转而,3.95,zh,wordfreq,41,1.0
转行,3.38,zh,wordfreq,97,1.0
转让,4.25,zh,wordfreq,37,1.0
转账,3.65,zh,wordfreq,34,1.0
转身,4.17,zh,wordfreq,71,1.0
转转,3.66,zh,wordfreq,46,1.0
转载,4.28,zh,wordfreq,48,1.0
转达,3.47,zh,wordfreq,47,1.0
转过,3.87,zh,wordfreq,75,1.0
转运,3.83,zh,wordfreq,52,1.0
转述,3.32,zh,wordfreq,52,1.0
转速,3.51,zh,wordfreq,48,1.0
轮回,3.73,zh,wordfreq,30,1.0
轮奸,3.47,zh,wordfreq,12,1.4
轮子,3.61,zh,wordfreq,181,1.0
轮廓,3.79,zh,wordfreq,9,1.55
轮换,3.35,zh,wordfreq,19,1.05
轮椅,3.81,zh,wordfreq,10,1.5
轮流,3.96,zh,wordfreq,34,1.0
轮盘,3.35,zh,wordfreq,24,1.0
轮胎,4.03,zh,wordfreq,12,1.4
轮船,3.67,zh,wordfreq,20,1.0
软件,5.08,zh,wordfreq,31,1.0
软体,4.33,zh,wordfreq,55,1.0
软化,3.45,zh,wordfreq,44,1.0
软弱,4.04,zh,wordfreq,13,1.35
软禁,3.8,zh,wordfreq,10,1.5
轰动,3.8,zh,wordfreq,60,1.0
轰炸,4.29,zh,wordfreq,3,1.8
轰炸机,4.05,zh,wordfreq,0,1.95
轴承,3.47,zh,wordfreq,2,1.9
轻人,3.47,zh,wordfreq,152,1.0
轻便,3.42,zh,wordfreq,22,1.0
轻型,3.76,zh,wordfreq,33,1.0
轻声,3.39,zh,wordfreq,40,1.0
轻工业,3.73,zh,wordfreq,2,1.85
轻度,3.42,zh,wordfreq,60,1.0
轻微,3.95,zh,wordfreq,17,1.15
轻易,4.46,zh,wordfreq,19,1.05
轻松,4.68,zh,wordfreq,14,1.3
轻率,3.42,zh,wordfreq,28,1.0
轻蔑,3.48,zh,wordfreq,13,1.35
轻视,3.83,zh,wordfreq,40,1.0
轻轻,4.03,zh,wordfreq,14,1.25
轻轻地,3.35,zh,wordfreq,0,1.95
轻重,3.69,zh,wordfreq,43,1.0
载人,3.56,zh,wordfreq,144,1.0
载体,3.94,zh,wordfreq,55,1.0
载入,3.48,zh,wordfreq,65,1.0
载客,3.38,zh,wordfreq,19,1.05
载有,3.51,zh,wordfreq,73,1.0
轿车,4.12,zh,wordfreq,48,1.0
较为,4.59,zh,wordfreq,48,1.0
较大,4.46,zh,wordfreq,61,1.0
较差,3.54,zh,wordfreq,15,1.25
较强,3.52,zh,wordfreq,19,1.05
较量,3.84,zh,wordfreq,46,1.0
较长,3.44,zh,wordfreq,74,1.0
辅以,3.34,zh,wordfreq,22,1.0
辅佐,3.35,zh,wordfreq,3,1.85
辅助,4.46,zh,wordfreq,19,1.05
辅导,4.08,zh,wordfreq,21,1.0
辈子,3.42,zh,wordfreq,172,1.0
辉煌,4.22,zh,wordfreq,1,1.95
辍学,3.51,zh,wordfreq,37,1.0
辐射,4.45,zh,wordfreq,12,1.4
输入,4.64,zh,wordfreq,68,1.0
输入法,3.54,zh,wordfreq,0,1.95
输出,4.6,zh,wordfreq,85,1.0
输掉,3.53,zh,wordfreq,25,1.0
输球,3.35,zh,wordfreq,30,1.0
输给,3.92,zh,wordfreq,33,1.0
输血,3.51,zh,wordfreq,16,1.2
输赢,3.6,zh,wordfreq,9,1.55
输送,3.94,zh,wordfreq,18,1.1
辖区,4.17,zh,wordfreq,43,1.0
辗转,3.54,zh,wordfreq,13,1.35
辛勤,3.59,zh,wordfreq,5,1.75
辛普森,3.43,zh,wordfreq,1,1.95
辛格,3.52,zh,wordfreq,19,1.05
辛苦,4.41,zh,wordfreq,10,1.5
辜负,3.7,zh,wordfreq,8,1.6
辞世,3.42,zh,wordfreq,29,1.0
辞典,3.6,zh,wordfreq,15,1.25
辞去,3.9,zh,wordfreq,24,1.0
辞职,4.55,zh,wordfreq,23,1.0
辞退,3.56,zh,wordfreq,10,1.5
辣妹,3.43,zh,wordfreq,9,1.55
辣椒,3.83,zh,wordfreq,2,1.9
辨别,3.76,zh,wordfreq,20,1.0
辨认,3.63,zh,wordfreq,8,1.6
辨识,3.71,zh,wordfreq,14,1.3
辩护,4.39,zh,wordfreq,16,1.15
辩护人,3.35,zh,wordfreq,1,1.9
辩解,3.76,zh,wordfreq,24,1.0
辩论,4.4,zh,wordfreq,21,1.0
辩证法,3.5,zh,wordfreq,0,2.0
辱骂,3.64,zh,wordfreq,1,1.95
边上,3.9,zh,wordfreq,81,1.0
边区,3.75,zh,wordfreq,51,1.0
边境,4.58,zh,wordfreq,26,1.0
边界,4.62,zh,wordfreq,22,1.0
边疆,3.76,zh,wordfreq,9,1.55
边缘,4.53,zh,wordfreq,13,1.3
边缘化,3.35,zh,wordfreq,0,1.95
边远,3.36,zh,wordfreq,19,1.05
边防,3.75,zh,wordfreq,14,1.3
边际,3.57,zh,wordfreq,16,1.2
辽东,3.52,zh,wordfreq,21,1.0
辽宁,4.48,zh,wordfreq,10,1.45
辽宁省,3.91,zh,wordfreq,0,1.95
辽阔,3.62,zh,wordfreq,5,1.75
达利,3.34,zh,wordfreq,52,1.0
达到,5.37,zh,wordfreq,61,1.0
达卡,3.37,zh,wordfreq,14,1.3
达尔,3.64,zh,wordfreq,53,1.0
达尔文,3.68,zh,wordfreq,0,1.95
达成,4.79,zh,wordfreq,52,1.0
达拉,3.46,zh,wordfreq,41,1.0
达拉斯,3.44,zh,wordfreq,0,1.85
达斯,3.44,zh,wordfreq,51,1.0
达标,3.7,zh,wordfreq,22,1.0
达西,3.34,zh,wordfreq,27,1.0
达赖,3.62,zh,wordfreq,13,1.35
迁入,3.41,zh,wordfreq,65,1.0
迁就,3.36,zh,wordfreq,7,1.65
迁居,3.64,zh,wordfreq,18,1.1
迁徙,3.99,zh,wordfreq,4,1.8
迁移,4.23,zh,wordfreq,7,1.65
迄今,4.06,zh,wordfreq,7,1.65
迅猛,3.55,zh,wordfreq,4,1.8
迅速,4.96,zh,wordfreq,17,1.15
迅雷,3.59,zh,wordfreq,7,1.65
过不去,3.62,zh,wordfreq,1,1.85
过世,4.03,zh,wordfreq,64,1.0
过于,4.46,zh,wordfreq,90,1.0
过份,3.61,zh,wordfreq,50,1.0
过关,3.85,zh,wordfreq,56,1.0
过分,4.38,zh,wordfreq,73,1.0
过剩,3.94,zh,wordfreq,40,1.0
过半,3.44,zh,wordfreq,44,1.0
过去,5.57,zh,wordfreq,59,1.0
过后,4.34,zh,wordfreq,78,1.0
过境,3.83,zh,wordfreq,57,1.0
过多,3.92,zh,wordfreq,55,1.0
过夜,3.69,zh,wordfreq,52,1.0
过大,3.4,zh,wordfreq,95,1.0
过失,3.87,zh,wordfreq,50,1.0
过头,3.77,zh,wordfreq,112,1.0
过奖,3.32,zh,wordfreq,47,1.0
过年,4.13,zh,wordfreq,101,1.0
过度,4.49,zh,wordfreq,87,1.0
过往,4.08,zh,wordfreq,52,1.0
过得,3.99,zh,wordfreq,71,1.0
过敏,4.02,zh,wordfreq,40,1.0
过日子,3.65,zh,wordfreq,1,1.9
过早,3.45,zh,wordfreq,48,1.0
过时,4.06,zh,wordfreq,80,1.0
过期,3.72,zh,wordfreq,74,1.0
过来,5.07,zh,wordfreq,93,1.0
过河,3.34,zh,wordfreq,52,1.0
过活,3.43,zh,wordfreq,50,1.0
过渡,4.45,zh,wordfreq,41,1.0
过滤,4.26,zh,wordfreq,39,1.0
过热,3.64,zh,wordfreq,47,1.0
过瘾,3.55,zh,wordfreq,41,1.0
过硬,3.38,zh,wordfreq,42,1.0
过程,5.5,zh,wordfreq,64,1.0
过节,3.66,zh,wordfreq,55,1.0
过重,3.39,zh,wordfreq,70,1.0
过量,3.82,zh,wordfreq,80,1.0
过错,3.94,zh,wordfreq,50,1.0
过长,3.47,zh,wordfreq,108,1.0
过问,3.35,zh,wordfreq,57,1.0
过高,3.7,zh,wordfreq,54,1.0
迈克,3.67,zh,wordfreq,37,1.0
迈克尔,3.93,zh,wordfreq,0,1.95
迈入,3.36,zh,wordfreq,65,1.0
迈出,3.53,zh,wordfreq,82,1.0
迈向,3.72,zh,wordfreq,38,1.0
迈进,3.95,zh,wordfreq,30,1.0
迈阿密,3.94,zh,wordfreq,0,2.0
迎合,3.68,zh,wordfreq,31,1.0
迎战,3.76,zh,wordfreq,42,1.0
迎接,4.43,zh,wordfreq,15,1.25
迎来,4.19,zh,wordfreq,57,1.0
运作,4.72,zh,wordfreq,46,1.0
运到,3.46,zh,wordfreq,67,1.0
运动,5.6,zh,wordfreq,74,1.0
运动会,4.1,zh,wordfreq,3,1.8
运动员,4.51,zh,wordfreq,4,1.7
运动场,3.63,zh,wordfreq,3,1.8
运动鞋,3.38,zh,wordfreq,3,1.8
运势,3.43,zh,wordfreq,37,1.0
运往,3.54,zh,wordfreq,28,1.0
运气,4.27,zh,wordfreq,57,1.0
运河,3.93,zh,wordfreq,28,1.0
运用,5.02,zh,wordfreq,82,1.0
运算,3.96,zh,wordfreq,32,1.0
运营,4.66,zh,wordfreq,28,1.0
运营商,4.06,zh,wordfreq,0,1.95
运行,4.94,zh,wordfreq,79,1.0
运费,3.55,zh,wordfreq,33,1.0
运转,4.29,zh,wordfreq,28,1.0
运载,3.69,zh,wordfreq,30,1.0
运输,4.92,zh,wordfreq,18,1.05
运输机,3.65,zh,wordfreq,0,1.95
运送,4.15,zh,wordfreq,26,1.0
近乎,3.77,zh,wordfreq,19,1.05
近亲,3.62,zh,wordfreq,19,1.05
近代,4.38,zh,wordfreq,34,1.0
近代史,3.44,zh,wordfreq,0,1.95
近似,3.82,zh,wordfreq,18,1.1
近况,3.59,zh,wordfreq,20,1.0
近几年,3.36,zh,wordfreq,2,1.8
近年,4.32,zh,wordfreq,73,1.0
近年来,4.52,zh,wordfreq,0,1.9
近日,4.58,zh,wordfreq,51,1.0
近期,4.61,zh,wordfreq,46,1.0
近来,4.2,zh,wordfreq,65,1.0
近海,3.57,zh,wordfreq,36,1.0
近视,3.47,zh,wordfreq,39,1.0
近距离,3.59,zh,wordfreq,0,1.95
近郊,3.4,zh,wordfreq,13,1.35
返乡,3.54,zh,wordfreq,10,1.5
返回,4.53,zh,wordfreq,24,1.0
返国,3.37,zh,wordfreq,58,1.0
返还,3.7,zh,wordfreq,7,1.65
还会,4.59,zh,wordfreq,61,1.0
还债,3.46,zh,wordfreq,13,1.35
还击,3.63,zh,wordfreq,35,1.0
还原,4.16,zh,wordfreq,17,1.15
还好,4.55,zh,wordfreq,47,1.0
还是,5.76,zh,wordfreq,46,1.0
还有,5.77,zh,wordfreq,78,1.0
还款,3.53,zh,wordfreq,28,1.0
还给,4.18,zh,wordfreq,35,1.0
还要,5.11,zh,wordfreq,36,1.0
这一,4.79,zh,wordfreq,78,1.0
这下,3.83,zh,wordfreq,124,1.0
这个,6.3,zh,wordfreq,93,1.0
这么,5.69,zh,wordfreq,62,1.0
这么久,3.82,zh,wordfreq,1,1.9
这么晚,3.51,zh,wordfreq,1,1.9
这些,6.05,zh,wordfreq,64,1.0
这件,4.93,zh,wordfreq,83,1.0
这份,4.52,zh,wordfreq,67,1.0
这会,5.27,zh,wordfreq,108,1.0
这会儿,3.42,zh,wordfreq,1,1.8
这位,5.03,zh,wordfreq,102,1.0
这使,3.53,zh,wordfreq,69,1.0
这儿,4.51,zh,wordfreq,81,1.0
这句,4.31,zh,wordfreq,62,1.0
这台,3.53,zh,wordfreq,83,1.0
这名,3.85,zh,wordfreq,123,1.0
这回,4.02,zh,wordfreq,77,1.0
这场,4.74,zh,wordfreq,109,1.0
这块,4.24,zh,wordfreq,68,1.0
这天,4.15,zh,wordfreq,103,1.0
这太,3.54,zh,wordfreq,63,1.0
这套,4.06,zh,wordfreq,65,1.0
这家,4.39,zh,wordfreq,125,1.0
这帮,3.79,zh,wordfreq,59,1.0
这座,4.33,zh,wordfreq,70,1.0
这张,4.43,zh,wordfreq,72,1.0
这才,4.3,zh,wordfreq,64,1.0
这批,3.69,zh,wordfreq,61,1.0
这支,3.77,zh,wordfreq,63,1.0
这方面,4.15,zh,wordfreq,3,1.8
这时,4.4,zh,wordfreq,97,1.0
这时候,4.09,zh,wordfreq,3,1.75
这是,5.62,zh,wordfreq,93,1.0
这有,5.45,zh,wordfreq,125,1.0
这本,3.99,zh,wordfreq,77,1.0
这栋,3.59,zh,wordfreq,57,1.0
这样,6.03,zh,wordfreq,76,1.0
这根,3.44,zh,wordfreq,64,1.0
这次,5.32,zh,wordfreq,90,1.0
这比,4.73,zh,wordfreq,74,1.0
这点,4.48,zh,wordfreq,120,1.0
这片,4.04,zh,wordfreq,81,1.0
这种,5.81,zh,wordfreq,85,1.0
这笔,4.1,zh,wordfreq,61,1.0
这算,3.48,zh,wordfreq,73,1.0
这篇,3.88,zh,wordfreq,62,1.0
这群,3.9,zh,wordfreq,65,1.0
这能,5.14,zh,wordfreq,89,1.0
这般,3.63,zh,wordfreq,57,1.0
这艘,3.38,zh,wordfreq,58,1.0
这话,4.21,zh,wordfreq,84,1.0
这起,3.59,zh,wordfreq,88,1.0
这趟,3.34,zh,wordfreq,57,1.0
这辆,3.65,zh,wordfreq,60,1.0
这辈子,3.85,zh,wordfreq,2,1.85
这边,4.49,zh,wordfreq,84,1.0
这部,4.55,zh,wordfreq,102,1.0
这部分,3.7,zh,wordfreq,2,1.8
这里,5.67,zh,wordfreq,101,1.0
这门,3.43,zh,wordfreq,101,1.0
这项,4.51,zh,wordfreq,76,1.0
这颗,3.66,zh,wordfreq,59,1.0
这首,3.83,zh,wordfreq,65,1.0
进一步,5.17,zh,wordfreq,1,1.85
进不去,3.39,zh,wordfreq,1,1.85
进京,3.65,zh,wordfreq,34,1.0
进修,3.93,zh,wordfreq,39,1.0
进入,5.54,zh,wordfreq,91,1.0
进军,4.11,zh,wordfreq,60,1.0
进出,4.06,zh,wordfreq,108,1.0
进出口,3.94,zh,wordfreq,0,1.85
进击,3.42,zh,wordfreq,56,1.0
进化,4.37,zh,wordfreq,70,1.0
进化论,3.62,zh,wordfreq,0,1.95
进去,4.81,zh,wordfreq,50,1.0
进发,3.43,zh,wordfreq,78,1.0
进取,3.71,zh,wordfreq,56,1.0
进口,4.86,zh,wordfreq,67,1.0
进场,3.65,zh,wordfreq,83,1.0
进城,3.84,zh,wordfreq,54,1.0
进士,4.13,zh,wordfreq,58,1.0
进屋,3.49,zh,wordfreq,33,1.0
进展,4.63,zh,wordfreq,43,1.0
进度,4.13,zh,wordfreq,78,1.0
进攻,4.72,zh,wordfreq,34,1.0
进来,4.79,zh,wordfreq,84,1.0
进步,4.99,zh,wordfreq,47,1.0
进水,3.49,zh,wordfreq,76,1.0
进球,4.23,zh,wordfreq,53,1.0
进程,4.62,zh,wordfreq,55,1.0
进站,3.33,zh,wordfreq,38,1.0
进群,3.43,zh,wordfreq,39,1.0
进而,4.46,zh,wordfreq,38,1.0
进行,5.97,zh,wordfreq,94,1.0
进行曲,3.5,zh,wordfreq,0,1.95
进货,3.32,zh,wordfreq,46,1.0
进门,3.6,zh,wordfreq,75,1.0
进食,3.68,zh,wordfreq,46,1.0
进驻,4.12,zh,wordfreq,33,1.0
远东,4.04,zh,wordfreq,31,1.0
远古,3.67,zh,wordfreq,18,1.1
远处,3.84,zh,wordfreq,44,1.0
远大,3.47,zh,wordfreq,68,1.0
远征,3.69,zh,wordfreq,19,1.05
远方,3.96,zh,wordfreq,52,1.0
远景,3.52,zh,wordfreq,24,1.0
远比,3.36,zh,wordfreq,30,1.0
远洋,3.55,zh,wordfreq,18,1.1
远离,4.46,zh,wordfreq,22,1.0
远程,4.17,zh,wordfreq,37,1.0
远见,3.58,zh,wordfreq,41,1.0
远远,4.26,zh,wordfreq,23,1.0
违反,4.78,zh,wordfreq,11,1.45
违宪,3.62,zh,wordfreq,11,1.45
违抗,3.42,zh,wordfreq,11,1.45
违法,4.88,zh,wordfreq,54,1.0
违章,3.58,zh,wordfreq,22,1.0
违约,3.88,zh,wordfreq,28,1.0
违纪,3.92,zh,wordfreq,11,1.45
违背,4.39,zh,wordfreq,9,1.55
违规,4.25,zh,wordfreq,12,1.4
连云港,3.56,zh,wordfreq,0,2.0
连任,4.27,zh,wordfreq,54,1.0
连发,3.37,zh,wordfreq,72,1.0
连同,4.01,zh,wordfreq,41,1.0
连夜,3.7,zh,wordfreq,37,1.0
连带,3.81,zh,wordfreq,45,1.0
连年,3.51,zh,wordfreq,86,1.0
连忙,3.34,zh,wordfreq,28,1.0
连战,3.38,zh,wordfreq,63,1.0
连接,4.75,zh,wordfreq,36,1.0
连日,3.32,zh,wordfreq,64,1.0
连环,3.99,zh,wordfreq,30,1.0
连累,3.45,zh,wordfreq,28,1.0
连线,4.2,zh,wordfreq,64,1.0
连结,4.82,zh,wordfreq,39,1.0
连络,3.46,zh,wordfreq,27,1.0
连续,4.99,zh,wordfreq,32,1.0
连续剧,3.8,zh,wordfreq,1,1.9
连续性,3.37,zh,wordfreq,1,1.9
连署,3.38,zh,wordfreq,29,1.0
连胜,3.52,zh,wordfreq,34,1.0
连衣裙,3.32,zh,wordfreq,0,2.0
连贯,3.37,zh,wordfreq,25,1.0
连载,3.83,zh,wordfreq,39,1.0
连连,3.75,zh,wordfreq,30,1.0
连通,3.39,zh,wordfreq,48,1.0
连锁,4.16,zh,wordfreq,27,1.0
连锁店,3.58,zh,wordfreq,0,1.95
连长,3.47,zh,wordfreq,93,1.0
连队,3.54,zh,wordfreq,52,1.0
迟到,4.08,zh,wordfreq,57,1.0
迟早,3.99,zh,wordfreq,14,1.25
迟早会,3.48,zh,wordfreq,0,1.95
迟疑,3.54,zh,wordfreq,10,1.5
迟缓,3.56,zh,wordfreq,11,1.45
迟迟,3.93,zh,wordfreq,8,1.6
迟钝,3.6,zh,wordfreq,5,1.75
迥异,3.36,zh,wordfreq,11,1.45
迪克,3.82,zh,wordfreq,35,1.0
迪士尼,3.86,zh,wordfreq,0,2.0
迪奥,3.57,zh,wordfreq,5,1.75
迪拜,3.71,zh,wordfreq,6,1.7
迫于,3.38,zh,wordfreq,55,1.0
迫使,4.46,zh,wordfreq,17,1.15
迫击炮,3.38,zh,wordfreq,0,2.0
迫切,4.05,zh,wordfreq,14,1.3
迫害,4.58,zh,wordfreq,23,1.0
迫降,3.35,zh,wordfreq,9,1.55
述说,3.37,zh,wordfreq,30,1.0
迷人,4.05,zh,wordfreq,150,1.0
迷你,4.24,zh,wordfreq,10,1.5
迷信,3.87,zh,wordfreq,33,1.0
迷失,3.85,zh,wordfreq,21,1.0
迷宫,3.82,zh,wordfreq,18,1.1
迷恋,3.88,zh,wordfreq,15,1.25
迷惑,3.91,zh,wordfreq,13,1.35
迷糊,3.4,zh,wordfreq,12,1.4
迷茫,3.53,zh,wordfreq,11,1.45
迷路,3.77,zh,wordfreq,45,1.0
迷雾,3.44,zh,wordfreq,12,1.4
迹象,4.22,zh,wordfreq,16,1.2
追击,3.72,zh,wordfreq,41,1.0
追加,4.05,zh,wordfreq,29,1.0
追回,3.34,zh,wordfreq,36,1.0
追寻,3.77,zh,wordfreq,18,1.1
追捕,3.83,zh,wordfreq,20,1.0
追捧,3.37,zh,wordfreq,15,1.25
追杀,3.76,zh,wordfreq,28,1.0
追查,3.88,zh,wordfreq,31,1.0
追求,4.79,zh,wordfreq,33,1.0
追溯,3.94,zh,wordfreq,15,1.2
追溯到,3.34,zh,wordfreq,0,1.95
追究,4.1,zh,wordfreq,19,1.05
追赶,3.68,zh,wordfreq,16,1.2
追踪,4.32,zh,wordfreq,18,1.1
追逐,3.96,zh,wordfreq,18,1.1
追问,3.68,zh,wordfreq,33,1.0
追随,3.86,zh,wordfreq,18,1.05
追随者,3.56,zh,wordfreq,0,1.95
退伍,3.7,zh,wordfreq,19,1.05
退休,4.67,zh,wordfreq,17,1.1
退休金,3.7,zh,wordfreq,0,1.95
退位,3.53,zh,wordfreq,62,1.0
退出,4.77,zh,wordfreq,94,1.0
退化,3.74,zh,wordfreq,56,1.0
退后,3.45,zh,wordfreq,55,1.0
退回,3.81,zh,wordfreq,37,1.0
退学,3.65,zh,wordfreq,53,1.0
退役,3.95,zh,wordfreq,21,1.0
退款,3.39,zh,wordfreq,35,1.0
退步,3.45,zh,wordfreq,33,1.0
退税,3.37,zh,wordfreq,25,1.0
退缩,3.64,zh,wordfreq,22,1.0
退让,3.38,zh,wordfreq,20,1.0
退货,3.34,zh,wordfreq,32,1.0
退路,3.34,zh,wordfreq,51,1.0
退还,3.6,zh,wordfreq,20,1.0
送上,3.47,zh,wordfreq,83,1.0
送入,3.68,zh,wordfreq,71,1.0
送到,4.43,zh,wordfreq,62,1.0
送回,3.84,zh,wordfreq,31,1.0
送往,3.93,zh,wordfreq,23,1.0
送来,3.93,zh,wordfreq,64,1.0
送礼,3.61,zh,wordfreq,18,1.1
送给,4.52,zh,wordfreq,36,1.0
送货,3.4,zh,wordfreq,26,1.0
送走,3.36,zh,wordfreq,26,1.0
送达,3.52,zh,wordfreq,24,1.0
适合,5.02,zh,wordfreq,35,1.0
适宜,4.13,zh,wordfreq,10,1.5
适应,4.83,zh,wordfreq,21,1.0
适应性,3.37,zh,wordfreq,0,1.95
适度,3.87,zh,wordfreq,55,1.0
适当,4.83,zh,wordfreq,24,1.0
适时,3.87,zh,wordfreq,48,1.0
适用,4.77,zh,wordfreq,74,1.0
适量,3.41,zh,wordfreq,48,1.0
逃亡,3.97,zh,wordfreq,21,1.0
逃出,3.8,zh,wordfreq,91,1.0
逃命,3.4,zh,wordfreq,32,1.0
逃往,3.66,zh,wordfreq,26,1.0
逃犯,3.67,zh,wordfreq,22,1.0
逃生,3.62,zh,wordfreq,61,1.0
逃离,4.2,zh,wordfreq,23,1.0
逃税,3.37,zh,wordfreq,22,1.0
逃脱,4.1,zh,wordfreq,16,1.2
逃走,4.01,zh,wordfreq,29,1.0
逃跑,4.09,zh,wordfreq,15,1.25
逃逸,3.43,zh,wordfreq,13,1.35
逃避,4.22,zh,wordfreq,16,1.2
逃难,3.46,zh,wordfreq,30,1.0
逆向,3.5,zh,wordfreq,37,1.0
逆境,3.32,zh,wordfreq,21,1.0
逆袭,3.45,zh,wordfreq,13,1.35
逆转,3.93,zh,wordfreq,16,1.2
选中,3.87,zh,wordfreq,68,1.0
选举,5.38,zh,wordfreq,29,1.0
选举人,3.32,zh,wordfreq,2,1.75
选举权,3.71,zh,wordfreq,3,1.8
选举法,3.32,zh,wordfreq,2,1.85
选人,3.49,zh,wordfreq,160,1.0
选修,3.45,zh,wordfreq,29,1.0
选出,4.47,zh,wordfreq,98,1.0
选区,4.24,zh,wordfreq,63,1.0
选取,3.8,zh,wordfreq,46,1.0
选址,3.4,zh,wordfreq,25,1.0
选定,3.84,zh,wordfreq,72,1.0
选手,4.73,zh,wordfreq,78,1.0
选拔,4.24,zh,wordfreq,22,1.0
选择,5.55,zh,wordfreq,21,1.0
选择性,3.79,zh,wordfreq,1,1.9
选择权,3.38,zh,wordfreq,2,1.85
选民,4.6,zh,wordfreq,49,1.0
选派,3.48,zh,wordfreq,36,1.0
选用,4.04,zh,wordfreq,87,1.0
选票,4.35,zh,wordfreq,38,1.0
选秀,3.41,zh,wordfreq,21,1.0
选美,3.64,zh,wordfreq,41,1.0
选购,3.49,zh,wordfreq,30,1.0
选集,3.81,zh,wordfreq,42,1.0
选项,4.23,zh,wordfreq,40,1.0
逊尼派,3.36,zh,wordfreq,0,2.0
逍遥,3.76,zh,wordfreq,0,2.0
透彻,3.56,zh,wordfreq,7,1.65
透明,4.47,zh,wordfreq,37,1.0
透明度,3.82,zh,wordfreq,0,1.95
透气,3.35,zh,wordfreq,48,1.0
透视,3.8,zh,wordfreq,34,1.0
透过,4.72,zh,wordfreq,48,1.0
透镜,3.32,zh,wordfreq,9,1.55
透露,4.57,zh,wordfreq,15,1.25
逐一,3.66,zh,wordfreq,27,1.0
逐个,3.36,zh,wordfreq,42,1.0
逐出,3.68,zh,wordfreq,83,1.0
逐年,3.89,zh,wordfreq,67,1.0
逐步,4.6,zh,wordfreq,22,1.0
逐渐,5.12,zh,wordfreq,7,1.65
递交,3.9,zh,wordfreq,19,1.05
递减,3.48,zh,wordfreq,10,1.5
递增,3.8,zh,wordfreq,7,1.65
递给,3.7,zh,wordfreq,29,1.0
途中,4.3,zh,wordfreq,50,1.0
途径,4.68,zh,wordfreq,9,1.55
途经,3.43,zh,wordfreq,18,1.1
逗留,3.61,zh,wordfreq,12,1.4
通俗,3.78,zh,wordfreq,41,1.0
通信,4.6,zh,wordfreq,57,1.0
通关,3.68,zh,wordfreq,51,1.0
通勤,3.7,zh,wordfreq,37,1.0
通史,3.41,zh,wordfreq,40,1.0
通向,3.71,zh,wordfreq,68,1.0
通告,3.86,zh,wordfreq,48,1.0
通商,3.6,zh,wordfreq,47,1.0
通天,3.58,zh,wordfreq,81,1.0
通奸,3.59,zh,wordfreq,37,1.0
通婚,3.33,zh,wordfreq,43,1.0
通宵,3.54,zh,wordfreq,34,1.0
通州,3.47,zh,wordfreq,67,1.0
通常,5.08,zh,wordfreq,47,1.0
通往,4.28,zh,wordfreq,47,1.0
通报,4.47,zh,wordfreq,66,1.0
通晓,3.42,zh,wordfreq,36,1.0
通用,4.45,zh,wordfreq,101,1.0
通电,3.38,zh,wordfreq,53,1.0
通电话,3.66,zh,wordfreq,1,1.8
通畅,3.36,zh,wordfreq,37,1.0
通知,5.01,zh,wordfreq,54,1.0
通知书,3.56,zh,wordfreq,0,1.95
通称,3.84,zh,wordfreq,64,1.0
通缉,3.85,zh,wordfreq,34,1.0
通缉令,3.44,zh,wordfreq,0,1.95
通胀,3.67,zh,wordfreq,35,1.0
通航,3.48,zh,wordfreq,42,1.0
通行,4.12,zh,wordfreq,98,1.0
通行证,3.59,zh,wordfreq,0,1.95
通讯,4.69,zh,wordfreq,42,1.0
通讯员,3.67,zh,wordfreq,1,1.9
通讯社,3.93,zh,wordfreq,1,1.9
通话,4.03,zh,wordfreq,62,1.0
通货,3.32,zh,wordfreq,50,1.0
通路,3.43,zh,wordfreq,69,1.0
通车,4.08,zh,wordfreq,82,1.0
通过,5.8,zh,wordfreq,76,1.0
通通,3.52,zh,wordfreq,58,1.0
通道,4.45,zh,wordfreq,74,1.0
通风,3.75,zh,wordfreq,55,1.0
逛街,3.53,zh,wordfreq,3,1.85
逛逛,3.43,zh,wordfreq,1,1.95
逝世,4.31,zh,wordfreq,26,1.0
逝去,3.59,zh,wordfreq,21,1.0
速度,5.09,zh,wordfreq,49,1.0
速率,3.74,zh,wordfreq,17,1.15
造价,3.74,zh,wordfreq,42,1.0
造假,3.76,zh,wordfreq,22,1.0
造势,3.4,zh,wordfreq,33,1.0
造反,3.89,zh,wordfreq,14,1.3
造型,4.39,zh,wordfreq,32,1.0
造就,4.07,zh,wordfreq,14,1.3
造成,5.41,zh,wordfreq,54,1.0
造林,3.63,zh,wordfreq,30,1.0
造福,3.62,zh,wordfreq,15,1.25
造纸,3.71,zh,wordfreq,16,1.2
造船,3.71,zh,wordfreq,22,1.0
造访,3.66,zh,wordfreq,23,1.0
逮捕,4.71,zh,wordfreq,5,1.75
逻辑,4.79,zh,wordfreq,4,1.8
逼真,3.62,zh,wordfreq,10,1.5
逼近,3.96,zh,wordfreq,17,1.15
逼迫,3.85,zh,wordfreq,7,1.65
逾期,3.62,zh,wordfreq,36,1.0
逾越,3.43,zh,wordfreq,7,1.65
遇上,4.27,zh,wordfreq,79,1.0
遇到,4.96,zh,wordfreq,58,1.0
遇刺,3.59,zh,wordfreq,9,1.55
遇害,3.9,zh,wordfreq,25,1.0
遇袭,3.58,zh,wordfreq,16,1.2
遇见,4.4,zh,wordfreq,35,1.0
遇难,3.85,zh,wordfreq,23,1.0
遇难者,3.41,zh,wordfreq,0,1.95
遍及,3.87,zh,wordfreq,15,1.25
遍地,3.65,zh,wordfreq,67,1.0
遍布,3.99,zh,wordfreq,14,1.3
遏制,3.97,zh,wordfreq,37,1.0
道义,3.62,zh,wordfreq,31,1.0
道人,3.45,zh,wordfreq,153,1.0
道光,3.44,zh,wordfreq,38,1.0
道具,4.1,zh,wordfreq,30,1.0
道别,3.64,zh,wordfreq,31,1.0
道场,3.41,zh,wordfreq,66,1.0
道士,3.65,zh,wordfreq,41,1.0
道家,3.46,zh,wordfreq,82,1.0
道德,4.89,zh,wordfreq,41,1.0
道教,3.95,zh,wordfreq,31,1.0
道歉,4.64,zh,wordfreq,15,1.25
道理,4.62,zh,wordfreq,54,1.0
道路,5.06,zh,wordfreq,48,1.0
道长,3.35,zh,wordfreq,82,1.0
遗书,3.53,zh,wordfreq,41,1.0
遗产,4.52,zh,wordfreq,41,1.0
遗传,4.24,zh,wordfreq,25,1.0
遗传学,3.49,zh,wordfreq,0,1.95
遗体,4.18,zh,wordfreq,67,1.0
遗嘱,3.8,zh,wordfreq,16,1.2
遗址,4.56,zh,wordfreq,21,1.0
遗失,3.67,zh,wordfreq,27,1.0
遗孀,3.42,zh,wordfreq,16,1.2
遗弃,3.72,zh,wordfreq,24,1.0
遗忘,4.14,zh,wordfreq,17,1.15
遗憾,4.65,zh,wordfreq,16,1.2
遗漏,3.82,zh,wordfreq,17,1.15
遗物,3.63,zh,wordfreq,50,1.0
遗留,3.93,zh,wordfreq,28,1.0
遗言,3.58,zh,wordfreq,43,1.0
遗迹,4.14,zh,wordfreq,26,1.0
遗骸,3.46,zh,wordfreq,17,1.15
遣返,3.99,zh,wordfreq,3,1.85
遣送,3.45,zh,wordfreq,12,1.4
遥感,3.62,zh,wordfreq,22,1.0
遥控,3.84,zh,wordfreq,12,1.35
遥控器,3.45,zh,wordfreq,0,1.95
遥远,4.34,zh,wordfreq,13,1.35
遭到,4.85,zh,wordfreq,54,1.0
遭受,4.56,zh,wordfreq,17,1.15
遭遇,4.6,zh,wordfreq,7,1.65
遮住,3.6,zh,wordfreq,25,1.0
遮掩,3.48,zh,wordfreq,3,1.85
遮盖,3.34,zh,wordfreq,7,1.65
遮蔽,3.47,zh,wordfreq,6,1.7
遴选,3.5,zh,wordfreq,23,1.0
遵义,3.58,zh,wordfreq,22,1.0
遵从,3.71,zh,wordfreq,13,1.35
遵守,4.55,zh,wordfreq,15,1.25
遵循,4.31,zh,wordfreq,4,1.8
遵照,3.75,zh,wordfreq,22,1.0
避免,5.02,zh,wordfreq,13,1.35
避孕,3.66,zh,wordfreq,5,1.65
避孕套,3.63,zh,wordfreq,1,1.9
避孕药,3.33,zh,wordfreq,1,1.9
避开,4.13,zh,wordfreq,35,1.0
避难,3.83,zh,wordfreq,20,1.0
避难所,3.38,zh,wordfreq,0,1.95
邀请,5.0,zh,wordfreq,5,1.7
邀请函,3.33,zh,wordfreq,0,1.95
邂逅,3.55,zh,wordfreq,0,2.0
邓小平,4.6,zh,wordfreq,0,2.0
邓肯,3.57,zh,wordfreq,3,1.85
邢台,3.44,zh,wordfreq,27,1.0
那一刻,3.77,zh,wordfreq,0,1.95
那个,5.55,zh,wordfreq,59,1.0
那么,5.72,zh,wordfreq,28,1.0
那些,5.57,zh,wordfreq,30,1.0
那会,3.53,zh,wordfreq,74,1.0
那位,4.28,zh,wordfreq,68,1.0
那儿,4.32,zh,wordfreq,47,1.0
那场,3.88,zh,wordfreq,75,1.0
那天,4.55,zh,wordfreq,69,1.0
那套,3.32,zh,wordfreq,31,1.0
那年,4.07,zh,wordfreq,84,1.0
那张,3.43,zh,wordfreq,38,1.0
那时,4.72,zh,wordfreq,63,1.0
那末,3.58,zh,wordfreq,28,1.0
那条,3.96,zh,wordfreq,39,1.0
那样,5.16,zh,wordfreq,42,1.0
那次,3.84,zh,wordfreq,56,1.0
那段,3.84,zh,wordfreq,33,1.0
那种,4.98,zh,wordfreq,51,1.0
那群,3.47,zh,wordfreq,31,1.0
那要,4.88,zh,wordfreq,49,1.0
那该,3.33,zh,wordfreq,27,1.0
那边,4.53,zh,wordfreq,50,1.0
那里,5.28,zh,wordfreq,67,1.0
邦德,3.32,zh,wordfreq,28,1.0
邪恶,4.62,zh,wordfreq,9,1.55
邪教,3.57,zh,wordfreq,19,1.05
邮件,4.36,zh,wordfreq,36,1.0
邮寄,3.49,zh,wordfreq,9,1.55
邮局,3.83,zh,wordfreq,27,1.0
邮报,3.97,zh,wordfreq,41,1.0
邮政,4.12,zh,wordfreq,28,1.0
邮电,3.59,zh,wordfreq,28,1.0
邮票,3.81,zh,wordfreq,27,1.0
邮箱,3.8,zh,wordfreq,12,1.4
邮编,3.66,zh,wordfreq,15,1.25
邮轮,3.75,zh,wordfreq,17,1.15
邯郸,3.72,zh,wordfreq,0,2.0
邻国,3.99,zh,wordfreq,58,1.0
邻居,4.51,zh,wordfreq,17,1.15
邻近,4.37,zh,wordfreq,18,1.1
邻里,3.52,zh,wordfreq,48,1.0
郁闷,3.8,zh,wordfreq,1,1.95
郊区,4.22,zh,wordfreq,44,1.0
郊外,3.61,zh,wordfreq,32,1.0
郑州,4.43,zh,wordfreq,34,1.0
郑州市,3.43,zh,wordfreq,3,1.8
郑重,3.63,zh,wordfreq,32,1.0
部下,3.79,zh,wordfreq,82,1.0
部件,4.0,zh,wordfreq,41,1.0
部份,4.44,zh,wordfreq,25,1.0
部位,4.26,zh,wordfreq,60,1.0
部分,5.6,zh,wordfreq,48,1.0
部副,3.39,zh,wordfreq,16,1.2
部委,3.82,zh,wordfreq,28,1.0
部将,3.42,zh,wordfreq,27,1.0
部属,3.58,zh,wordfreq,29,1.0
部族,3.79,zh,wordfreq,32,1.0
部署,4.64,zh,wordfreq,19,1.05
部落,4.65,zh,wordfreq,40,1.0
部长,5.13,zh,wordfreq,83,1.0
部门,5.32,zh,wordfreq,59,1.0
部队,5.08,zh,wordfreq,42,1.0
郭沫若,3.37,zh,wordfreq,0,2.85
都城,3.6,zh,wordfreq,27,1.0
都市,4.59,zh,wordfreq,20,1.0
都市报,3.32,zh,wordfreq,0,1.95
都柏林,3.33,zh,wordfreq,0,1.95
都督,3.54,zh,wordfreq,7,1.65
都行,3.71,zh,wordfreq,67,1.0
都还没,3.38,zh,wordfreq,0,2.0
鄙视,3.73,zh,wordfreq,28,1.0
酋长,3.85,zh,wordfreq,69,1.0
配乐,3.63,zh,wordfreq,30,1.0
配件,4.06,zh,wordfreq,43,1.0
配偶,3.86,zh,wordfreq,19,1.05
配合,4.82,zh,wordfreq,44,1.0
配备,4.4,zh,wordfreq,35,1.0
配套,4.35,zh,wordfreq,25,1.0
配对,3.59,zh,wordfreq,28,1.0
配料,3.33,zh,wordfreq,39,1.0
配方,3.85,zh,wordfreq,56,1.0
配有,3.65,zh,wordfreq,85,1.0
配给,3.52,zh,wordfreq,42,1.0
配置,4.62,zh,wordfreq,30,1.0
配色,3.49,zh,wordfreq,53,1.0
配角,3.4,zh,wordfreq,24,1.0
配送,3.59,zh,wordfreq,27,1.0
配音,3.86,zh,wordfreq,34,1.0
配额,3.71,zh,wordfreq,30,1.0
酒后,3.59,zh,wordfreq,46,1.0
酒吧,4.4,zh,wordfreq,10,1.5
酒家,3.36,zh,wordfreq,76,1.0
酒店,4.88,zh,wordfreq,17,1.1
酒楼,3.4,zh,wordfreq,18,1.1
酒类,3.46,zh,wordfreq,26,1.0
酒精,4.1,zh,wordfreq,9,1.55
酒馆,3.4,zh,wordfreq,15,1.25
酗酒,3.58,zh,wordfreq,8,1.6
酝酿,3.76,zh,wordfreq,0,2.0
酬劳,3.32,zh,wordfreq,5,1.75
酱油,3.61,zh,wordfreq,11,1.45
酵母,3.33,zh,wordfreq,11,1.45
酷刑,3.84,zh,wordfreq,8,1.6
酷网,3.32,zh,wordfreq,8,1.6
酸奶,3.49,zh,wordfreq,5,1.75
酸性,3.57,zh,wordfreq,46,1.0
酿成,3.6,zh,wordfreq,45,1.0
酿造,3.32,zh,wordfreq,18,1.1
酿酒,3.59,zh,wordfreq,10,1.5
醉酒,3.44,zh,wordfreq,8,1.6
醒悟,3.33,zh,wordfreq,6,1.7
醒来,4.21,zh,wordfreq,57,1.0
醒目,3.57,zh,wordfreq,21,1.0
醒醒,3.7,zh,wordfreq,11,1.45
采取,5.16,zh,wordfreq,34,1.0
采摘,3.33,zh,wordfreq,9,1.55
采样,3.33,zh,wordfreq,28,1.0
采用,5.29,zh,wordfreq,75,1.0
采矿,3.91,zh,wordfreq,11,1.45
采纳,4.03,zh,wordfreq,18,1.1
采访,4.84,zh,wordfreq,20,1.0
采购,4.54,zh,wordfreq,18,1.1
采集,4.17,zh,wordfreq,30,1.0
释义,3.33,zh,wordfreq,20,1.0
释出,3.57,zh,wordfreq,80,1.0
释放,4.78,zh,wordfreq,15,1.25
里克,3.57,zh,wordfreq,48,1.0
里加,3.41,zh,wordfreq,29,1.0
里头,4.04,zh,wordfreq,88,1.0
里奇,3.74,zh,wordfreq,25,1.0
里奥,3.67,zh,wordfreq,18,1.05
里子,3.43,zh,wordfreq,187,1.0
里尔,3.59,zh,wordfreq,59,1.0
里德,3.49,zh,wordfreq,43,1.0
里拉,3.32,zh,wordfreq,47,1.0
里斯,3.8,zh,wordfreq,57,1.0
里斯本,3.63,zh,wordfreq,0,1.95
里昂,3.64,zh,wordfreq,16,1.2
里根,3.71,zh,wordfreq,23,1.0
里海,3.37,zh,wordfreq,40,1.0
里程,4.0,zh,wordfreq,40,1.0
里程碑,3.82,zh,wordfreq,0,1.95
里边,3.62,zh,wordfreq,43,1.0
里面,5.24,zh,wordfreq,71,1.0
重任,3.74,zh,wordfreq,75,1.0
重伤,4.17,zh,wordfreq,59,1.0
重修,3.5,zh,wordfreq,54,1.0
重写,3.36,zh,wordfreq,57,1.0
重创,3.75,zh,wordfreq,51,1.0
重力,3.86,zh,wordfreq,116,1.0
重叠,3.82,zh,wordfreq,46,1.0
重启,3.87,zh,wordfreq,46,1.0
重回,3.9,zh,wordfreq,66,1.0
重型,3.79,zh,wordfreq,66,1.0
重塑,3.54,zh,wordfreq,46,1.0
重复,4.63,zh,wordfreq,55,1.0
重大,5.07,zh,wordfreq,101,1.0
重工,3.36,zh,wordfreq,75,1.0
重工业,3.64,zh,wordfreq,2,1.8
重庆,4.86,zh,wordfreq,52,1.0
重庆市,3.97,zh,wordfreq,0,1.95
重度,3.49,zh,wordfreq,93,1.0
重建,4.7,zh,wordfreq,63,1.0
重开,3.41,zh,wordfreq,77,1.0
重心,3.94,zh,wordfreq,98,1.0
重担,3.39,zh,wordfreq,48,1.0
重拾,3.43,zh,wordfreq,46,1.0
重振,3.48,zh,wordfreq,46,1.0
重播,3.34,zh,wordfreq,57,1.0
重整,3.55,zh,wordfreq,49,1.0
重新,5.21,zh,wordfreq,58,1.0
重温,3.59,zh,wordfreq,52,1.0
重演,3.74,zh,wordfreq,57,1.0
重点,5.25,zh,wordfreq,109,1.0
重现,3.91,zh,wordfreq,57,1.0
重生,3.9,zh,wordfreq,93,1.0
重用,3.64,zh,wordfreq,112,1.0
重申,4.09,zh,wordfreq,45,1.0
重病,3.42,zh,wordfreq,57,1.0
重症,3.44,zh,wordfreq,48,1.0
重组,4.31,zh,wordfreq,57,1.0
重罪,3.5,zh,wordfreq,55,1.0
重置,3.53,zh,wordfreq,59,1.0
重获,3.45,zh,wordfreq,52,1.0
重要,5.75,zh,wordfreq,72,1.0
重要性,4.26,zh,wordfreq,1,1.9
重视,4.98,zh,wordfreq,73,1.0
重返,4.12,zh,wordfreq,47,1.0
重逢,3.51,zh,wordfreq,46,1.0
重重,4.03,zh,wordfreq,76,1.0
重量,4.26,zh,wordfreq,86,1.0
重量级,3.45,zh,wordfreq,0,1.95
重金,3.47,zh,wordfreq,63,1.0
重金属,3.45,zh,wordfreq,1,1.85
重镇,3.49,zh,wordfreq,53,1.0
野人,3.48,zh,wordfreq,150,1.0
野兽,4.19,zh,wordfreq,13,1.35
野外,3.93,zh,wordfreq,41,1.0
野心,3.98,zh,wordfreq,63,1.0
野性,3.33,zh,wordfreq,55,1.0
野战,3.81,zh,wordfreq,49,1.0
野战军,3.63,zh,wordfreq,0,1.95
野猪,3.51,zh,wordfreq,13,1.35
野生,4.31,zh,wordfreq,58,1.0
野蛮,4.3,zh,wordfreq,10,1.5
野餐,3.42,zh,wordfreq,19,1.05
野马,3.47,zh,wordfreq,34,1.0
量产,3.39,zh,wordfreq,27,1.0
量化,3.75,zh,wordfreq,42,1.0
量子,4.06,zh,wordfreq,174,1.0
金光,3.49,zh,wordfreq,52,1.0
金刚,4.01,zh,wordfreq,30,1.0
金华,3.61,zh,wordfreq,46,1.0
金发,3.82,zh,wordfreq,75,1.0
金奖,3.49,zh,wordfreq,35,1.0
金子,3.65,zh,wordfreq,199,1.0
金字塔,3.93,zh,wordfreq,0,2.0
金属,4.66,zh,wordfreq,42,1.0
金山,3.96,zh,wordfreq,63,1.0
金币,3.79,zh,wordfreq,35,1.0
金库,3.63,zh,wordfreq,36,1.0
金庸,3.62,zh,wordfreq,28,1.0
金星,3.77,zh,wordfreq,53,1.0
金正恩,3.57,zh,wordfreq,1,1.95
金正日,3.65,zh,wordfreq,1,1.95
金沙,4.29,zh,wordfreq,32,1.0
金牌,4.24,zh,wordfreq,42,1.0
金牛座,3.32,zh,wordfreq,0,2.0
金矿,3.59,zh,wordfreq,30,1.0
金砖,3.38,zh,wordfreq,28,1.0
金色,4.11,zh,wordfreq,64,1.0
金花,3.71,zh,wordfreq,48,1.0
金融,5.13,zh,wordfreq,28,1.0
金融业,3.32,zh,wordfreq,0,1.95
金边,3.4,zh,wordfreq,55,1.0
金钟,3.63,zh,wordfreq,32,1.0
金钱,4.52,zh,wordfreq,51,1.0
金银,3.41,zh,wordfreq,28,1.0
金门,3.76,zh,wordfreq,72,1.0
金陵,3.5,zh,wordfreq,29,1.0
金额,4.68,zh,wordfreq,41,1.0
金鱼,3.46,zh,wordfreq,38,1.0
金黄,3.56,zh,wordfreq,28,1.0
釜山,3.54,zh,wordfreq,36,1.0
鉴于,4.17,zh,wordfreq,54,1.0
鉴别,3.71,zh,wordfreq,21,1.0
鉴定,4.32,zh,wordfreq,55,1.0
鉴赏,3.48,zh,wordfreq,8,1.6
针对,5.09,zh,wordfreq,14,1.25
针对性,3.73,zh,wordfreq,0,1.95
针灸,3.51,zh,wordfreq,2,1.9
针织,3.41,zh,wordfreq,6,1.7
钉子,3.63,zh,wordfreq,172,1.0
钓鱼,4.1,zh,wordfreq,11,1.4
钓鱼岛,3.64,zh,wordfreq,0,1.95
钞票,3.85,zh,wordfreq,18,1.1
钟声,3.59,zh,wordfreq,31,1.0
钟头,3.44,zh,wordfreq,76,1.0
钟爱,3.4,zh,wordfreq,24,1.0
钟表,3.33,zh,wordfreq,13,1.35
钢材,3.81,zh,wordfreq,18,1.1
钢板,3.49,zh,wordfreq,21,1.0
钢琴,4.35,zh,wordfreq,6,1.7
钢笔,3.43,zh,wordfreq,11,1.45
钢筋,3.72,zh,wordfreq,7,1.65
钢管,3.42,zh,wordfreq,24,1.0
钢铁,4.41,zh,wordfreq,9,1.55
钥匙,4.22,zh,wordfreq,0,2.0
钦佩,3.44,zh,wordfreq,1,1.95
钱包,4.26,zh,wordfreq,11,1.45
钱币,3.76,zh,wordfreq,11,1.45
钱庄,3.52,zh,wordfreq,6,1.7
钱财,3.71,zh,wordfreq,5,1.75
钻探,3.38,zh,wordfreq,6,1.7
钻石,4.24,zh,wordfreq,14,1.3
钻研,3.62,zh,wordfreq,6,1.7
钻进,3.44,zh,wordfreq,29,1.0
铁丝网,3.33,zh,wordfreq,0,2.0
铁匠,3.32,zh,wordfreq,8,1.6
铁塔,3.32,zh,wordfreq,11,1.45
铁矿,3.44,zh,wordfreq,9,1.55
铁证,3.33,zh,wordfreq,24,1.0
铁路,5.08,zh,wordfreq,41,1.0
铁路线,3.48,zh,wordfreq,0,1.9
铁轨,3.51,zh,wordfreq,9,1.55
铁道,3.75,zh,wordfreq,46,1.0
铁道部,3.62,zh,wordfreq,0,1.95
铃声,3.78,zh,wordfreq,29,1.0
铃木,3.64,zh,wordfreq,8,1.6
铅笔,3.58,zh,wordfreq,5,1.75
铜像,3.51,zh,wordfreq,20,1.0
铜牌,3.69,zh,wordfreq,16,1.2
铠甲,3.44,zh,wordfreq,5,1.75
铭文,3.35,zh,wordfreq,45,1.0
铭记,3.51,zh,wordfreq,14,1.3
铲除,3.65,zh,wordfreq,17,1.15
银子,3.6,zh,wordfreq,179,1.0
银川,3.66,zh,wordfreq,16,1.2
银币,3.43,zh,wordfreq,15,1.25
银幕,3.6,zh,wordfreq,19,1.05
银河,4.15,zh,wordfreq,20,1.0
银河系,3.61,zh,wordfreq,0,1.95
银牌,3.54,zh,wordfreq,22,1.0
银监会,3.33,zh,wordfreq,1,1.95
银色,3.72,zh,wordfreq,44,1.0
银行,5.34,zh,wordfreq,71,1.0
银行业,3.75,zh,wordfreq,2,1.8
银行卡,3.81,zh,wordfreq,2,1.85
银行家,3.61,zh,wordfreq,2,1.8
铸造,3.85,zh,wordfreq,16,1.2
铺设,3.64,zh,wordfreq,13,1.35
铺路,3.44,zh,wordfreq,36,1.0
链接,5.02,zh,wordfreq,13,1.35
链条,3.64,zh,wordfreq,18,1.1
销售,5.12,zh,wordfreq,9,1.45
销售量,3.55,zh,wordfreq,1,1.85
销售额,3.8,zh,wordfreq,1,1.9
销毁,3.99,zh,wordfreq,13,1.35
销量,4.24,zh,wordfreq,44,1.0
销魂,3.4,zh,wordfreq,6,1.7
锁定,4.17,zh,wordfreq,53,1.0
锁链,3.35,zh,wordfreq,3,1.85
锅炉,3.86,zh,wordfreq,1,1.95
锋利,3.44,zh,wordfreq,43,1.0
锐减,3.32,zh,wordfreq,8,1.6
锐利,3.36,zh,wordfreq,44,1.0
错乱,3.52,zh,wordfreq,20,1.0
错失,3.45,zh,wordfreq,15,1.25
错觉,3.66,zh,wordfreq,19,1.05
错误,5.17,zh,wordfreq,10,1.5
错过,4.42,zh,wordfreq,46,1.0
锤子,3.53,zh,wordfreq,172,1.0
锦州,3.51,zh,wordfreq,33,1.0
锦标赛,4.12,zh,wordfreq,0,2.0
锦衣卫,3.71,zh,wordfreq,0,2.0
键盘,4.08,zh,wordfreq,15,1.25
锻炼,4.33,zh,wordfreq,3,1.85
镇上,3.93,zh,wordfreq,79,1.0
镇压,4.6,zh,wordfreq,18,1.1
镇守,3.47,zh,wordfreq,17,1.15
镇定,3.57,zh,wordfreq,58,1.0
镇江,3.74,zh,wordfreq,16,1.2
镇长,3.52,zh,wordfreq,75,1.0
镇静,3.47,zh,wordfreq,13,1.35
镜像,3.49,zh,wordfreq,22,1.0
镜头,4.53,zh,wordfreq,76,1.0
镜子,4.2,zh,wordfreq,175,1.0
镜片,3.34,zh,wordfreq,28,1.0
镰刀,3.4,zh,wordfreq,7,1.65
镶嵌,3.53,zh,wordfreq,0,2.0
长三角,3.34,zh,wordfreq,0,1.95
长久,4.19,zh,wordfreq,41,1.0
长乐,3.41,zh,wordfreq,46,1.0
长假,3.72,zh,wordfreq,43,1.0
长发,3.7,zh,wordfreq,80,1.0
长城,4.24,zh,wordfreq,56,1.0
长处,3.57,zh,wordfreq,64,1.0
长大,4.6,zh,wordfreq,88,1.0
长子,3.97,zh,wordfreq,204,1.0
长安,4.0,zh,wordfreq,48,1.0
长安街,3.58,zh,wordfreq,0,1.95
长官,4.24,zh,wordfreq,46,1.0
长寿,3.84,zh,wordfreq,33,1.0
长崎,3.41,zh,wordfreq,32,1.0
长年,4.72,zh,wordfreq,94,1.0
长度,4.22,zh,wordfreq,80,1.0
长征,4.01,zh,wordfreq,39,1.0
长得,3.94,zh,wordfreq,64,1.0
长成,3.39,zh,wordfreq,75,1.0
长时间,4.2,zh,wordfreq,3,1.8
长春,4.25,zh,wordfreq,35,1.0
长春市,3.43,zh,wordfreq,1,1.9
长期,5.18,zh,wordfreq,67,1.0
长江,4.44,zh,wordfreq,42,1.0
长沙,4.52,zh,wordfreq,37,1.0
长沙市,3.56,zh,wordfreq,1,1.9
长治,3.32,zh,wordfreq,46,1.0
长生,3.58,zh,wordfreq,80,1.0
长相,3.82,zh,wordfreq,43,1.0
长短,3.65,zh,wordfreq,36,1.0
长篇,3.97,zh,wordfreq,38,1.0
长老,3.82,zh,wordfreq,40,1.0
长者,3.78,zh,wordfreq,63,1.0
长袍,3.54,zh,wordfreq,33,1.0
长辈,3.64,zh,wordfreq,35,1.0
长远,4.09,zh,wordfreq,43,1.0
长途,3.84,zh,wordfreq,39,1.0
长长,3.43,zh,wordfreq,101,1.0
长长的,3.52,zh,wordfreq,0,1.95
门上,3.45,zh,wordfreq,88,1.0
门下,3.69,zh,wordfreq,83,1.0
门人,3.4,zh,wordfreq,155,1.0
门前,4.18,zh,wordfreq,41,1.0
门口,4.53,zh,wordfreq,52,1.0
门外,4.04,zh,wordfreq,46,1.0
门将,3.58,zh,wordfreq,28,1.0
门店,3.48,zh,wordfreq,25,1.0
门徒,3.4,zh,wordfreq,24,1.0
门户,3.9,zh,wordfreq,31,1.0
门槛,4.17,zh,wordfreq,15,1.25
门票,4.12,zh,wordfreq,33,1.0
门窗,3.55,zh,wordfreq,16,1.2
门类,3.71,zh,wordfreq,34,1.0
门诊,3.7,zh,wordfreq,18,1.1
门路,3.38,zh,wordfreq,50,1.0
闪亮,3.78,zh,wordfreq,14,1.3
闪光,3.68,zh,wordfreq,31,1.0
闪烁,3.69,zh,wordfreq,6,1.7
闪电,4.07,zh,wordfreq,25,1.0
闪耀,3.77,zh,wordfreq,9,1.55
闪过,3.33,zh,wordfreq,48,1.0
闪闪,3.44,zh,wordfreq,6,1.7
闭关,3.32,zh,wordfreq,21,1.0
闭嘴,3.82,zh,wordfreq,6,1.7
闭塞,3.37,zh,wordfreq,8,1.6
闭幕,3.86,zh,wordfreq,16,1.2
闭门,3.43,zh,wordfreq,49,1.0
问世,3.86,zh,wordfreq,38,1.0
问候,4.0,zh,wordfreq,17,1.15
问卷,3.68,zh,wordfreq,17,1.15
问及,3.61,zh,wordfreq,26,1.0
问号,3.37,zh,wordfreq,43,1.0
问好,3.37,zh,wordfreq,51,1.0
问答,3.92,zh,wordfreq,16,1.2
问话,3.34,zh,wordfreq,41,1.0
问责,3.48,zh,wordfreq,19,1.05
问起,3.35,zh,wordfreq,45,1.0
问过,3.54,zh,wordfreq,55,1.0
问道,4.08,zh,wordfreq,53,1.0
问问,4.21,zh,wordfreq,31,1.0
问题,6.19,zh,wordfreq,24,1.0
闯入,4.01,zh,wordfreq,63,1.0
闯关,3.47,zh,wordfreq,19,1.05
闯进,3.66,zh,wordfreq,28,1.0
闲暇,3.67,zh,wordfreq,5,1.75
闲着,3.4,zh,wordfreq,41,1.0
闲置,3.74,zh,wordfreq,18,1.1
闲聊,3.52,zh,wordfreq,7,1.65
闲话,3.32,zh,wordfreq,32,1.0
间接,4.31,zh,wordfreq,16,1.2
间断,3.5,zh,wordfreq,21,1.0
间谍,4.37,zh,wordfreq,4,1.8
间隔,3.85,zh,wordfreq,8,1.6
间隙,3.37,zh,wordfreq,6,1.7
闷热,3.34,zh,wordfreq,8,1.6
闸门,3.61,zh,wordfreq,45,1.0
闹事,3.58,zh,wordfreq,58,1.0
闹剧,3.67,zh,wordfreq,16,1.2
闹钟,3.34,zh,wordfreq,7,1.65
闺女,3.46,zh,wordfreq,21,1.0
闺蜜,3.51,zh,wordfreq,3,1.85
闻到,3.82,zh,wordfreq,53,1.0
闻名,4.23,zh,wordfreq,68,1.0
阁下,3.9,zh,wordfreq,69,1.0
阁楼,3.64,zh,wordfreq,12,1.4
阅兵,3.69,zh,wordfreq,21,1.0
阅历,3.41,zh,wordfreq,14,1.3
阅览,3.46,zh,wordfreq,9,1.55
阅读,5.19,zh,wordfreq,11,1.4
阅读器,3.49,zh,wordfreq,0,1.95
阐明,4.06,zh,wordfreq,33,1.0
阐述,4.27,zh,wordfreq,21,1.0
阐释,3.67,zh,wordfreq,9,1.55
队伍,4.97,zh,wordfreq,7,1.65
队列,3.45,zh,wordfreq,17,1.15
队友,4.16,zh,wordfreq,18,1.1
队员,4.43,zh,wordfreq,28,1.0
队长,4.52,zh,wordfreq,73,1.0
防务,3.65,zh,wordfreq,40,1.0
防卫,4.1,zh,wordfreq,27,1.0
防备,3.62,zh,wordfreq,36,1.0
防守,4.13,zh,wordfreq,28,1.0
防弹,3.42,zh,wordfreq,27,1.0
防御,4.41,zh,wordfreq,18,1.1
防护,4.16,zh,wordfreq,31,1.0
防控,3.46,zh,wordfreq,27,1.0
防止,4.69,zh,wordfreq,29,1.0
防水,3.89,zh,wordfreq,63,1.0
防治,4.26,zh,wordfreq,31,1.0
防洪,3.53,zh,wordfreq,17,1.15
防火,3.85,zh,wordfreq,39,1.0
防火墙,3.55,zh,wordfreq,0,1.95
防灾,3.48,zh,wordfreq,25,1.0
防疫,3.75,zh,wordfreq,20,1.0
防空,4.09,zh,wordfreq,36,1.0
防线,3.92,zh,wordfreq,57,1.0
防范,4.22,zh,wordfreq,23,1.0
阳光,4.64,zh,wordfreq,28,1.0
阳台,3.99,zh,wordfreq,30,1.0
阳性,3.85,zh,wordfreq,48,1.0
阳痿,3.49,zh,wordfreq,3,1.85
阴影,4.26,zh,wordfreq,19,1.05
阴性,3.55,zh,wordfreq,52,1.0
阴暗,3.69,zh,wordfreq,9,1.55
阴茎,3.89,zh,wordfreq,7,1.65
阴谋,4.44,zh,wordfreq,14,1.25
阴谋论,3.58,zh,wordfreq,0,1.95
阴道,4.04,zh,wordfreq,47,1.0
阴阳,3.88,zh,wordfreq,24,1.0
阴险,3.41,zh,wordfreq,13,1.35
阵亡,3.74,zh,wordfreq,14,1.3
阵地,4.05,zh,wordfreq,71,1.0
阵子,3.32,zh,wordfreq,178,1.0
阵容,4.02,zh,wordfreq,22,1.0
阵线,3.96,zh,wordfreq,46,1.0
阵营,4.17,zh,wordfreq,19,1.05
阵阵,3.36,zh,wordfreq,10,1.5
阶层,4.39,zh,wordfreq,24,1.0
阶梯,3.71,zh,wordfreq,5,1.75
阶段,5.11,zh,wordfreq,14,1.2
阶段性,3.33,zh,wordfreq,0,1.95
阶级,4.74,zh,wordfreq,33,1.0
阻力,3.96,zh,wordfreq,78,1.0
阻塞,3.48,zh,wordfreq,11,1.45
阻拦,3.36,zh,wordfreq,7,1.65
阻挠,3.95,zh,wordfreq,7,1.65
阻挡,4.12,zh,wordfreq,8,1.6
阻断,3.62,zh,wordfreq,24,1.0
阻止,4.85,zh,wordfreq,19,1.05
阻碍,4.46,zh,wordfreq,9,1.55
阿克,3.43,zh,wordfreq,47,1.0
阿兰,3.39,zh,wordfreq,23,1.0
阿勒颇,3.32,zh,wordfreq,0,2.0
阿卡,3.32,zh,wordfreq,19,1.05
阿姨,4.32,zh,wordfreq,14,1.3
阿富汗,4.35,zh,wordfreq,0,2.0
阿尔,3.96,zh,wordfreq,58,1.0
阿尔法,3.36,zh,wordfreq,0,1.95
阿巴,3.33,zh,wordfreq,24,1.0
阿布,3.72,zh,wordfreq,26,1.0
阿德,3.36,zh,wordfreq,42,1.0
阿拉,4.09,zh,wordfreq,46,1.0
阿拉伯,4.51,zh,wordfreq,0,1.95
阿斯,3.34,zh,wordfreq,56,1.0
阿曼,4.01,zh,wordfreq,16,1.2
阿根廷,4.4,zh,wordfreq,0,2.0
阿森纳,3.63,zh,wordfreq,0,2.0
阿比,3.38,zh,wordfreq,32,1.0
阿波罗,3.74,zh,wordfreq,0,1.95
阿米,3.5,zh,wordfreq,28,1.0
阿联酋,3.71,zh,wordfreq,0,2.0
阿萨德,3.41,zh,wordfreq,0,1.95
阿里,4.49,zh,wordfreq,59,1.0
阿门,3.57,zh,wordfreq,59,1.0
附上,3.52,zh,wordfreq,82,1.0
附中,3.33,zh,wordfreq,57,1.0
附件,3.8,zh,wordfreq,36,1.0
附加,4.19,zh,wordfreq,23,1.0
附和,3.4,zh,wordfreq,22,1.0
附属,4.22,zh,wordfreq,24,1.0
附带,3.83,zh,wordfreq,30,1.0
附录,3.53,zh,wordfreq,19,1.05
附有,3.59,zh,wordfreq,78,1.0
附近,5.12,zh,wordfreq,24,1.0
陆上,3.71,zh,wordfreq,77,1.0
陆军,4.38,zh,wordfreq,34,1.0
陆地,4.04,zh,wordfreq,69,1.0
陆战队,3.44,zh,wordfreq,0,1.95
陆续,4.61,zh,wordfreq,12,1.4
陆路,3.63,zh,wordfreq,39,1.0
陈云,3.74,zh,wordfreq,11,1.45
陈列,3.86,zh,wordfreq,18,1.1
陈年,3.36,zh,wordfreq,67,1.0
陈旧,3.55,zh,wordfreq,11,1.45
陈毅,3.45,zh,wordfreq,6,1.7
陈水扁,3.63,zh,wordfreq,0,2.0
陈独秀,3.67,zh,wordfreq,0,2.0
陈述,4.2,zh,wordfreq,24,1.0
陌生,4.23,zh,wordfreq,48,1.0
陌生人,4.17,zh,wordfreq,0,1.9
降下,3.39,zh,wordfreq,77,1.0
降临,4.11,zh,wordfreq,13,1.35
降价,3.92,zh,wordfreq,40,1.0
降低,4.92,zh,wordfreq,16,1.2
降到,3.68,zh,wordfreq,61,1.0
降水,3.68,zh,wordfreq,55,1.0
降水量,3.45,zh,wordfreq,2,1.8
降温,3.74,zh,wordfreq,16,1.2
降级,3.65,zh,wordfreq,39,1.0
降落,4.18,zh,wordfreq,35,1.0
降雨,3.72,zh,wordfreq,15,1.2
降雨量,3.36,zh,wordfreq,1,1.85
限于,4.16,zh,wordfreq,58,1.0
限制,5.14,zh,wordfreq,44,1.0
限定,4.03,zh,wordfreq,59,1.0
限度,4.08,zh,wordfreq,55,1.0
限时,3.37,zh,wordfreq,48,1.0
限期,3.67,zh,wordfreq,42,1.0
限量,3.63,zh,wordfreq,48,1.0
限额,3.96,zh,wordfreq,21,1.0
陕北,3.34,zh,wordfreq,12,1.4
陕西,4.6,zh,wordfreq,19,1.0
陕西省,4.2,zh,wordfreq,2,1.85
陛下,4.08,zh,wordfreq,68,1.0
院中,3.4,zh,wordfreq,54,1.0
院内,3.57,zh,wordfreq,30,1.0
院士,4.16,zh,wordfreq,34,1.0
院子,3.93,zh,wordfreq,178,1.0
院校,4.4,zh,wordfreq,21,1.0
院里,3.44,zh,wordfreq,51,1.0
院长,4.65,zh,wordfreq,75,1.0
除了,5.35,zh,wordfreq,12,1.4
除去,3.88,zh,wordfreq,25,1.0
除夕,3.47,zh,wordfreq,7,1.65
除外,4.05,zh,wordfreq,36,1.0
除掉,3.45,zh,wordfreq,23,1.0
除非,4.58,zh,wordfreq,17,1.15
陨石,3.69,zh,wordfreq,11,1.45
险恶,3.52,zh,wordfreq,8,1.6
陪伴,4.07,zh,wordfreq,4,1.8
陪同,3.89,zh,wordfreq,18,1.1
陪审团,3.49,zh,wordfreq,0,2.0
陵墓,3.71,zh,wordfreq,4,1.8
陶器,3.55,zh,wordfreq,13,1.35
陶瓷,3.96,zh,wordfreq,2,1.9
陶醉,3.48,zh,wordfreq,4,1.8
陷于,3.73,zh,wordfreq,55,1.0
陷入,4.59,zh,wordfreq,65,1.0
陷害,3.73,zh,wordfreq,23,1.0
陷落,3.33,zh,wordfreq,30,1.0
陷阱,4.12,zh,wordfreq,4,1.8
隆庆,3.36,zh,wordfreq,9,1.55
隆起,3.35,zh,wordfreq,34,1.0
隆重,3.89,zh,wordfreq,33,1.0
隋唐,3.47,zh,wordfreq,2,1.9
随之,4.08,zh,wordfreq,18,1.1
随从,3.41,zh,wordfreq,24,1.0
随便,4.66,zh,wordfreq,25,1.0
随即,4.38,zh,wordfreq,19,1.05
随同,3.35,zh,wordfreq,32,1.0
随后,4.84,zh,wordfreq,54,1.0
随处,3.33,zh,wordfreq,47,1.0
随意,4.44,zh,wordfreq,64,1.0
随手,3.74,zh,wordfreq,73,1.0
随时,4.76,zh,wordfreq,56,1.0
随机,4.34,zh,wordfreq,55,1.0
随着,5.04,zh,wordfreq,52,1.0
随笔,3.51,zh,wordfreq,20,1.0
随著,3.8,zh,wordfreq,26,1.0
随行,3.39,zh,wordfreq,79,1.0
随身,3.78,zh,wordfreq,53,1.0
隐匿,3.44,zh,wordfreq,15,1.25
隐含,3.53,zh,wordfreq,18,1.1
隐喻,3.5,zh,wordfreq,15,1.25
隐居,3.65,zh,wordfreq,28,1.0
隐形,4.01,zh,wordfreq,33,1.0
隐忧,3.38,zh,wordfreq,16,1.2
隐性,3.36,zh,wordfreq,59,1.0
隐患,3.92,zh,wordfreq,16,1.2
隐瞒,4.25,zh,wordfreq,14,1.3
隐私,4.27,zh,wordfreq,18,1.1
隐秘,3.57,zh,wordfreq,18,1.1
隐约,3.42,zh,wordfreq,34,1.0
隐蔽,3.87,zh,wordfreq,17,1.15
隐藏,4.5,zh,wordfreq,26,1.0
隐身,3.71,zh,wordfreq,52,1.0
隔壁,4.18,zh,wordfreq,8,1.6
隔天,3.57,zh,wordfreq,52,1.0
隔开,3.37,zh,wordfreq,37,1.0
隔离,4.34,zh,wordfreq,15,1.25
隔绝,3.64,zh,wordfreq,10,1.5
隔阂,3.52,zh,wordfreq,5,1.75
障碍,4.66,zh,wordfreq,2,1.85
障碍物,3.33,zh,wordfreq,0,1.95
隧道,4.21,zh,wordfreq,40,1.0
隶属,4.24,zh,wordfreq,15,1.2
隶属于,4.01,zh,wordfreq,0,1.9
难于,3.57,zh,wordfreq,68,1.0
难以,4.95,zh,wordfreq,36,1.0
难免,3.95,zh,wordfreq,27,1.0
难关,3.58,zh,wordfreq,34,1.0
难受,4.13,zh,wordfreq,32,1.0
难听,3.41,zh,wordfreq,28,1.0
难堪,3.83,zh,wordfreq,18,1.1
难度,4.36,zh,wordfreq,65,1.0
难得,4.25,zh,wordfreq,49,1.0
难忘,3.86,zh,wordfreq,18,1.1
难怪,4.11,zh,wordfreq,21,1.0
难民,4.56,zh,wordfreq,46,1.0
难民营,3.34,zh,wordfreq,0,1.9
难点,3.64,zh,wordfreq,81,1.0
难熬,3.4,zh,wordfreq,18,1.1
难看,3.95,zh,wordfreq,30,1.0
难过,4.61,zh,wordfreq,59,1.0
难道,5.08,zh,wordfreq,57,1.0
难题,4.36,zh,wordfreq,28,1.0
雄厚,3.56,zh,wordfreq,5,1.75
雄心,3.38,zh,wordfreq,55,1.0
雄性,3.55,zh,wordfreq,47,1.0
雅克,3.52,zh,wordfreq,37,1.0
雅典,4.12,zh,wordfreq,15,1.25
雅加达,3.52,zh,wordfreq,0,2.0
雅各,3.52,zh,wordfreq,4,1.75
雅各布,3.36,zh,wordfreq,0,1.95
雅思,3.37,zh,wordfreq,11,1.45
雅虎,3.77,zh,wordfreq,7,1.65
集中,4.94,zh,wordfreq,62,1.0
集中营,4.06,zh,wordfreq,0,1.95
集会,4.46,zh,wordfreq,66,1.0
集体,4.79,zh,wordfreq,65,1.0
集合,4.41,zh,wordfreq,42,1.0
集团,5.46,zh,wordfreq,27,1.0
集团军,4.08,zh,wordfreq,0,1.95
集市,3.51,zh,wordfreq,31,1.0
集成,4.11,zh,wordfreq,57,1.0
集散地,3.41,zh,wordfreq,0,2.0
集权,3.68,zh,wordfreq,45,1.0
集结,4.15,zh,wordfreq,29,1.0
集群,3.71,zh,wordfreq,23,1.0
集聚,3.67,zh,wordfreq,20,1.0
集装箱,3.71,zh,wordfreq,0,2.0
集训,3.4,zh,wordfreq,18,1.1
集资,4.04,zh,wordfreq,29,1.0
集锦,3.62,zh,wordfreq,14,1.3
集镇,3.64,zh,wordfreq,22,1.0
雇主,4.13,zh,wordfreq,25,1.0
雇佣,4.08,zh,wordfreq,5,1.75
雇员,4.05,zh,wordfreq,28,1.0
雇工,3.5,zh,wordfreq,34,1.0
雇用,4.03,zh,wordfreq,71,1.0
雌性,3.49,zh,wordfreq,45,1.0
雍正,3.38,zh,wordfreq,15,1.25
雏形,3.45,zh,wordfreq,19,1.05
雕像,4.07,zh,wordfreq,21,1.0
雕刻,3.97,zh,wordfreq,10,1.5
雕塑,4.07,zh,wordfreq,3,1.85
雨伞,3.78,zh,wordfreq,7,1.65
雨天,3.32,zh,wordfreq,53,1.0
雨季,3.58,zh,wordfreq,14,1.3
雨林,3.56,zh,wordfreq,25,1.0
雨果,3.49,zh,wordfreq,22,1.0
雨水,3.94,zh,wordfreq,52,1.0
雨量,3.64,zh,wordfreq,47,1.0
雪地,3.4,zh,wordfreq,71,1.0
雪山,3.7,zh,wordfreq,42,1.0
雪梨,3.55,zh,wordfreq,6,1.7
雪橇,3.43,zh,wordfreq,6,1.7
雪球,3.67,zh,wordfreq,29,1.0
雪白,3.67,zh,wordfreq,22,1.0
雪花,3.64,zh,wordfreq,27,1.0
零下,3.4,zh,wordfreq,74,1.0
零件,3.99,zh,wordfreq,33,1.0
零售,4.28,zh,wordfreq,12,1.35
零售商,3.45,zh,wordfreq,0,1.95
零星,3.7,zh,wordfreq,32,1.0
零点,3.61,zh,wordfreq,70,1.0
零部件,3.73,zh,wordfreq,0,1.9
零钱,3.62,zh,wordfreq,30,1.0
零食,3.65,zh,wordfreq,22,1.0
雷同,3.47,zh,wordfreq,24,1.0
雷德,3.37,zh,wordfreq,35,1.0
雷电,3.46,zh,wordfreq,26,1.0
雷诺,3.54,zh,wordfreq,10,1.5
雷达,4.22,zh,wordfreq,21,1.0
雷锋,3.72,zh,wordfreq,13,1.35
雷雨,3.37,zh,wordfreq,13,1.35
雷霆,3.54,zh,wordfreq,7,1.65
需求,5.1,zh,wordfreq,19,1.0
需求量,3.37,zh,wordfreq,0,1.95
需要,5.93,zh,wordfreq,28,1.0
震动,4.07,zh,wordfreq,63,1.0
震惊,4.4,zh,wordfreq,5,1.75
震慑,3.35,zh,wordfreq,5,1.75
震撼,4.17,zh,wordfreq,4,1.8
震荡,3.87,zh,wordfreq,10,1.5
霍乱,3.35,zh,wordfreq,18,1.1
霍华德,3.83,zh,wordfreq,0,2.0
霍夫,3.42,zh,wordfreq,19,1.05
霍尔,3.77,zh,wordfreq,46,1.0
露出,4.44,zh,wordfreq,84,1.0
露天,3.84,zh,wordfreq,53,1.0
露脸,3.69,zh,wordfreq,11,1.45
露营,3.57,zh,wordfreq,19,1.05
露西,3.54,zh,wordfreq,24,1.0
露露,3.47,zh,wordfreq,15,1.25
露面,3.75,zh,wordfreq,62,1.0
霸主,3.54,zh,wordfreq,26,1.0
霸占,3.54,zh,wordfreq,9,1.55
霸权,3.89,zh,wordfreq,36,1.0
霸气,3.52,zh,wordfreq,47,1.0
霸王,3.6,zh,wordfreq,17,1.15
霸道,3.54,zh,wordfreq,45,1.0
霹雳,3.62,zh,wordfreq,0,2.0
青少年,4.53,zh,wordfreq,0,1.9
青山,3.56,zh,wordfreq,46,1.0
青岛,4.57,zh,wordfreq,21,1.0
青岛市,3.33,zh,wordfreq,0,1.95
青年,5.15,zh,wordfreq,72,1.0
青年人,3.48,zh,wordfreq,2,1.85
青春,4.46,zh,wordfreq,13,1.3
青春期,3.62,zh,wordfreq,0,1.95
青海,4.14,zh,wordfreq,35,1.0
青海省,3.44,zh,wordfreq,0,1.95
青睐,3.99,zh,wordfreq,10,1.5
青色,3.38,zh,wordfreq,47,1.0
青蛙,3.91,zh,wordfreq,10,1.5
青铜,3.64,zh,wordfreq,10,1.45
青铜器,3.37,zh,wordfreq,0,1.95
青青,3.55,zh,wordfreq,15,1.25
青龙,3.63,zh,wordfreq,21,1.0
静坐,3.53,zh,wordfreq,7,1.65
静态,3.86,zh,wordfreq,20,1.0
静止,3.84,zh,wordfreq,18,1.1
静电,3.36,zh,wordfreq,25,1.0
静脉,3.53,zh,wordfreq,10,1.5
静静,3.65,zh,wordfreq,13,1.3
静静地,3.63,zh,wordfreq,0,1.95
静默,3.48,zh,wordfreq,9,1.55
非人,3.37,zh,wordfreq,148,1.0
非但,3.55,zh,wordfreq,9,1.55
非凡,3.89,zh,wordfreq,12,1.4
非官方,3.51,zh,wordfreq,0,1.95
非常,5.59,zh,wordfreq,21,1.0
非得,3.94,zh,wordfreq,40,1.0
非政府,3.53,zh,wordfreq,7,1.6
非暴力,3.59,zh,wordfreq,0,1.95
非正式,3.72,zh,wordfreq,0,1.95
非法,4.92,zh,wordfreq,54,1.0
非洲,4.93,zh,wordfreq,16,1.15
非洲人,3.49,zh,wordfreq,1,1.85
非线性,3.38,zh,wordfreq,0,1.95
非营利,3.49,zh,wordfreq,0,1.95
非裔,3.68,zh,wordfreq,12,1.4
非议,3.41,zh,wordfreq,23,1.0
靠山,3.41,zh,wordfreq,39,1.0
靠拢,3.56,zh,wordfreq,4,1.8
靠着,3.62,zh,wordfreq,40,1.0
靠近,4.49,zh,wordfreq,18,1.1
面上,3.92,zh,wordfreq,98,1.0
面世,3.53,zh,wordfreq,50,1.0
面临,5.03,zh,wordfreq,29,1.0
面具,4.12,zh,wordfreq,42,1.0
面前,4.94,zh,wordfreq,51,1.0
面包,4.41,zh,wordfreq,33,1.0
面包店,3.36,zh,wordfreq,1,1.9
面包车,3.42,zh,wordfreq,1,1.9
面向,4.46,zh,wordfreq,59,1.0
面团,3.32,zh,wordfreq,38,1.0
面子,4.01,zh,wordfreq,197,1.0
面孔,3.78,zh,wordfreq,27,1.0
面容,3.58,zh,wordfreq,41,1.0
面对,5.09,zh,wordfreq,37,1.0
面对面,3.94,zh,wordfreq,0,1.9
面料,3.51,zh,wordfreq,48,1.0
面条,3.78,zh,wordfreq,42,1.0
面板,3.57,zh,wordfreq,40,1.0
面目,3.71,zh,wordfreq,43,1.0
面相,3.32,zh,wordfreq,36,1.0
面积,5.23,zh,wordfreq,30,1.0
面粉,3.82,zh,wordfreq,29,1.0
面纱,3.64,zh,wordfreq,26,1.0
面罩,3.32,zh,wordfreq,28,1.0
面膜,3.58,zh,wordfreq,26,1.0
面试,4.34,zh,wordfreq,35,1.0
面谈,3.5,zh,wordfreq,34,1.0
面貌,4.23,zh,wordfreq,33,1.0
面部,3.79,zh,wordfreq,71,1.0
革命,5.36,zh,wordfreq,20,1.0
革命军,3.32,zh,wordfreq,3,1.8
革命家,3.69,zh,wordfreq,3,1.8
革命性,3.4,zh,wordfreq,3,1.8
革命者,3.37,zh,wordfreq,3,1.8
革新,4.02,zh,wordfreq,14,1.3
靴子,3.47,zh,wordfreq,172,1.0
鞋子,4.1,zh,wordfreq,172,1.0
鞍山,3.52,zh,wordfreq,36,1.0
鞑靼,3.48,zh,wordfreq,0,2.0
鞠躬,3.46,zh,wordfreq,0,2.0
鞭子,3.37,zh,wordfreq,173,1.0
鞭打,3.39,zh,wordfreq,13,1.35
韦伯,3.6,zh,wordfreq,3,1.85
韦德,3.66,zh,wordfreq,30,1.0
韦恩,3.36,zh,wordfreq,7,1.65
韧带,3.34,zh,wordfreq,22,1.0
韧性,3.44,zh,wordfreq,46,1.0
韩剧,3.82,zh,wordfreq,18,1.1
韩国,5.43,zh,wordfreq,59,1.0
韩战,3.32,zh,wordfreq,43,1.0
韩文,3.46,zh,wordfreq,48,1.0
韩语,3.74,zh,wordfreq,33,1.0
音乐,5.34,zh,wordfreq,25,1.0
音乐会,4.17,zh,wordfreq,4,1.75
音乐剧,3.67,zh,wordfreq,4,1.75
音乐厅,3.48,zh,wordfreq,4,1.75
音乐家,4.08,zh,wordfreq,4,1.75
音乐节,3.83,zh,wordfreq,4,1.7
音像,3.44,zh,wordfreq,30,1.0
音响,3.92,zh,wordfreq,17,1.15
音效,3.46,zh,wordfreq,25,1.0
音符,3.4,zh,wordfreq,14,1.3
音色,3.34,zh,wordfreq,48,1.0
音节,3.6,zh,wordfreq,27,1.0
音讯,3.45,zh,wordfreq,19,1.05
音译,3.78,zh,wordfreq,15,1.25
音调,3.37,zh,wordfreq,32,1.0
音量,3.47,zh,wordfreq,52,1.0
音频,3.88,zh,wordfreq,16,1.2
韵味,3.36,zh,wordfreq,15,1.25
页面,4.59,zh,wordfreq,56,1.0
顶上,3.69,zh,wordfreq,82,1.0
顶住,3.45,zh,wordfreq,31,1.0
顶多,3.57,zh,wordfreq,25,1.0
顶尖,3.96,zh,wordfreq,9,1.55
顶层,3.56,zh,wordfreq,30,1.0
顶峰,3.67,zh,wordfreq,12,1.4
顶点,3.59,zh,wordfreq,73,1.0
顶端,3.73,zh,wordfreq,25,1.0
顶级,4.28,zh,wordfreq,39,1.0
顶部,3.86,zh,wordfreq,55,1.0
项目,5.47,zh,wordfreq,20,1.0
项羽,3.43,zh,wordfreq,3,1.85
项链,3.5,zh,wordfreq,4,1.8
顺从,3.7,zh,wordfreq,21,1.0
顺便,4.24,zh,wordfreq,22,1.0
顺利,4.79,zh,wordfreq,55,1.0
顺势,3.45,zh,wordfreq,34,1.0
顺带,3.36,zh,wordfreq,33,1.0
顺序,4.38,zh,wordfreq,18,1.1
顺应,3.76,zh,wordfreq,26,1.0
顺德,3.4,zh,wordfreq,40,1.0
顺手,3.47,zh,wordfreq,70,1.0
顺治,3.72,zh,wordfreq,26,1.0
顺畅,3.65,zh,wordfreq,15,1.25
顺着,3.94,zh,wordfreq,49,1.0
顺风,3.58,zh,wordfreq,33,1.0
须知,3.4,zh,wordfreq,21,1.0
须要,3.53,zh,wordfreq,28,1.0
顽固,3.87,zh,wordfreq,8,1.6
顽强,3.8,zh,wordfreq,16,1.2
顽皮,3.49,zh,wordfreq,9,1.55
顾及,3.64,zh,wordfreq,16,1.2
顾客,4.61,zh,wordfreq,18,1.1
顾虑,3.93,zh,wordfreq,7,1.65
顾问,4.63,zh,wordfreq,21,1.0
顿时,3.95,zh,wordfreq,41,1.0
颁发,4.4,zh,wordfreq,50,1.0
颁奖,3.93,zh,wordfreq,10,1.5
颁布,4.47,zh,wordfreq,14,1.3
预付,3.54,zh,wordfreq,36,1.0
预估,3.59,zh,wordfreq,33,1.0
预兆,3.46,zh,wordfreq,31,1.0
预先,3.91,zh,wordfreq,42,1.0
预告,4.06,zh,wordfreq,44,1.0
预告片,3.72,zh,wordfreq,0,1.95
预售,3.38,zh,wordfreq,36,1.0
预备,4.26,zh,wordfreq,49,1.0
预备役,3.48,zh,wordfreq,0,1.95
预定,4.4,zh,wordfreq,82,1.0
预想,3.5,zh,wordfreq,53,1.0
预感,3.77,zh,wordfreq,50,1.0
预报,3.97,zh,wordfreq,62,1.0
预料,3.98,zh,wordfreq,53,1.0
预期,4.72,zh,wordfreq,65,1.0
预案,3.66,zh,wordfreq,57,1.0
预测,4.86,zh,wordfreq,39,1.0
预留,3.5,zh,wordfreq,42,1.0
预知,3.59,zh,wordfreq,50,1.0
预示,3.82,zh,wordfreq,49,1.0
预科,3.33,zh,wordfreq,44,1.0
预算,4.87,zh,wordfreq,47,1.0
预算案,3.34,zh,wordfreq,0,1.9
预约,4.09,zh,wordfreq,50,1.0
预见,3.92,zh,wordfreq,59,1.0
预览,3.43,zh,wordfreq,36,1.0
预言,4.27,zh,wordfreq,57,1.0
预警,4.2,zh,wordfreq,39,1.0
预计,4.78,zh,wordfreq,44,1.0
预订,4.02,zh,wordfreq,34,1.0
预设,3.52,zh,wordfreq,42,1.0
预谋,3.52,zh,wordfreq,37,1.0
预赛,3.43,zh,wordfreq,40,1.0
预防,4.61,zh,wordfreq,36,1.0
领主,3.81,zh,wordfreq,40,1.0
领事,3.86,zh,wordfreq,75,1.0
领事馆,3.89,zh,wordfreq,0,1.95
领会,3.77,zh,wordfreq,71,1.0
领先,4.49,zh,wordfreq,31,1.0
领养,3.75,zh,wordfreq,34,1.0
领军,3.61,zh,wordfreq,49,1.0
领到,3.56,zh,wordfreq,71,1.0
领取,4.27,zh,wordfreq,45,1.0
领土,4.7,zh,wordfreq,30,1.0
领地,4.03,zh,wordfreq,84,1.0
领域,5.24,zh,wordfreq,27,1.0
领头,3.43,zh,wordfreq,92,1.0
领导,5.54,zh,wordfreq,37,1.0
领导人,4.9,zh,wordfreq,2,1.85
领导层,3.46,zh,wordfreq,2,1.85
领导者,4.17,zh,wordfreq,3,1.8
领带,3.57,zh,wordfreq,40,1.0
领悟,3.68,zh,wordfreq,22,1.0
领海,3.46,zh,wordfreq,44,1.0
领空,3.59,zh,wordfreq,38,1.0
领衔,3.48,zh,wordfreq,21,1.0
领袖,4.81,zh,wordfreq,19,1.05
领队,3.61,zh,wordfreq,47,1.0
颇为,3.61,zh,wordfreq,44,1.0
颇具,3.62,zh,wordfreq,18,1.1
颈部,3.61,zh,wordfreq,46,1.0
频率,4.45,zh,wordfreq,19,1.05
频繁,4.4,zh,wordfreq,3,1.85
频道,4.86,zh,wordfreq,43,1.0
频频,3.83,zh,wordfreq,8,1.6
颗粒,3.88,zh,wordfreq,2,1.9
题为,3.85,zh,wordfreq,46,1.0
题材,4.49,zh,wordfreq,15,1.25
题目,4.25,zh,wordfreq,21,1.0
题词,3.47,zh,wordfreq,14,1.3
颜料,3.7,zh,wordfreq,25,1.0
颜色,4.84,zh,wordfreq,39,1.0
颜面,3.41,zh,wordfreq,58,1.0
额外,4.34,zh,wordfreq,33,1.0
额头,3.71,zh,wordfreq,75,1.0
额度,3.95,zh,wordfreq,50,1.0
颠倒,3.79,zh,wordfreq,11,1.45
颠覆,4.05,zh,wordfreq,3,1.85
颤抖,3.76,zh,wordfreq,1,1.95
风云,3.91,zh,wordfreq,37,1.0
风俗,4.09,zh,wordfreq,38,1.0
风光,3.91,zh,wordfreq,56,1.0
风力,3.91,zh,wordfreq,102,1.0
风向,3.67,zh,wordfreq,65,1.0
风味,3.8,zh,wordfreq,46,1.0
风声,3.59,zh,wordfreq,59,1.0
风头,3.43,zh,wordfreq,104,1.0
风尚,3.56,zh,wordfreq,35,1.0
风度,3.49,zh,wordfreq,79,1.0
风情,3.99,zh,wordfreq,75,1.0
风扇,3.62,zh,wordfreq,32,1.0
风景,4.42,zh,wordfreq,43,1.0
风景区,3.72,zh,wordfreq,0,1.9
风暴,4.48,zh,wordfreq,36,1.0
风格,4.92,zh,wordfreq,48,1.0
风气,4.02,zh,wordfreq,73,1.0
风水,3.83,zh,wordfreq,77,1.0
风波,4.06,zh,wordfreq,37,1.0
风流,3.76,zh,wordfreq,56,1.0
风潮,3.64,zh,wordfreq,39,1.0
风筝,3.76,zh,wordfreq,31,1.0
风范,3.61,zh,wordfreq,37,1.0
风行,3.54,zh,wordfreq,95,1.0
风貌,3.76,zh,wordfreq,39,1.0
风趣,3.52,zh,wordfreq,36,1.0
风车,3.49,zh,wordfreq,79,1.0
风速,3.66,zh,wordfreq,46,1.0
风采,3.74,zh,wordfreq,33,1.0
风险,5.05,zh,wordfreq,37,1.0
风雨,3.98,zh,wordfreq,37,1.0
风靡,3.51,zh,wordfreq,31,1.0
风骚,3.4,zh,wordfreq,31,1.0
飓风,4.18,zh,wordfreq,21,1.0
飙升,3.48,zh,wordfreq,6,1.7
飞利浦,3.47,zh,wordfreq,0,2.0
飞去,3.36,zh,wordfreq,39,1.0
飞天,3.6,zh,wordfreq,66,1.0
飞弹,3.99,zh,wordfreq,29,1.0
飞往,3.86,zh,wordfreq,32,1.0
飞快,3.45,zh,wordfreq,31,1.0
飞扬,3.44,zh,wordfreq,26,1.0
飞机,5.18,zh,wordfreq,59,1.0
飞来,3.47,zh,wordfreq,73,1.0
飞碟,3.42,zh,wordfreq,20,1.0
飞翔,3.86,zh,wordfreq,20,1.0
飞船,3.97,zh,wordfreq,30,1.0
飞艇,3.66,zh,wordfreq,23,1.0
飞行,4.73,zh,wordfreq,83,1.0
飞行员,4.24,zh,wordfreq,1,1.9
飞行器,3.72,zh,wordfreq,1,1.9
飞越,3.62,zh,wordfreq,25,1.0
飞跃,3.84,zh,wordfreq,22,1.0
飞车,3.37,zh,wordfreq,67,1.0
飞过,3.65,zh,wordfreq,61,1.0
飞速,3.53,zh,wordfreq,34,1.0
飞鸟,3.48,zh,wordfreq,22,1.0
飞龙,3.35,zh,wordfreq,30,1.0
食品,4.98,zh,wordfreq,36,1.0
食堂,3.95,zh,wordfreq,21,1.0
食性,3.34,zh,wordfreq,54,1.0
食指,3.35,zh,wordfreq,17,1.15
食材,3.74,zh,wordfreq,21,1.0
食欲,3.56,zh,wordfreq,13,1.35
食物,4.94,zh,wordfreq,43,1.0
食用,4.22,zh,wordfreq,76,1.0
食盐,3.44,zh,wordfreq,9,1.55
食谱,3.71,zh,wordfreq,11,1.45
餐具,3.45,zh,wordfreq,21,1.0
餐厅,4.67,zh,wordfreq,8,1.6
餐桌,3.62,zh,wordfreq,6,1.7
餐饮,3.99,zh,wordfreq,4,1.8
餐馆,4.17,zh,wordfreq,12,1.4
饥民,3.37,zh,wordfreq,32,1.0
饥渴,3.61,zh,wordfreq,3,1.85
饥荒,3.93,zh,wordfreq,3,1.85
饥饿,4.07,zh,wordfreq,4,1.8
饭店,4.52,zh,wordfreq,13,1.35
饭桌,3.33,zh,wordfreq,5,1.75
饭碗,3.71,zh,wordfreq,4,1.8
饭菜,3.39,zh,wordfreq,7,1.65
饮品,3.63,zh,wordfreq,32,1.0
饮料,4.42,zh,wordfreq,28,1.0
饮水,3.68,zh,wordfreq,51,1.0
饮用,3.8,zh,wordfreq,72,1.0
饮用水,3.54,zh,wordfreq,0,1.85
饮酒,3.87,zh,wordfreq,13,1.35
饮食,4.47,zh,wordfreq,21,1.0
饰品,3.52,zh,wordfreq,28,1.0
饰演,3.88,zh,wordfreq,13,1.35
饱受,3.72,zh,wordfreq,17,1.15
饱和,3.59,zh,wordfreq,15,1.25
饱满,3.53,zh,wordfreq,17,1.15
饲养,4.2,zh,wordfreq,16,1.2
饲料,4.01,zh,wordfreq,24,1.0
饶舌,3.34,zh,wordfreq,1,1.95
饺子,3.62,zh,wordfreq,172,1.0
饼干,3.85,zh,wordfreq,8,1.6
饿死,4.0,zh,wordfreq,25,1.0
馆藏,3.46,zh,wordfreq,13,1.35
馆长,3.67,zh,wordfreq,70,1.0
馒头,4.01,zh,wordfreq,73,1.0
首个,4.06,zh,wordfreq,71,1.0
首任,3.37,zh,wordfreq,64,1.0
首位,4.27,zh,wordfreq,80,1.0
首例,3.43,zh,wordfreq,48,1.0
首先,5.1,zh,wordfreq,46,1.0
首创,3.87,zh,wordfreq,40,1.0
首发,3.97,zh,wordfreq,82,1.0
首场,3.69,zh,wordfreq,87,1.0
首家,3.66,zh,wordfreq,103,1.0
首富,3.35,zh,wordfreq,39,1.0
首尔,4.22,zh,wordfreq,78,1.0
首届,4.1,zh,wordfreq,41,1.0
首席,4.35,zh,wordfreq,39,1.0
首府,4.05,zh,wordfreq,44,1.0
首度,4.09,zh,wordfreq,82,1.0
首座,3.57,zh,wordfreq,48,1.0
首张,3.4,zh,wordfreq,50,1.0
首批,4.05,zh,wordfreq,39,1.0
首播,3.52,zh,wordfreq,46,1.0
首日,3.53,zh,wordfreq,74,1.0
首映,3.74,zh,wordfreq,38,1.0
首次,4.95,zh,wordfreq,68,1.0
首款,3.36,zh,wordfreq,53,1.0
首歌,4.27,zh,wordfreq,41,1.0
首相,4.44,zh,wordfreq,45,1.0
首脑,4.14,zh,wordfreq,38,1.0
首要,4.19,zh,wordfreq,61,1.0
首轮,3.78,zh,wordfreq,42,1.0
首选,3.88,zh,wordfreq,57,1.0
首部,3.44,zh,wordfreq,80,1.0
首都,4.82,zh,wordfreq,38,1.0
首长,4.16,zh,wordfreq,103,1.0
首页,4.51,zh,wordfreq,38,1.0
首领,4.19,zh,wordfreq,44,1.0
首饰,3.71,zh,wordfreq,38,1.0
香味,3.72,zh,wordfreq,26,1.0
香山,3.44,zh,wordfreq,47,1.0
香料,3.71,zh,wordfreq,34,1.0
香槟,3.67,zh,wordfreq,11,1.45
香气,3.56,zh,wordfreq,53,1.0
香水,3.8,zh,wordfreq,57,1.0
香港,5.82,zh,wordfreq,13,1.35
香烟,4.07,zh,wordfreq,18,1.1
香肠,3.46,zh,wordfreq,11,1.45
香草,3.51,zh,wordfreq,16,1.2
香菇,3.34,zh,wordfreq,12,1.4
香蕉,4.16,zh,wordfreq,11,1.45
马丁,4.1,zh,wordfreq,26,1.0
马上,4.81,zh,wordfreq,95,1.0
马云,3.47,zh,wordfreq,28,1.0
马克,4.45,zh,wordfreq,55,1.0
马克思,4.23,zh,wordfreq,1,1.9
马克斯,3.54,zh,wordfreq,2,1.8
马其顿,3.78,zh,wordfreq,0,2.0
马列,3.82,zh,wordfreq,35,1.0
马利,3.35,zh,wordfreq,65,1.0
马刺,3.5,zh,wordfreq,25,1.0
马力,3.85,zh,wordfreq,93,1.0
马匹,3.41,zh,wordfreq,23,1.0
马哈迪,3.49,zh,wordfreq,0,2.0
马场,3.37,zh,wordfreq,75,1.0
马尔,3.6,zh,wordfreq,66,1.0
马尼拉,3.63,zh,wordfreq,0,1.95
马尾,3.41,zh,wordfreq,23,1.0
马德里,3.96,zh,wordfreq,1,1.85
马戏团,3.64,zh,wordfreq,0,2.0
马拉,3.57,zh,wordfreq,54,1.0
马拉松,3.83,zh,wordfreq,0,1.95
马来,3.92,zh,wordfreq,76,1.0
马桶,3.67,zh,wordfreq,22,1.0
马歇尔,3.7,zh,wordfreq,1,1.9
马耳他,3.35,zh,wordfreq,0,2.0
马航,3.67,zh,wordfreq,30,1.0
马英九,3.55,zh,wordfreq,0,2.0
马赛,3.74,zh,wordfreq,32,1.0
马赛克,3.49,zh,wordfreq,0,1.9
马赫,3.4,zh,wordfreq,24,1.0
马路,4.09,zh,wordfreq,57,1.0
马车,3.78,zh,wordfreq,70,1.0
马达,3.44,zh,wordfreq,36,1.0
马里,3.86,zh,wordfreq,67,1.0
马里奥,3.36,zh,wordfreq,0,1.9
马铃薯,3.69,zh,wordfreq,0,2.0
马龙,3.46,zh,wordfreq,33,1.0
驯服,3.32,zh,wordfreq,17,1.15
驱使,3.72,zh,wordfreq,17,1.15
驱动,4.33,zh,wordfreq,63,1.0
驱散,3.52,zh,wordfreq,12,1.4
驱赶,3.7,zh,wordfreq,5,1.75
驱逐,4.33,zh,wordfreq,7,1.6
驱逐舰,3.84,zh,wordfreq,0,2.0
驳回,3.86,zh,wordfreq,22,1.0
驳斥,3.72,zh,wordfreq,3,1.85
驴子,3.62,zh,wordfreq,172,1.0
驻军,3.67,zh,wordfreq,35,1.0
驻华,3.57,zh,wordfreq,24,1.0
驻地,3.88,zh,wordfreq,70,1.0
驻外,3.45,zh,wordfreq,36,1.0
驻守,3.76,zh,wordfreq,16,1.2
驻扎,3.79,zh,wordfreq,6,1.7
驾到,3.34,zh,wordfreq,56,1.0
驾照,3.77,zh,wordfreq,22,1.0
驾车,3.93,zh,wordfreq,52,1.0
驾驭,3.63,zh,wordfreq,4,1.8
驾驶,4.64,zh,wordfreq,5,1.65
驾驶员,3.99,zh,wordfreq,1,1.9
驾驶舱,3.35,zh,wordfreq,1,2.5
骂人,3.6,zh,wordfreq,140,1.0
骄傲,4.55,zh,wordfreq,1,1.95
骆驼,3.99,zh,wordfreq,0,2.0
骇客,3.49,zh,wordfreq,15,1.25
验收,3.95,zh,wordfreq,11,1.45
验证,4.35,zh,wordfreq,19,1.05
骑兵,4.12,zh,wordfreq,21,1.0
骑士,4.49,zh,wordfreq,31,1.0
骑车,3.58,zh,wordfreq,51,1.0
骑马,3.92,zh,wordfreq,27,1.0
骗人,4.23,zh,wordfreq,144,1.0
骗取,3.53,zh,wordfreq,30,1.0
骗子,4.68,zh,wordfreq,176,1.0
骗局,4.36,zh,wordfreq,22,1.0
骗钱,3.48,zh,wordfreq,28,1.0
骚乱,3.98,zh,wordfreq,20,1.0
骚动,3.72,zh,wordfreq,63,1.0
骚扰,4.33,zh,wordfreq,7,1.6
骚货,3.93,zh,wordfreq,20,1.0
骚逼,3.62,zh,wordfreq,4,1.8
骨头,4.14,zh,wordfreq,80,1.0
骨子里,3.35,zh,wordfreq,2,1.9
骨干,4.05,zh,wordfreq,15,1.25
骨折,3.79,zh,wordfreq,12,1.4
骨架,3.49,zh,wordfreq,18,1.1
骨气,3.32,zh,wordfreq,49,1.0
骨灰,3.63,zh,wordfreq,7,1.65
骨骼,3.75,zh,wordfreq,7,1.65
骨髓,3.45,zh,wordfreq,9,1.55
骰子,3.55,zh,wordfreq,172,1.0
骷髅,3.62,zh,wordfreq,0,2.0
高一,3.6,zh,wordfreq,89,1.0
高三,3.71,zh,wordfreq,72,1.0
高中,4.81,zh,wordfreq,115,1.0
高中生,4.06,zh,wordfreq,1,1.9
高丽,3.37,zh,wordfreq,72,1.0
高举,3.91,zh,wordfreq,76,1.0
高于,4.3,zh,wordfreq,118,1.0
高产,3.5,zh,wordfreq,92,1.0
高价,3.84,zh,wordfreq,98,1.0
高估,3.35,zh,wordfreq,70,1.0
高位,3.71,zh,wordfreq,113,1.0
高低,4.03,zh,wordfreq,74,1.0
高傲,3.42,zh,wordfreq,68,1.0
高僧,3.45,zh,wordfreq,67,1.0
高兴,5.0,zh,wordfreq,76,1.0
高出,4.03,zh,wordfreq,145,1.0
高分,3.64,zh,wordfreq,101,1.0
高分子,3.41,zh,wordfreq,0,1.9
高利贷,3.65,zh,wordfreq,0,2.0
高加索,3.6,zh,wordfreq,0,2.0
高压,4.18,zh,wordfreq,79,1.0
高原,4.06,zh,wordfreq,75,1.0
高呼,3.83,zh,wordfreq,71,1.0
高品质,3.62,zh,wordfreq,0,1.95
高喊,3.66,zh,wordfreq,71,1.0
高地,3.86,zh,wordfreq,132,1.0
高墙,3.34,zh,wordfreq,71,1.0
高声,3.66,zh,wordfreq,95,1.0
高处,3.62,zh,wordfreq,99,1.0
高大,4.03,zh,wordfreq,123,1.0
高官,3.78,zh,wordfreq,81,1.0
高尔基,3.32,zh,wordfreq,1,1.95
高尔夫,3.88,zh,wordfreq,2,1.9
高尚,4.0,zh,wordfreq,71,1.0
高层,4.54,zh,wordfreq,88,1.0
高山,3.91,zh,wordfreq,103,1.0
高峰,4.35,zh,wordfreq,70,1.0
高峰期,3.59,zh,wordfreq,0,1.95
高度,4.89,zh,wordfreq,115,1.0
高性能,3.43,zh,wordfreq,0,1.9
高手,4.32,zh,wordfreq,125,1.0
高效,4.22,zh,wordfreq,81,1.0
高新,3.67,zh,wordfreq,80,1.0
高新区,3.44,zh,wordfreq,0,1.9
高昂,3.72,zh,wordfreq,68,1.0
高明,3.85,zh,wordfreq,98,1.0
高校,4.64,zh,wordfreq,82,1.0
高档,3.94,zh,wordfreq,71,1.0
高楼,3.75,zh,wordfreq,78,1.0
高涨,4.12,zh,wordfreq,70,1.0
高清,4.4,zh,wordfreq,77,1.0
高温,4.23,zh,wordfreq,74,1.0
高潮,4.43,zh,wordfreq,75,1.0
高点,3.58,zh,wordfreq,131,1.0
高盛,3.39,zh,wordfreq,72,1.0
高科技,3.98,zh,wordfreq,0,1.95
高空,3.78,zh,wordfreq,86,1.0
高端,4.16,zh,wordfreq,83,1.0
高等,4.47,zh,wordfreq,77,1.0
高管,3.48,zh,wordfreq,85,1.0
高级,4.96,zh,wordfreq,97,1.0
高考,4.32,zh,wordfreq,72,1.0
高职,3.42,zh,wordfreq,86,1.0
高能,3.52,zh,wordfreq,100,1.0
高薪,3.51,zh,wordfreq,70,1.0
高血压,3.74,zh,wordfreq,0,1.9
高调,3.48,zh,wordfreq,88,1.0
高质量,3.69,zh,wordfreq,0,1.95
高贵,3.94,zh,wordfreq,75,1.0
高超,3.57,zh,wordfreq,69,1.0
高跟鞋,3.8,zh,wordfreq,0,2.0
高通,3.51,zh,wordfreq,91,1.0
高速,4.74,zh,wordfreq,82,1.0
高铁,4.2,zh,wordfreq,70,1.0
高阶,3.46,zh,wordfreq,68,1.0
高雄,3.96,zh,wordfreq,68,1.0
高雄市,3.42,zh,wordfreq,0,1.95
高雅,3.6,zh,wordfreq,69,1.0
高音,3.44,zh,wordfreq,85,1.0
高频,3.42,zh,wordfreq,72,1.0
高额,3.72,zh,wordfreq,81,1.0
高风险,3.47,zh,wordfreq,0,1.95
高高,3.4,zh,wordfreq,82,1.0
高龄,3.75,zh,wordfreq,69,1.0
鬼子,3.55,zh,wordfreq,175,1.0
鬼神,3.39,zh,wordfreq,14,1.3
鬼话,3.49,zh,wordfreq,31,1.0
鬼魂,3.41,zh,wordfreq,6,1.7
魅力,4.42,zh,wordfreq,71,1.0
魔兽,3.66,zh,wordfreq,11,1.45
魔力,3.83,zh,wordfreq,79,1.0
魔咒,3.33,zh,wordfreq,9,1.55
魔女,3.99,zh,wordfreq,28,1.0
魔幻,3.49,zh,wordfreq,12,1.4
魔术,3.96,zh,wordfreq,19,1.0
魔术师,3.6,zh,wordfreq,0,1.95
魔法,4.33,zh,wordfreq,54,1.0
魔王,3.64,zh,wordfreq,20,1.0
魔鬼,4.19,zh,wordfreq,11,1.45
鱼儿,3.36,zh,wordfreq,28,1.0
鱼类,4.21,zh,wordfreq,22,1.0
鱼肉,3.37,zh,wordfreq,13,1.35
鱼雷,3.82,zh,wordfreq,8,1.6
鱿鱼,3.54,zh,wordfreq,11,1.45
鲁莽,3.48,zh,wordfreq,1,1.95
鲁迅,4.22,zh,wordfreq,1,1.95
鲍勃,3.36,zh,wordfreq,2,1.9
鲍威尔,3.38,zh,wordfreq,0,1.95
鲍鱼,3.42,zh,wordfreq,12,1.4
鲜卑,3.33,zh,wordfreq,8,1.6
鲜明,4.25,zh,wordfreq,37,1.0
鲜活,3.44,zh,wordfreq,17,1.15
鲜肉,3.34,zh,wordfreq,16,1.2
鲜艳,3.59,zh,wordfreq,7,1.65
鲜花,4.15,zh,wordfreq,27,1.0
鲜血,4.0,zh,wordfreq,15,1.25
鲤鱼,3.54,zh,wordfreq,11,1.45
鲨鱼,4.14,zh,wordfreq,11,1.45
鲸鱼,3.71,zh,wordfreq,11,1.45
鳄鱼,3.73,zh,wordfreq,11,1.45
鸟儿,3.55,zh,wordfreq,26,1.0
鸟类,4.09,zh,wordfreq,20,1.0
鸡巴,4.29,zh,wordfreq,14,1.3
鸡汤,3.54,zh,wordfreq,4,1.8
鸡肉,3.78,zh,wordfreq,14,1.3
鸡蛋,4.26,zh,wordfreq,11,1.45
鸡鸡,3.68,zh,wordfreq,10,1.5
鸦片,4.0,zh,wordfreq,25,1.0
鸭子,3.82,zh,wordfreq,172,1.0
鸳鸯,3.46,zh,wordfreq,0,2.0
鸽子,3.69,zh,wordfreq,172,1.0
鸿沟,3.46,zh,wordfreq,0,2.0
鹦鹉,3.68,zh,wordfreq,0,2.0
麒麟,3.68,zh,wordfreq,0,2.0
麦克,4.15,zh,wordfreq,36,1.0
麦克风,3.65,zh,wordfreq,0,1.95
麦加,3.59,zh,wordfreq,17,1.15
麦子,3.39,zh,wordfreq,175,1.0
麦当劳,3.99,zh,wordfreq,0,2.0
麦田,3.42,zh,wordfreq,14,1.3
麻将,3.83,zh,wordfreq,20,1.0
麻木,3.65,zh,wordfreq,14,1.3
麻烦,4.79,zh,wordfreq,10,1.5
麻生,3.42,zh,wordfreq,55,1.0
麻痹,3.57,zh,wordfreq,7,1.65
麻辣,3.37,zh,wordfreq,7,1.65
麻醉,3.75,zh,wordfreq,9,1.55
麻雀,3.63,zh,wordfreq,8,1.6
麾下,3.37,zh,wordfreq,68,1.0
黄冈,3.43,zh,wordfreq,12,1.4
黄土,3.34,zh,wordfreq,23,1.0
黄埔,3.58,zh,wordfreq,12,1.4
黄山,3.63,zh,wordfreq,48,1.0
黄昏,3.69,zh,wordfreq,12,1.4
黄河,4.21,zh,wordfreq,25,1.0
黄海,3.52,zh,wordfreq,37,1.0
黄牛,3.43,zh,wordfreq,21,1.0
黄瓜,3.64,zh,wordfreq,15,1.25
黄石,3.42,zh,wordfreq,23,1.0
黄色,4.51,zh,wordfreq,49,1.0
黄豆,3.43,zh,wordfreq,17,1.15
黄金,4.73,zh,wordfreq,30,1.0
黄金周,3.34,zh,wordfreq,0,1.95
黄鹤楼,3.49,zh,wordfreq,0,2.0
黎巴嫩,3.96,zh,wordfreq,0,2.0
黎明,4.01,zh,wordfreq,31,1.0
黑丝,3.71,zh,wordfreq,28,1.0
黑人,4.82,zh,wordfreq,163,1.0
黑体,3.33,zh,wordfreq,74,1.0
黑名单,3.55,zh,wordfreq,0,1.95
黑夜,3.86,zh,wordfreq,36,1.0
黑子,3.43,zh,wordfreq,195,1.0
黑客,3.96,zh,wordfreq,38,1.0
黑山,3.58,zh,wordfreq,59,1.0
黑市,3.48,zh,wordfreq,40,1.0
黑帮,3.95,zh,wordfreq,26,1.0
黑幕,3.69,zh,wordfreq,35,1.0
黑手,3.69,zh,wordfreq,81,1.0
黑手党,3.49,zh,wordfreq,0,1.95
黑暗,4.74,zh,wordfreq,25,1.0
黑板,3.41,zh,wordfreq,38,1.0
黑格尔,3.35,zh,wordfreq,0,2.0
黑洞,3.81,zh,wordfreq,26,1.0
黑海,3.43,zh,wordfreq,48,1.0
黑猫,3.34,zh,wordfreq,26,1.0
黑白,4.11,zh,wordfreq,39,1.0
黑社会,3.91,zh,wordfreq,0,1.95
黑色,4.7,zh,wordfreq,60,1.0
黑莓,3.43,zh,wordfreq,24,1.0
黑衣,3.46,zh,wordfreq,36,1.0
黑道,3.7,zh,wordfreq,63,1.0
黑钱,3.37,zh,wordfreq,47,1.0
黑马,3.45,zh,wordfreq,47,1.0
黑鬼,3.41,zh,wordfreq,26,1.0
黑龙江,4.46,zh,wordfreq,0,2.0
默契,3.61,zh,wordfreq,3,1.85
默认,3.88,zh,wordfreq,9,1.55
默许,3.38,zh,wordfreq,14,1.3
默默,3.9,zh,wordfreq,6,1.65
默默地,3.51,zh,wordfreq,0,1.95
鼎盛,3.4,zh,wordfreq,5,1.75
鼓动,3.78,zh,wordfreq,63,1.0
鼓励,4.99,zh,wordfreq,6,1.7
鼓吹,3.99,zh,wordfreq,4,1.8
鼓掌,3.83,zh,wordfreq,7,1.65
鼓舞,4.05,zh,wordfreq,9,1.55
鼠标,3.67,zh,wordfreq,13,1.35
鼻子,4.21,zh,wordfreq,172,1.0
齐全,4.04,zh,wordfreq,11,1.45
齐名,3.33,zh,wordfreq,71,1.0
齐国,3.41,zh,wordfreq,59,1.0
齐声,3.41,zh,wordfreq,32,1.0
齐聚,3.38,zh,wordfreq,10,1.5
齿轮,3.76,zh,wordfreq,8,1.6
龙凤,3.33,zh,wordfreq,7,1.65
龙卷风,3.6,zh,wordfreq,0,2.0
龙大,3.52,zh,wordfreq,62,1.0
龙头,4.11,zh,wordfreq,79,1.0
龙山,3.41,zh,wordfreq,42,1.0
龙王,3.5,zh,wordfreq,18,1.1
龙虾,3.49,zh,wordfreq,6,1.7
龙门,3.55,zh,wordfreq,51,1.0
龟头,3.45,zh,wordfreq,73,1.0
